-- phpMyAdmin SQL Dump
-- version 3.2.4
-- http://www.phpmyadmin.net
--
-- Host: localhost
-- Generation Time: Aug 21, 2012 at 06:55 
-- Server version: 5.1.41
-- PHP Version: 5.3.1

SET SQL_MODE="NO_AUTO_VALUE_ON_ZERO";


/*!40101 SET @OLD_CHARACTER_SET_CLIENT=@@CHARACTER_SET_CLIENT */;
/*!40101 SET @OLD_CHARACTER_SET_RESULTS=@@CHARACTER_SET_RESULTS */;
/*!40101 SET @OLD_COLLATION_CONNECTION=@@COLLATION_CONNECTION */;
/*!40101 SET NAMES utf8 */;

--
-- Database: `db`
--

-- --------------------------------------------------------

--
-- Table structure for table `afectaciones`
--

CREATE TABLE IF NOT EXISTS `afectaciones` (
  `cod_afectacion` char(2) NOT NULL,
  `id_tabla_22` int(10) unsigned NOT NULL,
  `descripcion` varchar(100) DEFAULT NULL,
  PRIMARY KEY (`cod_afectacion`),
  KEY `id_tabla_22` (`id_tabla_22`)
) ENGINE=InnoDB DEFAULT CHARSET=latin1;

--
-- Dumping data for table `afectaciones`
--

INSERT INTO `afectaciones` (`cod_afectacion`, `id_tabla_22`, `descripcion`) VALUES
('01', 1, 'ESSALUD SEGURO REGULAR TRABAJADOR'),
('02', 1, 'ESSALUD - CBSSP - SEG TRAB PESQUERO'),
('03', 1, 'ESSALUD SEGURO AGRARIO / ACUICULTOR'),
('04', 1, 'ESSALUD SCTR'),
('05', 1, 'IMPUESTO EXTRAORD. DE SOLIDARIDAD'),
('06', 1, 'FONDO DERECHOS SOCIALES DEL ARTISTA'),
('07', 1, 'SENATI'),
('08', 2, 'SISTEMA NACIONAL DE PENSIONES 19990'),
('09', 2, 'SISTEMA PRIVADO DE PENSIONES'),
('10', 2, 'RENTA 5TA CATEGORÍA RETENCIONES'),
('11', 3, 'ESSALUD SEGURO REGULAR PENSIONISTA'),
('12', 3, 'CONTRIB. SOLIDARIA ASISTENCIA PREVIS'),
('13', 2, 'APORTE AL FCJMMS - LEY 29741');

-- --------------------------------------------------------

--
-- Table structure for table `categorias_ocupacionales`
--

CREATE TABLE IF NOT EXISTS `categorias_ocupacionales` (
  `cod_categorias_ocupacionales` char(2) NOT NULL,
  `descripcion` varchar(30) DEFAULT NULL,
  PRIMARY KEY (`cod_categorias_ocupacionales`)
) ENGINE=InnoDB DEFAULT CHARSET=latin1 COMMENT='''TABLA 24 "CATEGORÍA OCUPACIONAL DEL TRABAJADOR" (*)';

--
-- Dumping data for table `categorias_ocupacionales`
--

INSERT INTO `categorias_ocupacionales` (`cod_categorias_ocupacionales`, `descripcion`) VALUES
('0', '-'),
('01', 'EJECUTIVO'),
('02', 'OBRERO'),
('03', 'EMPLEADO'),
('11', 'FUNCIONARIO '),
('12', 'PROFESIONAL'),
('13', 'TÉCNICO'),
('14', 'AUXILIAR');

-- --------------------------------------------------------

--
-- Table structure for table `coberturas_salud`
--

CREATE TABLE IF NOT EXISTS `coberturas_salud` (
  `id_cobertura_salud` int(11) NOT NULL AUTO_INCREMENT,
  `id_personal_tercero` int(11) NOT NULL,
  `nombre_cobertura` varchar(20) DEFAULT NULL COMMENT 'RADIO BUTTON\r\nCobertura Salud:	 \r\nEsSalud\r\nEPS',
  `fecha_inicio` date DEFAULT NULL,
  `fecha_fin` date DEFAULT NULL,
  PRIMARY KEY (`id_cobertura_salud`),
  KEY `id_personal_tercero` (`id_personal_tercero`)
) ENGINE=InnoDB  DEFAULT CHARSET=latin1 COMMENT='SCTR Salud - Vigencia de cobertura\r\n------ HISTORIAL ------\r' AUTO_INCREMENT=43 ;

--
-- Dumping data for table `coberturas_salud`
--

INSERT INTO `coberturas_salud` (`id_cobertura_salud`, `id_personal_tercero`, `nombre_cobertura`, `fecha_inicio`, `fecha_fin`) VALUES
(39, 28, NULL, NULL, NULL),
(42, 31, NULL, NULL, NULL);

-- --------------------------------------------------------

--
-- Table structure for table `conceptos`
--

CREATE TABLE IF NOT EXISTS `conceptos` (
  `cod_concepto` char(4) NOT NULL,
  `descripcion` varchar(50) DEFAULT NULL,
  PRIMARY KEY (`cod_concepto`)
) ENGINE=InnoDB DEFAULT CHARSET=latin1 COMMENT='''TABLA 22:  "INGRESOS, TRIBUTOS Y DESCUENTOS"\r\n0100\r\n0200\r\n0';

--
-- Dumping data for table `conceptos`
--

INSERT INTO `conceptos` (`cod_concepto`, `descripcion`) VALUES
('0100', 'INGRESOS'),
('0200', 'INGRESOS: ASIGNACIONES'),
('0300', 'INGRESOS: BONIFICACIONES'),
('0400', 'INGRESOS: GRATIFICACIONES / AGUINALDOS'),
('0500', 'INGRESOS: INDEMNIZACIONES'),
('0600', 'APORTACIONES DEL TRABAJADOR / PENSIONISTA'),
('0700', 'CONCEPTOS VARIOS'),
('0800', 'APORTACIONES DE CARGO DEL EMPLEADOR'),
('0900', 'CONCEPTOS VARIOS'),
('1000', 'OTROS CONCEPTOS'),
('2000', 'RÉGIMEN LABORAL PÚBLICO');

-- --------------------------------------------------------

--
-- Table structure for table `conf_afp`
--

CREATE TABLE IF NOT EXISTS `conf_afp` (
  `id_conf_afp` int(10) unsigned NOT NULL AUTO_INCREMENT,
  `cod_regimen_pensionario` char(2) NOT NULL,
  `aporte_obligatorio` decimal(10,2) DEFAULT NULL,
  `comision` decimal(10,2) DEFAULT NULL,
  `prima_seguro` decimal(10,2) DEFAULT NULL,
  `fecha` date DEFAULT NULL,
  `fecha_creacion` date DEFAULT NULL,
  PRIMARY KEY (`id_conf_afp`),
  KEY `cod_regimen_pensionario` (`cod_regimen_pensionario`),
  KEY `cod_regimen_pensionario_2` (`cod_regimen_pensionario`)
) ENGINE=InnoDB  DEFAULT CHARSET=latin1 AUTO_INCREMENT=6 ;

--
-- Dumping data for table `conf_afp`
--

INSERT INTO `conf_afp` (`id_conf_afp`, `cod_regimen_pensionario`, `aporte_obligatorio`, `comision`, `prima_seguro`, `fecha`, `fecha_creacion`) VALUES
(2, '21', '10.00', '1.80', '1.16', '2012-08-01', '2012-08-21'),
(3, '22', '10.00', '1.95', '1.36', '2012-08-01', '2012-08-21'),
(4, '23', '10.00', '2.14', '1.42', '2012-08-01', '2012-08-21'),
(5, '24', '10.00', '1.75', '1.29', '2012-08-01', '2012-08-21');

-- --------------------------------------------------------

--
-- Table structure for table `conf_asignacion_familiar`
--

CREATE TABLE IF NOT EXISTS `conf_asignacion_familiar` (
  `id_conf_asignacion_familiar` int(10) unsigned NOT NULL AUTO_INCREMENT,
  `tasa` decimal(10,2) DEFAULT NULL,
  `fecha` date DEFAULT NULL,
  `fecha_creacion` date DEFAULT NULL,
  PRIMARY KEY (`id_conf_asignacion_familiar`)
) ENGINE=MyISAM  DEFAULT CHARSET=latin1 AUTO_INCREMENT=4 ;

--
-- Dumping data for table `conf_asignacion_familiar`
--

INSERT INTO `conf_asignacion_familiar` (`id_conf_asignacion_familiar`, `tasa`, `fecha`, `fecha_creacion`) VALUES
(1, '10.00', '2012-08-01', '2012-08-15');

-- --------------------------------------------------------

--
-- Table structure for table `conf_essalud`
--

CREATE TABLE IF NOT EXISTS `conf_essalud` (
  `id_conf_essalud` int(10) unsigned NOT NULL AUTO_INCREMENT,
  `tasa` decimal(10,2) DEFAULT NULL,
  `fecha` date DEFAULT NULL COMMENT 'fecha vigencia',
  `fecha_creacion` date DEFAULT NULL,
  PRIMARY KEY (`id_conf_essalud`)
) ENGINE=MyISAM  DEFAULT CHARSET=latin1 AUTO_INCREMENT=5 ;

--
-- Dumping data for table `conf_essalud`
--

INSERT INTO `conf_essalud` (`id_conf_essalud`, `tasa`, `fecha`, `fecha_creacion`) VALUES
(1, '9.00', '2012-08-01', '2012-08-15');

-- --------------------------------------------------------

--
-- Table structure for table `conf_onp`
--

CREATE TABLE IF NOT EXISTS `conf_onp` (
  `id_conf_onp` int(10) unsigned NOT NULL AUTO_INCREMENT,
  `tasa` decimal(10,2) DEFAULT NULL,
  `fecha` date DEFAULT NULL,
  `fecha_creacion` date DEFAULT NULL,
  PRIMARY KEY (`id_conf_onp`)
) ENGINE=MyISAM  DEFAULT CHARSET=latin1 COMMENT='ONP' AUTO_INCREMENT=3 ;

--
-- Dumping data for table `conf_onp`
--

INSERT INTO `conf_onp` (`id_conf_onp`, `tasa`, `fecha`, `fecha_creacion`) VALUES
(1, '13.00', '2012-08-01', '2012-08-15');

-- --------------------------------------------------------

--
-- Table structure for table `conf_sueldo_basico`
--

CREATE TABLE IF NOT EXISTS `conf_sueldo_basico` (
  `id_conf_sueldo_basico` int(10) unsigned NOT NULL AUTO_INCREMENT,
  `valor` decimal(10,3) DEFAULT NULL,
  `fecha` date DEFAULT NULL COMMENT 'fecha que se establecio el sueldo basico',
  `fecha_creacion` date DEFAULT NULL,
  PRIMARY KEY (`id_conf_sueldo_basico`)
) ENGINE=MyISAM  DEFAULT CHARSET=latin1 AUTO_INCREMENT=2 ;

--
-- Dumping data for table `conf_sueldo_basico`
--

INSERT INTO `conf_sueldo_basico` (`id_conf_sueldo_basico`, `valor`, `fecha`, `fecha_creacion`) VALUES
(1, '750.000', '2012-01-01', '2012-08-20');

-- --------------------------------------------------------

--
-- Table structure for table `conf_uit`
--

CREATE TABLE IF NOT EXISTS `conf_uit` (
  `id_conf_uit` int(10) unsigned NOT NULL AUTO_INCREMENT,
  `valor` decimal(10,2) DEFAULT NULL,
  `fecha` date DEFAULT NULL,
  `fecha_creacion` date DEFAULT NULL,
  PRIMARY KEY (`id_conf_uit`)
) ENGINE=MyISAM  DEFAULT CHARSET=latin1 COMMENT='Unidad Impositiva Tributaria - UIT' AUTO_INCREMENT=8 ;

--
-- Dumping data for table `conf_uit`
--

INSERT INTO `conf_uit` (`id_conf_uit`, `valor`, `fecha`, `fecha_creacion`) VALUES
(1, '3650.00', '2012-01-01', NULL),
(7, '3600.00', '2011-01-01', NULL);

-- --------------------------------------------------------

--
-- Table structure for table `convenios`
--

CREATE TABLE IF NOT EXISTS `convenios` (
  `cod_convenio` int(11) NOT NULL,
  `descripcion` varchar(20) DEFAULT NULL,
  PRIMARY KEY (`cod_convenio`)
) ENGINE=InnoDB DEFAULT CHARSET=latin1 COMMENT='''TABLA 25 "CONVENIOS PARA EVITAR LA DOBLE TRIBUTACIÓN"';

--
-- Dumping data for table `convenios`
--

INSERT INTO `convenios` (`cod_convenio`, `descripcion`) VALUES
(0, 'NINGUNO'),
(1, 'CANADA'),
(2, 'CHILE'),
(3, 'CAN '),
(4, 'BRASIL');

-- --------------------------------------------------------

--
-- Table structure for table `c_ocupaciones_ocupaciones_p`
--

CREATE TABLE IF NOT EXISTS `c_ocupaciones_ocupaciones_p` (
  `id_c_ocupacion_ocupacion_p` int(10) unsigned NOT NULL AUTO_INCREMENT,
  `cod_categorias_ocupacionales` char(2) NOT NULL,
  `cod_ocupacion_p` int(11) NOT NULL,
  PRIMARY KEY (`id_c_ocupacion_ocupacion_p`,`cod_categorias_ocupacionales`,`cod_ocupacion_p`),
  KEY `cod_categorias_ocupacionales` (`cod_categorias_ocupacionales`),
  KEY `cod_ocupacion_p` (`cod_ocupacion_p`)
) ENGINE=InnoDB  DEFAULT CHARSET=latin1 AUTO_INCREMENT=12554 ;

--
-- Dumping data for table `c_ocupaciones_ocupaciones_p`
--

INSERT INTO `c_ocupaciones_ocupaciones_p` (`id_c_ocupacion_ocupacion_p`, `cod_categorias_ocupacionales`, `cod_ocupacion_p`) VALUES
(1, '01', 121001),
(2, '01', 121002),
(3, '01', 121003),
(4, '01', 121004),
(5, '01', 121005),
(6, '01', 121006),
(7, '01', 121007),
(8, '01', 121008),
(9, '01', 121009),
(10, '01', 121010),
(11, '01', 121011),
(12, '01', 121012),
(13, '01', 121013),
(14, '01', 121014),
(15, '01', 121015),
(16, '01', 121016),
(17, '01', 121017),
(18, '01', 121020),
(19, '01', 122001),
(20, '01', 122002),
(21, '01', 122003),
(22, '01', 122004),
(23, '01', 122005),
(24, '01', 122006),
(25, '01', 122008),
(26, '01', 123001),
(27, '01', 123002),
(28, '01', 123003),
(29, '01', 123004),
(30, '01', 123006),
(31, '01', 124001),
(32, '01', 124002),
(33, '01', 124003),
(34, '01', 124004),
(35, '01', 124005),
(36, '01', 124006),
(37, '01', 124007),
(38, '01', 124008),
(39, '01', 124009),
(40, '01', 124010),
(41, '01', 124011),
(42, '01', 124013),
(43, '01', 125001),
(44, '01', 125002),
(45, '01', 125003),
(46, '01', 125004),
(47, '01', 125005),
(48, '01', 125006),
(49, '01', 125007),
(50, '01', 125008),
(51, '01', 125009),
(52, '01', 125010),
(53, '01', 125012),
(54, '01', 126001),
(55, '01', 126002),
(56, '01', 126003),
(57, '01', 126004),
(58, '01', 126005),
(59, '01', 126006),
(60, '01', 126007),
(61, '01', 126008),
(62, '01', 126009),
(63, '01', 126010),
(64, '01', 126012),
(65, '01', 127001),
(66, '01', 127002),
(67, '01', 127003),
(68, '01', 127004),
(69, '01', 127005),
(70, '01', 127006),
(71, '01', 127007),
(72, '01', 127008),
(73, '01', 127009),
(74, '01', 127010),
(75, '01', 127011),
(76, '01', 127012),
(77, '01', 127013),
(78, '01', 127014),
(79, '01', 127015),
(80, '01', 127016),
(81, '01', 127017),
(82, '01', 127018),
(83, '01', 127019),
(84, '01', 127020),
(85, '01', 127021),
(86, '01', 127022),
(87, '01', 127023),
(88, '01', 127024),
(89, '01', 127025),
(90, '01', 127026),
(91, '01', 127027),
(92, '01', 127028),
(93, '01', 127029),
(94, '01', 127030),
(95, '01', 127031),
(96, '01', 127032),
(97, '01', 127033),
(98, '01', 127034),
(99, '01', 127035),
(100, '01', 127036),
(101, '01', 127037),
(102, '01', 127038),
(103, '01', 127040),
(104, '01', 129004),
(105, '01', 129005),
(106, '01', 129006),
(107, '01', 136001),
(108, '01', 136002),
(109, '01', 136003),
(110, '01', 136004),
(111, '01', 136005),
(112, '01', 136007),
(113, '01', 136008),
(114, '01', 136010),
(115, '01', 136012),
(116, '01', 136013),
(117, '01', 137005),
(118, '01', 137006),
(119, '01', 139010),
(120, '01', 139011),
(121, '01', 141001),
(122, '01', 141002),
(123, '01', 141003),
(124, '01', 141004),
(125, '01', 141005),
(126, '01', 142001),
(127, '01', 142002),
(128, '01', 142003),
(129, '01', 143001),
(130, '01', 144003),
(131, '01', 144004),
(132, '01', 144005),
(133, '01', 144006),
(134, '01', 144007),
(135, '01', 144008),
(136, '01', 144009),
(137, '01', 144010),
(138, '01', 144011),
(139, '01', 144012),
(140, '01', 144013),
(141, '01', 145005),
(142, '01', 146001),
(143, '01', 146002),
(144, '01', 146003),
(145, '01', 146004),
(146, '01', 146005),
(147, '01', 146006),
(148, '01', 146007),
(149, '01', 146008),
(150, '01', 146009),
(151, '01', 146010),
(152, '01', 146011),
(153, '01', 146012),
(154, '01', 146013),
(155, '01', 146014),
(156, '01', 146015),
(157, '01', 146016),
(158, '01', 146017),
(159, '01', 146018),
(160, '01', 146019),
(161, '01', 147001),
(162, '01', 147002),
(163, '01', 147003),
(164, '01', 145003),
(165, '01', 145004),
(166, '01', 211001),
(167, '01', 211002),
(168, '01', 211003),
(169, '01', 211004),
(170, '01', 211005),
(171, '01', 211006),
(172, '01', 211007),
(173, '01', 211008),
(174, '01', 211009),
(175, '01', 211010),
(176, '01', 211011),
(177, '01', 211012),
(178, '01', 211013),
(179, '01', 211014),
(180, '01', 211015),
(181, '01', 211016),
(182, '01', 211017),
(183, '01', 212001),
(184, '01', 212002),
(185, '01', 212003),
(186, '01', 212004),
(187, '01', 212005),
(188, '01', 212006),
(189, '01', 213001),
(190, '01', 213002),
(191, '01', 213003),
(192, '01', 213004),
(193, '01', 213005),
(194, '01', 213006),
(195, '01', 213007),
(196, '01', 213008),
(197, '01', 213009),
(198, '01', 213010),
(199, '01', 213011),
(200, '01', 213012),
(201, '01', 213013),
(202, '01', 213014),
(203, '01', 213015),
(204, '01', 213016),
(205, '01', 213017),
(206, '01', 213018),
(207, '01', 213019),
(208, '01', 213020),
(209, '01', 214001),
(210, '01', 214002),
(211, '01', 214003),
(212, '01', 214004),
(213, '01', 214005),
(214, '01', 214006),
(215, '01', 214007),
(216, '01', 214008),
(217, '01', 214009),
(218, '01', 214010),
(219, '01', 214011),
(220, '01', 214012),
(221, '01', 214013),
(222, '01', 214014),
(223, '01', 214015),
(224, '01', 214016),
(225, '01', 214017),
(226, '01', 214018),
(227, '01', 214019),
(228, '01', 214020),
(229, '01', 214021),
(230, '01', 214022),
(231, '01', 214023),
(232, '01', 214024),
(233, '01', 215001),
(234, '01', 215002),
(235, '01', 215003),
(236, '01', 215004),
(237, '01', 215005),
(238, '01', 216001),
(239, '01', 216002),
(240, '01', 216003),
(241, '01', 216004),
(242, '01', 216005),
(243, '01', 216006),
(244, '01', 216007),
(245, '01', 216008),
(246, '01', 216009),
(247, '01', 216010),
(248, '01', 216011),
(249, '01', 216012),
(250, '01', 216013),
(251, '01', 216014),
(252, '01', 216015),
(253, '01', 216016),
(254, '01', 217001),
(255, '01', 217002),
(256, '01', 217003),
(257, '01', 217004),
(258, '01', 217005),
(259, '01', 217006),
(260, '01', 217007),
(261, '01', 217008),
(262, '01', 218001),
(263, '01', 218002),
(264, '01', 218003),
(265, '01', 218004),
(266, '01', 218005),
(267, '01', 219001),
(268, '01', 219002),
(269, '01', 219003),
(270, '01', 219004),
(271, '01', 219005),
(272, '01', 219006),
(273, '01', 219007),
(274, '01', 219008),
(275, '01', 219009),
(276, '01', 219010),
(277, '01', 219011),
(278, '01', 219012),
(279, '01', 219013),
(280, '01', 219014),
(281, '01', 219015),
(282, '01', 219016),
(283, '01', 219017),
(284, '01', 219018),
(285, '01', 219019),
(286, '01', 219020),
(287, '01', 219021),
(288, '01', 219022),
(289, '01', 219023),
(290, '01', 219024),
(291, '01', 219025),
(292, '01', 219026),
(293, '01', 219027),
(294, '01', 221001),
(295, '01', 221002),
(296, '01', 221003),
(297, '01', 221004),
(298, '01', 221005),
(299, '01', 221006),
(300, '01', 221007),
(301, '01', 221008),
(302, '01', 221009),
(303, '01', 221010),
(304, '01', 221011),
(305, '01', 221012),
(306, '01', 221013),
(307, '01', 221014),
(308, '01', 221015),
(309, '01', 221016),
(310, '01', 221017),
(311, '01', 221018),
(312, '01', 221019),
(313, '01', 221020),
(314, '01', 221021),
(315, '01', 221022),
(316, '01', 221023),
(317, '01', 221024),
(318, '01', 221025),
(319, '01', 221026),
(320, '01', 222001),
(321, '01', 222002),
(322, '01', 222003),
(323, '01', 222004),
(324, '01', 222005),
(325, '01', 222006),
(326, '01', 222007),
(327, '01', 222008),
(328, '01', 222009),
(329, '01', 222010),
(330, '01', 222011),
(331, '01', 222012),
(332, '01', 222013),
(333, '01', 222014),
(334, '01', 222015),
(335, '01', 222016),
(336, '01', 222017),
(337, '01', 222018),
(338, '01', 222019),
(339, '01', 222020),
(340, '01', 222021),
(341, '01', 222022),
(342, '01', 222023),
(343, '01', 222024),
(344, '01', 222025),
(345, '01', 222026),
(346, '01', 222027),
(347, '01', 223001),
(348, '01', 223002),
(349, '01', 223003),
(350, '01', 223004),
(351, '01', 223005),
(352, '01', 223006),
(353, '01', 223007),
(354, '01', 223008),
(355, '01', 223009),
(356, '01', 223010),
(357, '01', 223011),
(358, '01', 223012),
(359, '01', 223013),
(360, '01', 223014),
(361, '01', 223015),
(362, '01', 223016),
(363, '01', 223017),
(364, '01', 223018),
(365, '01', 224001),
(366, '01', 224002),
(367, '01', 224003),
(368, '01', 224004),
(369, '01', 224005),
(370, '01', 225001),
(371, '01', 225002),
(372, '01', 225003),
(373, '01', 225004),
(374, '01', 225005),
(375, '01', 225006),
(376, '01', 225007),
(377, '01', 225008),
(378, '01', 226001),
(379, '01', 226002),
(380, '01', 226003),
(381, '01', 226004),
(382, '01', 226005),
(383, '01', 226006),
(384, '01', 226007),
(385, '01', 226008),
(386, '01', 226009),
(387, '01', 226010),
(388, '01', 226011),
(389, '01', 226012),
(390, '01', 226013),
(391, '01', 226014),
(392, '01', 227001),
(393, '01', 227002),
(394, '01', 227003),
(395, '01', 227004),
(396, '01', 227005),
(397, '01', 227006),
(398, '01', 227007),
(399, '01', 227008),
(400, '01', 227009),
(401, '01', 227010),
(402, '01', 227011),
(403, '01', 228001),
(404, '01', 229001),
(405, '01', 229002),
(406, '01', 229003),
(407, '01', 229004),
(408, '01', 229005),
(409, '01', 229006),
(410, '01', 229007),
(411, '01', 229008),
(412, '01', 229009),
(413, '01', 229010),
(414, '01', 229011),
(415, '01', 231001),
(416, '01', 231002),
(417, '01', 231003),
(418, '01', 231004),
(419, '01', 231005),
(420, '01', 231006),
(421, '01', 231007),
(422, '01', 231008),
(423, '01', 231009),
(424, '01', 231010),
(425, '01', 231011),
(426, '01', 231012),
(427, '01', 231013),
(428, '01', 231014),
(429, '01', 231015),
(430, '01', 231016),
(431, '01', 231017),
(432, '01', 231018),
(433, '01', 231019),
(434, '01', 231020),
(435, '01', 231021),
(436, '01', 231022),
(437, '01', 231023),
(438, '01', 231024),
(439, '01', 231025),
(440, '01', 231026),
(441, '01', 231027),
(442, '01', 231028),
(443, '01', 231029),
(444, '01', 231030),
(445, '01', 231031),
(446, '01', 231032),
(447, '01', 231033),
(448, '01', 231034),
(449, '01', 231035),
(450, '01', 231036),
(451, '01', 231037),
(452, '01', 231038),
(453, '01', 231039),
(454, '01', 231040),
(455, '01', 231041),
(456, '01', 231042),
(457, '01', 231043),
(458, '01', 231044),
(459, '01', 231045),
(460, '01', 231046),
(461, '01', 231047),
(462, '01', 231048),
(463, '01', 231049),
(464, '01', 231050),
(465, '01', 231051),
(466, '01', 231052),
(467, '01', 231053),
(468, '01', 231054),
(469, '01', 231055),
(470, '01', 231056),
(471, '01', 231057),
(472, '01', 231058),
(473, '01', 232001),
(474, '01', 232002),
(475, '01', 232003),
(476, '01', 232004),
(477, '01', 232005),
(478, '01', 232006),
(479, '01', 232007),
(480, '01', 232008),
(481, '01', 232009),
(482, '01', 232010),
(483, '01', 232011),
(484, '01', 232012),
(485, '01', 233001),
(486, '01', 233002),
(487, '01', 234001),
(488, '01', 234002),
(489, '01', 234003),
(490, '01', 234004),
(491, '01', 234005),
(492, '01', 234006),
(493, '01', 234007),
(494, '01', 234008),
(495, '01', 234009),
(496, '01', 234010),
(497, '01', 234011),
(498, '01', 234012),
(499, '01', 234013),
(500, '01', 234014),
(501, '01', 234015),
(502, '01', 235001),
(503, '01', 235002),
(504, '01', 235003),
(505, '01', 235004),
(506, '01', 235005),
(507, '01', 235006),
(508, '01', 235007),
(509, '01', 235008),
(510, '01', 235009),
(511, '01', 235010),
(512, '01', 235011),
(513, '01', 235012),
(514, '01', 235013),
(515, '01', 235014),
(516, '01', 235015),
(517, '01', 235016),
(518, '01', 235017),
(519, '01', 235018),
(520, '01', 235019),
(521, '01', 235020),
(522, '01', 235021),
(523, '01', 235022),
(524, '01', 235023),
(525, '01', 235024),
(526, '01', 235025),
(527, '01', 235026),
(528, '01', 235027),
(529, '01', 235028),
(530, '01', 235029),
(531, '01', 235030),
(532, '01', 235031),
(533, '01', 235032),
(534, '01', 235033),
(535, '01', 235034),
(536, '01', 235035),
(537, '01', 235036),
(538, '01', 235037),
(539, '01', 235038),
(540, '01', 235039),
(541, '01', 235040),
(542, '01', 235041),
(543, '01', 235042),
(544, '01', 235043),
(545, '01', 235044),
(546, '01', 235045),
(547, '01', 235046),
(548, '01', 235047),
(549, '01', 235048),
(550, '01', 235049),
(551, '01', 236001),
(552, '01', 236002),
(553, '01', 236003),
(554, '01', 236004),
(555, '01', 236005),
(556, '01', 236006),
(557, '01', 236007),
(558, '01', 236008),
(559, '01', 236009),
(560, '01', 236010),
(561, '01', 237001),
(562, '01', 237002),
(563, '01', 237003),
(564, '01', 237004),
(565, '01', 237005),
(566, '01', 238001),
(567, '01', 238002),
(568, '01', 238003),
(569, '01', 238004),
(570, '01', 239001),
(571, '01', 239002),
(572, '01', 239003),
(573, '01', 239004),
(574, '01', 239005),
(575, '01', 239006),
(576, '01', 239007),
(577, '01', 239008),
(578, '01', 239009),
(579, '01', 239010),
(580, '01', 239011),
(581, '01', 241001),
(582, '01', 241002),
(583, '01', 241003),
(584, '01', 241004),
(585, '01', 241005),
(586, '01', 241006),
(587, '01', 241007),
(588, '01', 241008),
(589, '01', 241009),
(590, '01', 241010),
(591, '01', 241011),
(592, '01', 241012),
(593, '01', 241013),
(594, '01', 241014),
(595, '01', 241015),
(596, '01', 241016),
(597, '01', 241017),
(598, '01', 241018),
(599, '01', 241019),
(600, '01', 241020),
(601, '01', 241021),
(602, '01', 241022),
(603, '01', 241023),
(604, '01', 241024),
(605, '01', 241025),
(606, '01', 241026),
(607, '01', 241027),
(608, '01', 241028),
(609, '01', 241029),
(610, '01', 241030),
(611, '01', 241031),
(612, '01', 241032),
(613, '01', 241033),
(614, '01', 241034),
(615, '01', 241035),
(616, '01', 241036),
(617, '01', 241037),
(618, '01', 241038),
(619, '01', 241039),
(620, '01', 241040),
(621, '01', 241041),
(622, '01', 241042),
(623, '01', 241043),
(624, '01', 241044),
(625, '01', 241045),
(626, '01', 241046),
(627, '01', 241047),
(628, '01', 241048),
(629, '01', 241049),
(630, '01', 241050),
(631, '01', 241051),
(632, '01', 241052),
(633, '01', 241053),
(634, '01', 241054),
(635, '01', 241055),
(636, '01', 241056),
(637, '01', 241057),
(638, '01', 241058),
(639, '01', 241059),
(640, '01', 241060),
(641, '01', 241061),
(642, '01', 241062),
(643, '01', 241063),
(644, '01', 241064),
(645, '01', 241065),
(646, '01', 241066),
(647, '01', 241067),
(648, '01', 241068),
(649, '01', 241069),
(650, '01', 241070),
(651, '01', 241071),
(652, '01', 241072),
(653, '01', 241073),
(654, '01', 241074),
(655, '01', 241075),
(656, '01', 241076),
(657, '01', 241077),
(658, '01', 241078),
(659, '01', 241079),
(660, '01', 241080),
(661, '01', 241081),
(662, '01', 241082),
(663, '01', 241083),
(664, '01', 241084),
(665, '01', 241085),
(666, '01', 241086),
(667, '01', 241087),
(668, '01', 241088),
(669, '01', 241089),
(670, '01', 241090),
(671, '01', 241091),
(672, '01', 241092),
(673, '01', 241093),
(674, '01', 241094),
(675, '01', 241095),
(676, '01', 241096),
(677, '01', 241097),
(678, '01', 241098),
(679, '01', 241099),
(680, '01', 241100),
(681, '01', 241101),
(682, '01', 241102),
(683, '01', 241103),
(684, '01', 241104),
(685, '01', 241105),
(686, '01', 241106),
(687, '01', 241107),
(688, '01', 241108),
(689, '01', 241109),
(690, '01', 241110),
(691, '01', 241111),
(692, '01', 241112),
(693, '01', 241113),
(694, '01', 241114),
(695, '01', 241115),
(696, '01', 241116),
(697, '01', 241117),
(698, '01', 241118),
(699, '01', 241119),
(700, '01', 241120),
(701, '01', 241121),
(702, '01', 241122),
(703, '01', 242001),
(704, '01', 242002),
(705, '01', 242003),
(706, '01', 242004),
(707, '01', 242005),
(708, '01', 242006),
(709, '01', 242007),
(710, '01', 242008),
(711, '01', 242009),
(712, '01', 242010),
(713, '01', 242011),
(714, '01', 242012),
(715, '01', 242013),
(716, '01', 242014),
(717, '01', 242015),
(718, '01', 242016),
(719, '01', 242017),
(720, '01', 242018),
(721, '01', 242019),
(722, '01', 242020),
(723, '01', 242021),
(724, '01', 242022),
(725, '01', 242023),
(726, '01', 242024),
(727, '01', 242025),
(728, '01', 242026),
(729, '01', 242027),
(730, '01', 242028),
(731, '01', 242029),
(732, '01', 242030),
(733, '01', 242031),
(734, '01', 242032),
(735, '01', 242033),
(736, '01', 242034),
(737, '01', 242035),
(738, '01', 242036),
(739, '01', 242037),
(740, '01', 242038),
(741, '01', 242039),
(742, '01', 242040),
(743, '01', 242041),
(744, '01', 242042),
(745, '01', 242043),
(746, '01', 242044),
(747, '01', 242045),
(748, '01', 242046),
(749, '01', 242047),
(750, '01', 243001),
(751, '01', 243002),
(752, '01', 243003),
(753, '01', 243004),
(754, '01', 244001),
(755, '01', 244002),
(756, '01', 244003),
(757, '01', 244004),
(758, '01', 245001),
(759, '01', 245002),
(760, '01', 245003),
(761, '01', 245004),
(762, '01', 245005),
(763, '01', 245006),
(764, '01', 246001),
(765, '01', 246002),
(766, '01', 246003),
(767, '01', 246004),
(768, '01', 247001),
(769, '01', 247002),
(770, '01', 247003),
(771, '01', 247004),
(772, '01', 247005),
(773, '01', 247006),
(774, '01', 247007),
(775, '01', 247008),
(776, '01', 247009),
(777, '01', 247010),
(778, '01', 247011),
(779, '01', 247012),
(780, '01', 251001),
(781, '01', 251002),
(782, '01', 251003),
(783, '01', 251004),
(784, '01', 251005),
(785, '01', 251006),
(786, '01', 251007),
(787, '01', 251008),
(788, '01', 251009),
(789, '01', 251010),
(790, '01', 252001),
(791, '01', 252002),
(792, '01', 252003),
(793, '01', 253001),
(794, '01', 253002),
(795, '01', 253003),
(796, '01', 253004),
(797, '01', 253005),
(798, '01', 253006),
(799, '01', 253007),
(800, '01', 253008),
(801, '01', 253009),
(802, '01', 253010),
(803, '01', 253011),
(804, '01', 253012),
(805, '01', 253013),
(806, '01', 254001),
(807, '01', 254002),
(808, '01', 254003),
(809, '01', 254004),
(810, '01', 254005),
(811, '01', 254006),
(812, '01', 254007),
(813, '01', 254008),
(814, '01', 256001),
(815, '01', 257001),
(816, '01', 258001),
(817, '01', 258002),
(818, '01', 259003),
(819, '01', 259004),
(820, '01', 261001),
(821, '01', 261002),
(822, '01', 261003),
(823, '01', 261004),
(824, '01', 261005),
(825, '01', 262001),
(826, '01', 262002),
(827, '01', 262003),
(828, '01', 262004),
(829, '01', 262005),
(830, '01', 262006),
(831, '01', 262007),
(832, '01', 262008),
(833, '01', 262009),
(834, '01', 263001),
(835, '01', 263002),
(836, '01', 263003),
(837, '01', 263004),
(838, '01', 263005),
(839, '01', 263006),
(840, '01', 263007),
(841, '01', 263008),
(842, '01', 263009),
(843, '01', 263010),
(844, '01', 263011),
(845, '01', 263012),
(846, '01', 263013),
(847, '01', 264001),
(848, '01', 264002),
(849, '01', 264003),
(850, '01', 265001),
(851, '01', 265002),
(852, '01', 265003),
(853, '01', 265004),
(854, '01', 266001),
(855, '01', 266002),
(856, '01', 266003),
(857, '01', 266004),
(858, '01', 266005),
(859, '01', 266006),
(860, '01', 266007),
(861, '01', 266008),
(862, '01', 266009),
(863, '01', 266010),
(864, '01', 266011),
(865, '01', 266012),
(866, '01', 266013),
(867, '01', 266014),
(868, '01', 266015),
(869, '01', 266016),
(870, '01', 266017),
(871, '01', 266018),
(872, '01', 266019),
(873, '01', 266020),
(874, '01', 266021),
(875, '01', 266022),
(876, '01', 266023),
(877, '01', 266024),
(878, '01', 266025),
(879, '01', 266026),
(880, '01', 266027),
(881, '01', 266028),
(882, '01', 266029),
(883, '01', 266030),
(884, '01', 266031),
(885, '01', 266032),
(886, '01', 266033),
(887, '01', 266034),
(888, '01', 266035),
(889, '01', 266036),
(890, '01', 266037),
(891, '01', 266038),
(892, '01', 266039),
(893, '01', 266040),
(894, '01', 266041),
(895, '01', 266042),
(896, '01', 266043),
(897, '01', 266044),
(898, '01', 266045),
(899, '01', 266046),
(900, '01', 266047),
(901, '01', 266048),
(902, '01', 266049),
(903, '01', 266050),
(904, '01', 266051),
(905, '01', 266052),
(906, '01', 266053),
(907, '01', 266054),
(908, '01', 266055),
(909, '01', 266056),
(910, '01', 266057),
(911, '01', 266058),
(912, '01', 266059),
(913, '01', 266060),
(914, '01', 266061),
(915, '01', 266062),
(916, '01', 267001),
(917, '01', 267002),
(918, '01', 267003),
(919, '01', 267004),
(920, '01', 267005),
(921, '01', 267006),
(922, '01', 267007),
(923, '01', 267008),
(924, '01', 267009),
(925, '01', 267010),
(926, '01', 267011),
(927, '01', 267012),
(928, '01', 267013),
(929, '01', 267014),
(930, '01', 267015),
(931, '01', 267016),
(932, '01', 267017),
(933, '01', 267018),
(934, '01', 268001),
(935, '01', 268002),
(936, '01', 268003),
(937, '01', 268004),
(938, '01', 268005),
(939, '01', 268006),
(940, '01', 268007),
(941, '01', 268008),
(942, '01', 269001),
(943, '01', 269002),
(944, '01', 269003),
(945, '01', 269004),
(946, '01', 269005),
(947, '01', 269006),
(948, '01', 269007),
(949, '01', 269008),
(950, '01', 269009),
(951, '01', 269010),
(952, '01', 269011),
(953, '01', 269012),
(954, '01', 269013),
(955, '01', 269014),
(956, '01', 269015),
(957, '01', 269016),
(958, '01', 269017),
(959, '01', 271026),
(960, '01', 272026),
(961, '01', 272027),
(962, '01', 272033),
(963, '01', 272040),
(964, '01', 272042),
(965, '01', 273007),
(966, '01', 273008),
(967, '01', 273009),
(968, '01', 274009),
(969, '01', 274010),
(970, '01', 274012),
(971, '01', 274013),
(972, '01', 274014),
(973, '01', 274020),
(974, '01', 274022),
(975, '01', 274023),
(976, '01', 281001),
(977, '01', 281002),
(978, '01', 282001),
(979, '01', 282002),
(980, '01', 282003),
(981, '01', 282004),
(982, '01', 283001),
(983, '01', 283002),
(984, '01', 284001),
(985, '01', 284002),
(986, '01', 284003),
(987, '01', 284004),
(988, '01', 284005),
(989, '01', 284006),
(990, '01', 284007),
(991, '01', 284008),
(992, '01', 284009),
(993, '01', 284010),
(994, '01', 284011),
(995, '01', 284012),
(996, '01', 284013),
(997, '01', 284014),
(998, '01', 284015),
(999, '01', 284016),
(1000, '01', 284017),
(1001, '01', 284018),
(1002, '01', 284019),
(1003, '01', 284020),
(1004, '01', 284021),
(1005, '01', 331001),
(1006, '01', 331002),
(1007, '01', 331003),
(1008, '01', 331004),
(1009, '01', 331006),
(1010, '01', 331007),
(1011, '01', 331008),
(1012, '01', 331009),
(1013, '01', 331010),
(1014, '01', 332001),
(1015, '01', 332013),
(1016, '01', 332014),
(1017, '01', 332021),
(1018, '01', 332022),
(1019, '01', 332023),
(1020, '01', 332024),
(1021, '01', 332025),
(1022, '01', 333002),
(1023, '01', 333003),
(1024, '01', 333004),
(1025, '01', 333005),
(1026, '01', 333006),
(1027, '01', 333007),
(1028, '01', 333008),
(1029, '01', 333009),
(1030, '01', 333010),
(1031, '01', 333011),
(1032, '01', 335005),
(1033, '01', 335006),
(1034, '01', 335007),
(1035, '01', 335008),
(1036, '01', 335009),
(1037, '01', 335010),
(1038, '01', 335011),
(1039, '01', 335012),
(1040, '01', 335013),
(1041, '01', 335014),
(1042, '01', 335015),
(1043, '01', 335016),
(1044, '01', 335017),
(1045, '01', 335018),
(1046, '01', 335019),
(1047, '01', 335020),
(1048, '01', 335021),
(1049, '01', 335022),
(1050, '01', 335023),
(1051, '01', 335024),
(1052, '01', 335025),
(1053, '01', 335026),
(1054, '01', 352001),
(1055, '01', 352002),
(1056, '01', 352003),
(1057, '01', 352004),
(1058, '01', 352005),
(1059, '01', 352006),
(1060, '01', 352007),
(1061, '01', 352008),
(1062, '01', 352009),
(1063, '01', 352010),
(1064, '01', 352011),
(1065, '01', 352012),
(1066, '01', 361001),
(1067, '01', 361002),
(1068, '01', 362001),
(1069, '01', 362002),
(1070, '01', 363001),
(1071, '01', 364001),
(1072, '01', 364002),
(1073, '01', 364003),
(1074, '01', 364004),
(1075, '01', 373001),
(1076, '01', 374001),
(1077, '01', 374002),
(1078, '01', 374003),
(1079, '01', 377001),
(1080, '01', 377008),
(1081, '01', 377009),
(1082, '01', 377010),
(1083, '01', 379011),
(1084, '01', 379012),
(1085, '01', 379013),
(1086, '01', 379014),
(1087, '01', 379015),
(1088, '01', 379016),
(1089, '01', 382001),
(1090, '01', 382002),
(1091, '01', 383001),
(1092, '01', 383002),
(1093, '01', 383003),
(1094, '01', 383004),
(1095, '01', 383005),
(1096, '01', 383006),
(1097, '01', 383007),
(1098, '01', 396003),
(1099, '01', 412001),
(1100, '01', 412002),
(1101, '01', 418001),
(1102, '01', 418002),
(1103, '01', 418003),
(1104, '01', 418004),
(1105, '01', 418005),
(1106, '01', 418006),
(1107, '01', 418007),
(1108, '01', 418008),
(1109, '01', 418009),
(1110, '01', 418010),
(1111, '01', 418011),
(1112, '01', 418012),
(1113, '01', 418013),
(1114, '01', 418014),
(1115, '01', 418015),
(1116, '01', 418016),
(1117, '01', 418017),
(1118, '01', 418018),
(1119, '01', 418019),
(1120, '01', 418020),
(1121, '01', 419003),
(1122, '01', 419004),
(1123, '01', 419005),
(1124, '01', 419006),
(1125, '01', 419007),
(1126, '01', 419008),
(1127, '01', 419009),
(1128, '01', 419010),
(1129, '01', 419011),
(1130, '01', 419012),
(1131, '01', 419013),
(1132, '01', 419014),
(1133, '01', 419015),
(1134, '01', 419016),
(1135, '01', 419017),
(1136, '01', 419018),
(1137, '01', 419019),
(1138, '01', 419020),
(1139, '01', 419021),
(1140, '01', 421002),
(1141, '01', 421003),
(1142, '01', 421004),
(1143, '01', 421005),
(1144, '01', 421006),
(1145, '01', 421007),
(1146, '01', 421008),
(1147, '01', 421009),
(1148, '01', 421010),
(1149, '01', 421011),
(1150, '01', 421012),
(1151, '01', 421013),
(1152, '01', 421014),
(1153, '01', 421015),
(1154, '01', 421016),
(1155, '01', 421017),
(1156, '01', 421018),
(1157, '01', 421019),
(1158, '01', 421020),
(1159, '01', 421021),
(1160, '01', 421022),
(1161, '01', 421023),
(1162, '01', 421024),
(1163, '01', 422001),
(1164, '01', 422002),
(1165, '01', 422003),
(1166, '01', 422004),
(1167, '01', 422005),
(1168, '01', 422006),
(1169, '01', 422007),
(1170, '01', 423001),
(1171, '01', 423002),
(1172, '01', 423003),
(1173, '01', 423004),
(1174, '01', 423005),
(1175, '01', 423006),
(1176, '01', 436002),
(1177, '01', 436003),
(1178, '01', 436004),
(1179, '01', 436005),
(1180, '01', 436006),
(1181, '01', 436007),
(1182, '01', 436008),
(1183, '01', 436009),
(1184, '01', 436010),
(1185, '01', 436011),
(1186, '01', 436012),
(1187, '01', 436013),
(1188, '01', 436014),
(1189, '01', 436015),
(1190, '01', 436016),
(1191, '01', 436017),
(1192, '01', 436018),
(1193, '01', 436019),
(1194, '01', 436020),
(1195, '01', 436021),
(1196, '01', 436022),
(1197, '01', 436023),
(1198, '01', 436024),
(1199, '01', 436025),
(1200, '01', 436026),
(1201, '01', 436027),
(1202, '01', 436028),
(1203, '01', 442004),
(1204, '01', 442005),
(1205, '01', 442006),
(1206, '01', 442007),
(1207, '01', 442008),
(1208, '01', 442009),
(1209, '01', 443003),
(1210, '01', 443004),
(1211, '01', 443011),
(1212, '01', 444002),
(1213, '01', 444003),
(1214, '01', 444004),
(1215, '01', 444005),
(1216, '01', 444006),
(1217, '01', 451014),
(1218, '01', 451015),
(1219, '01', 451016),
(1220, '01', 451017),
(1221, '01', 454001),
(1222, '01', 454002),
(1223, '01', 454003),
(1224, '01', 454004),
(1225, '01', 454005),
(1226, '01', 454006),
(1227, '01', 454007),
(1228, '01', 454008),
(1229, '01', 462002),
(1230, '01', 462003),
(1231, '01', 462004),
(1232, '01', 462005),
(1233, '01', 462006),
(1234, '01', 711001),
(1235, '01', 711002),
(1236, '01', 711003),
(1237, '01', 711004),
(1238, '01', 711005),
(1239, '01', 711006),
(1240, '01', 711007),
(1241, '01', 712008),
(1242, '01', 713001),
(1243, '01', 714001),
(1244, '01', 714002),
(1245, '01', 714010),
(1246, '01', 714011),
(1247, '01', 714012),
(1248, '01', 715001),
(1249, '01', 716008),
(1250, '01', 716009),
(1251, '01', 733003),
(1252, '01', 737005),
(1253, '01', 737006),
(1254, '01', 737007),
(1255, '01', 737008),
(1256, '01', 737009),
(1257, '01', 737010),
(1258, '01', 737011),
(1259, '01', 737012),
(1260, '01', 737013),
(1261, '01', 737014),
(1262, '01', 737015),
(1263, '01', 742014),
(1264, '01', 767018),
(1265, '01', 767019),
(1266, '01', 767020),
(1267, '01', 767021),
(1268, '01', 767022),
(1269, '01', 782001),
(1270, '01', 785006),
(1271, '01', 785007),
(1272, '01', 785025),
(1273, '01', 785026),
(1274, '01', 811017),
(1275, '01', 811018),
(1276, '01', 813001),
(1277, '01', 843004),
(1278, '01', 843005),
(1279, '01', 843006),
(1280, '01', 843007),
(1281, '01', 843008),
(1282, '01', 843009),
(1283, '01', 843010),
(1284, '01', 843011),
(1285, '01', 843012),
(1286, '01', 843013),
(1287, '01', 844018),
(1288, '01', 844019),
(1289, '01', 844020),
(1290, '01', 844021),
(1291, '01', 844022),
(1292, '01', 844023),
(1293, '01', 844024),
(1294, '01', 844025),
(1295, '01', 844026),
(1296, '01', 844027),
(1297, '01', 844028),
(1298, '01', 861001),
(1299, '01', 861002),
(1300, '01', 861003),
(1301, '01', 861004),
(1302, '01', 861005),
(1303, '01', 861006),
(1304, '01', 861007),
(1305, '01', 861008),
(1306, '01', 861009),
(1307, '01', 861010),
(1308, '01', 861011),
(1309, '01', 861012),
(1310, '01', 861013),
(1311, '01', 861014),
(1312, '01', 861015),
(1313, '01', 861016),
(1314, '01', 861017),
(1315, '01', 861018),
(1316, '01', 861019),
(1317, '01', 861020),
(1318, '01', 862001),
(1319, '01', 862002),
(1320, '01', 862003),
(1321, '01', 862004),
(1322, '01', 862005),
(1323, '01', 862006),
(1324, '01', 862007),
(1325, '01', 862008),
(1326, '01', 862010),
(1327, '01', 862011),
(1328, '01', 863001),
(1329, '01', 863002),
(1330, '01', 863003),
(1331, '01', 863004),
(1332, '01', 863005),
(1333, '01', 864001),
(1334, '01', 864002),
(1335, '01', 864003),
(1336, '01', 864004),
(1337, '01', 864005),
(1338, '01', 864006),
(1339, '01', 864007),
(1340, '01', 864008),
(1341, '01', 864009),
(1342, '01', 864010),
(1343, '01', 864011),
(1344, '01', 864012),
(1345, '01', 864013),
(1346, '01', 864014),
(1347, '01', 864015),
(1348, '01', 865001),
(1349, '01', 865002),
(1350, '01', 865003),
(1351, '01', 865004),
(1352, '01', 865005),
(1353, '01', 865006),
(1354, '01', 865007),
(1355, '01', 865008),
(1356, '01', 867001),
(1357, '01', 867002),
(1358, '01', 867003),
(1359, '01', 867004),
(1360, '01', 867005),
(1361, '01', 868001),
(1362, '01', 868004),
(1363, '01', 868005),
(1364, '01', 868006),
(1365, '01', 868007),
(1366, '01', 868008),
(1367, '01', 868010),
(1368, '01', 868011),
(1369, '01', 868012),
(1370, '01', 868013),
(1371, '01', 868014),
(1372, '01', 868015),
(1373, '01', 868016),
(1374, '01', 868017),
(1375, '01', 868019),
(1376, '01', 868020),
(1377, '01', 882001),
(1378, '01', 882003),
(1379, '01', 882004),
(1380, '01', 883001),
(1381, '01', 886005),
(1382, '01', 911001),
(1383, '01', 911002),
(1384, '01', 911003),
(1385, '01', 911004),
(1386, '01', 911005),
(1387, '01', 911006),
(1388, '01', 912001),
(1389, '01', 912002),
(1390, '01', 912003),
(1391, '01', 912004),
(1392, '01', 912005),
(1393, '01', 912006),
(1394, '01', 912007),
(1395, '01', 912008),
(1396, '01', 912009),
(1397, '01', 912010),
(1398, '01', 913001),
(1399, '01', 913002),
(1400, '01', 913003),
(1401, '01', 913004),
(1402, '01', 913005),
(1403, '01', 914001),
(1404, '01', 914002),
(1405, '01', 914003),
(1406, '01', 914004),
(1407, '01', 915001),
(1408, '01', 915002),
(1409, '01', 915003),
(1410, '01', 915004),
(1411, '01', 916001),
(1412, '01', 916002),
(1413, '01', 916003),
(1414, '01', 917001),
(1415, '01', 917002),
(1416, '01', 917003),
(1417, '01', 917004),
(1418, '01', 917005),
(1419, '01', 917006),
(1420, '01', 917007),
(1421, '01', 917008),
(1422, '01', 918001),
(1423, '01', 918002),
(1424, '01', 919001),
(1425, '01', 919002),
(1426, '01', 919003),
(1427, '01', 919004),
(1428, '01', 919005),
(1429, '01', 921001),
(1430, '01', 921002),
(1431, '01', 921003),
(1432, '01', 922001),
(1433, '01', 922002),
(1434, '01', 922003),
(1435, '01', 922004),
(1436, '01', 922005),
(1437, '01', 922006),
(1438, '01', 923001),
(1439, '01', 923002),
(1440, '01', 923003),
(1441, '01', 923004),
(1442, '01', 923005),
(1443, '01', 923006),
(1444, '01', 924001),
(1445, '01', 924002),
(1446, '01', 924003),
(1447, '01', 925001),
(1448, '01', 925002),
(1449, '01', 925003),
(1450, '01', 925004),
(1451, '01', 925005),
(1452, '01', 925006),
(1453, '01', 926001),
(1454, '01', 926002),
(1455, '01', 927001),
(1456, '01', 927002),
(1457, '01', 927003),
(1458, '01', 927004),
(1459, '01', 927005),
(1460, '01', 927006),
(1461, '01', 927007),
(1462, '01', 941001),
(1463, '01', 941002),
(1464, '01', 941003),
(1465, '01', 941004),
(1466, '01', 941005),
(1467, '01', 941006),
(1468, '01', 941007),
(1469, '01', 941008),
(1470, '01', 941009),
(1471, '01', 941011),
(1472, '01', 941014),
(1473, '01', 941015),
(1474, '01', 941016),
(1475, '01', 941017),
(1476, '01', 941018),
(1477, '01', 941019),
(1478, '01', 941020),
(1479, '01', 941021),
(1480, '01', 941022),
(1481, '01', 941023),
(1482, '01', 944001),
(1483, '01', 944002),
(1484, '01', 944003),
(1485, '01', 944004),
(1486, '01', 944005),
(1487, '01', 944006),
(1488, '01', 945004),
(1489, '01', 945005),
(1490, '01', 945006),
(1491, '01', 945011),
(1492, '01', 945012),
(1493, '01', 945015),
(1494, '01', 945016),
(1495, '01', 945018),
(1496, '01', 945021),
(1497, '01', 945025),
(1498, '01', 945026),
(1499, '01', 945027),
(1500, '01', 945028),
(1501, '01', 945029),
(1502, '01', 945031),
(1503, '01', 945033),
(1504, '01', 945037),
(1505, '01', 945046),
(1506, '01', 945047),
(1507, '01', 961001),
(1508, '01', 961002),
(1509, '01', 961003),
(1510, '01', 961004),
(1511, '01', 961005),
(1512, '01', 961006),
(1513, '01', 961007),
(1514, '01', 961008),
(1515, '01', 961009),
(1516, '01', 971001),
(1517, '01', 971002),
(1518, '01', 971003),
(1519, '01', 971004),
(1520, '01', 971005),
(1521, '01', 971006),
(1522, '01', 971007),
(1523, '01', 971008),
(1524, '01', 971009),
(1525, '01', 971010),
(1526, '01', 971011),
(1527, '01', 971012),
(1528, '01', 971013),
(1529, '01', 971014),
(1530, '01', 971015),
(1531, '01', 971016),
(1532, '01', 971017),
(1533, '01', 971018),
(1534, '01', 971019),
(1535, '01', 971020),
(1536, '01', 971021),
(1537, '01', 971022),
(1538, '01', 971023),
(1539, '01', 971024),
(1540, '01', 971025),
(1541, '01', 971026),
(1542, '01', 971027),
(1543, '01', 971028),
(1544, '01', 971029),
(1545, '01', 971030),
(1546, '01', 971031),
(1547, '01', 971032),
(1548, '01', 971033),
(1549, '01', 971034),
(1550, '01', 971035),
(1551, '01', 971036),
(1552, '01', 971037),
(1553, '01', 971038),
(1554, '01', 971039),
(1555, '01', 971040),
(1556, '01', 971041),
(1557, '01', 971042),
(1558, '01', 971043),
(1559, '01', 971044),
(1560, '01', 971045),
(1561, '01', 971046),
(1562, '01', 971047),
(1563, '01', 971048),
(1564, '01', 971049),
(1565, '01', 971050),
(1566, '01', 971051),
(1567, '01', 971052),
(1568, '01', 971053),
(1569, '01', 971054),
(1570, '01', 971055),
(1571, '01', 971056),
(1572, '01', 971057),
(1573, '01', 971058),
(1574, '01', 971059),
(1575, '01', 971060),
(1576, '01', 971061),
(1577, '01', 971062),
(1578, '01', 971063),
(1579, '01', 971064),
(1580, '01', 971065),
(1581, '01', 971066),
(1582, '01', 971067),
(1583, '01', 971068),
(1584, '01', 971069),
(1585, '01', 971070),
(1586, '01', 971071),
(1587, '01', 971072),
(1588, '01', 971073),
(1589, '01', 971074),
(1590, '01', 971075),
(1591, '01', 971076),
(1592, '01', 971077),
(1593, '01', 971078),
(1594, '01', 972001),
(1595, '01', 972002),
(1596, '01', 973001),
(1597, '01', 973002),
(1598, '01', 973003),
(1599, '01', 973004),
(1600, '01', 973005),
(1601, '01', 973006),
(1602, '01', 981001),
(1603, '01', 981002),
(1604, '01', 981003),
(1605, '01', 981004),
(1606, '01', 981005),
(1607, '01', 981006),
(1608, '01', 981007),
(1609, '01', 981008),
(1610, '01', 981009),
(1611, '01', 981010),
(1612, '01', 981011),
(1613, '01', 982001),
(1614, '01', 982002),
(1615, '01', 982003),
(1616, '01', 982004),
(1617, '01', 982005),
(1618, '01', 982006),
(1619, '01', 982007),
(1620, '01', 982008),
(1621, '01', 982009),
(1622, '01', 982010),
(1623, '01', 982011),
(1624, '01', 982012),
(1625, '01', 982013),
(1626, '01', 982014),
(1627, '01', 982015),
(1628, '01', 982016),
(1629, '01', 982017),
(1630, '01', 982018),
(1631, '01', 983001),
(1632, '01', 983002),
(1633, '01', 983003),
(1634, '01', 983004),
(1635, '01', 983005),
(1636, '01', 984001),
(1637, '01', 984002),
(1638, '01', 984003),
(1639, '01', 984004),
(1640, '01', 984005),
(1641, '01', 984006),
(1642, '01', 984007),
(1643, '01', 984008),
(1644, '01', 984009),
(1645, '01', 984010),
(1646, '01', 984011),
(1647, '01', 984012),
(1648, '01', 984013),
(1649, '01', 984014),
(1650, '01', 984015),
(1651, '01', 984016),
(1652, '01', 984017),
(1653, '01', 984018),
(1654, '01', 984019),
(1655, '01', 984020),
(1656, '01', 984021),
(1657, '01', 984022),
(1658, '01', 984023),
(1659, '01', 984024),
(1660, '01', 985001),
(1661, '01', 985002),
(1662, '01', 985003),
(1663, '01', 985004),
(1664, '01', 985005),
(1665, '01', 985006),
(1666, '01', 985007),
(1667, '01', 986001),
(1668, '01', 986002),
(1669, '01', 986003),
(1670, '01', 986004),
(1671, '01', 986005),
(1672, '01', 986006),
(1673, '01', 986007),
(1674, '01', 986008),
(1675, '01', 986009),
(1676, '01', 986010),
(1677, '01', 986011),
(1678, '01', 986012),
(1679, '01', 986013),
(1680, '01', 986014),
(1681, '01', 986015),
(1682, '01', 986016),
(1683, '01', 986017),
(1684, '01', 986018),
(1685, '01', 986019),
(1686, '01', 987001),
(1687, '01', 987002),
(1688, '01', 987003),
(1689, '01', 987004),
(1690, '01', 987005),
(1691, '01', 987006),
(1692, '01', 987007),
(1693, '01', 987008),
(1694, '01', 987009),
(1695, '01', 987010),
(1696, '01', 987011),
(1697, '01', 987012),
(1698, '01', 987013),
(1699, '01', 987014),
(1700, '01', 987015),
(1701, '01', 987016),
(1702, '01', 987017),
(1703, '01', 987018),
(1704, '01', 987019),
(1705, '01', 987020),
(1706, '01', 987021),
(1707, '01', 987022),
(1708, '01', 987023),
(1709, '01', 987024),
(1710, '01', 987025),
(1711, '01', 121018),
(1712, '01', 121019),
(1713, '01', 121021),
(1714, '01', 122007),
(1715, '01', 122009),
(1716, '01', 123005),
(1717, '01', 123007),
(1718, '01', 124012),
(1719, '01', 124014),
(1720, '01', 125011),
(1721, '01', 125013),
(1722, '01', 126011),
(1723, '01', 126013),
(1724, '01', 127039),
(1725, '01', 127041),
(1726, '01', 128001),
(1727, '01', 128002),
(1728, '01', 128003),
(1729, '01', 129001),
(1730, '01', 129003),
(1731, '01', 129007),
(1732, '01', 129008),
(1733, '01', 131001),
(1734, '01', 132001),
(1735, '01', 132002),
(1736, '01', 132003),
(1737, '01', 132004),
(1738, '01', 132005),
(1739, '01', 132006),
(1740, '01', 132007),
(1741, '01', 133001),
(1742, '01', 133002),
(1743, '01', 134001),
(1744, '01', 134002),
(1745, '01', 134003),
(1746, '01', 134004),
(1747, '01', 134005),
(1748, '01', 134006),
(1749, '01', 134007),
(1750, '01', 134008),
(1751, '01', 135001),
(1752, '01', 135002),
(1753, '01', 135003),
(1754, '01', 135004),
(1755, '01', 135005),
(1756, '01', 135006),
(1757, '01', 135007),
(1758, '01', 135008),
(1759, '01', 135009),
(1760, '01', 135010),
(1761, '01', 135011),
(1762, '01', 135012),
(1763, '01', 135013),
(1764, '01', 135014),
(1765, '01', 135015),
(1766, '01', 135016),
(1767, '01', 135017),
(1768, '01', 135018),
(1769, '01', 136006),
(1770, '01', 136009),
(1771, '01', 136011),
(1772, '01', 137001),
(1773, '01', 137002),
(1774, '01', 137003),
(1775, '01', 137004),
(1776, '01', 138001),
(1777, '01', 138002),
(1778, '01', 138003),
(1779, '01', 138004),
(1780, '01', 138005),
(1781, '01', 139001),
(1782, '01', 139002),
(1783, '01', 139003),
(1784, '01', 139004),
(1785, '01', 139005),
(1786, '01', 139006),
(1787, '01', 139007),
(1788, '01', 139008),
(1789, '01', 139009),
(1790, '01', 144001),
(1791, '01', 144002),
(1792, '01', 145001),
(1793, '01', 145002),
(1794, '01', 148001),
(1795, '01', 148002),
(1796, '01', 148003),
(1797, '01', 148004),
(1798, '01', 148005),
(1799, '01', 148006),
(1800, '01', 148007),
(1801, '01', 148008),
(1802, '01', 148009),
(1803, '01', 148010),
(1804, '01', 254009),
(1805, '01', 255011),
(1806, '01', 274011),
(1807, '01', 274015),
(1808, '01', 274016),
(1809, '01', 283003),
(1810, '01', 332002),
(1811, '01', 332003),
(1812, '01', 332004),
(1813, '01', 332005),
(1814, '01', 332006),
(1815, '01', 332007),
(1816, '01', 332008),
(1817, '01', 332009),
(1818, '01', 332010),
(1819, '01', 332011),
(1820, '01', 332012),
(1821, '01', 332027),
(1822, '01', 333001),
(1823, '01', 411001),
(1824, '01', 411002),
(1825, '01', 411003),
(1826, '01', 411004),
(1827, '01', 411005),
(1828, '01', 411006),
(1829, '01', 411008),
(1830, '01', 413012),
(1831, '01', 431001),
(1832, '01', 432003),
(1833, '01', 432004),
(1834, '01', 433001),
(1835, '01', 434001),
(1836, '01', 434002),
(1837, '01', 435001),
(1838, '01', 441001),
(1839, '01', 441002),
(1840, '01', 441003),
(1841, '01', 441004),
(1842, '01', 129009),
(1843, '01', 259001),
(1844, '01', 259002),
(1845, '01', 269018),
(1846, '01', 269019),
(1847, '01', 271001),
(1848, '01', 271002),
(1849, '01', 271003),
(1850, '01', 271004),
(1851, '01', 271005),
(1852, '01', 271006),
(1853, '01', 271007),
(1854, '01', 271008),
(1855, '01', 271009),
(1856, '01', 271010),
(1857, '01', 271011),
(1858, '01', 271012),
(1859, '01', 271013),
(1860, '01', 271014),
(1861, '01', 271015),
(1862, '01', 271016),
(1863, '01', 271017),
(1864, '01', 271018),
(1865, '01', 271019),
(1866, '01', 271020),
(1867, '01', 271021),
(1868, '01', 271022),
(1869, '01', 271023),
(1870, '01', 271024),
(1871, '01', 271025),
(1872, '01', 271027),
(1873, '01', 271028),
(1874, '01', 271029),
(1875, '01', 272001),
(1876, '01', 272002),
(1877, '01', 272003),
(1878, '01', 272004),
(1879, '01', 272005),
(1880, '01', 272006),
(1881, '01', 272007),
(1882, '01', 272008),
(1883, '01', 272009),
(1884, '01', 272010),
(1885, '01', 272011),
(1886, '01', 272012),
(1887, '01', 272013),
(1888, '01', 272014),
(1889, '01', 272015),
(1890, '01', 272016),
(1891, '01', 272017),
(1892, '01', 272018),
(1893, '01', 272019),
(1894, '01', 272020),
(1895, '01', 272021),
(1896, '01', 272022),
(1897, '01', 272023),
(1898, '01', 272024),
(1899, '01', 272025),
(1900, '01', 272028),
(1901, '01', 272029),
(1902, '01', 272030),
(1903, '01', 272031),
(1904, '01', 272032),
(1905, '01', 272034),
(1906, '01', 272035),
(1907, '01', 272036),
(1908, '01', 272037),
(1909, '01', 272038),
(1910, '01', 272039),
(1911, '01', 272041),
(1912, '01', 272043),
(1913, '01', 272044),
(1914, '01', 272045),
(1915, '01', 272046),
(1916, '01', 272047),
(1917, '01', 273001),
(1918, '01', 273002),
(1919, '01', 273003),
(1920, '01', 273004),
(1921, '01', 273005),
(1922, '01', 273006),
(1923, '01', 274001),
(1924, '01', 274002),
(1925, '01', 274003),
(1926, '01', 274004),
(1927, '01', 274005),
(1928, '01', 274006),
(1929, '01', 274007),
(1930, '01', 274008),
(1931, '01', 274017),
(1932, '01', 274018),
(1933, '01', 274019),
(1934, '01', 274021),
(1935, '01', 274024),
(1936, '01', 274025),
(1937, '01', 311001),
(1938, '01', 311002),
(1939, '01', 311003),
(1940, '01', 311004),
(1941, '01', 311005),
(1942, '01', 311006),
(1943, '01', 311007),
(1944, '01', 311008),
(1945, '01', 311009),
(1946, '01', 311010),
(1947, '01', 312001),
(1948, '01', 312002),
(1949, '01', 312003),
(1950, '01', 312004),
(1951, '01', 312005),
(1952, '01', 312006),
(1953, '01', 312007),
(1954, '01', 312008),
(1955, '01', 312009),
(1956, '01', 312010),
(1957, '01', 312011),
(1958, '01', 312012),
(1959, '01', 312013),
(1960, '01', 312014),
(1961, '01', 313001),
(1962, '01', 313002),
(1963, '01', 313003),
(1964, '01', 313004),
(1965, '01', 313005),
(1966, '01', 313006),
(1967, '01', 313007),
(1968, '01', 313008),
(1969, '01', 313009),
(1970, '01', 313010),
(1971, '01', 313011),
(1972, '01', 313012),
(1973, '01', 313013),
(1974, '01', 313014),
(1975, '01', 313015),
(1976, '01', 313016),
(1977, '01', 313017),
(1978, '01', 314001),
(1979, '01', 314002),
(1980, '01', 314003),
(1981, '01', 314004),
(1982, '01', 314005),
(1983, '01', 314006),
(1984, '01', 314007),
(1985, '01', 314008),
(1986, '01', 314009),
(1987, '01', 314010),
(1988, '01', 314011),
(1989, '01', 314012),
(1990, '01', 314013),
(1991, '01', 314014),
(1992, '01', 314015),
(1993, '01', 314016),
(1994, '01', 314017),
(1995, '01', 314018),
(1996, '01', 314019),
(1997, '01', 314020),
(1998, '01', 314021),
(1999, '01', 314022),
(2000, '01', 314023),
(2001, '01', 314024),
(2002, '01', 314025),
(2003, '01', 314026),
(2004, '01', 315001),
(2005, '01', 315002),
(2006, '01', 315003),
(2007, '01', 315004),
(2008, '01', 315005),
(2009, '01', 315006),
(2010, '01', 315007),
(2011, '01', 315008),
(2012, '01', 315009),
(2013, '01', 315010),
(2014, '01', 315011),
(2015, '01', 316001),
(2016, '01', 316002),
(2017, '01', 316003),
(2018, '01', 316004),
(2019, '01', 316005),
(2020, '01', 316006),
(2021, '01', 316007),
(2022, '01', 316008),
(2023, '01', 316009),
(2024, '01', 316010),
(2025, '01', 316011),
(2026, '01', 316012),
(2027, '01', 316013),
(2028, '01', 316014),
(2029, '01', 316015),
(2030, '01', 316016),
(2031, '01', 317001),
(2032, '01', 317002),
(2033, '01', 317003),
(2034, '01', 317004),
(2035, '01', 317005),
(2036, '01', 317006),
(2037, '01', 317007),
(2038, '01', 317008),
(2039, '01', 317009),
(2040, '01', 317010),
(2041, '01', 317011),
(2042, '01', 317012),
(2043, '01', 317013),
(2044, '01', 317014),
(2045, '01', 317015),
(2046, '01', 317016),
(2047, '01', 317017),
(2048, '01', 317018),
(2049, '01', 317019),
(2050, '01', 317020),
(2051, '01', 317021),
(2052, '01', 318001),
(2053, '01', 318002),
(2054, '01', 318003),
(2055, '01', 318004),
(2056, '01', 318005),
(2057, '01', 318006),
(2058, '01', 318007),
(2059, '01', 318008),
(2060, '01', 318009),
(2061, '01', 318010),
(2062, '01', 318011),
(2063, '01', 318012),
(2064, '01', 318013),
(2065, '01', 318014),
(2066, '01', 318015),
(2067, '01', 318016),
(2068, '01', 319001),
(2069, '01', 319002),
(2070, '01', 319003),
(2071, '01', 319004),
(2072, '01', 319005),
(2073, '01', 319006),
(2074, '01', 319007),
(2075, '01', 319008),
(2076, '01', 319009),
(2077, '01', 319010),
(2078, '01', 319011),
(2079, '01', 319012),
(2080, '01', 321001),
(2081, '01', 321002),
(2082, '01', 321003),
(2083, '01', 321004),
(2084, '01', 321005),
(2085, '01', 322001),
(2086, '01', 322002),
(2087, '01', 322003),
(2088, '01', 322004),
(2089, '01', 322005),
(2090, '01', 322006),
(2091, '01', 322007),
(2092, '01', 322008),
(2093, '01', 322009),
(2094, '01', 322010),
(2095, '01', 322011),
(2096, '01', 322012),
(2097, '01', 322013),
(2098, '01', 322014),
(2099, '01', 322015),
(2100, '01', 322016),
(2101, '01', 322017),
(2102, '01', 322018),
(2103, '01', 322019),
(2104, '01', 322020),
(2105, '01', 322021),
(2106, '01', 322022),
(2107, '01', 322023),
(2108, '01', 322024),
(2109, '01', 322025),
(2110, '01', 322026),
(2111, '01', 322027),
(2112, '01', 322028),
(2113, '01', 322029),
(2114, '01', 322030),
(2115, '01', 322031),
(2116, '01', 322032),
(2117, '01', 322033),
(2118, '01', 322034),
(2119, '01', 322035),
(2120, '01', 322036),
(2121, '01', 322037),
(2122, '01', 322038),
(2123, '01', 322039),
(2124, '01', 322040),
(2125, '01', 322041),
(2126, '01', 322042),
(2127, '01', 322043),
(2128, '01', 322044),
(2129, '01', 323001),
(2130, '01', 323002),
(2131, '01', 323003),
(2132, '01', 323004),
(2133, '01', 323005),
(2134, '01', 323006),
(2135, '01', 323007),
(2136, '01', 323008),
(2137, '01', 323009),
(2138, '01', 323010),
(2139, '01', 323011),
(2140, '01', 323012),
(2141, '01', 323013),
(2142, '01', 323014),
(2143, '01', 323015),
(2144, '01', 323016),
(2145, '01', 323017),
(2146, '01', 323018),
(2147, '01', 323019),
(2148, '01', 323020),
(2149, '01', 323021),
(2150, '01', 323022),
(2151, '01', 323023),
(2152, '01', 323024),
(2153, '01', 323025),
(2154, '01', 323026),
(2155, '01', 323027),
(2156, '01', 323028),
(2157, '01', 324001),
(2158, '01', 324002),
(2159, '01', 324003),
(2160, '01', 324004),
(2161, '01', 324005),
(2162, '01', 324006),
(2163, '01', 324007),
(2164, '01', 331005),
(2165, '01', 332015),
(2166, '01', 332016),
(2167, '01', 332017),
(2168, '01', 332018),
(2169, '01', 332019),
(2170, '01', 332020),
(2171, '01', 332026),
(2172, '01', 334001),
(2173, '01', 334002),
(2174, '01', 335001),
(2175, '01', 335002),
(2176, '01', 335003),
(2177, '01', 335004),
(2178, '01', 335027),
(2179, '01', 335028),
(2180, '01', 335029),
(2181, '01', 335030),
(2182, '01', 335031),
(2183, '01', 335032),
(2184, '01', 341001),
(2185, '01', 341002),
(2186, '01', 341003),
(2187, '01', 341004),
(2188, '01', 341005),
(2189, '01', 341006),
(2190, '01', 341007),
(2191, '01', 341008),
(2192, '01', 341009),
(2193, '01', 341010),
(2194, '01', 341011),
(2195, '01', 341012),
(2196, '01', 341013),
(2197, '01', 341014),
(2198, '01', 341015),
(2199, '01', 341016),
(2200, '01', 341017),
(2201, '01', 341018),
(2202, '01', 341019),
(2203, '01', 341020),
(2204, '01', 342001),
(2205, '01', 342002),
(2206, '01', 342003),
(2207, '01', 342004),
(2208, '01', 342005),
(2209, '01', 342006),
(2210, '01', 342007),
(2211, '01', 342008),
(2212, '01', 342009),
(2213, '01', 342010),
(2214, '01', 342011),
(2215, '01', 342012),
(2216, '01', 342013),
(2217, '01', 342014),
(2218, '01', 342015),
(2219, '01', 342016),
(2220, '01', 343001),
(2221, '01', 343002),
(2222, '01', 343003),
(2223, '01', 343004),
(2224, '01', 343005),
(2225, '01', 343006),
(2226, '01', 344001),
(2227, '01', 344002),
(2228, '01', 345001),
(2229, '01', 345002),
(2230, '01', 345003),
(2231, '01', 345004),
(2232, '01', 345005),
(2233, '01', 346001),
(2234, '01', 346002),
(2235, '01', 346003),
(2236, '01', 346004),
(2237, '01', 347001),
(2238, '01', 347002),
(2239, '01', 347003),
(2240, '01', 347004),
(2241, '01', 347005),
(2242, '01', 348001),
(2243, '01', 348002),
(2244, '01', 348003),
(2245, '01', 348004),
(2246, '01', 348005),
(2247, '01', 348006),
(2248, '01', 348007),
(2249, '01', 348008),
(2250, '01', 348009),
(2251, '01', 348010),
(2252, '01', 348011),
(2253, '01', 348012),
(2254, '01', 348013),
(2255, '01', 348014),
(2256, '01', 348015),
(2257, '01', 349001),
(2258, '01', 349002),
(2259, '01', 349003),
(2260, '01', 349004),
(2261, '01', 349005),
(2262, '01', 349006),
(2263, '01', 351001),
(2264, '01', 351002),
(2265, '01', 351003),
(2266, '01', 351004),
(2267, '01', 352013),
(2268, '01', 352014),
(2269, '01', 353001),
(2270, '01', 353002),
(2271, '01', 353003),
(2272, '01', 353004),
(2273, '01', 354001),
(2274, '01', 354002),
(2275, '01', 354003),
(2276, '01', 354004),
(2277, '01', 354005),
(2278, '01', 354006),
(2279, '01', 354007),
(2280, '01', 354008),
(2281, '01', 355001),
(2282, '01', 355002),
(2283, '01', 355003),
(2284, '01', 355004),
(2285, '01', 356001),
(2286, '01', 356002),
(2287, '01', 364005),
(2288, '01', 364006),
(2289, '01', 365001),
(2290, '01', 365002),
(2291, '01', 365003),
(2292, '01', 365004),
(2293, '01', 365005),
(2294, '01', 366001),
(2295, '01', 366002),
(2296, '01', 366003),
(2297, '01', 366004),
(2298, '01', 366005),
(2299, '01', 366006),
(2300, '01', 367001),
(2301, '01', 367002),
(2302, '01', 371001),
(2303, '01', 371002),
(2304, '01', 371003),
(2305, '01', 371004),
(2306, '01', 371005),
(2307, '01', 372001),
(2308, '01', 372002),
(2309, '01', 372003),
(2310, '01', 372004),
(2311, '01', 372005),
(2312, '01', 372006),
(2313, '01', 373002),
(2314, '01', 373003),
(2315, '01', 373004),
(2316, '01', 373005),
(2317, '01', 374004),
(2318, '01', 374005),
(2319, '01', 374006),
(2320, '01', 375001),
(2321, '01', 375002),
(2322, '01', 375003),
(2323, '01', 375004),
(2324, '01', 375005),
(2325, '01', 375006),
(2326, '01', 375007),
(2327, '01', 375008),
(2328, '01', 375009),
(2329, '01', 375010),
(2330, '01', 375011),
(2331, '01', 375012),
(2332, '01', 375013),
(2333, '01', 375014),
(2334, '01', 375015),
(2335, '01', 375016),
(2336, '01', 375017),
(2337, '01', 375018),
(2338, '01', 375019),
(2339, '01', 375020),
(2340, '01', 376001),
(2341, '01', 376002),
(2342, '01', 376003),
(2343, '01', 376004),
(2344, '01', 376005),
(2345, '01', 376006),
(2346, '01', 376007),
(2347, '01', 376008),
(2348, '01', 376009),
(2349, '01', 376010),
(2350, '01', 376011),
(2351, '01', 376012),
(2352, '01', 376013),
(2353, '01', 376014),
(2354, '01', 376015),
(2355, '01', 378001),
(2356, '01', 378002),
(2357, '01', 378003),
(2358, '01', 379001),
(2359, '01', 379002),
(2360, '01', 379003),
(2361, '01', 379004),
(2362, '01', 379005),
(2363, '01', 379006),
(2364, '01', 379007),
(2365, '01', 379008),
(2366, '01', 379009),
(2367, '01', 379010),
(2368, '01', 379017),
(2369, '01', 379018),
(2370, '01', 379019),
(2371, '01', 381001),
(2372, '01', 381002),
(2373, '01', 381003),
(2374, '01', 381004),
(2375, '01', 381005),
(2376, '01', 381006),
(2377, '01', 381007),
(2378, '01', 381008),
(2379, '01', 381009),
(2380, '01', 381010),
(2381, '01', 381011),
(2382, '01', 381012),
(2383, '01', 381013),
(2384, '01', 381014),
(2385, '01', 381015),
(2386, '01', 382003),
(2387, '01', 391001),
(2388, '01', 391002),
(2389, '01', 391003),
(2390, '01', 391004),
(2391, '01', 391005),
(2392, '01', 391006),
(2393, '01', 391007),
(2394, '01', 391008),
(2395, '01', 391009),
(2396, '01', 391010),
(2397, '01', 391011),
(2398, '01', 391012),
(2399, '01', 391013),
(2400, '01', 391014),
(2401, '01', 391015),
(2402, '01', 391016),
(2403, '01', 391017),
(2404, '01', 391018),
(2405, '01', 391019),
(2406, '01', 391020),
(2407, '01', 391021),
(2408, '01', 391022),
(2409, '01', 391023),
(2410, '01', 391024),
(2411, '01', 391025),
(2412, '01', 391026),
(2413, '01', 391027),
(2414, '01', 391028),
(2415, '01', 391029),
(2416, '01', 391030),
(2417, '01', 391031),
(2418, '01', 391032),
(2419, '01', 391033),
(2420, '01', 392001),
(2421, '01', 392002),
(2422, '01', 392003),
(2423, '01', 392004),
(2424, '01', 392005),
(2425, '01', 392006),
(2426, '01', 392007),
(2427, '01', 392008),
(2428, '01', 392009),
(2429, '01', 393001),
(2430, '01', 393002),
(2431, '01', 393003),
(2432, '01', 393004),
(2433, '01', 393005),
(2434, '01', 393006),
(2435, '01', 393007),
(2436, '01', 393008),
(2437, '01', 393009),
(2438, '01', 393010),
(2439, '01', 393011),
(2440, '01', 393012),
(2441, '01', 393013),
(2442, '01', 393014),
(2443, '01', 393015),
(2444, '01', 393016),
(2445, '01', 393017),
(2446, '01', 393018),
(2447, '01', 393019),
(2448, '01', 393020),
(2449, '01', 393021),
(2450, '01', 393022),
(2451, '01', 393023),
(2452, '01', 393024),
(2453, '01', 393025),
(2454, '01', 393026),
(2455, '01', 393027),
(2456, '01', 393028),
(2457, '01', 393029),
(2458, '01', 393030),
(2459, '01', 394001),
(2460, '01', 394002),
(2461, '01', 394003),
(2462, '01', 394004),
(2463, '01', 394005),
(2464, '01', 394006),
(2465, '01', 394007),
(2466, '01', 394008),
(2467, '01', 394009),
(2468, '01', 394010),
(2469, '01', 394011),
(2470, '01', 394012),
(2471, '01', 394013),
(2472, '01', 394014),
(2473, '01', 394015),
(2474, '01', 394016),
(2475, '01', 394017),
(2476, '01', 394018),
(2477, '01', 394019),
(2478, '01', 394020),
(2479, '01', 394021),
(2480, '01', 394022),
(2481, '01', 394023),
(2482, '01', 394024),
(2483, '01', 394025),
(2484, '01', 394026),
(2485, '01', 394027),
(2486, '01', 394028),
(2487, '01', 394029),
(2488, '01', 395001),
(2489, '01', 395002),
(2490, '01', 395003),
(2491, '01', 395004),
(2492, '01', 395005),
(2493, '01', 395006),
(2494, '01', 395007),
(2495, '01', 395008),
(2496, '01', 395009),
(2497, '01', 395010),
(2498, '01', 396001),
(2499, '01', 396004),
(2500, '01', 396005),
(2501, '01', 396007),
(2502, '01', 411009),
(2503, '01', 413001),
(2504, '01', 413002),
(2505, '01', 413003),
(2506, '01', 413004),
(2507, '01', 413005),
(2508, '01', 413006),
(2509, '01', 413007),
(2510, '01', 413008),
(2511, '01', 413009),
(2512, '01', 413010),
(2513, '01', 413011),
(2514, '01', 413014),
(2515, '01', 413015),
(2516, '01', 413016),
(2517, '01', 413017),
(2518, '01', 413018),
(2519, '01', 413019),
(2520, '01', 413020),
(2521, '01', 413021),
(2522, '01', 414001),
(2523, '01', 414002),
(2524, '01', 414003),
(2525, '01', 414004),
(2526, '01', 414005),
(2527, '01', 415001),
(2528, '01', 415002),
(2529, '01', 415003),
(2530, '01', 415004),
(2531, '01', 415005),
(2532, '01', 415006),
(2533, '01', 415007),
(2534, '01', 415008),
(2535, '01', 415009),
(2536, '01', 415010),
(2537, '01', 415011),
(2538, '01', 415012),
(2539, '01', 415013),
(2540, '01', 415014),
(2541, '01', 416001),
(2542, '01', 416002),
(2543, '01', 416003),
(2544, '01', 416004),
(2545, '01', 416005),
(2546, '01', 416006),
(2547, '01', 416007),
(2548, '01', 416008);
INSERT INTO `c_ocupaciones_ocupaciones_p` (`id_c_ocupacion_ocupacion_p`, `cod_categorias_ocupacionales`, `cod_ocupacion_p`) VALUES
(2549, '01', 416009),
(2550, '01', 417001),
(2551, '01', 417002),
(2552, '01', 417003),
(2553, '01', 418021),
(2554, '01', 419001),
(2555, '01', 419002),
(2556, '01', 421001),
(2557, '01', 423007),
(2558, '01', 423008),
(2559, '01', 423009),
(2560, '01', 423010),
(2561, '01', 423011),
(2562, '01', 423012),
(2563, '01', 423013),
(2564, '01', 423014),
(2565, '01', 423015),
(2566, '01', 432001),
(2567, '01', 432002),
(2568, '01', 435002),
(2569, '01', 435003),
(2570, '01', 435004),
(2571, '01', 436001),
(2572, '01', 436029),
(2573, '01', 436030),
(2574, '01', 436031),
(2575, '01', 436032),
(2576, '01', 436033),
(2577, '01', 436034),
(2578, '01', 436035),
(2579, '01', 436036),
(2580, '01', 442001),
(2581, '01', 442002),
(2582, '01', 442003),
(2583, '01', 443001),
(2584, '01', 443002),
(2585, '01', 443005),
(2586, '01', 443006),
(2587, '01', 443007),
(2588, '01', 443008),
(2589, '01', 443009),
(2590, '01', 443010),
(2591, '01', 444001),
(2592, '01', 451001),
(2593, '01', 451002),
(2594, '01', 451003),
(2595, '01', 451004),
(2596, '01', 451005),
(2597, '01', 451006),
(2598, '01', 451007),
(2599, '01', 451008),
(2600, '01', 451009),
(2601, '01', 451010),
(2602, '01', 451011),
(2603, '01', 451012),
(2604, '01', 451013),
(2605, '01', 451018),
(2606, '01', 451019),
(2607, '01', 451020),
(2608, '01', 451021),
(2609, '01', 452001),
(2610, '01', 452002),
(2611, '01', 453001),
(2612, '01', 453002),
(2613, '01', 453003),
(2614, '01', 453004),
(2615, '01', 453005),
(2616, '01', 453006),
(2617, '01', 453007),
(2618, '01', 453008),
(2619, '01', 453009),
(2620, '01', 454009),
(2621, '01', 454010),
(2622, '01', 454011),
(2623, '01', 454012),
(2624, '01', 454013),
(2625, '01', 455001),
(2626, '01', 455002),
(2627, '01', 455003),
(2628, '01', 456001),
(2629, '01', 456002),
(2630, '01', 461001),
(2631, '01', 461002),
(2632, '01', 461003),
(2633, '01', 461004),
(2634, '01', 461005),
(2635, '01', 462001),
(2636, '01', 462007),
(2637, '01', 511001),
(2638, '01', 511002),
(2639, '01', 511003),
(2640, '01', 511004),
(2641, '01', 511005),
(2642, '01', 511006),
(2643, '01', 511007),
(2644, '01', 511008),
(2645, '01', 511009),
(2646, '01', 512001),
(2647, '01', 512002),
(2648, '01', 512003),
(2649, '01', 512004),
(2650, '01', 512005),
(2651, '01', 512006),
(2652, '01', 512007),
(2653, '01', 512008),
(2654, '01', 512009),
(2655, '01', 512010),
(2656, '01', 512011),
(2657, '01', 512012),
(2658, '01', 512013),
(2659, '01', 512014),
(2660, '01', 512015),
(2661, '01', 512016),
(2662, '01', 512017),
(2663, '01', 521001),
(2664, '01', 521002),
(2665, '01', 521003),
(2666, '01', 521004),
(2667, '01', 521005),
(2668, '01', 521006),
(2669, '01', 522001),
(2670, '01', 522002),
(2671, '01', 522003),
(2672, '01', 522004),
(2673, '01', 522005),
(2674, '01', 523001),
(2675, '01', 523002),
(2676, '01', 523003),
(2677, '01', 531001),
(2678, '01', 531002),
(2679, '01', 531003),
(2680, '01', 531004),
(2681, '01', 531005),
(2682, '01', 531006),
(2683, '01', 531007),
(2684, '01', 531008),
(2685, '01', 531009),
(2686, '01', 531010),
(2687, '01', 531011),
(2688, '01', 531012),
(2689, '01', 541001),
(2690, '01', 541002),
(2691, '01', 541003),
(2692, '01', 541004),
(2693, '01', 541005),
(2694, '01', 541006),
(2695, '01', 541007),
(2696, '01', 541008),
(2697, '01', 541009),
(2698, '01', 541010),
(2699, '01', 541011),
(2700, '01', 541012),
(2701, '01', 541013),
(2702, '01', 541014),
(2703, '01', 541015),
(2704, '01', 551001),
(2705, '01', 551002),
(2706, '01', 551003),
(2707, '01', 551004),
(2708, '01', 551005),
(2709, '01', 551006),
(2710, '01', 552001),
(2711, '01', 552002),
(2712, '01', 552003),
(2713, '01', 552004),
(2714, '01', 552005),
(2715, '01', 552006),
(2716, '01', 552007),
(2717, '01', 553001),
(2718, '01', 553002),
(2719, '01', 553003),
(2720, '01', 553004),
(2721, '01', 553005),
(2722, '01', 553006),
(2723, '01', 553007),
(2724, '01', 561001),
(2725, '01', 561002),
(2726, '01', 561003),
(2727, '01', 561004),
(2728, '01', 561006),
(2729, '01', 562001),
(2730, '01', 562002),
(2731, '01', 562003),
(2732, '01', 563001),
(2733, '01', 563002),
(2734, '01', 563003),
(2735, '01', 563004),
(2736, '01', 564001),
(2737, '01', 564002),
(2738, '01', 564003),
(2739, '01', 564004),
(2740, '01', 564005),
(2741, '01', 565001),
(2742, '01', 571001),
(2743, '01', 571002),
(2744, '01', 571003),
(2745, '01', 571004),
(2746, '01', 571005),
(2747, '01', 571006),
(2748, '01', 572001),
(2749, '01', 572002),
(2750, '01', 572003),
(2751, '01', 572004),
(2752, '01', 572005),
(2753, '01', 572006),
(2754, '01', 572007),
(2755, '01', 572008),
(2756, '01', 572009),
(2757, '01', 572010),
(2758, '01', 572011),
(2759, '01', 572012),
(2760, '01', 572013),
(2761, '01', 572014),
(2762, '01', 572015),
(2763, '01', 572016),
(2764, '01', 572017),
(2765, '01', 572018),
(2766, '01', 572019),
(2767, '01', 572020),
(2768, '01', 572021),
(2769, '01', 572022),
(2770, '01', 572023),
(2771, '01', 572024),
(2772, '01', 572025),
(2773, '01', 572026),
(2774, '01', 572027),
(2775, '01', 572028),
(2776, '01', 572029),
(2777, '01', 572030),
(2778, '01', 572031),
(2779, '01', 572032),
(2780, '01', 572033),
(2781, '01', 572034),
(2782, '01', 572035),
(2783, '01', 572036),
(2784, '01', 572037),
(2785, '01', 572038),
(2786, '01', 572039),
(2787, '01', 572040),
(2788, '01', 572041),
(2789, '01', 572042),
(2790, '01', 573001),
(2791, '01', 573002),
(2792, '01', 574001),
(2793, '01', 574002),
(2794, '01', 575001),
(2795, '01', 575002),
(2796, '01', 581001),
(2797, '01', 581002),
(2798, '01', 582001),
(2799, '01', 582002),
(2800, '01', 583001),
(2801, '01', 611001),
(2802, '01', 611002),
(2803, '01', 611003),
(2804, '01', 611004),
(2805, '01', 612001),
(2806, '01', 612002),
(2807, '01', 612003),
(2808, '01', 612004),
(2809, '01', 612005),
(2810, '01', 612006),
(2811, '01', 612007),
(2812, '01', 612008),
(2813, '01', 612009),
(2814, '01', 612010),
(2815, '01', 612011),
(2816, '01', 612012),
(2817, '01', 612013),
(2818, '01', 612014),
(2819, '01', 612015),
(2820, '01', 612016),
(2821, '01', 612017),
(2822, '01', 612018),
(2823, '01', 612019),
(2824, '01', 612020),
(2825, '01', 612021),
(2826, '01', 612022),
(2827, '01', 612023),
(2828, '01', 612024),
(2829, '01', 612025),
(2830, '01', 612026),
(2831, '01', 612027),
(2832, '01', 612028),
(2833, '01', 612029),
(2834, '01', 612030),
(2835, '01', 612031),
(2836, '01', 612032),
(2837, '01', 612033),
(2838, '01', 612034),
(2839, '01', 612035),
(2840, '01', 613001),
(2841, '01', 613002),
(2842, '01', 613003),
(2843, '01', 613004),
(2844, '01', 613005),
(2845, '01', 613006),
(2846, '01', 613007),
(2847, '01', 613008),
(2848, '01', 613009),
(2849, '01', 613010),
(2850, '01', 613011),
(2851, '01', 613012),
(2852, '01', 613013),
(2853, '01', 613014),
(2854, '01', 613015),
(2855, '01', 613016),
(2856, '01', 613017),
(2857, '01', 613018),
(2858, '01', 613019),
(2859, '01', 613020),
(2860, '01', 613021),
(2861, '01', 613022),
(2862, '01', 613023),
(2863, '01', 613024),
(2864, '01', 613025),
(2865, '01', 613026),
(2866, '01', 613027),
(2867, '01', 613028),
(2868, '01', 613029),
(2869, '01', 613030),
(2870, '01', 613031),
(2871, '01', 613032),
(2872, '01', 613033),
(2873, '01', 613034),
(2874, '01', 613035),
(2875, '01', 613036),
(2876, '01', 613037),
(2877, '01', 613038),
(2878, '01', 613039),
(2879, '01', 613040),
(2880, '01', 613041),
(2881, '01', 613042),
(2882, '01', 613043),
(2883, '01', 613044),
(2884, '01', 614001),
(2885, '01', 614002),
(2886, '01', 614003),
(2887, '01', 614004),
(2888, '01', 614005),
(2889, '01', 614006),
(2890, '01', 614007),
(2891, '01', 614008),
(2892, '01', 614009),
(2893, '01', 614010),
(2894, '01', 614011),
(2895, '01', 614012),
(2896, '01', 614013),
(2897, '01', 614014),
(2898, '01', 614015),
(2899, '01', 614016),
(2900, '01', 614017),
(2901, '01', 614018),
(2902, '01', 614019),
(2903, '01', 615001),
(2904, '01', 615002),
(2905, '01', 615003),
(2906, '01', 615004),
(2907, '01', 615005),
(2908, '01', 615006),
(2909, '01', 615007),
(2910, '01', 615008),
(2911, '01', 616001),
(2912, '01', 616002),
(2913, '01', 616003),
(2914, '01', 616004),
(2915, '01', 616005),
(2916, '01', 616006),
(2917, '01', 616007),
(2918, '01', 616008),
(2919, '01', 616009),
(2920, '01', 616010),
(2921, '01', 616011),
(2922, '01', 616012),
(2923, '01', 616013),
(2924, '01', 616014),
(2925, '01', 616015),
(2926, '01', 616016),
(2927, '01', 616017),
(2928, '01', 616018),
(2929, '01', 616019),
(2930, '01', 616020),
(2931, '01', 616021),
(2932, '01', 616022),
(2933, '01', 616023),
(2934, '01', 616024),
(2935, '01', 616025),
(2936, '01', 616026),
(2937, '01', 617001),
(2938, '01', 617002),
(2939, '01', 617003),
(2940, '01', 617004),
(2941, '01', 621001),
(2942, '01', 621002),
(2943, '01', 621003),
(2944, '01', 621004),
(2945, '01', 621005),
(2946, '01', 621006),
(2947, '01', 621007),
(2948, '01', 621008),
(2949, '01', 621009),
(2950, '01', 621010),
(2951, '01', 621011),
(2952, '01', 621012),
(2953, '01', 621013),
(2954, '01', 621014),
(2955, '01', 621015),
(2956, '01', 621016),
(2957, '01', 621017),
(2958, '01', 621018),
(2959, '01', 621019),
(2960, '01', 621020),
(2961, '01', 621021),
(2962, '01', 621022),
(2963, '01', 621023),
(2964, '01', 621024),
(2965, '01', 621025),
(2966, '01', 621026),
(2967, '01', 621027),
(2968, '01', 621028),
(2969, '01', 621029),
(2970, '01', 621030),
(2971, '01', 621031),
(2972, '01', 622001),
(2973, '01', 622002),
(2974, '01', 623001),
(2975, '01', 623002),
(2976, '01', 623003),
(2977, '01', 623004),
(2978, '01', 623005),
(2979, '01', 623006),
(2980, '01', 623007),
(2981, '01', 623008),
(2982, '01', 623009),
(2983, '01', 623010),
(2984, '01', 623011),
(2985, '01', 623012),
(2986, '01', 623013),
(2987, '01', 623014),
(2988, '01', 623015),
(2989, '01', 623016),
(2990, '01', 624001),
(2991, '01', 624002),
(2992, '01', 624003),
(2993, '01', 624004),
(2994, '01', 624005),
(2995, '01', 625001),
(2996, '01', 625002),
(2997, '01', 625003),
(2998, '01', 625004),
(2999, '01', 625005),
(3000, '01', 625006),
(3001, '01', 625007),
(3002, '01', 625008),
(3003, '01', 625009),
(3004, '01', 625010),
(3005, '01', 625011),
(3006, '01', 625012),
(3007, '01', 625013),
(3008, '01', 625014),
(3009, '01', 625015),
(3010, '01', 625016),
(3011, '01', 625017),
(3012, '01', 631001),
(3013, '01', 631002),
(3014, '01', 631003),
(3015, '01', 631004),
(3016, '01', 631005),
(3017, '01', 631006),
(3018, '01', 631007),
(3019, '01', 631008),
(3020, '01', 631009),
(3021, '01', 631010),
(3022, '01', 632001),
(3023, '01', 632002),
(3024, '01', 632003),
(3025, '01', 632004),
(3026, '01', 632005),
(3027, '01', 632006),
(3028, '01', 632007),
(3029, '01', 632008),
(3030, '01', 632009),
(3031, '01', 632010),
(3032, '01', 633001),
(3033, '01', 633002),
(3034, '01', 633003),
(3035, '01', 633004),
(3036, '01', 633005),
(3037, '01', 633006),
(3038, '01', 633007),
(3039, '01', 633008),
(3040, '01', 633009),
(3041, '01', 634001),
(3042, '01', 634002),
(3043, '01', 634003),
(3044, '01', 634004),
(3045, '01', 635001),
(3046, '01', 635002),
(3047, '01', 635003),
(3048, '01', 635004),
(3049, '01', 635005),
(3050, '01', 635006),
(3051, '01', 635007),
(3052, '01', 635008),
(3053, '01', 636001),
(3054, '01', 636002),
(3055, '01', 636003),
(3056, '01', 636004),
(3057, '01', 636005),
(3058, '01', 636006),
(3059, '01', 636007),
(3060, '01', 637008),
(3061, '01', 641001),
(3062, '01', 641002),
(3063, '01', 641003),
(3064, '01', 641004),
(3065, '01', 711008),
(3066, '01', 711009),
(3067, '01', 711010),
(3068, '01', 711011),
(3069, '01', 711012),
(3070, '01', 711013),
(3071, '01', 711014),
(3072, '01', 711015),
(3073, '01', 711016),
(3074, '01', 711017),
(3075, '01', 711018),
(3076, '01', 711019),
(3077, '01', 711020),
(3078, '01', 711021),
(3079, '01', 711022),
(3080, '01', 711023),
(3081, '01', 711024),
(3082, '01', 711025),
(3083, '01', 711026),
(3084, '01', 711027),
(3085, '01', 711028),
(3086, '01', 711029),
(3087, '01', 711030),
(3088, '01', 711031),
(3089, '01', 711032),
(3090, '01', 711033),
(3091, '01', 711034),
(3092, '01', 711035),
(3093, '01', 711036),
(3094, '01', 711037),
(3095, '01', 711038),
(3096, '01', 711039),
(3097, '01', 711040),
(3098, '01', 711041),
(3099, '01', 711042),
(3100, '01', 711043),
(3101, '01', 711044),
(3102, '01', 711045),
(3103, '01', 711046),
(3104, '01', 711047),
(3105, '01', 711048),
(3106, '01', 711049),
(3107, '01', 711050),
(3108, '01', 711051),
(3109, '01', 711052),
(3110, '01', 711053),
(3111, '01', 711054),
(3112, '01', 711055),
(3113, '01', 711056),
(3114, '01', 711057),
(3115, '01', 711058),
(3116, '01', 712001),
(3117, '01', 712002),
(3118, '01', 712003),
(3119, '01', 712004),
(3120, '01', 712005),
(3121, '01', 712006),
(3122, '01', 712007),
(3123, '01', 712009),
(3124, '01', 712010),
(3125, '01', 712011),
(3126, '01', 712012),
(3127, '01', 712013),
(3128, '01', 712014),
(3129, '01', 712015),
(3130, '01', 712016),
(3131, '01', 712017),
(3132, '01', 712018),
(3133, '01', 712019),
(3134, '01', 713002),
(3135, '01', 713003),
(3136, '01', 713004),
(3137, '01', 713005),
(3138, '01', 713006),
(3139, '01', 713007),
(3140, '01', 713008),
(3141, '01', 713009),
(3142, '01', 713010),
(3143, '01', 713011),
(3144, '01', 713012),
(3145, '01', 713013),
(3146, '01', 713014),
(3147, '01', 713015),
(3148, '01', 713016),
(3149, '01', 714003),
(3150, '01', 714004),
(3151, '01', 714005),
(3152, '01', 714006),
(3153, '01', 714007),
(3154, '01', 714008),
(3155, '01', 714009),
(3156, '01', 715002),
(3157, '01', 715003),
(3158, '01', 715004),
(3159, '01', 715005),
(3160, '01', 715006),
(3161, '01', 715007),
(3162, '01', 715008),
(3163, '01', 715009),
(3164, '01', 715010),
(3165, '01', 716001),
(3166, '01', 716002),
(3167, '01', 716003),
(3168, '01', 716004),
(3169, '01', 716005),
(3170, '01', 716006),
(3171, '01', 716007),
(3172, '01', 717001),
(3173, '01', 717002),
(3174, '01', 717003),
(3175, '01', 717004),
(3176, '01', 717005),
(3177, '01', 717006),
(3178, '01', 717007),
(3179, '01', 717008),
(3180, '01', 717009),
(3181, '01', 717010),
(3182, '01', 718001),
(3183, '01', 718002),
(3184, '01', 718003),
(3185, '01', 718004),
(3186, '01', 718005),
(3187, '01', 718006),
(3188, '01', 718007),
(3189, '01', 718008),
(3190, '01', 718009),
(3191, '01', 718010),
(3192, '01', 718011),
(3193, '01', 718012),
(3194, '01', 718013),
(3195, '01', 718014),
(3196, '01', 718015),
(3197, '01', 718016),
(3198, '01', 718017),
(3199, '01', 718018),
(3200, '01', 718019),
(3201, '01', 718020),
(3202, '01', 718021),
(3203, '01', 718022),
(3204, '01', 718023),
(3205, '01', 718024),
(3206, '01', 718025),
(3207, '01', 718026),
(3208, '01', 718027),
(3209, '01', 719001),
(3210, '01', 719002),
(3211, '01', 719003),
(3212, '01', 719004),
(3213, '01', 719005),
(3214, '01', 719006),
(3215, '01', 719007),
(3216, '01', 719008),
(3217, '01', 719009),
(3218, '01', 721001),
(3219, '01', 721002),
(3220, '01', 721003),
(3221, '01', 722001),
(3222, '01', 722002),
(3223, '01', 722003),
(3224, '01', 722004),
(3225, '01', 722005),
(3226, '01', 722006),
(3227, '01', 722007),
(3228, '01', 722008),
(3229, '01', 722009),
(3230, '01', 722010),
(3231, '01', 722011),
(3232, '01', 722012),
(3233, '01', 722013),
(3234, '01', 722014),
(3235, '01', 723001),
(3236, '01', 723002),
(3237, '01', 723003),
(3238, '01', 723004),
(3239, '01', 723005),
(3240, '01', 723006),
(3241, '01', 723007),
(3242, '01', 723008),
(3243, '01', 723009),
(3244, '01', 723010),
(3245, '01', 723011),
(3246, '01', 723012),
(3247, '01', 723013),
(3248, '01', 723014),
(3249, '01', 723015),
(3250, '01', 724001),
(3251, '01', 724002),
(3252, '01', 724003),
(3253, '01', 724004),
(3254, '01', 724005),
(3255, '01', 724006),
(3256, '01', 724007),
(3257, '01', 724008),
(3258, '01', 724009),
(3259, '01', 724010),
(3260, '01', 724011),
(3261, '01', 724012),
(3262, '01', 731001),
(3263, '01', 731002),
(3264, '01', 731003),
(3265, '01', 731004),
(3266, '01', 731005),
(3267, '01', 731006),
(3268, '01', 732001),
(3269, '01', 732002),
(3270, '01', 732003),
(3271, '01', 732004),
(3272, '01', 732005),
(3273, '01', 732006),
(3274, '01', 732007),
(3275, '01', 732008),
(3276, '01', 732009),
(3277, '01', 732010),
(3278, '01', 732011),
(3279, '01', 732012),
(3280, '01', 732013),
(3281, '01', 732014),
(3282, '01', 733001),
(3283, '01', 733002),
(3284, '01', 733004),
(3285, '01', 733005),
(3286, '01', 733006),
(3287, '01', 733007),
(3288, '01', 733008),
(3289, '01', 734001),
(3290, '01', 734002),
(3291, '01', 734003),
(3292, '01', 734004),
(3293, '01', 734005),
(3294, '01', 734006),
(3295, '01', 734007),
(3296, '01', 734008),
(3297, '01', 734009),
(3298, '01', 734010),
(3299, '01', 735001),
(3300, '01', 735002),
(3301, '01', 735003),
(3302, '01', 735004),
(3303, '01', 735005),
(3304, '01', 735006),
(3305, '01', 735007),
(3306, '01', 735008),
(3307, '01', 735009),
(3308, '01', 736001),
(3309, '01', 736002),
(3310, '01', 737001),
(3311, '01', 737003),
(3312, '01', 737004),
(3313, '01', 737016),
(3314, '01', 737017),
(3315, '01', 737018),
(3316, '01', 737019),
(3317, '01', 737020),
(3318, '01', 737021),
(3319, '01', 737022),
(3320, '01', 741001),
(3321, '01', 741002),
(3322, '01', 741003),
(3323, '01', 741004),
(3324, '01', 741005),
(3325, '01', 741006),
(3326, '01', 741007),
(3327, '01', 741008),
(3328, '01', 741009),
(3329, '01', 741010),
(3330, '01', 741011),
(3331, '01', 741012),
(3332, '01', 741013),
(3333, '01', 741014),
(3334, '01', 741015),
(3335, '01', 741016),
(3336, '01', 741017),
(3337, '01', 741018),
(3338, '01', 741019),
(3339, '01', 741020),
(3340, '01', 741021),
(3341, '01', 741022),
(3342, '01', 742001),
(3343, '01', 742002),
(3344, '01', 742003),
(3345, '01', 742004),
(3346, '01', 742005),
(3347, '01', 742006),
(3348, '01', 742007),
(3349, '01', 742008),
(3350, '01', 742009),
(3351, '01', 742010),
(3352, '01', 742011),
(3353, '01', 742012),
(3354, '01', 742013),
(3355, '01', 743001),
(3356, '01', 743002),
(3357, '01', 743003),
(3358, '01', 743004),
(3359, '01', 743005),
(3360, '01', 743006),
(3361, '01', 743007),
(3362, '01', 743008),
(3363, '01', 744001),
(3364, '01', 744002),
(3365, '01', 744003),
(3366, '01', 744004),
(3367, '01', 744005),
(3368, '01', 745001),
(3369, '01', 745002),
(3370, '01', 745003),
(3371, '01', 745004),
(3372, '01', 745005),
(3373, '01', 745006),
(3374, '01', 745007),
(3375, '01', 745008),
(3376, '01', 745009),
(3377, '01', 745010),
(3378, '01', 745011),
(3379, '01', 745012),
(3380, '01', 745013),
(3381, '01', 745014),
(3382, '01', 745015),
(3383, '01', 746001),
(3384, '01', 746002),
(3385, '01', 746003),
(3386, '01', 746004),
(3387, '01', 746005),
(3388, '01', 746006),
(3389, '01', 746007),
(3390, '01', 747001),
(3391, '01', 747002),
(3392, '01', 747003),
(3393, '01', 747004),
(3394, '01', 748001),
(3395, '01', 748002),
(3396, '01', 748003),
(3397, '01', 748004),
(3398, '01', 748005),
(3399, '01', 748006),
(3400, '01', 748007),
(3401, '01', 748008),
(3402, '01', 748009),
(3403, '01', 748010),
(3404, '01', 748011),
(3405, '01', 748012),
(3406, '01', 748013),
(3407, '01', 748014),
(3408, '01', 748015),
(3409, '01', 748016),
(3410, '01', 748017),
(3411, '01', 748018),
(3412, '01', 748019),
(3413, '01', 748020),
(3414, '01', 748021),
(3415, '01', 748022),
(3416, '01', 748023),
(3417, '01', 748024),
(3418, '01', 748025),
(3419, '01', 748026),
(3420, '01', 748027),
(3421, '01', 748028),
(3422, '01', 749001),
(3423, '01', 749002),
(3424, '01', 749003),
(3425, '01', 749004),
(3426, '01', 749005),
(3427, '01', 749006),
(3428, '01', 749007),
(3429, '01', 749008),
(3430, '01', 749009),
(3431, '01', 749010),
(3432, '01', 749011),
(3433, '01', 749012),
(3434, '01', 749013),
(3435, '01', 749014),
(3436, '01', 749015),
(3437, '01', 749016),
(3438, '01', 749017),
(3439, '01', 749018),
(3440, '01', 751001),
(3441, '01', 751002),
(3442, '01', 751003),
(3443, '01', 751004),
(3444, '01', 751005),
(3445, '01', 751006),
(3446, '01', 751007),
(3447, '01', 751008),
(3448, '01', 751009),
(3449, '01', 751010),
(3450, '01', 751011),
(3451, '01', 751012),
(3452, '01', 751013),
(3453, '01', 751014),
(3454, '01', 751015),
(3455, '01', 751016),
(3456, '01', 751017),
(3457, '01', 752001),
(3458, '01', 752002),
(3459, '01', 752003),
(3460, '01', 752004),
(3461, '01', 752005),
(3462, '01', 752006),
(3463, '01', 752007),
(3464, '01', 752008),
(3465, '01', 752009),
(3466, '01', 752010),
(3467, '01', 752011),
(3468, '01', 761001),
(3469, '01', 761002),
(3470, '01', 761003),
(3471, '01', 761004),
(3472, '01', 761005),
(3473, '01', 761006),
(3474, '01', 761007),
(3475, '01', 761008),
(3476, '01', 761009),
(3477, '01', 761010),
(3478, '01', 761011),
(3479, '01', 761012),
(3480, '01', 761013),
(3481, '01', 762001),
(3482, '01', 762002),
(3483, '01', 762003),
(3484, '01', 762004),
(3485, '01', 762005),
(3486, '01', 762006),
(3487, '01', 762007),
(3488, '01', 762008),
(3489, '01', 762009),
(3490, '01', 763001),
(3491, '01', 763002),
(3492, '01', 763003),
(3493, '01', 763004),
(3494, '01', 763005),
(3495, '01', 763006),
(3496, '01', 763007),
(3497, '01', 763008),
(3498, '01', 763009),
(3499, '01', 763010),
(3500, '01', 763011),
(3501, '01', 763012),
(3502, '01', 763013),
(3503, '01', 763014),
(3504, '01', 763015),
(3505, '01', 763016),
(3506, '01', 763017),
(3507, '01', 763018),
(3508, '01', 763019),
(3509, '01', 764001),
(3510, '01', 764002),
(3511, '01', 764003),
(3512, '01', 764004),
(3513, '01', 764005),
(3514, '01', 764006),
(3515, '01', 764007),
(3516, '01', 764008),
(3517, '01', 764009),
(3518, '01', 764010),
(3519, '01', 764011),
(3520, '01', 764012),
(3521, '01', 764013),
(3522, '01', 764014),
(3523, '01', 764015),
(3524, '01', 764016),
(3525, '01', 764017),
(3526, '01', 764018),
(3527, '01', 764019),
(3528, '01', 764020),
(3529, '01', 764021),
(3530, '01', 764022),
(3531, '01', 764023),
(3532, '01', 764024),
(3533, '01', 764025),
(3534, '01', 764026),
(3535, '01', 764027),
(3536, '01', 764028),
(3537, '01', 765001),
(3538, '01', 765002),
(3539, '01', 765003),
(3540, '01', 765004),
(3541, '01', 765005),
(3542, '01', 765006),
(3543, '01', 765007),
(3544, '01', 765008),
(3545, '01', 765009),
(3546, '01', 765010),
(3547, '01', 765011),
(3548, '01', 765012),
(3549, '01', 765013),
(3550, '01', 765014),
(3551, '01', 765015),
(3552, '01', 765016),
(3553, '01', 765017),
(3554, '01', 765018),
(3555, '01', 765019),
(3556, '01', 766001),
(3557, '01', 766002),
(3558, '01', 766003),
(3559, '01', 766004),
(3560, '01', 766005),
(3561, '01', 766006),
(3562, '01', 766007),
(3563, '01', 766008),
(3564, '01', 766009),
(3565, '01', 766010),
(3566, '01', 766011),
(3567, '01', 766012),
(3568, '01', 766013),
(3569, '01', 766014),
(3570, '01', 766015),
(3571, '01', 766016),
(3572, '01', 766017),
(3573, '01', 766018),
(3574, '01', 766019),
(3575, '01', 766020),
(3576, '01', 766021),
(3577, '01', 766022),
(3578, '01', 766023),
(3579, '01', 766024),
(3580, '01', 766025),
(3581, '01', 766026),
(3582, '01', 766027),
(3583, '01', 766028),
(3584, '01', 766029),
(3585, '01', 766030),
(3586, '01', 766031),
(3587, '01', 766032),
(3588, '01', 766033),
(3589, '01', 766034),
(3590, '01', 766035),
(3591, '01', 766036),
(3592, '01', 766037),
(3593, '01', 766038),
(3594, '01', 766039),
(3595, '01', 766040),
(3596, '01', 766041),
(3597, '01', 766042),
(3598, '01', 766043),
(3599, '01', 766044),
(3600, '01', 767001),
(3601, '01', 767002),
(3602, '01', 767003),
(3603, '01', 767004),
(3604, '01', 767005),
(3605, '01', 767006),
(3606, '01', 767007),
(3607, '01', 767008),
(3608, '01', 767009),
(3609, '01', 767010),
(3610, '01', 767011),
(3611, '01', 767012),
(3612, '01', 767013),
(3613, '01', 767014),
(3614, '01', 767015),
(3615, '01', 767016),
(3616, '01', 767017),
(3617, '01', 767023),
(3618, '01', 767024),
(3619, '01', 767025),
(3620, '01', 767026),
(3621, '01', 767027),
(3622, '01', 767028),
(3623, '01', 767029),
(3624, '01', 767030),
(3625, '01', 768001),
(3626, '01', 768002),
(3627, '01', 768003),
(3628, '01', 768004),
(3629, '01', 768005),
(3630, '01', 768006),
(3631, '01', 768007),
(3632, '01', 768008),
(3633, '01', 768009),
(3634, '01', 768010),
(3635, '01', 768011),
(3636, '01', 768012),
(3637, '01', 768013),
(3638, '01', 768014),
(3639, '01', 768015),
(3640, '01', 768016),
(3641, '01', 768017),
(3642, '01', 768018),
(3643, '01', 768019),
(3644, '01', 769001),
(3645, '01', 769002),
(3646, '01', 769003),
(3647, '01', 769004),
(3648, '01', 769005),
(3649, '01', 769006),
(3650, '01', 769007),
(3651, '01', 769008),
(3652, '01', 769009),
(3653, '01', 769010),
(3654, '01', 769011),
(3655, '01', 769012),
(3656, '01', 769013),
(3657, '01', 769014),
(3658, '01', 769015),
(3659, '01', 769016),
(3660, '01', 769017),
(3661, '01', 769018),
(3662, '01', 769019),
(3663, '01', 769020),
(3664, '01', 769021),
(3665, '01', 769022),
(3666, '01', 769023),
(3667, '01', 769024),
(3668, '01', 769025),
(3669, '01', 769026),
(3670, '01', 769027),
(3671, '01', 769028),
(3672, '01', 769029),
(3673, '01', 769030),
(3674, '01', 769031),
(3675, '01', 769032),
(3676, '01', 769033),
(3677, '01', 769034),
(3678, '01', 769035),
(3679, '01', 769036),
(3680, '01', 769037),
(3681, '01', 769038),
(3682, '01', 771001),
(3683, '01', 771002),
(3684, '01', 771003),
(3685, '01', 771004),
(3686, '01', 771005),
(3687, '01', 771006),
(3688, '01', 771007),
(3689, '01', 771008),
(3690, '01', 771009),
(3691, '01', 771010),
(3692, '01', 771011),
(3693, '01', 772001),
(3694, '01', 772002),
(3695, '01', 772003),
(3696, '01', 772004),
(3697, '01', 772005),
(3698, '01', 772006),
(3699, '01', 772007),
(3700, '01', 772008),
(3701, '01', 772009),
(3702, '01', 772010),
(3703, '01', 772011),
(3704, '01', 773001),
(3705, '01', 773002),
(3706, '01', 773003),
(3707, '01', 774001),
(3708, '01', 774002),
(3709, '01', 774003),
(3710, '01', 774004),
(3711, '01', 774005),
(3712, '01', 774006),
(3713, '01', 774007),
(3714, '01', 774008),
(3715, '01', 774009),
(3716, '01', 774010),
(3717, '01', 774011),
(3718, '01', 774012),
(3719, '01', 774013),
(3720, '01', 775001),
(3721, '01', 775002),
(3722, '01', 775003),
(3723, '01', 775004),
(3724, '01', 775005),
(3725, '01', 775006),
(3726, '01', 775007),
(3727, '01', 776001),
(3728, '01', 776002),
(3729, '01', 776003),
(3730, '01', 776004),
(3731, '01', 776005),
(3732, '01', 776006),
(3733, '01', 776008),
(3734, '01', 776009),
(3735, '01', 776010),
(3736, '01', 776011),
(3737, '01', 776012),
(3738, '01', 777001),
(3739, '01', 777002),
(3740, '01', 777003),
(3741, '01', 777004),
(3742, '01', 777005),
(3743, '01', 777006),
(3744, '01', 777007),
(3745, '01', 777008),
(3746, '01', 777009),
(3747, '01', 777010),
(3748, '01', 777011),
(3749, '01', 777012),
(3750, '01', 777013),
(3751, '01', 777014),
(3752, '01', 777015),
(3753, '01', 777016),
(3754, '01', 777017),
(3755, '01', 778001),
(3756, '01', 778002),
(3757, '01', 778003),
(3758, '01', 778004),
(3759, '01', 778005),
(3760, '01', 778006),
(3761, '01', 778007),
(3762, '01', 778008),
(3763, '01', 778009),
(3764, '01', 778010),
(3765, '01', 778011),
(3766, '01', 778012),
(3767, '01', 778013),
(3768, '01', 778014),
(3769, '01', 778015),
(3770, '01', 778016),
(3771, '01', 778017),
(3772, '01', 778018),
(3773, '01', 778019),
(3774, '01', 778020),
(3775, '01', 778021),
(3776, '01', 778022),
(3777, '01', 778023),
(3778, '01', 778024),
(3779, '01', 778025),
(3780, '01', 778026),
(3781, '01', 778027),
(3782, '01', 778028),
(3783, '01', 778029),
(3784, '01', 778030),
(3785, '01', 778031),
(3786, '01', 778032),
(3787, '01', 778033),
(3788, '01', 778034),
(3789, '01', 778035),
(3790, '01', 778036),
(3791, '01', 778037),
(3792, '01', 778038),
(3793, '01', 778039),
(3794, '01', 778040),
(3795, '01', 779001),
(3796, '01', 779002),
(3797, '01', 779003),
(3798, '01', 779004),
(3799, '01', 779005),
(3800, '01', 779006),
(3801, '01', 779007),
(3802, '01', 779008),
(3803, '01', 779009),
(3804, '01', 781001),
(3805, '01', 781002),
(3806, '01', 781003),
(3807, '01', 781004),
(3808, '01', 781005),
(3809, '01', 781006),
(3810, '01', 781007),
(3811, '01', 781008),
(3812, '01', 781009),
(3813, '01', 781010),
(3814, '01', 781011),
(3815, '01', 781012),
(3816, '01', 781013),
(3817, '01', 781014),
(3818, '01', 781015),
(3819, '01', 781016),
(3820, '01', 781017),
(3821, '01', 781018),
(3822, '01', 781019),
(3823, '01', 781020),
(3824, '01', 781021),
(3825, '01', 781022),
(3826, '01', 781023),
(3827, '01', 781024),
(3828, '01', 781025),
(3829, '01', 781026),
(3830, '01', 781027),
(3831, '01', 781028),
(3832, '01', 781029),
(3833, '01', 781030),
(3834, '01', 781031),
(3835, '01', 781032),
(3836, '01', 781033),
(3837, '01', 781034),
(3838, '01', 781035),
(3839, '01', 781036),
(3840, '01', 781037),
(3841, '01', 781038),
(3842, '01', 781039),
(3843, '01', 781040),
(3844, '01', 781041),
(3845, '01', 781042),
(3846, '01', 781043),
(3847, '01', 781044),
(3848, '01', 781045),
(3849, '01', 781046),
(3850, '01', 781047),
(3851, '01', 781048),
(3852, '01', 781049),
(3853, '01', 781050),
(3854, '01', 781051),
(3855, '01', 781052),
(3856, '01', 781053),
(3857, '01', 781054),
(3858, '01', 781055),
(3859, '01', 781056),
(3860, '01', 781057),
(3861, '01', 781058),
(3862, '01', 781059),
(3863, '01', 781060),
(3864, '01', 781061),
(3865, '01', 781062),
(3866, '01', 781063),
(3867, '01', 781064),
(3868, '01', 781065),
(3869, '01', 781066),
(3870, '01', 781067),
(3871, '01', 781068),
(3872, '01', 781069),
(3873, '01', 782002),
(3874, '01', 782003),
(3875, '01', 782004),
(3876, '01', 782005),
(3877, '01', 782006),
(3878, '01', 782007),
(3879, '01', 782008),
(3880, '01', 782009),
(3881, '01', 782010),
(3882, '01', 782011),
(3883, '01', 782012),
(3884, '01', 782013),
(3885, '01', 782014),
(3886, '01', 782015),
(3887, '01', 782016),
(3888, '01', 782017),
(3889, '01', 783001),
(3890, '01', 783002),
(3891, '01', 783003),
(3892, '01', 783004),
(3893, '01', 783005),
(3894, '01', 783006),
(3895, '01', 783007),
(3896, '01', 783008),
(3897, '01', 783009),
(3898, '01', 783010),
(3899, '01', 783011),
(3900, '01', 783012),
(3901, '01', 783013),
(3902, '01', 783014),
(3903, '01', 783015),
(3904, '01', 783016),
(3905, '01', 783017),
(3906, '01', 783018),
(3907, '01', 783019),
(3908, '01', 783020),
(3909, '01', 783021),
(3910, '01', 783022),
(3911, '01', 783023),
(3912, '01', 783024),
(3913, '01', 783025),
(3914, '01', 783026),
(3915, '01', 783027),
(3916, '01', 783029),
(3917, '01', 783030),
(3918, '01', 783031),
(3919, '01', 783032),
(3920, '01', 783033),
(3921, '01', 783034),
(3922, '01', 783035),
(3923, '01', 783036),
(3924, '01', 783037),
(3925, '01', 783038),
(3926, '01', 783039),
(3927, '01', 783040),
(3928, '01', 783041),
(3929, '01', 783042),
(3930, '01', 783043),
(3931, '01', 783044),
(3932, '01', 783045),
(3933, '01', 783046),
(3934, '01', 783047),
(3935, '01', 783048),
(3936, '01', 783049),
(3937, '01', 783050),
(3938, '01', 783051),
(3939, '01', 783052),
(3940, '01', 784001),
(3941, '01', 784002),
(3942, '01', 784003),
(3943, '01', 784004),
(3944, '01', 784005),
(3945, '01', 784006),
(3946, '01', 784007),
(3947, '01', 784008),
(3948, '01', 784009),
(3949, '01', 784010),
(3950, '01', 784011),
(3951, '01', 784012),
(3952, '01', 784013),
(3953, '01', 784014),
(3954, '01', 785001),
(3955, '01', 785002),
(3956, '01', 785003),
(3957, '01', 785004),
(3958, '01', 785005),
(3959, '01', 785008),
(3960, '01', 785009),
(3961, '01', 785010),
(3962, '01', 785011),
(3963, '01', 785012),
(3964, '01', 785013),
(3965, '01', 785014),
(3966, '01', 785015),
(3967, '01', 785016),
(3968, '01', 785017),
(3969, '01', 785018),
(3970, '01', 785019),
(3971, '01', 785020),
(3972, '01', 785021),
(3973, '01', 785022),
(3974, '01', 785023),
(3975, '01', 785024),
(3976, '01', 785027),
(3977, '01', 785028),
(3978, '01', 785029),
(3979, '01', 785030),
(3980, '01', 785031),
(3981, '01', 785032),
(3982, '01', 785033),
(3983, '01', 785034),
(3984, '01', 785035),
(3985, '01', 785036),
(3986, '01', 785037),
(3987, '01', 785038),
(3988, '01', 785039),
(3989, '01', 785040),
(3990, '01', 785041),
(3991, '01', 785042),
(3992, '01', 785043),
(3993, '01', 791001),
(3994, '01', 791002),
(3995, '01', 791003),
(3996, '01', 791004),
(3997, '01', 791005),
(3998, '01', 791006),
(3999, '01', 791007),
(4000, '01', 791008),
(4001, '01', 791009),
(4002, '01', 791010),
(4003, '01', 791011),
(4004, '01', 791012),
(4005, '01', 791013),
(4006, '01', 791014),
(4007, '01', 791015),
(4008, '01', 791016),
(4009, '01', 791017),
(4010, '01', 791018),
(4011, '01', 791019),
(4012, '01', 791020),
(4013, '01', 791021),
(4014, '01', 791022),
(4015, '01', 791023),
(4016, '01', 791024),
(4017, '01', 791025),
(4018, '01', 791026),
(4019, '01', 791027),
(4020, '01', 791028),
(4021, '01', 792001),
(4022, '01', 792002),
(4023, '01', 792003),
(4024, '01', 792004),
(4025, '01', 792005),
(4026, '01', 792006),
(4027, '01', 792007),
(4028, '01', 792008),
(4029, '01', 792009),
(4030, '01', 792010),
(4031, '01', 792011),
(4032, '01', 792012),
(4033, '01', 792013),
(4034, '01', 792014),
(4035, '01', 792015),
(4036, '01', 792016),
(4037, '01', 792017),
(4038, '01', 792018),
(4039, '01', 792019),
(4040, '01', 792020),
(4041, '01', 792021),
(4042, '01', 792022),
(4043, '01', 792023),
(4044, '01', 793001),
(4045, '01', 793002),
(4046, '01', 793003),
(4047, '01', 793004),
(4048, '01', 793005),
(4049, '01', 793006),
(4050, '01', 793007),
(4051, '01', 793008),
(4052, '01', 793009),
(4053, '01', 793010),
(4054, '01', 793011),
(4055, '01', 793012),
(4056, '01', 793013),
(4057, '01', 793014),
(4058, '01', 793015),
(4059, '01', 793016),
(4060, '01', 793017),
(4061, '01', 793018),
(4062, '01', 793019),
(4063, '01', 793020),
(4064, '01', 793021),
(4065, '01', 793022),
(4066, '01', 793023),
(4067, '01', 794001),
(4068, '01', 794002),
(4069, '01', 794003),
(4070, '01', 794004),
(4071, '01', 794005),
(4072, '01', 794006),
(4073, '01', 794007),
(4074, '01', 794008),
(4075, '01', 794009),
(4076, '01', 794010),
(4077, '01', 794011),
(4078, '01', 794012),
(4079, '01', 794013),
(4080, '01', 794014),
(4081, '01', 794015),
(4082, '01', 794016),
(4083, '01', 794017),
(4084, '01', 794018),
(4085, '01', 794019),
(4086, '01', 794020),
(4087, '01', 794021),
(4088, '01', 794022),
(4089, '01', 794023),
(4090, '01', 794024),
(4091, '01', 794025),
(4092, '01', 794026),
(4093, '01', 794027),
(4094, '01', 795001),
(4095, '01', 795002),
(4096, '01', 795003),
(4097, '01', 795004),
(4098, '01', 795005),
(4099, '01', 795006),
(4100, '01', 795007),
(4101, '01', 795008),
(4102, '01', 796001),
(4103, '01', 796002),
(4104, '01', 796003),
(4105, '01', 796004),
(4106, '01', 796005),
(4107, '01', 796006),
(4108, '01', 796007),
(4109, '01', 796008),
(4110, '01', 796009),
(4111, '01', 796010),
(4112, '01', 796011),
(4113, '01', 796012),
(4114, '01', 796013),
(4115, '01', 796014),
(4116, '01', 796015),
(4117, '01', 796016),
(4118, '01', 797001),
(4119, '01', 797002),
(4120, '01', 797003),
(4121, '01', 797004),
(4122, '01', 797005),
(4123, '01', 797006),
(4124, '01', 797007),
(4125, '01', 797008),
(4126, '01', 797009),
(4127, '01', 798001),
(4128, '01', 798002),
(4129, '01', 798003),
(4130, '01', 798004),
(4131, '01', 798005),
(4132, '01', 798006),
(4133, '01', 798007),
(4134, '01', 798008),
(4135, '01', 798009),
(4136, '01', 798010),
(4137, '01', 798011),
(4138, '01', 798012),
(4139, '01', 799001),
(4140, '01', 799002),
(4141, '01', 799003),
(4142, '01', 799004),
(4143, '01', 799005),
(4144, '01', 799006),
(4145, '01', 811001),
(4146, '01', 811002),
(4147, '01', 811003),
(4148, '01', 811004),
(4149, '01', 811005),
(4150, '01', 811006),
(4151, '01', 811007),
(4152, '01', 811008),
(4153, '01', 811009),
(4154, '01', 811010),
(4155, '01', 811011),
(4156, '01', 811012),
(4157, '01', 811013),
(4158, '01', 811014),
(4159, '01', 811015),
(4160, '01', 811016),
(4161, '01', 811019),
(4162, '01', 811020),
(4163, '01', 811021),
(4164, '01', 811022),
(4165, '01', 811023),
(4166, '01', 811024),
(4167, '01', 812001),
(4168, '01', 812002),
(4169, '01', 812003),
(4170, '01', 812004),
(4171, '01', 812005),
(4172, '01', 812006),
(4173, '01', 812007),
(4174, '01', 812008),
(4175, '01', 812009),
(4176, '01', 812010),
(4177, '01', 812011),
(4178, '01', 812012),
(4179, '01', 812013),
(4180, '01', 812014),
(4181, '01', 812015),
(4182, '01', 812016),
(4183, '01', 813002),
(4184, '01', 813003),
(4185, '01', 813004),
(4186, '01', 813005),
(4187, '01', 813006),
(4188, '01', 813007),
(4189, '01', 813008),
(4190, '01', 813009),
(4191, '01', 821001),
(4192, '01', 821002),
(4193, '01', 821003),
(4194, '01', 821004),
(4195, '01', 821005),
(4196, '01', 821006),
(4197, '01', 821007),
(4198, '01', 821008),
(4199, '01', 821009),
(4200, '01', 821010),
(4201, '01', 821011),
(4202, '01', 821012),
(4203, '01', 821013),
(4204, '01', 821014),
(4205, '01', 821015),
(4206, '01', 821016),
(4207, '01', 821017),
(4208, '01', 821018),
(4209, '01', 821019),
(4210, '01', 821020),
(4211, '01', 821021),
(4212, '01', 831001),
(4213, '01', 831002),
(4214, '01', 831003),
(4215, '01', 831004),
(4216, '01', 831005),
(4217, '01', 831006),
(4218, '01', 831007),
(4219, '01', 831008),
(4220, '01', 831009),
(4221, '01', 831010),
(4222, '01', 831011),
(4223, '01', 831012),
(4224, '01', 831013),
(4225, '01', 831014),
(4226, '01', 831015),
(4227, '01', 831016),
(4228, '01', 831017),
(4229, '01', 831018),
(4230, '01', 831019),
(4231, '01', 831020),
(4232, '01', 831021),
(4233, '01', 831022),
(4234, '01', 832001),
(4235, '01', 832002),
(4236, '01', 832003),
(4237, '01', 832004),
(4238, '01', 832005),
(4239, '01', 832006),
(4240, '01', 832007),
(4241, '01', 832008),
(4242, '01', 832009),
(4243, '01', 833001),
(4244, '01', 833002),
(4245, '01', 833003),
(4246, '01', 833004),
(4247, '01', 833005),
(4248, '01', 833006),
(4249, '01', 833007),
(4250, '01', 833008),
(4251, '01', 833009),
(4252, '01', 834001),
(4253, '01', 834002),
(4254, '01', 834003),
(4255, '01', 834004),
(4256, '01', 834005),
(4257, '01', 834006),
(4258, '01', 834007),
(4259, '01', 834008),
(4260, '01', 834009),
(4261, '01', 835001),
(4262, '01', 835002),
(4263, '01', 835003),
(4264, '01', 835004),
(4265, '01', 835005),
(4266, '01', 835006),
(4267, '01', 835007),
(4268, '01', 835008),
(4269, '01', 835009),
(4270, '01', 835010),
(4271, '01', 835011),
(4272, '01', 835012),
(4273, '01', 835013),
(4274, '01', 835014),
(4275, '01', 835015),
(4276, '01', 836001),
(4277, '01', 836002),
(4278, '01', 836003),
(4279, '01', 836004),
(4280, '01', 836005),
(4281, '01', 836006),
(4282, '01', 836007),
(4283, '01', 836008),
(4284, '01', 837001),
(4285, '01', 837002),
(4286, '01', 837003),
(4287, '01', 837004),
(4288, '01', 837005),
(4289, '01', 837006),
(4290, '01', 837007),
(4291, '01', 837008),
(4292, '01', 837009),
(4293, '01', 837010),
(4294, '01', 837011),
(4295, '01', 839001),
(4296, '01', 839002),
(4297, '01', 839003),
(4298, '01', 839004),
(4299, '01', 839005),
(4300, '01', 839006),
(4301, '01', 839007),
(4302, '01', 839008),
(4303, '01', 841001),
(4304, '01', 841002),
(4305, '01', 841003),
(4306, '01', 841004),
(4307, '01', 841005),
(4308, '01', 841006),
(4309, '01', 841007),
(4310, '01', 842001),
(4311, '01', 842002),
(4312, '01', 842003),
(4313, '01', 842004),
(4314, '01', 842005),
(4315, '01', 842006),
(4316, '01', 842007),
(4317, '01', 842008),
(4318, '01', 842009),
(4319, '01', 842010),
(4320, '01', 842011),
(4321, '01', 842012),
(4322, '01', 842013),
(4323, '01', 842014),
(4324, '01', 842015),
(4325, '01', 842016),
(4326, '01', 842017),
(4327, '01', 842018),
(4328, '01', 842019),
(4329, '01', 842020),
(4330, '01', 843001),
(4331, '01', 843002),
(4332, '01', 843003),
(4333, '01', 844001),
(4334, '01', 844002),
(4335, '01', 844003),
(4336, '01', 844004),
(4337, '01', 844005),
(4338, '01', 844006),
(4339, '01', 844007),
(4340, '01', 844008),
(4341, '01', 844009),
(4342, '01', 844010),
(4343, '01', 844011),
(4344, '01', 844012),
(4345, '01', 844013),
(4346, '01', 844014),
(4347, '01', 844015),
(4348, '01', 844016),
(4349, '01', 844017),
(4350, '01', 844029),
(4351, '01', 844030),
(4352, '01', 844031),
(4353, '01', 844032),
(4354, '01', 844033),
(4355, '01', 851001),
(4356, '01', 851002),
(4357, '01', 851003),
(4358, '01', 851004),
(4359, '01', 851005),
(4360, '01', 851006),
(4361, '01', 851007),
(4362, '01', 851008),
(4363, '01', 851009),
(4364, '01', 852001),
(4365, '01', 852002),
(4366, '01', 852003),
(4367, '01', 852004),
(4368, '01', 852005),
(4369, '01', 852006),
(4370, '01', 852007),
(4371, '01', 852008),
(4372, '01', 852009),
(4373, '01', 852010),
(4374, '01', 852011),
(4375, '01', 852012),
(4376, '01', 862009),
(4377, '01', 866001),
(4378, '01', 866002),
(4379, '01', 866003),
(4380, '01', 866004),
(4381, '01', 866005),
(4382, '01', 866006),
(4383, '01', 866007),
(4384, '01', 866008),
(4385, '01', 868002),
(4386, '01', 868009),
(4387, '01', 868018),
(4388, '01', 871001),
(4389, '01', 871002),
(4390, '01', 871003),
(4391, '01', 871004),
(4392, '01', 871005),
(4393, '01', 871006),
(4394, '01', 871007),
(4395, '01', 871008),
(4396, '01', 871009),
(4397, '01', 871010),
(4398, '01', 871011),
(4399, '01', 871012),
(4400, '01', 871013),
(4401, '01', 871014),
(4402, '01', 872001),
(4403, '01', 872002),
(4404, '01', 872003),
(4405, '01', 872004),
(4406, '01', 872006),
(4407, '01', 873001),
(4408, '01', 873002),
(4409, '01', 873003),
(4410, '01', 873004),
(4411, '01', 873005),
(4412, '01', 873006),
(4413, '01', 873007),
(4414, '01', 873008),
(4415, '01', 873009),
(4416, '01', 873010),
(4417, '01', 873011),
(4418, '01', 873012),
(4419, '01', 873013),
(4420, '01', 873014),
(4421, '01', 873015),
(4422, '01', 873016),
(4423, '01', 874001),
(4424, '01', 874002),
(4425, '01', 874003),
(4426, '01', 874004),
(4427, '01', 874005),
(4428, '01', 874006),
(4429, '01', 874007),
(4430, '01', 874008),
(4431, '01', 874009),
(4432, '01', 874010),
(4433, '01', 874011),
(4434, '01', 874012),
(4435, '01', 874013),
(4436, '01', 874014),
(4437, '01', 874015),
(4438, '01', 875001),
(4439, '01', 875002),
(4440, '01', 875003),
(4441, '01', 875004),
(4442, '01', 875005),
(4443, '01', 875006),
(4444, '01', 875007),
(4445, '01', 875008),
(4446, '01', 875009),
(4447, '01', 875010),
(4448, '01', 875011),
(4449, '01', 875012),
(4450, '01', 875013),
(4451, '01', 875014),
(4452, '01', 875015),
(4453, '01', 875016),
(4454, '01', 875017),
(4455, '01', 875018),
(4456, '01', 875019),
(4457, '01', 875020),
(4458, '01', 875021),
(4459, '01', 875022),
(4460, '01', 875023),
(4461, '01', 875024),
(4462, '01', 875025),
(4463, '01', 876001),
(4464, '01', 876002),
(4465, '01', 876003),
(4466, '01', 876004),
(4467, '01', 876005),
(4468, '01', 876006),
(4469, '01', 876007),
(4470, '01', 876008),
(4471, '01', 876009),
(4472, '01', 876010),
(4473, '01', 876011),
(4474, '01', 876012),
(4475, '01', 876013),
(4476, '01', 876014),
(4477, '01', 876015),
(4478, '01', 876016),
(4479, '01', 876017),
(4480, '01', 876018),
(4481, '01', 876019),
(4482, '01', 876020),
(4483, '01', 876021),
(4484, '01', 876022),
(4485, '01', 876023),
(4486, '01', 876024),
(4487, '01', 876025),
(4488, '01', 876026),
(4489, '01', 876027),
(4490, '01', 876028),
(4491, '01', 876029),
(4492, '01', 877001),
(4493, '01', 877002),
(4494, '01', 877003),
(4495, '01', 877004),
(4496, '01', 877005),
(4497, '01', 877006),
(4498, '01', 877007),
(4499, '01', 877008),
(4500, '01', 877009),
(4501, '01', 877010),
(4502, '01', 877011),
(4503, '01', 881001),
(4504, '01', 881002),
(4505, '01', 881003),
(4506, '01', 881004),
(4507, '01', 881005),
(4508, '01', 881006),
(4509, '01', 881007),
(4510, '01', 881008),
(4511, '01', 881009),
(4512, '01', 881010),
(4513, '01', 882002),
(4514, '01', 882005),
(4515, '01', 883002),
(4516, '01', 883003),
(4517, '01', 883004),
(4518, '01', 883005),
(4519, '01', 883006),
(4520, '01', 884001),
(4521, '01', 884002),
(4522, '01', 884003),
(4523, '01', 884004),
(4524, '01', 884005),
(4525, '01', 884006),
(4526, '01', 884007),
(4527, '01', 884008),
(4528, '01', 884009),
(4529, '01', 884010),
(4530, '01', 885001),
(4531, '01', 885002),
(4532, '01', 885003),
(4533, '01', 885004),
(4534, '01', 885005),
(4535, '01', 885006),
(4536, '01', 885007),
(4537, '01', 885008),
(4538, '01', 886001),
(4539, '01', 886002),
(4540, '01', 886003),
(4541, '01', 886004),
(4542, '01', 886006),
(4543, '01', 886007),
(4544, '01', 931001),
(4545, '01', 931002),
(4546, '01', 931003),
(4547, '01', 931004),
(4548, '01', 931005),
(4549, '01', 931006),
(4550, '01', 931007),
(4551, '01', 942001),
(4552, '01', 942002),
(4553, '01', 942003),
(4554, '01', 942004),
(4555, '01', 942005),
(4556, '01', 942006),
(4557, '01', 942007),
(4558, '01', 942008),
(4559, '01', 942009),
(4560, '01', 942010),
(4561, '01', 942011),
(4562, '01', 942012),
(4563, '01', 943001),
(4564, '01', 943002),
(4565, '01', 943003),
(4566, '01', 943004),
(4567, '01', 943005),
(4568, '01', 943006),
(4569, '01', 943007),
(4570, '01', 943008),
(4571, '01', 943009),
(4572, '01', 945001),
(4573, '01', 945002),
(4574, '01', 945003),
(4575, '01', 945008),
(4576, '01', 945009),
(4577, '01', 945010),
(4578, '01', 945013),
(4579, '01', 945014),
(4580, '01', 945017),
(4581, '01', 945019),
(4582, '01', 945020),
(4583, '01', 945022),
(4584, '01', 945023),
(4585, '01', 945024),
(4586, '01', 945032),
(4587, '01', 945034),
(4588, '01', 945035),
(4589, '01', 945036),
(4590, '01', 945038),
(4591, '01', 945039),
(4592, '01', 945040),
(4593, '01', 945041),
(4594, '01', 945042),
(4595, '01', 945043),
(4596, '01', 945044),
(4597, '01', 945045),
(4598, '01', 951001),
(4599, '01', 951002),
(4600, '01', 951003),
(4601, '01', 951004),
(4602, '01', 951005),
(4603, '01', 951006),
(4604, '01', 951007),
(4605, '01', 951008),
(4606, '01', 951009),
(4607, '01', 951010),
(4608, '01', 951011),
(4609, '01', 952001),
(4610, '01', 952002),
(4611, '01', 952003),
(4612, '01', 952004),
(4613, '01', 952005),
(4614, '01', 952006),
(4615, '01', 952007),
(4616, '01', 952008),
(4617, '01', 952009),
(4618, '01', 952010),
(4619, '01', 952011),
(4620, '01', 952012),
(4621, '01', 952013),
(4622, '01', 952014),
(4623, '01', 952015),
(4624, '01', 952016),
(4625, '01', 952017),
(4626, '01', 952018),
(4627, '01', 952019),
(4628, '01', 952020),
(4629, '01', 952021),
(4630, '01', 952022),
(4631, '01', 953001),
(4632, '01', 114001),
(4633, '01', 114002),
(4634, '01', 114003),
(4635, '01', 115001),
(4636, '01', 115002),
(4637, '01', 115003),
(4638, '01', 115004),
(4639, '01', 116001),
(4640, '01', 116002),
(4641, '01', 116003),
(4642, '01', 999001),
(9285, '02', 711001),
(9286, '02', 711002),
(9287, '02', 711003),
(9288, '02', 711004),
(9289, '02', 711005),
(9290, '02', 711006),
(9291, '02', 711007),
(9292, '02', 712008),
(9293, '02', 713001),
(9294, '02', 714001),
(9295, '02', 714002),
(9296, '02', 714010),
(9297, '02', 714011),
(9298, '02', 714012),
(9299, '02', 715001),
(9300, '02', 716008),
(9301, '02', 716009),
(9302, '02', 733003),
(9303, '02', 737005),
(9304, '02', 737006),
(9305, '02', 737007),
(9306, '02', 737008),
(9307, '02', 737009),
(9308, '02', 737010),
(9309, '02', 737011),
(9310, '02', 737012),
(9311, '02', 737013),
(9312, '02', 737014),
(9313, '02', 737015),
(9314, '02', 742014),
(9315, '02', 767018),
(9316, '02', 767019),
(9317, '02', 767020),
(9318, '02', 767021),
(9319, '02', 767022),
(9320, '02', 782001),
(9321, '02', 785006),
(9322, '02', 785007),
(9323, '02', 785025),
(9324, '02', 785026),
(9325, '02', 811017),
(9326, '02', 811018),
(9327, '02', 813001),
(9328, '02', 843004),
(9329, '02', 843005),
(9330, '02', 843006),
(9331, '02', 843007),
(9332, '02', 843008),
(9333, '02', 843009),
(9334, '02', 843010),
(9335, '02', 843011),
(9336, '02', 843012),
(9337, '02', 843013),
(9338, '02', 844018),
(9339, '02', 844019),
(9340, '02', 844020),
(9341, '02', 844021),
(9342, '02', 844022),
(9343, '02', 844023),
(9344, '02', 844024),
(9345, '02', 844025),
(9346, '02', 844026),
(9347, '02', 844027),
(9348, '02', 844028),
(9349, '02', 861001),
(9350, '02', 861002),
(9351, '02', 861003),
(9352, '02', 861004),
(9353, '02', 861005),
(9354, '02', 861006),
(9355, '02', 861007),
(9356, '02', 861008),
(9357, '02', 861009),
(9358, '02', 861010),
(9359, '02', 861011),
(9360, '02', 861012),
(9361, '02', 861013),
(9362, '02', 861014),
(9363, '02', 861015),
(9364, '02', 861016),
(9365, '02', 861017),
(9366, '02', 861018),
(9367, '02', 861019),
(9368, '02', 861020),
(9369, '02', 862001),
(9370, '02', 862002),
(9371, '02', 862003),
(9372, '02', 862004),
(9373, '02', 862005),
(9374, '02', 862006),
(9375, '02', 862007),
(9376, '02', 862008),
(9377, '02', 862010),
(9378, '02', 862011),
(9379, '02', 863001),
(9380, '02', 863002),
(9381, '02', 863003),
(9382, '02', 863004),
(9383, '02', 863005),
(9384, '02', 864001),
(9385, '02', 864002),
(9386, '02', 864003),
(9387, '02', 864004),
(9388, '02', 864005),
(9389, '02', 864006),
(9390, '02', 864007),
(9391, '02', 864008),
(9392, '02', 864009),
(9393, '02', 864010),
(9394, '02', 864011),
(9395, '02', 864012),
(9396, '02', 864013),
(9397, '02', 864014),
(9398, '02', 864015),
(9399, '02', 865001),
(9400, '02', 865002),
(9401, '02', 865003),
(9402, '02', 865004),
(9403, '02', 865005),
(9404, '02', 865006),
(9405, '02', 865007),
(9406, '02', 865008),
(9407, '02', 867001),
(9408, '02', 867002),
(9409, '02', 867003),
(9410, '02', 867004),
(9411, '02', 867005),
(9412, '02', 868001),
(9413, '02', 868004),
(9414, '02', 868005),
(9415, '02', 868006),
(9416, '02', 868007),
(9417, '02', 868008),
(9418, '02', 868010),
(9419, '02', 868011),
(9420, '02', 868012),
(9421, '02', 868013),
(9422, '02', 868014),
(9423, '02', 868015),
(9424, '02', 868016),
(9425, '02', 868017),
(9426, '02', 868019),
(9427, '02', 868020),
(9428, '02', 882001),
(9429, '02', 882003),
(9430, '02', 882004),
(9431, '02', 883001),
(9432, '02', 886005),
(9433, '02', 911001),
(9434, '02', 911002),
(9435, '02', 911003),
(9436, '02', 911004),
(9437, '02', 911005),
(9438, '02', 911006),
(9439, '02', 912001),
(9440, '02', 912002),
(9441, '02', 912003),
(9442, '02', 912004),
(9443, '02', 912005),
(9444, '02', 912006),
(9445, '02', 912007),
(9446, '02', 912008),
(9447, '02', 912009),
(9448, '02', 912010),
(9449, '02', 913001),
(9450, '02', 913002),
(9451, '02', 913003),
(9452, '02', 913004),
(9453, '02', 913005),
(9454, '02', 914001),
(9455, '02', 914002),
(9456, '02', 914003),
(9457, '02', 914004),
(9458, '02', 915001),
(9459, '02', 915002),
(9460, '02', 915003),
(9461, '02', 915004),
(9462, '02', 916001),
(9463, '02', 916002),
(9464, '02', 916003),
(9465, '02', 917001),
(9466, '02', 917002),
(9467, '02', 917003),
(9468, '02', 917004),
(9469, '02', 917005),
(9470, '02', 917006),
(9471, '02', 917007),
(9472, '02', 917008),
(9473, '02', 918001),
(9474, '02', 918002),
(9475, '02', 919001),
(9476, '02', 919002),
(9477, '02', 919003),
(9478, '02', 919004),
(9479, '02', 919005),
(9480, '02', 921001),
(9481, '02', 921002),
(9482, '02', 921003),
(9483, '02', 922001),
(9484, '02', 922002),
(9485, '02', 922003),
(9486, '02', 922004),
(9487, '02', 922005),
(9488, '02', 922006),
(9489, '02', 923001),
(9490, '02', 923002),
(9491, '02', 923003),
(9492, '02', 923004),
(9493, '02', 923005),
(9494, '02', 923006),
(9495, '02', 924001),
(9496, '02', 924002),
(9497, '02', 924003),
(9498, '02', 925001),
(9499, '02', 925002),
(9500, '02', 925003),
(9501, '02', 925004),
(9502, '02', 925005),
(9503, '02', 925006),
(9504, '02', 926001),
(9505, '02', 926002),
(9506, '02', 927001),
(9507, '02', 927002),
(9508, '02', 927003),
(9509, '02', 927004),
(9510, '02', 927005),
(9511, '02', 927006),
(9512, '02', 927007),
(9513, '02', 941001),
(9514, '02', 941002),
(9515, '02', 941003),
(9516, '02', 941004),
(9517, '02', 941005),
(9518, '02', 941006),
(9519, '02', 941007),
(9520, '02', 941008),
(9521, '02', 941009),
(9522, '02', 941011),
(9523, '02', 941014),
(9524, '02', 941015),
(9525, '02', 941016),
(9526, '02', 941017),
(9527, '02', 941018),
(9528, '02', 941019),
(9529, '02', 941020),
(9530, '02', 941021),
(9531, '02', 941022),
(9532, '02', 941023),
(9533, '02', 944001),
(9534, '02', 944002),
(9535, '02', 944003),
(9536, '02', 944004),
(9537, '02', 944005),
(9538, '02', 944006),
(9539, '02', 945004),
(9540, '02', 945005),
(9541, '02', 945006),
(9542, '02', 945011),
(9543, '02', 945012),
(9544, '02', 945015),
(9545, '02', 945016),
(9546, '02', 945018),
(9547, '02', 945021),
(9548, '02', 945025),
(9549, '02', 945026),
(9550, '02', 945027),
(9551, '02', 945028),
(9552, '02', 945029),
(9553, '02', 945031),
(9554, '02', 945033),
(9555, '02', 945037),
(9556, '02', 945046),
(9557, '02', 945047),
(9558, '02', 961001),
(9559, '02', 961002),
(9560, '02', 961003),
(9561, '02', 961004),
(9562, '02', 961005),
(9563, '02', 961006),
(9564, '02', 961007),
(9565, '02', 961008),
(9566, '02', 961009),
(9567, '02', 971001),
(9568, '02', 971002),
(9569, '02', 971003),
(9570, '02', 971004),
(9571, '02', 971005),
(9572, '02', 971006),
(9573, '02', 971007),
(9574, '02', 971008),
(9575, '02', 971009),
(9576, '02', 971010),
(9577, '02', 971011),
(9578, '02', 971012),
(9579, '02', 971013),
(9580, '02', 971014),
(9581, '02', 971015),
(9582, '02', 971016),
(9583, '02', 971017),
(9584, '02', 971018),
(9585, '02', 971019),
(9586, '02', 971020),
(9587, '02', 971021),
(9588, '02', 971022),
(9589, '02', 971023),
(9590, '02', 971024),
(9591, '02', 971025),
(9592, '02', 971026),
(9593, '02', 971027),
(9594, '02', 971028),
(9595, '02', 971029),
(9596, '02', 971030),
(9597, '02', 971031),
(9598, '02', 971032),
(9599, '02', 971033),
(9600, '02', 971034),
(9601, '02', 971035),
(9602, '02', 971036),
(9603, '02', 971037),
(9604, '02', 971038),
(9605, '02', 971039),
(9606, '02', 971040),
(9607, '02', 971041),
(9608, '02', 971042),
(9609, '02', 971043),
(9610, '02', 971044),
(9611, '02', 971045),
(9612, '02', 971046),
(9613, '02', 971047),
(9614, '02', 971048),
(9615, '02', 971049),
(9616, '02', 971050),
(9617, '02', 971051),
(9618, '02', 971052),
(9619, '02', 971053),
(9620, '02', 971054),
(9621, '02', 971055),
(9622, '02', 971056),
(9623, '02', 971057),
(9624, '02', 971058),
(9625, '02', 971059),
(9626, '02', 971060),
(9627, '02', 971061),
(9628, '02', 971062),
(9629, '02', 971063),
(9630, '02', 971064),
(9631, '02', 971065),
(9632, '02', 971066),
(9633, '02', 971067),
(9634, '02', 971068),
(9635, '02', 971069),
(9636, '02', 971070),
(9637, '02', 971071),
(9638, '02', 971072),
(9639, '02', 971073),
(9640, '02', 971074),
(9641, '02', 971075),
(9642, '02', 971076),
(9643, '02', 971077),
(9644, '02', 971078),
(9645, '02', 972001),
(9646, '02', 972002),
(9647, '02', 973001),
(9648, '02', 973002),
(9649, '02', 973003),
(9650, '02', 973004),
(9651, '02', 973005),
(9652, '02', 973006),
(9653, '02', 981001),
(9654, '02', 981002),
(9655, '02', 981003),
(9656, '02', 981004),
(9657, '02', 981005),
(9658, '02', 981006),
(9659, '02', 981007),
(9660, '02', 981008),
(9661, '02', 981009),
(9662, '02', 981010),
(9663, '02', 981011),
(9664, '02', 982001),
(9665, '02', 982002),
(9666, '02', 982003),
(9667, '02', 982004),
(9668, '02', 982005),
(9669, '02', 982006),
(9670, '02', 982007),
(9671, '02', 982008),
(9672, '02', 982009),
(9673, '02', 982010),
(9674, '02', 982011),
(9675, '02', 982012),
(9676, '02', 982013),
(9677, '02', 982014),
(9678, '02', 982015),
(9679, '02', 982016),
(9680, '02', 982017),
(9681, '02', 982018),
(9682, '02', 983001),
(9683, '02', 983002);
INSERT INTO `c_ocupaciones_ocupaciones_p` (`id_c_ocupacion_ocupacion_p`, `cod_categorias_ocupacionales`, `cod_ocupacion_p`) VALUES
(9684, '02', 983003),
(9685, '02', 983004),
(9686, '02', 983005),
(9687, '02', 984001),
(9688, '02', 984002),
(9689, '02', 984003),
(9690, '02', 984004),
(9691, '02', 984005),
(9692, '02', 984006),
(9693, '02', 984007),
(9694, '02', 984008),
(9695, '02', 984009),
(9696, '02', 984010),
(9697, '02', 984011),
(9698, '02', 984012),
(9699, '02', 984013),
(9700, '02', 984014),
(9701, '02', 984015),
(9702, '02', 984016),
(9703, '02', 984017),
(9704, '02', 984018),
(9705, '02', 984019),
(9706, '02', 984020),
(9707, '02', 984021),
(9708, '02', 984022),
(9709, '02', 984023),
(9710, '02', 984024),
(9711, '02', 985001),
(9712, '02', 985002),
(9713, '02', 985003),
(9714, '02', 985004),
(9715, '02', 985005),
(9716, '02', 985006),
(9717, '02', 985007),
(9718, '02', 986001),
(9719, '02', 986002),
(9720, '02', 986003),
(9721, '02', 986004),
(9722, '02', 986005),
(9723, '02', 986006),
(9724, '02', 986007),
(9725, '02', 986008),
(9726, '02', 986009),
(9727, '02', 986010),
(9728, '02', 986011),
(9729, '02', 986012),
(9730, '02', 986013),
(9731, '02', 986014),
(9732, '02', 986015),
(9733, '02', 986016),
(9734, '02', 986017),
(9735, '02', 986018),
(9736, '02', 986019),
(9737, '02', 987001),
(9738, '02', 987002),
(9739, '02', 987003),
(9740, '02', 987004),
(9741, '02', 987005),
(9742, '02', 987006),
(9743, '02', 987007),
(9744, '02', 987008),
(9745, '02', 987009),
(9746, '02', 987010),
(9747, '02', 987011),
(9748, '02', 987012),
(9749, '02', 987013),
(9750, '02', 987014),
(9751, '02', 987015),
(9752, '02', 987016),
(9753, '02', 987017),
(9754, '02', 987018),
(9755, '02', 987019),
(9756, '02', 987020),
(9757, '02', 987021),
(9758, '02', 987022),
(9759, '02', 987023),
(9760, '02', 987024),
(9761, '02', 987025),
(9762, '02', 129009),
(9763, '02', 259001),
(9764, '02', 259002),
(9765, '02', 269018),
(9766, '02', 269019),
(9767, '02', 271001),
(9768, '02', 271002),
(9769, '02', 271003),
(9770, '02', 271004),
(9771, '02', 271005),
(9772, '02', 271006),
(9773, '02', 271007),
(9774, '02', 271008),
(9775, '02', 271009),
(9776, '02', 271010),
(9777, '02', 271011),
(9778, '02', 271012),
(9779, '02', 271013),
(9780, '02', 271014),
(9781, '02', 271015),
(9782, '02', 271016),
(9783, '02', 271017),
(9784, '02', 271018),
(9785, '02', 271019),
(9786, '02', 271020),
(9787, '02', 271021),
(9788, '02', 271022),
(9789, '02', 271023),
(9790, '02', 271024),
(9791, '02', 271025),
(9792, '02', 271027),
(9793, '02', 271028),
(9794, '02', 271029),
(9795, '02', 272001),
(9796, '02', 272002),
(9797, '02', 272003),
(9798, '02', 272004),
(9799, '02', 272005),
(9800, '02', 272006),
(9801, '02', 272007),
(9802, '02', 272008),
(9803, '02', 272009),
(9804, '02', 272010),
(9805, '02', 272011),
(9806, '02', 272012),
(9807, '02', 272013),
(9808, '02', 272014),
(9809, '02', 272015),
(9810, '02', 272016),
(9811, '02', 272017),
(9812, '02', 272018),
(9813, '02', 272019),
(9814, '02', 272020),
(9815, '02', 272021),
(9816, '02', 272022),
(9817, '02', 272023),
(9818, '02', 272024),
(9819, '02', 272025),
(9820, '02', 272028),
(9821, '02', 272029),
(9822, '02', 272030),
(9823, '02', 272031),
(9824, '02', 272032),
(9825, '02', 272034),
(9826, '02', 272035),
(9827, '02', 272036),
(9828, '02', 272037),
(9829, '02', 272038),
(9830, '02', 272039),
(9831, '02', 272041),
(9832, '02', 272043),
(9833, '02', 272044),
(9834, '02', 272045),
(9835, '02', 272046),
(9836, '02', 272047),
(9837, '02', 273001),
(9838, '02', 273002),
(9839, '02', 273003),
(9840, '02', 273004),
(9841, '02', 273005),
(9842, '02', 273006),
(9843, '02', 274001),
(9844, '02', 274002),
(9845, '02', 274003),
(9846, '02', 274004),
(9847, '02', 274005),
(9848, '02', 274006),
(9849, '02', 274007),
(9850, '02', 274008),
(9851, '02', 274017),
(9852, '02', 274018),
(9853, '02', 274019),
(9854, '02', 274021),
(9855, '02', 274024),
(9856, '02', 274025),
(9857, '02', 311001),
(9858, '02', 311002),
(9859, '02', 311003),
(9860, '02', 311004),
(9861, '02', 311005),
(9862, '02', 311006),
(9863, '02', 311007),
(9864, '02', 311008),
(9865, '02', 311009),
(9866, '02', 311010),
(9867, '02', 312001),
(9868, '02', 312002),
(9869, '02', 312003),
(9870, '02', 312004),
(9871, '02', 312005),
(9872, '02', 312006),
(9873, '02', 312007),
(9874, '02', 312008),
(9875, '02', 312009),
(9876, '02', 312010),
(9877, '02', 312011),
(9878, '02', 312012),
(9879, '02', 312013),
(9880, '02', 312014),
(9881, '02', 313001),
(9882, '02', 313002),
(9883, '02', 313003),
(9884, '02', 313004),
(9885, '02', 313005),
(9886, '02', 313006),
(9887, '02', 313007),
(9888, '02', 313008),
(9889, '02', 313009),
(9890, '02', 313010),
(9891, '02', 313011),
(9892, '02', 313012),
(9893, '02', 313013),
(9894, '02', 313014),
(9895, '02', 313015),
(9896, '02', 313016),
(9897, '02', 313017),
(9898, '02', 314001),
(9899, '02', 314002),
(9900, '02', 314003),
(9901, '02', 314004),
(9902, '02', 314005),
(9903, '02', 314006),
(9904, '02', 314007),
(9905, '02', 314008),
(9906, '02', 314009),
(9907, '02', 314010),
(9908, '02', 314011),
(9909, '02', 314012),
(9910, '02', 314013),
(9911, '02', 314014),
(9912, '02', 314015),
(9913, '02', 314016),
(9914, '02', 314017),
(9915, '02', 314018),
(9916, '02', 314019),
(9917, '02', 314020),
(9918, '02', 314021),
(9919, '02', 314022),
(9920, '02', 314023),
(9921, '02', 314024),
(9922, '02', 314025),
(9923, '02', 314026),
(9924, '02', 315001),
(9925, '02', 315002),
(9926, '02', 315003),
(9927, '02', 315004),
(9928, '02', 315005),
(9929, '02', 315006),
(9930, '02', 315007),
(9931, '02', 315008),
(9932, '02', 315009),
(9933, '02', 315010),
(9934, '02', 315011),
(9935, '02', 316001),
(9936, '02', 316002),
(9937, '02', 316003),
(9938, '02', 316004),
(9939, '02', 316005),
(9940, '02', 316006),
(9941, '02', 316007),
(9942, '02', 316008),
(9943, '02', 316009),
(9944, '02', 316010),
(9945, '02', 316011),
(9946, '02', 316012),
(9947, '02', 316013),
(9948, '02', 316014),
(9949, '02', 316015),
(9950, '02', 316016),
(9951, '02', 317001),
(9952, '02', 317002),
(9953, '02', 317003),
(9954, '02', 317004),
(9955, '02', 317005),
(9956, '02', 317006),
(9957, '02', 317007),
(9958, '02', 317008),
(9959, '02', 317009),
(9960, '02', 317010),
(9961, '02', 317011),
(9962, '02', 317012),
(9963, '02', 317013),
(9964, '02', 317014),
(9965, '02', 317015),
(9966, '02', 317016),
(9967, '02', 317017),
(9968, '02', 317018),
(9969, '02', 317019),
(9970, '02', 317020),
(9971, '02', 317021),
(9972, '02', 318001),
(9973, '02', 318002),
(9974, '02', 318003),
(9975, '02', 318004),
(9976, '02', 318005),
(9977, '02', 318006),
(9978, '02', 318007),
(9979, '02', 318008),
(9980, '02', 318009),
(9981, '02', 318010),
(9982, '02', 318011),
(9983, '02', 318012),
(9984, '02', 318013),
(9985, '02', 318014),
(9986, '02', 318015),
(9987, '02', 318016),
(9988, '02', 319001),
(9989, '02', 319002),
(9990, '02', 319003),
(9991, '02', 319004),
(9992, '02', 319005),
(9993, '02', 319006),
(9994, '02', 319007),
(9995, '02', 319008),
(9996, '02', 319009),
(9997, '02', 319010),
(9998, '02', 319011),
(9999, '02', 319012),
(10000, '02', 321001),
(10001, '02', 321002),
(10002, '02', 321003),
(10003, '02', 321004),
(10004, '02', 321005),
(10005, '02', 322001),
(10006, '02', 322002),
(10007, '02', 322003),
(10008, '02', 322004),
(10009, '02', 322005),
(10010, '02', 322006),
(10011, '02', 322007),
(10012, '02', 322008),
(10013, '02', 322009),
(10014, '02', 322010),
(10015, '02', 322011),
(10016, '02', 322012),
(10017, '02', 322013),
(10018, '02', 322014),
(10019, '02', 322015),
(10020, '02', 322016),
(10021, '02', 322017),
(10022, '02', 322018),
(10023, '02', 322019),
(10024, '02', 322020),
(10025, '02', 322021),
(10026, '02', 322022),
(10027, '02', 322023),
(10028, '02', 322024),
(10029, '02', 322025),
(10030, '02', 322026),
(10031, '02', 322027),
(10032, '02', 322028),
(10033, '02', 322029),
(10034, '02', 322030),
(10035, '02', 322031),
(10036, '02', 322032),
(10037, '02', 322033),
(10038, '02', 322034),
(10039, '02', 322035),
(10040, '02', 322036),
(10041, '02', 322037),
(10042, '02', 322038),
(10043, '02', 322039),
(10044, '02', 322040),
(10045, '02', 322041),
(10046, '02', 322042),
(10047, '02', 322043),
(10048, '02', 322044),
(10049, '02', 323001),
(10050, '02', 323002),
(10051, '02', 323003),
(10052, '02', 323004),
(10053, '02', 323005),
(10054, '02', 323006),
(10055, '02', 323007),
(10056, '02', 323008),
(10057, '02', 323009),
(10058, '02', 323010),
(10059, '02', 323011),
(10060, '02', 323012),
(10061, '02', 323013),
(10062, '02', 323014),
(10063, '02', 323015),
(10064, '02', 323016),
(10065, '02', 323017),
(10066, '02', 323018),
(10067, '02', 323019),
(10068, '02', 323020),
(10069, '02', 323021),
(10070, '02', 323022),
(10071, '02', 323023),
(10072, '02', 323024),
(10073, '02', 323025),
(10074, '02', 323026),
(10075, '02', 323027),
(10076, '02', 323028),
(10077, '02', 324001),
(10078, '02', 324002),
(10079, '02', 324003),
(10080, '02', 324004),
(10081, '02', 324005),
(10082, '02', 324006),
(10083, '02', 324007),
(10084, '02', 331005),
(10085, '02', 332015),
(10086, '02', 332016),
(10087, '02', 332017),
(10088, '02', 332018),
(10089, '02', 332019),
(10090, '02', 332020),
(10091, '02', 332026),
(10092, '02', 334001),
(10093, '02', 334002),
(10094, '02', 335001),
(10095, '02', 335002),
(10096, '02', 335003),
(10097, '02', 335004),
(10098, '02', 335027),
(10099, '02', 335028),
(10100, '02', 335029),
(10101, '02', 335030),
(10102, '02', 335031),
(10103, '02', 335032),
(10104, '02', 341001),
(10105, '02', 341002),
(10106, '02', 341003),
(10107, '02', 341004),
(10108, '02', 341005),
(10109, '02', 341006),
(10110, '02', 341007),
(10111, '02', 341008),
(10112, '02', 341009),
(10113, '02', 341010),
(10114, '02', 341011),
(10115, '02', 341012),
(10116, '02', 341013),
(10117, '02', 341014),
(10118, '02', 341015),
(10119, '02', 341016),
(10120, '02', 341017),
(10121, '02', 341018),
(10122, '02', 341019),
(10123, '02', 341020),
(10124, '02', 342001),
(10125, '02', 342002),
(10126, '02', 342003),
(10127, '02', 342004),
(10128, '02', 342005),
(10129, '02', 342006),
(10130, '02', 342007),
(10131, '02', 342008),
(10132, '02', 342009),
(10133, '02', 342010),
(10134, '02', 342011),
(10135, '02', 342012),
(10136, '02', 342013),
(10137, '02', 342014),
(10138, '02', 342015),
(10139, '02', 342016),
(10140, '02', 343001),
(10141, '02', 343002),
(10142, '02', 343003),
(10143, '02', 343004),
(10144, '02', 343005),
(10145, '02', 343006),
(10146, '02', 344001),
(10147, '02', 344002),
(10148, '02', 345001),
(10149, '02', 345002),
(10150, '02', 345003),
(10151, '02', 345004),
(10152, '02', 345005),
(10153, '02', 346001),
(10154, '02', 346002),
(10155, '02', 346003),
(10156, '02', 346004),
(10157, '02', 347001),
(10158, '02', 347002),
(10159, '02', 347003),
(10160, '02', 347004),
(10161, '02', 347005),
(10162, '02', 348001),
(10163, '02', 348002),
(10164, '02', 348003),
(10165, '02', 348004),
(10166, '02', 348005),
(10167, '02', 348006),
(10168, '02', 348007),
(10169, '02', 348008),
(10170, '02', 348009),
(10171, '02', 348010),
(10172, '02', 348011),
(10173, '02', 348012),
(10174, '02', 348013),
(10175, '02', 348014),
(10176, '02', 348015),
(10177, '02', 349001),
(10178, '02', 349002),
(10179, '02', 349003),
(10180, '02', 349004),
(10181, '02', 349005),
(10182, '02', 349006),
(10183, '02', 351001),
(10184, '02', 351002),
(10185, '02', 351003),
(10186, '02', 351004),
(10187, '02', 352013),
(10188, '02', 352014),
(10189, '02', 353001),
(10190, '02', 353002),
(10191, '02', 353003),
(10192, '02', 353004),
(10193, '02', 354001),
(10194, '02', 354002),
(10195, '02', 354003),
(10196, '02', 354004),
(10197, '02', 354005),
(10198, '02', 354006),
(10199, '02', 354007),
(10200, '02', 354008),
(10201, '02', 355001),
(10202, '02', 355002),
(10203, '02', 355003),
(10204, '02', 355004),
(10205, '02', 356001),
(10206, '02', 356002),
(10207, '02', 364005),
(10208, '02', 364006),
(10209, '02', 365001),
(10210, '02', 365002),
(10211, '02', 365003),
(10212, '02', 365004),
(10213, '02', 365005),
(10214, '02', 366001),
(10215, '02', 366002),
(10216, '02', 366003),
(10217, '02', 366004),
(10218, '02', 366005),
(10219, '02', 366006),
(10220, '02', 367001),
(10221, '02', 367002),
(10222, '02', 371001),
(10223, '02', 371002),
(10224, '02', 371003),
(10225, '02', 371004),
(10226, '02', 371005),
(10227, '02', 372001),
(10228, '02', 372002),
(10229, '02', 372003),
(10230, '02', 372004),
(10231, '02', 372005),
(10232, '02', 372006),
(10233, '02', 373002),
(10234, '02', 373003),
(10235, '02', 373004),
(10236, '02', 373005),
(10237, '02', 374004),
(10238, '02', 374005),
(10239, '02', 374006),
(10240, '02', 375001),
(10241, '02', 375002),
(10242, '02', 375003),
(10243, '02', 375004),
(10244, '02', 375005),
(10245, '02', 375006),
(10246, '02', 375007),
(10247, '02', 375008),
(10248, '02', 375009),
(10249, '02', 375010),
(10250, '02', 375011),
(10251, '02', 375012),
(10252, '02', 375013),
(10253, '02', 375014),
(10254, '02', 375015),
(10255, '02', 375016),
(10256, '02', 375017),
(10257, '02', 375018),
(10258, '02', 375019),
(10259, '02', 375020),
(10260, '02', 376001),
(10261, '02', 376002),
(10262, '02', 376003),
(10263, '02', 376004),
(10264, '02', 376005),
(10265, '02', 376006),
(10266, '02', 376007),
(10267, '02', 376008),
(10268, '02', 376009),
(10269, '02', 376010),
(10270, '02', 376011),
(10271, '02', 376012),
(10272, '02', 376013),
(10273, '02', 376014),
(10274, '02', 376015),
(10275, '02', 378001),
(10276, '02', 378002),
(10277, '02', 378003),
(10278, '02', 379001),
(10279, '02', 379002),
(10280, '02', 379003),
(10281, '02', 379004),
(10282, '02', 379005),
(10283, '02', 379006),
(10284, '02', 379007),
(10285, '02', 379008),
(10286, '02', 379009),
(10287, '02', 379010),
(10288, '02', 379017),
(10289, '02', 379018),
(10290, '02', 379019),
(10291, '02', 381001),
(10292, '02', 381002),
(10293, '02', 381003),
(10294, '02', 381004),
(10295, '02', 381005),
(10296, '02', 381006),
(10297, '02', 381007),
(10298, '02', 381008),
(10299, '02', 381009),
(10300, '02', 381010),
(10301, '02', 381011),
(10302, '02', 381012),
(10303, '02', 381013),
(10304, '02', 381014),
(10305, '02', 381015),
(10306, '02', 382003),
(10307, '02', 391001),
(10308, '02', 391002),
(10309, '02', 391003),
(10310, '02', 391004),
(10311, '02', 391005),
(10312, '02', 391006),
(10313, '02', 391007),
(10314, '02', 391008),
(10315, '02', 391009),
(10316, '02', 391010),
(10317, '02', 391011),
(10318, '02', 391012),
(10319, '02', 391013),
(10320, '02', 391014),
(10321, '02', 391015),
(10322, '02', 391016),
(10323, '02', 391017),
(10324, '02', 391018),
(10325, '02', 391019),
(10326, '02', 391020),
(10327, '02', 391021),
(10328, '02', 391022),
(10329, '02', 391023),
(10330, '02', 391024),
(10331, '02', 391025),
(10332, '02', 391026),
(10333, '02', 391027),
(10334, '02', 391028),
(10335, '02', 391029),
(10336, '02', 391030),
(10337, '02', 391031),
(10338, '02', 391032),
(10339, '02', 391033),
(10340, '02', 392001),
(10341, '02', 392002),
(10342, '02', 392003),
(10343, '02', 392004),
(10344, '02', 392005),
(10345, '02', 392006),
(10346, '02', 392007),
(10347, '02', 392008),
(10348, '02', 392009),
(10349, '02', 393001),
(10350, '02', 393002),
(10351, '02', 393003),
(10352, '02', 393004),
(10353, '02', 393005),
(10354, '02', 393006),
(10355, '02', 393007),
(10356, '02', 393008),
(10357, '02', 393009),
(10358, '02', 393010),
(10359, '02', 393011),
(10360, '02', 393012),
(10361, '02', 393013),
(10362, '02', 393014),
(10363, '02', 393015),
(10364, '02', 393016),
(10365, '02', 393017),
(10366, '02', 393018),
(10367, '02', 393019),
(10368, '02', 393020),
(10369, '02', 393021),
(10370, '02', 393022),
(10371, '02', 393023),
(10372, '02', 393024),
(10373, '02', 393025),
(10374, '02', 393026),
(10375, '02', 393027),
(10376, '02', 393028),
(10377, '02', 393029),
(10378, '02', 393030),
(10379, '02', 394001),
(10380, '02', 394002),
(10381, '02', 394003),
(10382, '02', 394004),
(10383, '02', 394005),
(10384, '02', 394006),
(10385, '02', 394007),
(10386, '02', 394008),
(10387, '02', 394009),
(10388, '02', 394010),
(10389, '02', 394011),
(10390, '02', 394012),
(10391, '02', 394013),
(10392, '02', 394014),
(10393, '02', 394015),
(10394, '02', 394016),
(10395, '02', 394017),
(10396, '02', 394018),
(10397, '02', 394019),
(10398, '02', 394020),
(10399, '02', 394021),
(10400, '02', 394022),
(10401, '02', 394023),
(10402, '02', 394024),
(10403, '02', 394025),
(10404, '02', 394026),
(10405, '02', 394027),
(10406, '02', 394028),
(10407, '02', 394029),
(10408, '02', 395001),
(10409, '02', 395002),
(10410, '02', 395003),
(10411, '02', 395004),
(10412, '02', 395005),
(10413, '02', 395006),
(10414, '02', 395007),
(10415, '02', 395008),
(10416, '02', 395009),
(10417, '02', 395010),
(10418, '02', 396001),
(10419, '02', 396004),
(10420, '02', 396005),
(10421, '02', 396007),
(10422, '02', 411009),
(10423, '02', 413001),
(10424, '02', 413002),
(10425, '02', 413003),
(10426, '02', 413004),
(10427, '02', 413005),
(10428, '02', 413006),
(10429, '02', 413007),
(10430, '02', 413008),
(10431, '02', 413009),
(10432, '02', 413010),
(10433, '02', 413011),
(10434, '02', 413014),
(10435, '02', 413015),
(10436, '02', 413016),
(10437, '02', 413017),
(10438, '02', 413018),
(10439, '02', 413019),
(10440, '02', 413020),
(10441, '02', 413021),
(10442, '02', 414001),
(10443, '02', 414002),
(10444, '02', 414003),
(10445, '02', 414004),
(10446, '02', 414005),
(10447, '02', 415001),
(10448, '02', 415002),
(10449, '02', 415003),
(10450, '02', 415004),
(10451, '02', 415005),
(10452, '02', 415006),
(10453, '02', 415007),
(10454, '02', 415008),
(10455, '02', 415009),
(10456, '02', 415010),
(10457, '02', 415011),
(10458, '02', 415012),
(10459, '02', 415013),
(10460, '02', 415014),
(10461, '02', 416001),
(10462, '02', 416002),
(10463, '02', 416003),
(10464, '02', 416004),
(10465, '02', 416005),
(10466, '02', 416006),
(10467, '02', 416007),
(10468, '02', 416008),
(10469, '02', 416009),
(10470, '02', 417001),
(10471, '02', 417002),
(10472, '02', 417003),
(10473, '02', 418021),
(10474, '02', 419001),
(10475, '02', 419002),
(10476, '02', 421001),
(10477, '02', 423007),
(10478, '02', 423008),
(10479, '02', 423009),
(10480, '02', 423010),
(10481, '02', 423011),
(10482, '02', 423012),
(10483, '02', 423013),
(10484, '02', 423014),
(10485, '02', 423015),
(10486, '02', 432001),
(10487, '02', 432002),
(10488, '02', 435002),
(10489, '02', 435003),
(10490, '02', 435004),
(10491, '02', 436001),
(10492, '02', 436029),
(10493, '02', 436030),
(10494, '02', 436031),
(10495, '02', 436032),
(10496, '02', 436033),
(10497, '02', 436034),
(10498, '02', 436035),
(10499, '02', 436036),
(10500, '02', 442001),
(10501, '02', 442002),
(10502, '02', 442003),
(10503, '02', 443001),
(10504, '02', 443002),
(10505, '02', 443005),
(10506, '02', 443006),
(10507, '02', 443007),
(10508, '02', 443008),
(10509, '02', 443009),
(10510, '02', 443010),
(10511, '02', 444001),
(10512, '02', 451001),
(10513, '02', 451002),
(10514, '02', 451003),
(10515, '02', 451004),
(10516, '02', 451005),
(10517, '02', 451006),
(10518, '02', 451007),
(10519, '02', 451008),
(10520, '02', 451009),
(10521, '02', 451010),
(10522, '02', 451011),
(10523, '02', 451012),
(10524, '02', 451013),
(10525, '02', 451018),
(10526, '02', 451019),
(10527, '02', 451020),
(10528, '02', 451021),
(10529, '02', 452001),
(10530, '02', 452002),
(10531, '02', 453001),
(10532, '02', 453002),
(10533, '02', 453003),
(10534, '02', 453004),
(10535, '02', 453005),
(10536, '02', 453006),
(10537, '02', 453007),
(10538, '02', 453008),
(10539, '02', 453009),
(10540, '02', 454009),
(10541, '02', 454010),
(10542, '02', 454011),
(10543, '02', 454012),
(10544, '02', 454013),
(10545, '02', 455001),
(10546, '02', 455002),
(10547, '02', 455003),
(10548, '02', 456001),
(10549, '02', 456002),
(10550, '02', 461001),
(10551, '02', 461002),
(10552, '02', 461003),
(10553, '02', 461004),
(10554, '02', 461005),
(10555, '02', 462001),
(10556, '02', 462007),
(10557, '02', 511001),
(10558, '02', 511002),
(10559, '02', 511003),
(10560, '02', 511004),
(10561, '02', 511005),
(10562, '02', 511006),
(10563, '02', 511007),
(10564, '02', 511008),
(10565, '02', 511009),
(10566, '02', 512001),
(10567, '02', 512002),
(10568, '02', 512003),
(10569, '02', 512004),
(10570, '02', 512005),
(10571, '02', 512006),
(10572, '02', 512007),
(10573, '02', 512008),
(10574, '02', 512009),
(10575, '02', 512010),
(10576, '02', 512011),
(10577, '02', 512012),
(10578, '02', 512013),
(10579, '02', 512014),
(10580, '02', 512015),
(10581, '02', 512016),
(10582, '02', 512017),
(10583, '02', 521001),
(10584, '02', 521002),
(10585, '02', 521003),
(10586, '02', 521004),
(10587, '02', 521005),
(10588, '02', 521006),
(10589, '02', 522001),
(10590, '02', 522002),
(10591, '02', 522003),
(10592, '02', 522004),
(10593, '02', 522005),
(10594, '02', 523001),
(10595, '02', 523002),
(10596, '02', 523003),
(10597, '02', 531001),
(10598, '02', 531002),
(10599, '02', 531003),
(10600, '02', 531004),
(10601, '02', 531005),
(10602, '02', 531006),
(10603, '02', 531007),
(10604, '02', 531008),
(10605, '02', 531009),
(10606, '02', 531010),
(10607, '02', 531011),
(10608, '02', 531012),
(10609, '02', 541001),
(10610, '02', 541002),
(10611, '02', 541003),
(10612, '02', 541004),
(10613, '02', 541005),
(10614, '02', 541006),
(10615, '02', 541007),
(10616, '02', 541008),
(10617, '02', 541009),
(10618, '02', 541010),
(10619, '02', 541011),
(10620, '02', 541012),
(10621, '02', 541013),
(10622, '02', 541014),
(10623, '02', 541015),
(10624, '02', 551001),
(10625, '02', 551002),
(10626, '02', 551003),
(10627, '02', 551004),
(10628, '02', 551005),
(10629, '02', 551006),
(10630, '02', 552001),
(10631, '02', 552002),
(10632, '02', 552003),
(10633, '02', 552004),
(10634, '02', 552005),
(10635, '02', 552006),
(10636, '02', 552007),
(10637, '02', 553001),
(10638, '02', 553002),
(10639, '02', 553003),
(10640, '02', 553004),
(10641, '02', 553005),
(10642, '02', 553006),
(10643, '02', 553007),
(10644, '02', 561001),
(10645, '02', 561002),
(10646, '02', 561003),
(10647, '02', 561004),
(10648, '02', 561006),
(10649, '02', 562001),
(10650, '02', 562002),
(10651, '02', 562003),
(10652, '02', 563001),
(10653, '02', 563002),
(10654, '02', 563003),
(10655, '02', 563004),
(10656, '02', 564001),
(10657, '02', 564002),
(10658, '02', 564003),
(10659, '02', 564004),
(10660, '02', 564005),
(10661, '02', 565001),
(10662, '02', 571001),
(10663, '02', 571002),
(10664, '02', 571003),
(10665, '02', 571004),
(10666, '02', 571005),
(10667, '02', 571006),
(10668, '02', 572001),
(10669, '02', 572002),
(10670, '02', 572003),
(10671, '02', 572004),
(10672, '02', 572005),
(10673, '02', 572006),
(10674, '02', 572007),
(10675, '02', 572008),
(10676, '02', 572009),
(10677, '02', 572010),
(10678, '02', 572011),
(10679, '02', 572012),
(10680, '02', 572013),
(10681, '02', 572014),
(10682, '02', 572015),
(10683, '02', 572016),
(10684, '02', 572017),
(10685, '02', 572018),
(10686, '02', 572019),
(10687, '02', 572020),
(10688, '02', 572021),
(10689, '02', 572022),
(10690, '02', 572023),
(10691, '02', 572024),
(10692, '02', 572025),
(10693, '02', 572026),
(10694, '02', 572027),
(10695, '02', 572028),
(10696, '02', 572029),
(10697, '02', 572030),
(10698, '02', 572031),
(10699, '02', 572032),
(10700, '02', 572033),
(10701, '02', 572034),
(10702, '02', 572035),
(10703, '02', 572036),
(10704, '02', 572037),
(10705, '02', 572038),
(10706, '02', 572039),
(10707, '02', 572040),
(10708, '02', 572041),
(10709, '02', 572042),
(10710, '02', 573001),
(10711, '02', 573002),
(10712, '02', 574001),
(10713, '02', 574002),
(10714, '02', 575001),
(10715, '02', 575002),
(10716, '02', 581001),
(10717, '02', 581002),
(10718, '02', 582001),
(10719, '02', 582002),
(10720, '02', 583001),
(10721, '02', 611001),
(10722, '02', 611002),
(10723, '02', 611003),
(10724, '02', 611004),
(10725, '02', 612001),
(10726, '02', 612002),
(10727, '02', 612003),
(10728, '02', 612004),
(10729, '02', 612005),
(10730, '02', 612006),
(10731, '02', 612007),
(10732, '02', 612008),
(10733, '02', 612009),
(10734, '02', 612010),
(10735, '02', 612011),
(10736, '02', 612012),
(10737, '02', 612013),
(10738, '02', 612014),
(10739, '02', 612015),
(10740, '02', 612016),
(10741, '02', 612017),
(10742, '02', 612018),
(10743, '02', 612019),
(10744, '02', 612020),
(10745, '02', 612021),
(10746, '02', 612022),
(10747, '02', 612023),
(10748, '02', 612024),
(10749, '02', 612025),
(10750, '02', 612026),
(10751, '02', 612027),
(10752, '02', 612028),
(10753, '02', 612029),
(10754, '02', 612030),
(10755, '02', 612031),
(10756, '02', 612032),
(10757, '02', 612033),
(10758, '02', 612034),
(10759, '02', 612035),
(10760, '02', 613001),
(10761, '02', 613002),
(10762, '02', 613003),
(10763, '02', 613004),
(10764, '02', 613005),
(10765, '02', 613006),
(10766, '02', 613007),
(10767, '02', 613008),
(10768, '02', 613009),
(10769, '02', 613010),
(10770, '02', 613011),
(10771, '02', 613012),
(10772, '02', 613013),
(10773, '02', 613014),
(10774, '02', 613015),
(10775, '02', 613016),
(10776, '02', 613017),
(10777, '02', 613018),
(10778, '02', 613019),
(10779, '02', 613020),
(10780, '02', 613021),
(10781, '02', 613022),
(10782, '02', 613023),
(10783, '02', 613024),
(10784, '02', 613025),
(10785, '02', 613026),
(10786, '02', 613027),
(10787, '02', 613028),
(10788, '02', 613029),
(10789, '02', 613030),
(10790, '02', 613031),
(10791, '02', 613032),
(10792, '02', 613033),
(10793, '02', 613034),
(10794, '02', 613035),
(10795, '02', 613036),
(10796, '02', 613037),
(10797, '02', 613038),
(10798, '02', 613039),
(10799, '02', 613040),
(10800, '02', 613041),
(10801, '02', 613042),
(10802, '02', 613043),
(10803, '02', 613044),
(10804, '02', 614001),
(10805, '02', 614002),
(10806, '02', 614003),
(10807, '02', 614004),
(10808, '02', 614005),
(10809, '02', 614006),
(10810, '02', 614007),
(10811, '02', 614008),
(10812, '02', 614009),
(10813, '02', 614010),
(10814, '02', 614011),
(10815, '02', 614012),
(10816, '02', 614013),
(10817, '02', 614014),
(10818, '02', 614015),
(10819, '02', 614016),
(10820, '02', 614017),
(10821, '02', 614018),
(10822, '02', 614019),
(10823, '02', 615001),
(10824, '02', 615002),
(10825, '02', 615003),
(10826, '02', 615004),
(10827, '02', 615005),
(10828, '02', 615006),
(10829, '02', 615007),
(10830, '02', 615008),
(10831, '02', 616001),
(10832, '02', 616002),
(10833, '02', 616003),
(10834, '02', 616004),
(10835, '02', 616005),
(10836, '02', 616006),
(10837, '02', 616007),
(10838, '02', 616008),
(10839, '02', 616009),
(10840, '02', 616010),
(10841, '02', 616011),
(10842, '02', 616012),
(10843, '02', 616013),
(10844, '02', 616014),
(10845, '02', 616015),
(10846, '02', 616016),
(10847, '02', 616017),
(10848, '02', 616018),
(10849, '02', 616019),
(10850, '02', 616020),
(10851, '02', 616021),
(10852, '02', 616022),
(10853, '02', 616023),
(10854, '02', 616024),
(10855, '02', 616025),
(10856, '02', 616026),
(10857, '02', 617001),
(10858, '02', 617002),
(10859, '02', 617003),
(10860, '02', 617004),
(10861, '02', 621001),
(10862, '02', 621002),
(10863, '02', 621003),
(10864, '02', 621004),
(10865, '02', 621005),
(10866, '02', 621006),
(10867, '02', 621007),
(10868, '02', 621008),
(10869, '02', 621009),
(10870, '02', 621010),
(10871, '02', 621011),
(10872, '02', 621012),
(10873, '02', 621013),
(10874, '02', 621014),
(10875, '02', 621015),
(10876, '02', 621016),
(10877, '02', 621017),
(10878, '02', 621018),
(10879, '02', 621019),
(10880, '02', 621020),
(10881, '02', 621021),
(10882, '02', 621022),
(10883, '02', 621023),
(10884, '02', 621024),
(10885, '02', 621025),
(10886, '02', 621026),
(10887, '02', 621027),
(10888, '02', 621028),
(10889, '02', 621029),
(10890, '02', 621030),
(10891, '02', 621031),
(10892, '02', 622001),
(10893, '02', 622002),
(10894, '02', 623001),
(10895, '02', 623002),
(10896, '02', 623003),
(10897, '02', 623004),
(10898, '02', 623005),
(10899, '02', 623006),
(10900, '02', 623007),
(10901, '02', 623008),
(10902, '02', 623009),
(10903, '02', 623010),
(10904, '02', 623011),
(10905, '02', 623012),
(10906, '02', 623013),
(10907, '02', 623014),
(10908, '02', 623015),
(10909, '02', 623016),
(10910, '02', 624001),
(10911, '02', 624002),
(10912, '02', 624003),
(10913, '02', 624004),
(10914, '02', 624005),
(10915, '02', 625001),
(10916, '02', 625002),
(10917, '02', 625003),
(10918, '02', 625004),
(10919, '02', 625005),
(10920, '02', 625006),
(10921, '02', 625007),
(10922, '02', 625008),
(10923, '02', 625009),
(10924, '02', 625010),
(10925, '02', 625011),
(10926, '02', 625012),
(10927, '02', 625013),
(10928, '02', 625014),
(10929, '02', 625015),
(10930, '02', 625016),
(10931, '02', 625017),
(10932, '02', 631001),
(10933, '02', 631002),
(10934, '02', 631003),
(10935, '02', 631004),
(10936, '02', 631005),
(10937, '02', 631006),
(10938, '02', 631007),
(10939, '02', 631008),
(10940, '02', 631009),
(10941, '02', 631010),
(10942, '02', 632001),
(10943, '02', 632002),
(10944, '02', 632003),
(10945, '02', 632004),
(10946, '02', 632005),
(10947, '02', 632006),
(10948, '02', 632007),
(10949, '02', 632008),
(10950, '02', 632009),
(10951, '02', 632010),
(10952, '02', 633001),
(10953, '02', 633002),
(10954, '02', 633003),
(10955, '02', 633004),
(10956, '02', 633005),
(10957, '02', 633006),
(10958, '02', 633007),
(10959, '02', 633008),
(10960, '02', 633009),
(10961, '02', 634001),
(10962, '02', 634002),
(10963, '02', 634003),
(10964, '02', 634004),
(10965, '02', 635001),
(10966, '02', 635002),
(10967, '02', 635003),
(10968, '02', 635004),
(10969, '02', 635005),
(10970, '02', 635006),
(10971, '02', 635007),
(10972, '02', 635008),
(10973, '02', 636001),
(10974, '02', 636002),
(10975, '02', 636003),
(10976, '02', 636004),
(10977, '02', 636005),
(10978, '02', 636006),
(10979, '02', 636007),
(10980, '02', 637008),
(10981, '02', 641001),
(10982, '02', 641002),
(10983, '02', 641003),
(10984, '02', 641004),
(10985, '02', 711008),
(10986, '02', 711009),
(10987, '02', 711010),
(10988, '02', 711011),
(10989, '02', 711012),
(10990, '02', 711013),
(10991, '02', 711014),
(10992, '02', 711015),
(10993, '02', 711016),
(10994, '02', 711017),
(10995, '02', 711018),
(10996, '02', 711019),
(10997, '02', 711020),
(10998, '02', 711021),
(10999, '02', 711022),
(11000, '02', 711023),
(11001, '02', 711024),
(11002, '02', 711025),
(11003, '02', 711026),
(11004, '02', 711027),
(11005, '02', 711028),
(11006, '02', 711029),
(11007, '02', 711030),
(11008, '02', 711031),
(11009, '02', 711032),
(11010, '02', 711033),
(11011, '02', 711034),
(11012, '02', 711035),
(11013, '02', 711036),
(11014, '02', 711037),
(11015, '02', 711038),
(11016, '02', 711039),
(11017, '02', 711040),
(11018, '02', 711041),
(11019, '02', 711042),
(11020, '02', 711043),
(11021, '02', 711044),
(11022, '02', 711045),
(11023, '02', 711046),
(11024, '02', 711047),
(11025, '02', 711048),
(11026, '02', 711049),
(11027, '02', 711050),
(11028, '02', 711051),
(11029, '02', 711052),
(11030, '02', 711053),
(11031, '02', 711054),
(11032, '02', 711055),
(11033, '02', 711056),
(11034, '02', 711057),
(11035, '02', 711058),
(11036, '02', 712001),
(11037, '02', 712002),
(11038, '02', 712003),
(11039, '02', 712004),
(11040, '02', 712005),
(11041, '02', 712006),
(11042, '02', 712007),
(11043, '02', 712009),
(11044, '02', 712010),
(11045, '02', 712011),
(11046, '02', 712012),
(11047, '02', 712013),
(11048, '02', 712014),
(11049, '02', 712015),
(11050, '02', 712016),
(11051, '02', 712017),
(11052, '02', 712018),
(11053, '02', 712019),
(11054, '02', 713002),
(11055, '02', 713003),
(11056, '02', 713004),
(11057, '02', 713005),
(11058, '02', 713006),
(11059, '02', 713007),
(11060, '02', 713008),
(11061, '02', 713009),
(11062, '02', 713010),
(11063, '02', 713011),
(11064, '02', 713012),
(11065, '02', 713013),
(11066, '02', 713014),
(11067, '02', 713015),
(11068, '02', 713016),
(11069, '02', 714003),
(11070, '02', 714004),
(11071, '02', 714005),
(11072, '02', 714006),
(11073, '02', 714007),
(11074, '02', 714008),
(11075, '02', 714009),
(11076, '02', 715002),
(11077, '02', 715003),
(11078, '02', 715004),
(11079, '02', 715005),
(11080, '02', 715006),
(11081, '02', 715007),
(11082, '02', 715008),
(11083, '02', 715009),
(11084, '02', 715010),
(11085, '02', 716001),
(11086, '02', 716002),
(11087, '02', 716003),
(11088, '02', 716004),
(11089, '02', 716005),
(11090, '02', 716006),
(11091, '02', 716007),
(11092, '02', 717001),
(11093, '02', 717002),
(11094, '02', 717003),
(11095, '02', 717004),
(11096, '02', 717005),
(11097, '02', 717006),
(11098, '02', 717007),
(11099, '02', 717008),
(11100, '02', 717009),
(11101, '02', 717010),
(11102, '02', 718001),
(11103, '02', 718002),
(11104, '02', 718003),
(11105, '02', 718004),
(11106, '02', 718005),
(11107, '02', 718006),
(11108, '02', 718007),
(11109, '02', 718008),
(11110, '02', 718009),
(11111, '02', 718010),
(11112, '02', 718011),
(11113, '02', 718012),
(11114, '02', 718013),
(11115, '02', 718014),
(11116, '02', 718015),
(11117, '02', 718016),
(11118, '02', 718017),
(11119, '02', 718018),
(11120, '02', 718019),
(11121, '02', 718020),
(11122, '02', 718021),
(11123, '02', 718022),
(11124, '02', 718023),
(11125, '02', 718024),
(11126, '02', 718025),
(11127, '02', 718026),
(11128, '02', 718027),
(11129, '02', 719001),
(11130, '02', 719002),
(11131, '02', 719003),
(11132, '02', 719004),
(11133, '02', 719005),
(11134, '02', 719006),
(11135, '02', 719007),
(11136, '02', 719008),
(11137, '02', 719009),
(11138, '02', 721001),
(11139, '02', 721002),
(11140, '02', 721003),
(11141, '02', 722001),
(11142, '02', 722002),
(11143, '02', 722003),
(11144, '02', 722004),
(11145, '02', 722005),
(11146, '02', 722006),
(11147, '02', 722007),
(11148, '02', 722008),
(11149, '02', 722009),
(11150, '02', 722010),
(11151, '02', 722011),
(11152, '02', 722012),
(11153, '02', 722013),
(11154, '02', 722014),
(11155, '02', 723001),
(11156, '02', 723002),
(11157, '02', 723003),
(11158, '02', 723004),
(11159, '02', 723005),
(11160, '02', 723006),
(11161, '02', 723007),
(11162, '02', 723008),
(11163, '02', 723009),
(11164, '02', 723010),
(11165, '02', 723011),
(11166, '02', 723012),
(11167, '02', 723013),
(11168, '02', 723014),
(11169, '02', 723015),
(11170, '02', 724001),
(11171, '02', 724002),
(11172, '02', 724003),
(11173, '02', 724004),
(11174, '02', 724005),
(11175, '02', 724006),
(11176, '02', 724007),
(11177, '02', 724008),
(11178, '02', 724009),
(11179, '02', 724010),
(11180, '02', 724011),
(11181, '02', 724012),
(11182, '02', 731001),
(11183, '02', 731002),
(11184, '02', 731003),
(11185, '02', 731004),
(11186, '02', 731005),
(11187, '02', 731006),
(11188, '02', 732001),
(11189, '02', 732002),
(11190, '02', 732003),
(11191, '02', 732004),
(11192, '02', 732005),
(11193, '02', 732006),
(11194, '02', 732007),
(11195, '02', 732008),
(11196, '02', 732009),
(11197, '02', 732010),
(11198, '02', 732011),
(11199, '02', 732012),
(11200, '02', 732013),
(11201, '02', 732014),
(11202, '02', 733001),
(11203, '02', 733002),
(11204, '02', 733004),
(11205, '02', 733005),
(11206, '02', 733006),
(11207, '02', 733007),
(11208, '02', 733008),
(11209, '02', 734001),
(11210, '02', 734002),
(11211, '02', 734003),
(11212, '02', 734004),
(11213, '02', 734005),
(11214, '02', 734006),
(11215, '02', 734007),
(11216, '02', 734008),
(11217, '02', 734009),
(11218, '02', 734010),
(11219, '02', 735001),
(11220, '02', 735002),
(11221, '02', 735003),
(11222, '02', 735004),
(11223, '02', 735005),
(11224, '02', 735006),
(11225, '02', 735007),
(11226, '02', 735008),
(11227, '02', 735009),
(11228, '02', 736001),
(11229, '02', 736002),
(11230, '02', 737001),
(11231, '02', 737003),
(11232, '02', 737004),
(11233, '02', 737016),
(11234, '02', 737017),
(11235, '02', 737018),
(11236, '02', 737019),
(11237, '02', 737020),
(11238, '02', 737021),
(11239, '02', 737022),
(11240, '02', 741001),
(11241, '02', 741002),
(11242, '02', 741003),
(11243, '02', 741004),
(11244, '02', 741005),
(11245, '02', 741006),
(11246, '02', 741007),
(11247, '02', 741008),
(11248, '02', 741009),
(11249, '02', 741010),
(11250, '02', 741011),
(11251, '02', 741012),
(11252, '02', 741013),
(11253, '02', 741014),
(11254, '02', 741015),
(11255, '02', 741016),
(11256, '02', 741017),
(11257, '02', 741018),
(11258, '02', 741019),
(11259, '02', 741020),
(11260, '02', 741021),
(11261, '02', 741022),
(11262, '02', 742001),
(11263, '02', 742002),
(11264, '02', 742003),
(11265, '02', 742004),
(11266, '02', 742005),
(11267, '02', 742006),
(11268, '02', 742007),
(11269, '02', 742008),
(11270, '02', 742009),
(11271, '02', 742010),
(11272, '02', 742011),
(11273, '02', 742012),
(11274, '02', 742013),
(11275, '02', 743001),
(11276, '02', 743002),
(11277, '02', 743003),
(11278, '02', 743004),
(11279, '02', 743005),
(11280, '02', 743006),
(11281, '02', 743007),
(11282, '02', 743008),
(11283, '02', 744001),
(11284, '02', 744002),
(11285, '02', 744003),
(11286, '02', 744004),
(11287, '02', 744005),
(11288, '02', 745001),
(11289, '02', 745002),
(11290, '02', 745003),
(11291, '02', 745004),
(11292, '02', 745005),
(11293, '02', 745006),
(11294, '02', 745007),
(11295, '02', 745008),
(11296, '02', 745009),
(11297, '02', 745010),
(11298, '02', 745011),
(11299, '02', 745012),
(11300, '02', 745013),
(11301, '02', 745014),
(11302, '02', 745015),
(11303, '02', 746001),
(11304, '02', 746002),
(11305, '02', 746003),
(11306, '02', 746004),
(11307, '02', 746005),
(11308, '02', 746006),
(11309, '02', 746007),
(11310, '02', 747001),
(11311, '02', 747002),
(11312, '02', 747003),
(11313, '02', 747004),
(11314, '02', 748001),
(11315, '02', 748002),
(11316, '02', 748003),
(11317, '02', 748004),
(11318, '02', 748005),
(11319, '02', 748006),
(11320, '02', 748007),
(11321, '02', 748008),
(11322, '02', 748009),
(11323, '02', 748010),
(11324, '02', 748011),
(11325, '02', 748012),
(11326, '02', 748013),
(11327, '02', 748014),
(11328, '02', 748015),
(11329, '02', 748016),
(11330, '02', 748017),
(11331, '02', 748018),
(11332, '02', 748019),
(11333, '02', 748020),
(11334, '02', 748021),
(11335, '02', 748022),
(11336, '02', 748023),
(11337, '02', 748024),
(11338, '02', 748025),
(11339, '02', 748026),
(11340, '02', 748027),
(11341, '02', 748028),
(11342, '02', 749001),
(11343, '02', 749002),
(11344, '02', 749003),
(11345, '02', 749004),
(11346, '02', 749005),
(11347, '02', 749006),
(11348, '02', 749007),
(11349, '02', 749008),
(11350, '02', 749009),
(11351, '02', 749010),
(11352, '02', 749011),
(11353, '02', 749012),
(11354, '02', 749013),
(11355, '02', 749014),
(11356, '02', 749015),
(11357, '02', 749016),
(11358, '02', 749017),
(11359, '02', 749018),
(11360, '02', 751001),
(11361, '02', 751002),
(11362, '02', 751003),
(11363, '02', 751004),
(11364, '02', 751005),
(11365, '02', 751006),
(11366, '02', 751007),
(11367, '02', 751008),
(11368, '02', 751009),
(11369, '02', 751010),
(11370, '02', 751011),
(11371, '02', 751012),
(11372, '02', 751013),
(11373, '02', 751014),
(11374, '02', 751015),
(11375, '02', 751016),
(11376, '02', 751017),
(11377, '02', 752001),
(11378, '02', 752002),
(11379, '02', 752003),
(11380, '02', 752004),
(11381, '02', 752005),
(11382, '02', 752006),
(11383, '02', 752007),
(11384, '02', 752008),
(11385, '02', 752009),
(11386, '02', 752010),
(11387, '02', 752011),
(11388, '02', 761001),
(11389, '02', 761002),
(11390, '02', 761003),
(11391, '02', 761004),
(11392, '02', 761005),
(11393, '02', 761006),
(11394, '02', 761007),
(11395, '02', 761008),
(11396, '02', 761009),
(11397, '02', 761010),
(11398, '02', 761011),
(11399, '02', 761012),
(11400, '02', 761013),
(11401, '02', 762001),
(11402, '02', 762002),
(11403, '02', 762003),
(11404, '02', 762004),
(11405, '02', 762005),
(11406, '02', 762006),
(11407, '02', 762007),
(11408, '02', 762008),
(11409, '02', 762009),
(11410, '02', 763001),
(11411, '02', 763002),
(11412, '02', 763003),
(11413, '02', 763004),
(11414, '02', 763005),
(11415, '02', 763006),
(11416, '02', 763007),
(11417, '02', 763008),
(11418, '02', 763009),
(11419, '02', 763010),
(11420, '02', 763011),
(11421, '02', 763012),
(11422, '02', 763013),
(11423, '02', 763014),
(11424, '02', 763015),
(11425, '02', 763016),
(11426, '02', 763017),
(11427, '02', 763018),
(11428, '02', 763019),
(11429, '02', 764001),
(11430, '02', 764002),
(11431, '02', 764003),
(11432, '02', 764004),
(11433, '02', 764005),
(11434, '02', 764006),
(11435, '02', 764007),
(11436, '02', 764008),
(11437, '02', 764009),
(11438, '02', 764010),
(11439, '02', 764011),
(11440, '02', 764012),
(11441, '02', 764013),
(11442, '02', 764014),
(11443, '02', 764015),
(11444, '02', 764016),
(11445, '02', 764017),
(11446, '02', 764018),
(11447, '02', 764019),
(11448, '02', 764020),
(11449, '02', 764021),
(11450, '02', 764022),
(11451, '02', 764023),
(11452, '02', 764024),
(11453, '02', 764025),
(11454, '02', 764026),
(11455, '02', 764027),
(11456, '02', 764028),
(11457, '02', 765001),
(11458, '02', 765002),
(11459, '02', 765003),
(11460, '02', 765004),
(11461, '02', 765005),
(11462, '02', 765006),
(11463, '02', 765007),
(11464, '02', 765008),
(11465, '02', 765009),
(11466, '02', 765010),
(11467, '02', 765011),
(11468, '02', 765012),
(11469, '02', 765013),
(11470, '02', 765014),
(11471, '02', 765015),
(11472, '02', 765016),
(11473, '02', 765017),
(11474, '02', 765018),
(11475, '02', 765019),
(11476, '02', 766001),
(11477, '02', 766002),
(11478, '02', 766003),
(11479, '02', 766004),
(11480, '02', 766005),
(11481, '02', 766006),
(11482, '02', 766007),
(11483, '02', 766008),
(11484, '02', 766009),
(11485, '02', 766010),
(11486, '02', 766011),
(11487, '02', 766012),
(11488, '02', 766013),
(11489, '02', 766014),
(11490, '02', 766015),
(11491, '02', 766016),
(11492, '02', 766017),
(11493, '02', 766018),
(11494, '02', 766019),
(11495, '02', 766020),
(11496, '02', 766021),
(11497, '02', 766022),
(11498, '02', 766023),
(11499, '02', 766024),
(11500, '02', 766025),
(11501, '02', 766026),
(11502, '02', 766027),
(11503, '02', 766028),
(11504, '02', 766029),
(11505, '02', 766030),
(11506, '02', 766031),
(11507, '02', 766032),
(11508, '02', 766033),
(11509, '02', 766034),
(11510, '02', 766035),
(11511, '02', 766036),
(11512, '02', 766037),
(11513, '02', 766038),
(11514, '02', 766039),
(11515, '02', 766040),
(11516, '02', 766041),
(11517, '02', 766042),
(11518, '02', 766043),
(11519, '02', 766044),
(11520, '02', 767001),
(11521, '02', 767002),
(11522, '02', 767003),
(11523, '02', 767004),
(11524, '02', 767005),
(11525, '02', 767006),
(11526, '02', 767007),
(11527, '02', 767008),
(11528, '02', 767009),
(11529, '02', 767010),
(11530, '02', 767011),
(11531, '02', 767012),
(11532, '02', 767013),
(11533, '02', 767014),
(11534, '02', 767015),
(11535, '02', 767016),
(11536, '02', 767017),
(11537, '02', 767023),
(11538, '02', 767024),
(11539, '02', 767025),
(11540, '02', 767026),
(11541, '02', 767027),
(11542, '02', 767028),
(11543, '02', 767029),
(11544, '02', 767030),
(11545, '02', 768001),
(11546, '02', 768002),
(11547, '02', 768003),
(11548, '02', 768004),
(11549, '02', 768005),
(11550, '02', 768006),
(11551, '02', 768007),
(11552, '02', 768008),
(11553, '02', 768009),
(11554, '02', 768010),
(11555, '02', 768011),
(11556, '02', 768012),
(11557, '02', 768013),
(11558, '02', 768014),
(11559, '02', 768015),
(11560, '02', 768016),
(11561, '02', 768017),
(11562, '02', 768018),
(11563, '02', 768019),
(11564, '02', 769001),
(11565, '02', 769002),
(11566, '02', 769003),
(11567, '02', 769004),
(11568, '02', 769005),
(11569, '02', 769006),
(11570, '02', 769007),
(11571, '02', 769008),
(11572, '02', 769009),
(11573, '02', 769010),
(11574, '02', 769011),
(11575, '02', 769012),
(11576, '02', 769013),
(11577, '02', 769014),
(11578, '02', 769015),
(11579, '02', 769016),
(11580, '02', 769017),
(11581, '02', 769018),
(11582, '02', 769019),
(11583, '02', 769020),
(11584, '02', 769021),
(11585, '02', 769022),
(11586, '02', 769023),
(11587, '02', 769024),
(11588, '02', 769025),
(11589, '02', 769026),
(11590, '02', 769027),
(11591, '02', 769028),
(11592, '02', 769029),
(11593, '02', 769030),
(11594, '02', 769031),
(11595, '02', 769032),
(11596, '02', 769033),
(11597, '02', 769034),
(11598, '02', 769035),
(11599, '02', 769036),
(11600, '02', 769037),
(11601, '02', 769038),
(11602, '02', 771001),
(11603, '02', 771002),
(11604, '02', 771003),
(11605, '02', 771004),
(11606, '02', 771005),
(11607, '02', 771006),
(11608, '02', 771007),
(11609, '02', 771008),
(11610, '02', 771009),
(11611, '02', 771010),
(11612, '02', 771011),
(11613, '02', 772001),
(11614, '02', 772002),
(11615, '02', 772003),
(11616, '02', 772004),
(11617, '02', 772005),
(11618, '02', 772006),
(11619, '02', 772007),
(11620, '02', 772008),
(11621, '02', 772009),
(11622, '02', 772010),
(11623, '02', 772011),
(11624, '02', 773001),
(11625, '02', 773002),
(11626, '02', 773003),
(11627, '02', 774001),
(11628, '02', 774002),
(11629, '02', 774003),
(11630, '02', 774004),
(11631, '02', 774005),
(11632, '02', 774006),
(11633, '02', 774007),
(11634, '02', 774008),
(11635, '02', 774009),
(11636, '02', 774010),
(11637, '02', 774011),
(11638, '02', 774012),
(11639, '02', 774013),
(11640, '02', 775001),
(11641, '02', 775002),
(11642, '02', 775003),
(11643, '02', 775004),
(11644, '02', 775005),
(11645, '02', 775006),
(11646, '02', 775007),
(11647, '02', 776001),
(11648, '02', 776002),
(11649, '02', 776003),
(11650, '02', 776004),
(11651, '02', 776005),
(11652, '02', 776006),
(11653, '02', 776008),
(11654, '02', 776009),
(11655, '02', 776010),
(11656, '02', 776011),
(11657, '02', 776012),
(11658, '02', 777001),
(11659, '02', 777002),
(11660, '02', 777003),
(11661, '02', 777004),
(11662, '02', 777005),
(11663, '02', 777006),
(11664, '02', 777007),
(11665, '02', 777008),
(11666, '02', 777009),
(11667, '02', 777010),
(11668, '02', 777011),
(11669, '02', 777012),
(11670, '02', 777013),
(11671, '02', 777014),
(11672, '02', 777015),
(11673, '02', 777016),
(11674, '02', 777017),
(11675, '02', 778001),
(11676, '02', 778002),
(11677, '02', 778003),
(11678, '02', 778004),
(11679, '02', 778005),
(11680, '02', 778006),
(11681, '02', 778007),
(11682, '02', 778008),
(11683, '02', 778009),
(11684, '02', 778010),
(11685, '02', 778011),
(11686, '02', 778012),
(11687, '02', 778013),
(11688, '02', 778014),
(11689, '02', 778015),
(11690, '02', 778016),
(11691, '02', 778017),
(11692, '02', 778018),
(11693, '02', 778019),
(11694, '02', 778020),
(11695, '02', 778021),
(11696, '02', 778022),
(11697, '02', 778023),
(11698, '02', 778024),
(11699, '02', 778025),
(11700, '02', 778026),
(11701, '02', 778027),
(11702, '02', 778028),
(11703, '02', 778029),
(11704, '02', 778030),
(11705, '02', 778031),
(11706, '02', 778032),
(11707, '02', 778033),
(11708, '02', 778034),
(11709, '02', 778035),
(11710, '02', 778036),
(11711, '02', 778037),
(11712, '02', 778038),
(11713, '02', 778039),
(11714, '02', 778040),
(11715, '02', 779001),
(11716, '02', 779002),
(11717, '02', 779003),
(11718, '02', 779004),
(11719, '02', 779005),
(11720, '02', 779006),
(11721, '02', 779007),
(11722, '02', 779008),
(11723, '02', 779009),
(11724, '02', 781001),
(11725, '02', 781002),
(11726, '02', 781003),
(11727, '02', 781004),
(11728, '02', 781005),
(11729, '02', 781006),
(11730, '02', 781007),
(11731, '02', 781008),
(11732, '02', 781009),
(11733, '02', 781010),
(11734, '02', 781011),
(11735, '02', 781012),
(11736, '02', 781013),
(11737, '02', 781014),
(11738, '02', 781015),
(11739, '02', 781016),
(11740, '02', 781017),
(11741, '02', 781018),
(11742, '02', 781019),
(11743, '02', 781020),
(11744, '02', 781021),
(11745, '02', 781022),
(11746, '02', 781023),
(11747, '02', 781024),
(11748, '02', 781025),
(11749, '02', 781026),
(11750, '02', 781027),
(11751, '02', 781028),
(11752, '02', 781029),
(11753, '02', 781030),
(11754, '02', 781031),
(11755, '02', 781032),
(11756, '02', 781033),
(11757, '02', 781034),
(11758, '02', 781035),
(11759, '02', 781036),
(11760, '02', 781037),
(11761, '02', 781038),
(11762, '02', 781039),
(11763, '02', 781040),
(11764, '02', 781041),
(11765, '02', 781042),
(11766, '02', 781043),
(11767, '02', 781044),
(11768, '02', 781045),
(11769, '02', 781046),
(11770, '02', 781047),
(11771, '02', 781048),
(11772, '02', 781049),
(11773, '02', 781050),
(11774, '02', 781051),
(11775, '02', 781052),
(11776, '02', 781053),
(11777, '02', 781054),
(11778, '02', 781055),
(11779, '02', 781056),
(11780, '02', 781057),
(11781, '02', 781058),
(11782, '02', 781059),
(11783, '02', 781060),
(11784, '02', 781061),
(11785, '02', 781062),
(11786, '02', 781063),
(11787, '02', 781064),
(11788, '02', 781065),
(11789, '02', 781066),
(11790, '02', 781067),
(11791, '02', 781068),
(11792, '02', 781069),
(11793, '02', 782002),
(11794, '02', 782003),
(11795, '02', 782004),
(11796, '02', 782005),
(11797, '02', 782006),
(11798, '02', 782007),
(11799, '02', 782008),
(11800, '02', 782009),
(11801, '02', 782010),
(11802, '02', 782011),
(11803, '02', 782012),
(11804, '02', 782013),
(11805, '02', 782014),
(11806, '02', 782015),
(11807, '02', 782016),
(11808, '02', 782017),
(11809, '02', 783001),
(11810, '02', 783002),
(11811, '02', 783003),
(11812, '02', 783004),
(11813, '02', 783005),
(11814, '02', 783006),
(11815, '02', 783007),
(11816, '02', 783008),
(11817, '02', 783009),
(11818, '02', 783010),
(11819, '02', 783011),
(11820, '02', 783012),
(11821, '02', 783013),
(11822, '02', 783014),
(11823, '02', 783015),
(11824, '02', 783016),
(11825, '02', 783017),
(11826, '02', 783018),
(11827, '02', 783019),
(11828, '02', 783020),
(11829, '02', 783021),
(11830, '02', 783022),
(11831, '02', 783023),
(11832, '02', 783024),
(11833, '02', 783025),
(11834, '02', 783026),
(11835, '02', 783027),
(11836, '02', 783029),
(11837, '02', 783030),
(11838, '02', 783031),
(11839, '02', 783032),
(11840, '02', 783033),
(11841, '02', 783034),
(11842, '02', 783035),
(11843, '02', 783036),
(11844, '02', 783037),
(11845, '02', 783038),
(11846, '02', 783039),
(11847, '02', 783040),
(11848, '02', 783041),
(11849, '02', 783042),
(11850, '02', 783043),
(11851, '02', 783044),
(11852, '02', 783045),
(11853, '02', 783046),
(11854, '02', 783047),
(11855, '02', 783048),
(11856, '02', 783049),
(11857, '02', 783050),
(11858, '02', 783051),
(11859, '02', 783052),
(11860, '02', 784001),
(11861, '02', 784002),
(11862, '02', 784003),
(11863, '02', 784004),
(11864, '02', 784005),
(11865, '02', 784006),
(11866, '02', 784007),
(11867, '02', 784008),
(11868, '02', 784009),
(11869, '02', 784010),
(11870, '02', 784011),
(11871, '02', 784012),
(11872, '02', 784013),
(11873, '02', 784014),
(11874, '02', 785001),
(11875, '02', 785002),
(11876, '02', 785003),
(11877, '02', 785004),
(11878, '02', 785005),
(11879, '02', 785008),
(11880, '02', 785009),
(11881, '02', 785010),
(11882, '02', 785011),
(11883, '02', 785012),
(11884, '02', 785013),
(11885, '02', 785014),
(11886, '02', 785015),
(11887, '02', 785016),
(11888, '02', 785017),
(11889, '02', 785018),
(11890, '02', 785019),
(11891, '02', 785020),
(11892, '02', 785021),
(11893, '02', 785022),
(11894, '02', 785023),
(11895, '02', 785024),
(11896, '02', 785027),
(11897, '02', 785028),
(11898, '02', 785029),
(11899, '02', 785030),
(11900, '02', 785031),
(11901, '02', 785032),
(11902, '02', 785033),
(11903, '02', 785034),
(11904, '02', 785035),
(11905, '02', 785036),
(11906, '02', 785037),
(11907, '02', 785038),
(11908, '02', 785039),
(11909, '02', 785040),
(11910, '02', 785041),
(11911, '02', 785042),
(11912, '02', 785043),
(11913, '02', 791001),
(11914, '02', 791002),
(11915, '02', 791003),
(11916, '02', 791004),
(11917, '02', 791005),
(11918, '02', 791006),
(11919, '02', 791007),
(11920, '02', 791008),
(11921, '02', 791009),
(11922, '02', 791010),
(11923, '02', 791011),
(11924, '02', 791012),
(11925, '02', 791013),
(11926, '02', 791014),
(11927, '02', 791015),
(11928, '02', 791016),
(11929, '02', 791017),
(11930, '02', 791018),
(11931, '02', 791019),
(11932, '02', 791020),
(11933, '02', 791021),
(11934, '02', 791022),
(11935, '02', 791023),
(11936, '02', 791024),
(11937, '02', 791025),
(11938, '02', 791026),
(11939, '02', 791027),
(11940, '02', 791028),
(11941, '02', 792001),
(11942, '02', 792002),
(11943, '02', 792003),
(11944, '02', 792004),
(11945, '02', 792005),
(11946, '02', 792006),
(11947, '02', 792007),
(11948, '02', 792008),
(11949, '02', 792009),
(11950, '02', 792010),
(11951, '02', 792011),
(11952, '02', 792012),
(11953, '02', 792013),
(11954, '02', 792014),
(11955, '02', 792015),
(11956, '02', 792016),
(11957, '02', 792017),
(11958, '02', 792018),
(11959, '02', 792019),
(11960, '02', 792020),
(11961, '02', 792021),
(11962, '02', 792022),
(11963, '02', 792023),
(11964, '02', 793001),
(11965, '02', 793002),
(11966, '02', 793003),
(11967, '02', 793004),
(11968, '02', 793005),
(11969, '02', 793006),
(11970, '02', 793007),
(11971, '02', 793008),
(11972, '02', 793009),
(11973, '02', 793010),
(11974, '02', 793011),
(11975, '02', 793012),
(11976, '02', 793013),
(11977, '02', 793014),
(11978, '02', 793015),
(11979, '02', 793016),
(11980, '02', 793017),
(11981, '02', 793018),
(11982, '02', 793019),
(11983, '02', 793020),
(11984, '02', 793021),
(11985, '02', 793022),
(11986, '02', 793023),
(11987, '02', 794001),
(11988, '02', 794002),
(11989, '02', 794003),
(11990, '02', 794004),
(11991, '02', 794005),
(11992, '02', 794006),
(11993, '02', 794007),
(11994, '02', 794008),
(11995, '02', 794009),
(11996, '02', 794010),
(11997, '02', 794011),
(11998, '02', 794012),
(11999, '02', 794013),
(12000, '02', 794014),
(12001, '02', 794015),
(12002, '02', 794016),
(12003, '02', 794017),
(12004, '02', 794018),
(12005, '02', 794019),
(12006, '02', 794020),
(12007, '02', 794021),
(12008, '02', 794022),
(12009, '02', 794023),
(12010, '02', 794024),
(12011, '02', 794025),
(12012, '02', 794026),
(12013, '02', 794027),
(12014, '02', 795001),
(12015, '02', 795002),
(12016, '02', 795003),
(12017, '02', 795004),
(12018, '02', 795005),
(12019, '02', 795006),
(12020, '02', 795007),
(12021, '02', 795008),
(12022, '02', 796001),
(12023, '02', 796002),
(12024, '02', 796003),
(12025, '02', 796004),
(12026, '02', 796005),
(12027, '02', 796006),
(12028, '02', 796007),
(12029, '02', 796008),
(12030, '02', 796009),
(12031, '02', 796010),
(12032, '02', 796011),
(12033, '02', 796012),
(12034, '02', 796013),
(12035, '02', 796014),
(12036, '02', 796015),
(12037, '02', 796016),
(12038, '02', 797001),
(12039, '02', 797002),
(12040, '02', 797003),
(12041, '02', 797004),
(12042, '02', 797005),
(12043, '02', 797006),
(12044, '02', 797007),
(12045, '02', 797008),
(12046, '02', 797009),
(12047, '02', 798001),
(12048, '02', 798002),
(12049, '02', 798003),
(12050, '02', 798004),
(12051, '02', 798005),
(12052, '02', 798006),
(12053, '02', 798007),
(12054, '02', 798008),
(12055, '02', 798009),
(12056, '02', 798010),
(12057, '02', 798011),
(12058, '02', 798012),
(12059, '02', 799001),
(12060, '02', 799002),
(12061, '02', 799003),
(12062, '02', 799004),
(12063, '02', 799005),
(12064, '02', 799006),
(12065, '02', 811001),
(12066, '02', 811002),
(12067, '02', 811003),
(12068, '02', 811004),
(12069, '02', 811005),
(12070, '02', 811006),
(12071, '02', 811007),
(12072, '02', 811008);
INSERT INTO `c_ocupaciones_ocupaciones_p` (`id_c_ocupacion_ocupacion_p`, `cod_categorias_ocupacionales`, `cod_ocupacion_p`) VALUES
(12073, '02', 811009),
(12074, '02', 811010),
(12075, '02', 811011),
(12076, '02', 811012),
(12077, '02', 811013),
(12078, '02', 811014),
(12079, '02', 811015),
(12080, '02', 811016),
(12081, '02', 811019),
(12082, '02', 811020),
(12083, '02', 811021),
(12084, '02', 811022),
(12085, '02', 811023),
(12086, '02', 811024),
(12087, '02', 812001),
(12088, '02', 812002),
(12089, '02', 812003),
(12090, '02', 812004),
(12091, '02', 812005),
(12092, '02', 812006),
(12093, '02', 812007),
(12094, '02', 812008),
(12095, '02', 812009),
(12096, '02', 812010),
(12097, '02', 812011),
(12098, '02', 812012),
(12099, '02', 812013),
(12100, '02', 812014),
(12101, '02', 812015),
(12102, '02', 812016),
(12103, '02', 813002),
(12104, '02', 813003),
(12105, '02', 813004),
(12106, '02', 813005),
(12107, '02', 813006),
(12108, '02', 813007),
(12109, '02', 813008),
(12110, '02', 813009),
(12111, '02', 821001),
(12112, '02', 821002),
(12113, '02', 821003),
(12114, '02', 821004),
(12115, '02', 821005),
(12116, '02', 821006),
(12117, '02', 821007),
(12118, '02', 821008),
(12119, '02', 821009),
(12120, '02', 821010),
(12121, '02', 821011),
(12122, '02', 821012),
(12123, '02', 821013),
(12124, '02', 821014),
(12125, '02', 821015),
(12126, '02', 821016),
(12127, '02', 821017),
(12128, '02', 821018),
(12129, '02', 821019),
(12130, '02', 821020),
(12131, '02', 821021),
(12132, '02', 831001),
(12133, '02', 831002),
(12134, '02', 831003),
(12135, '02', 831004),
(12136, '02', 831005),
(12137, '02', 831006),
(12138, '02', 831007),
(12139, '02', 831008),
(12140, '02', 831009),
(12141, '02', 831010),
(12142, '02', 831011),
(12143, '02', 831012),
(12144, '02', 831013),
(12145, '02', 831014),
(12146, '02', 831015),
(12147, '02', 831016),
(12148, '02', 831017),
(12149, '02', 831018),
(12150, '02', 831019),
(12151, '02', 831020),
(12152, '02', 831021),
(12153, '02', 831022),
(12154, '02', 832001),
(12155, '02', 832002),
(12156, '02', 832003),
(12157, '02', 832004),
(12158, '02', 832005),
(12159, '02', 832006),
(12160, '02', 832007),
(12161, '02', 832008),
(12162, '02', 832009),
(12163, '02', 833001),
(12164, '02', 833002),
(12165, '02', 833003),
(12166, '02', 833004),
(12167, '02', 833005),
(12168, '02', 833006),
(12169, '02', 833007),
(12170, '02', 833008),
(12171, '02', 833009),
(12172, '02', 834001),
(12173, '02', 834002),
(12174, '02', 834003),
(12175, '02', 834004),
(12176, '02', 834005),
(12177, '02', 834006),
(12178, '02', 834007),
(12179, '02', 834008),
(12180, '02', 834009),
(12181, '02', 835001),
(12182, '02', 835002),
(12183, '02', 835003),
(12184, '02', 835004),
(12185, '02', 835005),
(12186, '02', 835006),
(12187, '02', 835007),
(12188, '02', 835008),
(12189, '02', 835009),
(12190, '02', 835010),
(12191, '02', 835011),
(12192, '02', 835012),
(12193, '02', 835013),
(12194, '02', 835014),
(12195, '02', 835015),
(12196, '02', 836001),
(12197, '02', 836002),
(12198, '02', 836003),
(12199, '02', 836004),
(12200, '02', 836005),
(12201, '02', 836006),
(12202, '02', 836007),
(12203, '02', 836008),
(12204, '02', 837001),
(12205, '02', 837002),
(12206, '02', 837003),
(12207, '02', 837004),
(12208, '02', 837005),
(12209, '02', 837006),
(12210, '02', 837007),
(12211, '02', 837008),
(12212, '02', 837009),
(12213, '02', 837010),
(12214, '02', 837011),
(12215, '02', 839001),
(12216, '02', 839002),
(12217, '02', 839003),
(12218, '02', 839004),
(12219, '02', 839005),
(12220, '02', 839006),
(12221, '02', 839007),
(12222, '02', 839008),
(12223, '02', 841001),
(12224, '02', 841002),
(12225, '02', 841003),
(12226, '02', 841004),
(12227, '02', 841005),
(12228, '02', 841006),
(12229, '02', 841007),
(12230, '02', 842001),
(12231, '02', 842002),
(12232, '02', 842003),
(12233, '02', 842004),
(12234, '02', 842005),
(12235, '02', 842006),
(12236, '02', 842007),
(12237, '02', 842008),
(12238, '02', 842009),
(12239, '02', 842010),
(12240, '02', 842011),
(12241, '02', 842012),
(12242, '02', 842013),
(12243, '02', 842014),
(12244, '02', 842015),
(12245, '02', 842016),
(12246, '02', 842017),
(12247, '02', 842018),
(12248, '02', 842019),
(12249, '02', 842020),
(12250, '02', 843001),
(12251, '02', 843002),
(12252, '02', 843003),
(12253, '02', 844001),
(12254, '02', 844002),
(12255, '02', 844003),
(12256, '02', 844004),
(12257, '02', 844005),
(12258, '02', 844006),
(12259, '02', 844007),
(12260, '02', 844008),
(12261, '02', 844009),
(12262, '02', 844010),
(12263, '02', 844011),
(12264, '02', 844012),
(12265, '02', 844013),
(12266, '02', 844014),
(12267, '02', 844015),
(12268, '02', 844016),
(12269, '02', 844017),
(12270, '02', 844029),
(12271, '02', 844030),
(12272, '02', 844031),
(12273, '02', 844032),
(12274, '02', 844033),
(12275, '02', 851001),
(12276, '02', 851002),
(12277, '02', 851003),
(12278, '02', 851004),
(12279, '02', 851005),
(12280, '02', 851006),
(12281, '02', 851007),
(12282, '02', 851008),
(12283, '02', 851009),
(12284, '02', 852001),
(12285, '02', 852002),
(12286, '02', 852003),
(12287, '02', 852004),
(12288, '02', 852005),
(12289, '02', 852006),
(12290, '02', 852007),
(12291, '02', 852008),
(12292, '02', 852009),
(12293, '02', 852010),
(12294, '02', 852011),
(12295, '02', 852012),
(12296, '02', 862009),
(12297, '02', 866001),
(12298, '02', 866002),
(12299, '02', 866003),
(12300, '02', 866004),
(12301, '02', 866005),
(12302, '02', 866006),
(12303, '02', 866007),
(12304, '02', 866008),
(12305, '02', 868002),
(12306, '02', 868009),
(12307, '02', 868018),
(12308, '02', 871001),
(12309, '02', 871002),
(12310, '02', 871003),
(12311, '02', 871004),
(12312, '02', 871005),
(12313, '02', 871006),
(12314, '02', 871007),
(12315, '02', 871008),
(12316, '02', 871009),
(12317, '02', 871010),
(12318, '02', 871011),
(12319, '02', 871012),
(12320, '02', 871013),
(12321, '02', 871014),
(12322, '02', 872001),
(12323, '02', 872002),
(12324, '02', 872003),
(12325, '02', 872004),
(12326, '02', 872006),
(12327, '02', 873001),
(12328, '02', 873002),
(12329, '02', 873003),
(12330, '02', 873004),
(12331, '02', 873005),
(12332, '02', 873006),
(12333, '02', 873007),
(12334, '02', 873008),
(12335, '02', 873009),
(12336, '02', 873010),
(12337, '02', 873011),
(12338, '02', 873012),
(12339, '02', 873013),
(12340, '02', 873014),
(12341, '02', 873015),
(12342, '02', 873016),
(12343, '02', 874001),
(12344, '02', 874002),
(12345, '02', 874003),
(12346, '02', 874004),
(12347, '02', 874005),
(12348, '02', 874006),
(12349, '02', 874007),
(12350, '02', 874008),
(12351, '02', 874009),
(12352, '02', 874010),
(12353, '02', 874011),
(12354, '02', 874012),
(12355, '02', 874013),
(12356, '02', 874014),
(12357, '02', 874015),
(12358, '02', 875001),
(12359, '02', 875002),
(12360, '02', 875003),
(12361, '02', 875004),
(12362, '02', 875005),
(12363, '02', 875006),
(12364, '02', 875007),
(12365, '02', 875008),
(12366, '02', 875009),
(12367, '02', 875010),
(12368, '02', 875011),
(12369, '02', 875012),
(12370, '02', 875013),
(12371, '02', 875014),
(12372, '02', 875015),
(12373, '02', 875016),
(12374, '02', 875017),
(12375, '02', 875018),
(12376, '02', 875019),
(12377, '02', 875020),
(12378, '02', 875021),
(12379, '02', 875022),
(12380, '02', 875023),
(12381, '02', 875024),
(12382, '02', 875025),
(12383, '02', 876001),
(12384, '02', 876002),
(12385, '02', 876003),
(12386, '02', 876004),
(12387, '02', 876005),
(12388, '02', 876006),
(12389, '02', 876007),
(12390, '02', 876008),
(12391, '02', 876009),
(12392, '02', 876010),
(12393, '02', 876011),
(12394, '02', 876012),
(12395, '02', 876013),
(12396, '02', 876014),
(12397, '02', 876015),
(12398, '02', 876016),
(12399, '02', 876017),
(12400, '02', 876018),
(12401, '02', 876019),
(12402, '02', 876020),
(12403, '02', 876021),
(12404, '02', 876022),
(12405, '02', 876023),
(12406, '02', 876024),
(12407, '02', 876025),
(12408, '02', 876026),
(12409, '02', 876027),
(12410, '02', 876028),
(12411, '02', 876029),
(12412, '02', 877001),
(12413, '02', 877002),
(12414, '02', 877003),
(12415, '02', 877004),
(12416, '02', 877005),
(12417, '02', 877006),
(12418, '02', 877007),
(12419, '02', 877008),
(12420, '02', 877009),
(12421, '02', 877010),
(12422, '02', 877011),
(12423, '02', 881001),
(12424, '02', 881002),
(12425, '02', 881003),
(12426, '02', 881004),
(12427, '02', 881005),
(12428, '02', 881006),
(12429, '02', 881007),
(12430, '02', 881008),
(12431, '02', 881009),
(12432, '02', 881010),
(12433, '02', 882002),
(12434, '02', 882005),
(12435, '02', 883002),
(12436, '02', 883003),
(12437, '02', 883004),
(12438, '02', 883005),
(12439, '02', 883006),
(12440, '02', 884001),
(12441, '02', 884002),
(12442, '02', 884003),
(12443, '02', 884004),
(12444, '02', 884005),
(12445, '02', 884006),
(12446, '02', 884007),
(12447, '02', 884008),
(12448, '02', 884009),
(12449, '02', 884010),
(12450, '02', 885001),
(12451, '02', 885002),
(12452, '02', 885003),
(12453, '02', 885004),
(12454, '02', 885005),
(12455, '02', 885006),
(12456, '02', 885007),
(12457, '02', 885008),
(12458, '02', 886001),
(12459, '02', 886002),
(12460, '02', 886003),
(12461, '02', 886004),
(12462, '02', 886006),
(12463, '02', 886007),
(12464, '02', 931001),
(12465, '02', 931002),
(12466, '02', 931003),
(12467, '02', 931004),
(12468, '02', 931005),
(12469, '02', 931006),
(12470, '02', 931007),
(12471, '02', 942001),
(12472, '02', 942002),
(12473, '02', 942003),
(12474, '02', 942004),
(12475, '02', 942005),
(12476, '02', 942006),
(12477, '02', 942007),
(12478, '02', 942008),
(12479, '02', 942009),
(12480, '02', 942010),
(12481, '02', 942011),
(12482, '02', 942012),
(12483, '02', 943001),
(12484, '02', 943002),
(12485, '02', 943003),
(12486, '02', 943004),
(12487, '02', 943005),
(12488, '02', 943006),
(12489, '02', 943007),
(12490, '02', 943008),
(12491, '02', 943009),
(12492, '02', 945001),
(12493, '02', 945002),
(12494, '02', 945003),
(12495, '02', 945008),
(12496, '02', 945009),
(12497, '02', 945010),
(12498, '02', 945013),
(12499, '02', 945014),
(12500, '02', 945017),
(12501, '02', 945019),
(12502, '02', 945020),
(12503, '02', 945022),
(12504, '02', 945023),
(12505, '02', 945024),
(12506, '02', 945032),
(12507, '02', 945034),
(12508, '02', 945035),
(12509, '02', 945036),
(12510, '02', 945038),
(12511, '02', 945039),
(12512, '02', 945040),
(12513, '02', 945041),
(12514, '02', 945042),
(12515, '02', 945043),
(12516, '02', 945044),
(12517, '02', 945045),
(12518, '02', 951001),
(12519, '02', 951002),
(12520, '02', 951003),
(12521, '02', 951004),
(12522, '02', 951005),
(12523, '02', 951006),
(12524, '02', 951007),
(12525, '02', 951008),
(12526, '02', 951009),
(12527, '02', 951010),
(12528, '02', 951011),
(12529, '02', 952001),
(12530, '02', 952002),
(12531, '02', 952003),
(12532, '02', 952004),
(12533, '02', 952005),
(12534, '02', 952006),
(12535, '02', 952007),
(12536, '02', 952008),
(12537, '02', 952009),
(12538, '02', 952010),
(12539, '02', 952011),
(12540, '02', 952012),
(12541, '02', 952013),
(12542, '02', 952014),
(12543, '02', 952015),
(12544, '02', 952016),
(12545, '02', 952017),
(12546, '02', 952018),
(12547, '02', 952019),
(12548, '02', 952020),
(12549, '02', 952021),
(12550, '02', 952022),
(12551, '02', 953001),
(12552, '02', 114001),
(12553, '02', 999001),
(4643, '03', 121001),
(4644, '03', 121002),
(4645, '03', 121003),
(4646, '03', 121004),
(4647, '03', 121005),
(4648, '03', 121006),
(4649, '03', 121007),
(4650, '03', 121008),
(4651, '03', 121009),
(4652, '03', 121010),
(4653, '03', 121011),
(4654, '03', 121012),
(4655, '03', 121013),
(4656, '03', 121014),
(4657, '03', 121015),
(4658, '03', 121016),
(4659, '03', 121017),
(4660, '03', 121020),
(4661, '03', 122001),
(4662, '03', 122002),
(4663, '03', 122003),
(4664, '03', 122004),
(4665, '03', 122005),
(4666, '03', 122006),
(4667, '03', 122008),
(4668, '03', 123001),
(4669, '03', 123002),
(4670, '03', 123003),
(4671, '03', 123004),
(4672, '03', 123006),
(4673, '03', 124001),
(4674, '03', 124002),
(4675, '03', 124003),
(4676, '03', 124004),
(4677, '03', 124005),
(4678, '03', 124006),
(4679, '03', 124007),
(4680, '03', 124008),
(4681, '03', 124009),
(4682, '03', 124010),
(4683, '03', 124011),
(4684, '03', 124013),
(4685, '03', 125001),
(4686, '03', 125002),
(4687, '03', 125003),
(4688, '03', 125004),
(4689, '03', 125005),
(4690, '03', 125006),
(4691, '03', 125007),
(4692, '03', 125008),
(4693, '03', 125009),
(4694, '03', 125010),
(4695, '03', 125012),
(4696, '03', 126001),
(4697, '03', 126002),
(4698, '03', 126003),
(4699, '03', 126004),
(4700, '03', 126005),
(4701, '03', 126006),
(4702, '03', 126007),
(4703, '03', 126008),
(4704, '03', 126009),
(4705, '03', 126010),
(4706, '03', 126012),
(4707, '03', 127001),
(4708, '03', 127002),
(4709, '03', 127003),
(4710, '03', 127004),
(4711, '03', 127005),
(4712, '03', 127006),
(4713, '03', 127007),
(4714, '03', 127008),
(4715, '03', 127009),
(4716, '03', 127010),
(4717, '03', 127011),
(4718, '03', 127012),
(4719, '03', 127013),
(4720, '03', 127014),
(4721, '03', 127015),
(4722, '03', 127016),
(4723, '03', 127017),
(4724, '03', 127018),
(4725, '03', 127019),
(4726, '03', 127020),
(4727, '03', 127021),
(4728, '03', 127022),
(4729, '03', 127023),
(4730, '03', 127024),
(4731, '03', 127025),
(4732, '03', 127026),
(4733, '03', 127027),
(4734, '03', 127028),
(4735, '03', 127029),
(4736, '03', 127030),
(4737, '03', 127031),
(4738, '03', 127032),
(4739, '03', 127033),
(4740, '03', 127034),
(4741, '03', 127035),
(4742, '03', 127036),
(4743, '03', 127037),
(4744, '03', 127038),
(4745, '03', 127040),
(4746, '03', 129004),
(4747, '03', 129005),
(4748, '03', 129006),
(4749, '03', 136001),
(4750, '03', 136002),
(4751, '03', 136003),
(4752, '03', 136004),
(4753, '03', 136005),
(4754, '03', 136007),
(4755, '03', 136008),
(4756, '03', 136010),
(4757, '03', 136012),
(4758, '03', 136013),
(4759, '03', 137005),
(4760, '03', 137006),
(4761, '03', 139010),
(4762, '03', 139011),
(4763, '03', 141001),
(4764, '03', 141002),
(4765, '03', 141003),
(4766, '03', 141004),
(4767, '03', 141005),
(4768, '03', 142001),
(4769, '03', 142002),
(4770, '03', 142003),
(4771, '03', 143001),
(4772, '03', 144003),
(4773, '03', 144004),
(4774, '03', 144005),
(4775, '03', 144006),
(4776, '03', 144007),
(4777, '03', 144008),
(4778, '03', 144009),
(4779, '03', 144010),
(4780, '03', 144011),
(4781, '03', 144012),
(4782, '03', 144013),
(4783, '03', 145005),
(4784, '03', 146001),
(4785, '03', 146002),
(4786, '03', 146003),
(4787, '03', 146004),
(4788, '03', 146005),
(4789, '03', 146006),
(4790, '03', 146007),
(4791, '03', 146008),
(4792, '03', 146009),
(4793, '03', 146010),
(4794, '03', 146011),
(4795, '03', 146012),
(4796, '03', 146013),
(4797, '03', 146014),
(4798, '03', 146015),
(4799, '03', 146016),
(4800, '03', 146017),
(4801, '03', 146018),
(4802, '03', 146019),
(4803, '03', 147001),
(4804, '03', 147002),
(4805, '03', 147003),
(4806, '03', 145003),
(4807, '03', 145004),
(4808, '03', 211001),
(4809, '03', 211002),
(4810, '03', 211003),
(4811, '03', 211004),
(4812, '03', 211005),
(4813, '03', 211006),
(4814, '03', 211007),
(4815, '03', 211008),
(4816, '03', 211009),
(4817, '03', 211010),
(4818, '03', 211011),
(4819, '03', 211012),
(4820, '03', 211013),
(4821, '03', 211014),
(4822, '03', 211015),
(4823, '03', 211016),
(4824, '03', 211017),
(4825, '03', 212001),
(4826, '03', 212002),
(4827, '03', 212003),
(4828, '03', 212004),
(4829, '03', 212005),
(4830, '03', 212006),
(4831, '03', 213001),
(4832, '03', 213002),
(4833, '03', 213003),
(4834, '03', 213004),
(4835, '03', 213005),
(4836, '03', 213006),
(4837, '03', 213007),
(4838, '03', 213008),
(4839, '03', 213009),
(4840, '03', 213010),
(4841, '03', 213011),
(4842, '03', 213012),
(4843, '03', 213013),
(4844, '03', 213014),
(4845, '03', 213015),
(4846, '03', 213016),
(4847, '03', 213017),
(4848, '03', 213018),
(4849, '03', 213019),
(4850, '03', 213020),
(4851, '03', 214001),
(4852, '03', 214002),
(4853, '03', 214003),
(4854, '03', 214004),
(4855, '03', 214005),
(4856, '03', 214006),
(4857, '03', 214007),
(4858, '03', 214008),
(4859, '03', 214009),
(4860, '03', 214010),
(4861, '03', 214011),
(4862, '03', 214012),
(4863, '03', 214013),
(4864, '03', 214014),
(4865, '03', 214015),
(4866, '03', 214016),
(4867, '03', 214017),
(4868, '03', 214018),
(4869, '03', 214019),
(4870, '03', 214020),
(4871, '03', 214021),
(4872, '03', 214022),
(4873, '03', 214023),
(4874, '03', 214024),
(4875, '03', 215001),
(4876, '03', 215002),
(4877, '03', 215003),
(4878, '03', 215004),
(4879, '03', 215005),
(4880, '03', 216001),
(4881, '03', 216002),
(4882, '03', 216003),
(4883, '03', 216004),
(4884, '03', 216005),
(4885, '03', 216006),
(4886, '03', 216007),
(4887, '03', 216008),
(4888, '03', 216009),
(4889, '03', 216010),
(4890, '03', 216011),
(4891, '03', 216012),
(4892, '03', 216013),
(4893, '03', 216014),
(4894, '03', 216015),
(4895, '03', 216016),
(4896, '03', 217001),
(4897, '03', 217002),
(4898, '03', 217003),
(4899, '03', 217004),
(4900, '03', 217005),
(4901, '03', 217006),
(4902, '03', 217007),
(4903, '03', 217008),
(4904, '03', 218001),
(4905, '03', 218002),
(4906, '03', 218003),
(4907, '03', 218004),
(4908, '03', 218005),
(4909, '03', 219001),
(4910, '03', 219002),
(4911, '03', 219003),
(4912, '03', 219004),
(4913, '03', 219005),
(4914, '03', 219006),
(4915, '03', 219007),
(4916, '03', 219008),
(4917, '03', 219009),
(4918, '03', 219010),
(4919, '03', 219011),
(4920, '03', 219012),
(4921, '03', 219013),
(4922, '03', 219014),
(4923, '03', 219015),
(4924, '03', 219016),
(4925, '03', 219017),
(4926, '03', 219018),
(4927, '03', 219019),
(4928, '03', 219020),
(4929, '03', 219021),
(4930, '03', 219022),
(4931, '03', 219023),
(4932, '03', 219024),
(4933, '03', 219025),
(4934, '03', 219026),
(4935, '03', 219027),
(4936, '03', 221001),
(4937, '03', 221002),
(4938, '03', 221003),
(4939, '03', 221004),
(4940, '03', 221005),
(4941, '03', 221006),
(4942, '03', 221007),
(4943, '03', 221008),
(4944, '03', 221009),
(4945, '03', 221010),
(4946, '03', 221011),
(4947, '03', 221012),
(4948, '03', 221013),
(4949, '03', 221014),
(4950, '03', 221015),
(4951, '03', 221016),
(4952, '03', 221017),
(4953, '03', 221018),
(4954, '03', 221019),
(4955, '03', 221020),
(4956, '03', 221021),
(4957, '03', 221022),
(4958, '03', 221023),
(4959, '03', 221024),
(4960, '03', 221025),
(4961, '03', 221026),
(4962, '03', 222001),
(4963, '03', 222002),
(4964, '03', 222003),
(4965, '03', 222004),
(4966, '03', 222005),
(4967, '03', 222006),
(4968, '03', 222007),
(4969, '03', 222008),
(4970, '03', 222009),
(4971, '03', 222010),
(4972, '03', 222011),
(4973, '03', 222012),
(4974, '03', 222013),
(4975, '03', 222014),
(4976, '03', 222015),
(4977, '03', 222016),
(4978, '03', 222017),
(4979, '03', 222018),
(4980, '03', 222019),
(4981, '03', 222020),
(4982, '03', 222021),
(4983, '03', 222022),
(4984, '03', 222023),
(4985, '03', 222024),
(4986, '03', 222025),
(4987, '03', 222026),
(4988, '03', 222027),
(4989, '03', 223001),
(4990, '03', 223002),
(4991, '03', 223003),
(4992, '03', 223004),
(4993, '03', 223005),
(4994, '03', 223006),
(4995, '03', 223007),
(4996, '03', 223008),
(4997, '03', 223009),
(4998, '03', 223010),
(4999, '03', 223011),
(5000, '03', 223012),
(5001, '03', 223013),
(5002, '03', 223014),
(5003, '03', 223015),
(5004, '03', 223016),
(5005, '03', 223017),
(5006, '03', 223018),
(5007, '03', 224001),
(5008, '03', 224002),
(5009, '03', 224003),
(5010, '03', 224004),
(5011, '03', 224005),
(5012, '03', 225001),
(5013, '03', 225002),
(5014, '03', 225003),
(5015, '03', 225004),
(5016, '03', 225005),
(5017, '03', 225006),
(5018, '03', 225007),
(5019, '03', 225008),
(5020, '03', 226001),
(5021, '03', 226002),
(5022, '03', 226003),
(5023, '03', 226004),
(5024, '03', 226005),
(5025, '03', 226006),
(5026, '03', 226007),
(5027, '03', 226008),
(5028, '03', 226009),
(5029, '03', 226010),
(5030, '03', 226011),
(5031, '03', 226012),
(5032, '03', 226013),
(5033, '03', 226014),
(5034, '03', 227001),
(5035, '03', 227002),
(5036, '03', 227003),
(5037, '03', 227004),
(5038, '03', 227005),
(5039, '03', 227006),
(5040, '03', 227007),
(5041, '03', 227008),
(5042, '03', 227009),
(5043, '03', 227010),
(5044, '03', 227011),
(5045, '03', 228001),
(5046, '03', 229001),
(5047, '03', 229002),
(5048, '03', 229003),
(5049, '03', 229004),
(5050, '03', 229005),
(5051, '03', 229006),
(5052, '03', 229007),
(5053, '03', 229008),
(5054, '03', 229009),
(5055, '03', 229010),
(5056, '03', 229011),
(5057, '03', 231001),
(5058, '03', 231002),
(5059, '03', 231003),
(5060, '03', 231004),
(5061, '03', 231005),
(5062, '03', 231006),
(5063, '03', 231007),
(5064, '03', 231008),
(5065, '03', 231009),
(5066, '03', 231010),
(5067, '03', 231011),
(5068, '03', 231012),
(5069, '03', 231013),
(5070, '03', 231014),
(5071, '03', 231015),
(5072, '03', 231016),
(5073, '03', 231017),
(5074, '03', 231018),
(5075, '03', 231019),
(5076, '03', 231020),
(5077, '03', 231021),
(5078, '03', 231022),
(5079, '03', 231023),
(5080, '03', 231024),
(5081, '03', 231025),
(5082, '03', 231026),
(5083, '03', 231027),
(5084, '03', 231028),
(5085, '03', 231029),
(5086, '03', 231030),
(5087, '03', 231031),
(5088, '03', 231032),
(5089, '03', 231033),
(5090, '03', 231034),
(5091, '03', 231035),
(5092, '03', 231036),
(5093, '03', 231037),
(5094, '03', 231038),
(5095, '03', 231039),
(5096, '03', 231040),
(5097, '03', 231041),
(5098, '03', 231042),
(5099, '03', 231043),
(5100, '03', 231044),
(5101, '03', 231045),
(5102, '03', 231046),
(5103, '03', 231047),
(5104, '03', 231048),
(5105, '03', 231049),
(5106, '03', 231050),
(5107, '03', 231051),
(5108, '03', 231052),
(5109, '03', 231053),
(5110, '03', 231054),
(5111, '03', 231055),
(5112, '03', 231056),
(5113, '03', 231057),
(5114, '03', 231058),
(5115, '03', 232001),
(5116, '03', 232002),
(5117, '03', 232003),
(5118, '03', 232004),
(5119, '03', 232005),
(5120, '03', 232006),
(5121, '03', 232007),
(5122, '03', 232008),
(5123, '03', 232009),
(5124, '03', 232010),
(5125, '03', 232011),
(5126, '03', 232012),
(5127, '03', 233001),
(5128, '03', 233002),
(5129, '03', 234001),
(5130, '03', 234002),
(5131, '03', 234003),
(5132, '03', 234004),
(5133, '03', 234005),
(5134, '03', 234006),
(5135, '03', 234007),
(5136, '03', 234008),
(5137, '03', 234009),
(5138, '03', 234010),
(5139, '03', 234011),
(5140, '03', 234012),
(5141, '03', 234013),
(5142, '03', 234014),
(5143, '03', 234015),
(5144, '03', 235001),
(5145, '03', 235002),
(5146, '03', 235003),
(5147, '03', 235004),
(5148, '03', 235005),
(5149, '03', 235006),
(5150, '03', 235007),
(5151, '03', 235008),
(5152, '03', 235009),
(5153, '03', 235010),
(5154, '03', 235011),
(5155, '03', 235012),
(5156, '03', 235013),
(5157, '03', 235014),
(5158, '03', 235015),
(5159, '03', 235016),
(5160, '03', 235017),
(5161, '03', 235018),
(5162, '03', 235019),
(5163, '03', 235020),
(5164, '03', 235021),
(5165, '03', 235022),
(5166, '03', 235023),
(5167, '03', 235024),
(5168, '03', 235025),
(5169, '03', 235026),
(5170, '03', 235027),
(5171, '03', 235028),
(5172, '03', 235029),
(5173, '03', 235030),
(5174, '03', 235031),
(5175, '03', 235032),
(5176, '03', 235033),
(5177, '03', 235034),
(5178, '03', 235035),
(5179, '03', 235036),
(5180, '03', 235037),
(5181, '03', 235038),
(5182, '03', 235039),
(5183, '03', 235040),
(5184, '03', 235041),
(5185, '03', 235042),
(5186, '03', 235043),
(5187, '03', 235044),
(5188, '03', 235045),
(5189, '03', 235046),
(5190, '03', 235047),
(5191, '03', 235048),
(5192, '03', 235049),
(5193, '03', 236001),
(5194, '03', 236002),
(5195, '03', 236003),
(5196, '03', 236004),
(5197, '03', 236005),
(5198, '03', 236006),
(5199, '03', 236007),
(5200, '03', 236008),
(5201, '03', 236009),
(5202, '03', 236010),
(5203, '03', 237001),
(5204, '03', 237002),
(5205, '03', 237003),
(5206, '03', 237004),
(5207, '03', 237005),
(5208, '03', 238001),
(5209, '03', 238002),
(5210, '03', 238003),
(5211, '03', 238004),
(5212, '03', 239001),
(5213, '03', 239002),
(5214, '03', 239003),
(5215, '03', 239004),
(5216, '03', 239005),
(5217, '03', 239006),
(5218, '03', 239007),
(5219, '03', 239008),
(5220, '03', 239009),
(5221, '03', 239010),
(5222, '03', 239011),
(5223, '03', 241001),
(5224, '03', 241002),
(5225, '03', 241003),
(5226, '03', 241004),
(5227, '03', 241005),
(5228, '03', 241006),
(5229, '03', 241007),
(5230, '03', 241008),
(5231, '03', 241009),
(5232, '03', 241010),
(5233, '03', 241011),
(5234, '03', 241012),
(5235, '03', 241013),
(5236, '03', 241014),
(5237, '03', 241015),
(5238, '03', 241016),
(5239, '03', 241017),
(5240, '03', 241018),
(5241, '03', 241019),
(5242, '03', 241020),
(5243, '03', 241021),
(5244, '03', 241022),
(5245, '03', 241023),
(5246, '03', 241024),
(5247, '03', 241025),
(5248, '03', 241026),
(5249, '03', 241027),
(5250, '03', 241028),
(5251, '03', 241029),
(5252, '03', 241030),
(5253, '03', 241031),
(5254, '03', 241032),
(5255, '03', 241033),
(5256, '03', 241034),
(5257, '03', 241035),
(5258, '03', 241036),
(5259, '03', 241037),
(5260, '03', 241038),
(5261, '03', 241039),
(5262, '03', 241040),
(5263, '03', 241041),
(5264, '03', 241042),
(5265, '03', 241043),
(5266, '03', 241044),
(5267, '03', 241045),
(5268, '03', 241046),
(5269, '03', 241047),
(5270, '03', 241048),
(5271, '03', 241049),
(5272, '03', 241050),
(5273, '03', 241051),
(5274, '03', 241052),
(5275, '03', 241053),
(5276, '03', 241054),
(5277, '03', 241055),
(5278, '03', 241056),
(5279, '03', 241057),
(5280, '03', 241058),
(5281, '03', 241059),
(5282, '03', 241060),
(5283, '03', 241061),
(5284, '03', 241062),
(5285, '03', 241063),
(5286, '03', 241064),
(5287, '03', 241065),
(5288, '03', 241066),
(5289, '03', 241067),
(5290, '03', 241068),
(5291, '03', 241069),
(5292, '03', 241070),
(5293, '03', 241071),
(5294, '03', 241072),
(5295, '03', 241073),
(5296, '03', 241074),
(5297, '03', 241075),
(5298, '03', 241076),
(5299, '03', 241077),
(5300, '03', 241078),
(5301, '03', 241079),
(5302, '03', 241080),
(5303, '03', 241081),
(5304, '03', 241082),
(5305, '03', 241083),
(5306, '03', 241084),
(5307, '03', 241085),
(5308, '03', 241086),
(5309, '03', 241087),
(5310, '03', 241088),
(5311, '03', 241089),
(5312, '03', 241090),
(5313, '03', 241091),
(5314, '03', 241092),
(5315, '03', 241093),
(5316, '03', 241094),
(5317, '03', 241095),
(5318, '03', 241096),
(5319, '03', 241097),
(5320, '03', 241098),
(5321, '03', 241099),
(5322, '03', 241100),
(5323, '03', 241101),
(5324, '03', 241102),
(5325, '03', 241103),
(5326, '03', 241104),
(5327, '03', 241105),
(5328, '03', 241106),
(5329, '03', 241107),
(5330, '03', 241108),
(5331, '03', 241109),
(5332, '03', 241110),
(5333, '03', 241111),
(5334, '03', 241112),
(5335, '03', 241113),
(5336, '03', 241114),
(5337, '03', 241115),
(5338, '03', 241116),
(5339, '03', 241117),
(5340, '03', 241118),
(5341, '03', 241119),
(5342, '03', 241120),
(5343, '03', 241121),
(5344, '03', 241122),
(5345, '03', 242001),
(5346, '03', 242002),
(5347, '03', 242003),
(5348, '03', 242004),
(5349, '03', 242005),
(5350, '03', 242006),
(5351, '03', 242007),
(5352, '03', 242008),
(5353, '03', 242009),
(5354, '03', 242010),
(5355, '03', 242011),
(5356, '03', 242012),
(5357, '03', 242013),
(5358, '03', 242014),
(5359, '03', 242015),
(5360, '03', 242016),
(5361, '03', 242017),
(5362, '03', 242018),
(5363, '03', 242019),
(5364, '03', 242020),
(5365, '03', 242021),
(5366, '03', 242022),
(5367, '03', 242023),
(5368, '03', 242024),
(5369, '03', 242025),
(5370, '03', 242026),
(5371, '03', 242027),
(5372, '03', 242028),
(5373, '03', 242029),
(5374, '03', 242030),
(5375, '03', 242031),
(5376, '03', 242032),
(5377, '03', 242033),
(5378, '03', 242034),
(5379, '03', 242035),
(5380, '03', 242036),
(5381, '03', 242037),
(5382, '03', 242038),
(5383, '03', 242039),
(5384, '03', 242040),
(5385, '03', 242041),
(5386, '03', 242042),
(5387, '03', 242043),
(5388, '03', 242044),
(5389, '03', 242045),
(5390, '03', 242046),
(5391, '03', 242047),
(5392, '03', 243001),
(5393, '03', 243002),
(5394, '03', 243003),
(5395, '03', 243004),
(5396, '03', 244001),
(5397, '03', 244002),
(5398, '03', 244003),
(5399, '03', 244004),
(5400, '03', 245001),
(5401, '03', 245002),
(5402, '03', 245003),
(5403, '03', 245004),
(5404, '03', 245005),
(5405, '03', 245006),
(5406, '03', 246001),
(5407, '03', 246002),
(5408, '03', 246003),
(5409, '03', 246004),
(5410, '03', 247001),
(5411, '03', 247002),
(5412, '03', 247003),
(5413, '03', 247004),
(5414, '03', 247005),
(5415, '03', 247006),
(5416, '03', 247007),
(5417, '03', 247008),
(5418, '03', 247009),
(5419, '03', 247010),
(5420, '03', 247011),
(5421, '03', 247012),
(5422, '03', 251001),
(5423, '03', 251002),
(5424, '03', 251003),
(5425, '03', 251004),
(5426, '03', 251005),
(5427, '03', 251006),
(5428, '03', 251007),
(5429, '03', 251008),
(5430, '03', 251009),
(5431, '03', 251010),
(5432, '03', 252001),
(5433, '03', 252002),
(5434, '03', 252003),
(5435, '03', 253001),
(5436, '03', 253002),
(5437, '03', 253003),
(5438, '03', 253004),
(5439, '03', 253005),
(5440, '03', 253006),
(5441, '03', 253007),
(5442, '03', 253008),
(5443, '03', 253009),
(5444, '03', 253010),
(5445, '03', 253011),
(5446, '03', 253012),
(5447, '03', 253013),
(5448, '03', 254001),
(5449, '03', 254002),
(5450, '03', 254003),
(5451, '03', 254004),
(5452, '03', 254005),
(5453, '03', 254006),
(5454, '03', 254007),
(5455, '03', 254008),
(5456, '03', 256001),
(5457, '03', 257001),
(5458, '03', 258001),
(5459, '03', 258002),
(5460, '03', 259003),
(5461, '03', 259004),
(5462, '03', 261001),
(5463, '03', 261002),
(5464, '03', 261003),
(5465, '03', 261004),
(5466, '03', 261005),
(5467, '03', 262001),
(5468, '03', 262002),
(5469, '03', 262003),
(5470, '03', 262004),
(5471, '03', 262005),
(5472, '03', 262006),
(5473, '03', 262007),
(5474, '03', 262008),
(5475, '03', 262009),
(5476, '03', 263001),
(5477, '03', 263002),
(5478, '03', 263003),
(5479, '03', 263004),
(5480, '03', 263005),
(5481, '03', 263006),
(5482, '03', 263007),
(5483, '03', 263008),
(5484, '03', 263009),
(5485, '03', 263010),
(5486, '03', 263011),
(5487, '03', 263012),
(5488, '03', 263013),
(5489, '03', 264001),
(5490, '03', 264002),
(5491, '03', 264003),
(5492, '03', 265001),
(5493, '03', 265002),
(5494, '03', 265003),
(5495, '03', 265004),
(5496, '03', 266001),
(5497, '03', 266002),
(5498, '03', 266003),
(5499, '03', 266004),
(5500, '03', 266005),
(5501, '03', 266006),
(5502, '03', 266007),
(5503, '03', 266008),
(5504, '03', 266009),
(5505, '03', 266010),
(5506, '03', 266011),
(5507, '03', 266012),
(5508, '03', 266013),
(5509, '03', 266014),
(5510, '03', 266015),
(5511, '03', 266016),
(5512, '03', 266017),
(5513, '03', 266018),
(5514, '03', 266019),
(5515, '03', 266020),
(5516, '03', 266021),
(5517, '03', 266022),
(5518, '03', 266023),
(5519, '03', 266024),
(5520, '03', 266025),
(5521, '03', 266026),
(5522, '03', 266027),
(5523, '03', 266028),
(5524, '03', 266029),
(5525, '03', 266030),
(5526, '03', 266031),
(5527, '03', 266032),
(5528, '03', 266033),
(5529, '03', 266034),
(5530, '03', 266035),
(5531, '03', 266036),
(5532, '03', 266037),
(5533, '03', 266038),
(5534, '03', 266039),
(5535, '03', 266040),
(5536, '03', 266041),
(5537, '03', 266042),
(5538, '03', 266043),
(5539, '03', 266044),
(5540, '03', 266045),
(5541, '03', 266046),
(5542, '03', 266047),
(5543, '03', 266048),
(5544, '03', 266049),
(5545, '03', 266050),
(5546, '03', 266051),
(5547, '03', 266052),
(5548, '03', 266053),
(5549, '03', 266054),
(5550, '03', 266055),
(5551, '03', 266056),
(5552, '03', 266057),
(5553, '03', 266058),
(5554, '03', 266059),
(5555, '03', 266060),
(5556, '03', 266061),
(5557, '03', 266062),
(5558, '03', 267001),
(5559, '03', 267002),
(5560, '03', 267003),
(5561, '03', 267004),
(5562, '03', 267005),
(5563, '03', 267006),
(5564, '03', 267007),
(5565, '03', 267008),
(5566, '03', 267009),
(5567, '03', 267010),
(5568, '03', 267011),
(5569, '03', 267012),
(5570, '03', 267013),
(5571, '03', 267014),
(5572, '03', 267015),
(5573, '03', 267016),
(5574, '03', 267017),
(5575, '03', 267018),
(5576, '03', 268001),
(5577, '03', 268002),
(5578, '03', 268003),
(5579, '03', 268004),
(5580, '03', 268005),
(5581, '03', 268006),
(5582, '03', 268007),
(5583, '03', 268008),
(5584, '03', 269001),
(5585, '03', 269002),
(5586, '03', 269003),
(5587, '03', 269004),
(5588, '03', 269005),
(5589, '03', 269006),
(5590, '03', 269007),
(5591, '03', 269008),
(5592, '03', 269009),
(5593, '03', 269010),
(5594, '03', 269011),
(5595, '03', 269012),
(5596, '03', 269013),
(5597, '03', 269014),
(5598, '03', 269015),
(5599, '03', 269016),
(5600, '03', 269017),
(5601, '03', 271026),
(5602, '03', 272026),
(5603, '03', 272027),
(5604, '03', 272033),
(5605, '03', 272040),
(5606, '03', 272042),
(5607, '03', 273007),
(5608, '03', 273008),
(5609, '03', 273009),
(5610, '03', 274009),
(5611, '03', 274010),
(5612, '03', 274012),
(5613, '03', 274013),
(5614, '03', 274014),
(5615, '03', 274020),
(5616, '03', 274022),
(5617, '03', 274023),
(5618, '03', 281001),
(5619, '03', 281002),
(5620, '03', 282001),
(5621, '03', 282002),
(5622, '03', 282003),
(5623, '03', 282004),
(5624, '03', 283001),
(5625, '03', 283002),
(5626, '03', 284001),
(5627, '03', 284002),
(5628, '03', 284003),
(5629, '03', 284004),
(5630, '03', 284005),
(5631, '03', 284006),
(5632, '03', 284007),
(5633, '03', 284008),
(5634, '03', 284009),
(5635, '03', 284010),
(5636, '03', 284011),
(5637, '03', 284012),
(5638, '03', 284013),
(5639, '03', 284014),
(5640, '03', 284015),
(5641, '03', 284016),
(5642, '03', 284017),
(5643, '03', 284018),
(5644, '03', 284019),
(5645, '03', 284020),
(5646, '03', 284021),
(5647, '03', 331001),
(5648, '03', 331002),
(5649, '03', 331003),
(5650, '03', 331004),
(5651, '03', 331006),
(5652, '03', 331007),
(5653, '03', 331008),
(5654, '03', 331009),
(5655, '03', 331010),
(5656, '03', 332001),
(5657, '03', 332013),
(5658, '03', 332014),
(5659, '03', 332021),
(5660, '03', 332022),
(5661, '03', 332023),
(5662, '03', 332024),
(5663, '03', 332025),
(5664, '03', 333002),
(5665, '03', 333003),
(5666, '03', 333004),
(5667, '03', 333005),
(5668, '03', 333006),
(5669, '03', 333007),
(5670, '03', 333008),
(5671, '03', 333009),
(5672, '03', 333010),
(5673, '03', 333011),
(5674, '03', 335005),
(5675, '03', 335006),
(5676, '03', 335007),
(5677, '03', 335008),
(5678, '03', 335009),
(5679, '03', 335010),
(5680, '03', 335011),
(5681, '03', 335012),
(5682, '03', 335013),
(5683, '03', 335014),
(5684, '03', 335015),
(5685, '03', 335016),
(5686, '03', 335017),
(5687, '03', 335018),
(5688, '03', 335019),
(5689, '03', 335020),
(5690, '03', 335021),
(5691, '03', 335022),
(5692, '03', 335023),
(5693, '03', 335024),
(5694, '03', 335025),
(5695, '03', 335026),
(5696, '03', 352001),
(5697, '03', 352002),
(5698, '03', 352003),
(5699, '03', 352004),
(5700, '03', 352005),
(5701, '03', 352006),
(5702, '03', 352007),
(5703, '03', 352008),
(5704, '03', 352009),
(5705, '03', 352010),
(5706, '03', 352011),
(5707, '03', 352012),
(5708, '03', 361001),
(5709, '03', 361002),
(5710, '03', 362001),
(5711, '03', 362002),
(5712, '03', 363001),
(5713, '03', 364001),
(5714, '03', 364002),
(5715, '03', 364003),
(5716, '03', 364004),
(5717, '03', 373001),
(5718, '03', 374001),
(5719, '03', 374002),
(5720, '03', 374003),
(5721, '03', 377001),
(5722, '03', 377008),
(5723, '03', 377009),
(5724, '03', 377010),
(5725, '03', 379011),
(5726, '03', 379012),
(5727, '03', 379013),
(5728, '03', 379014),
(5729, '03', 379015),
(5730, '03', 379016),
(5731, '03', 382001),
(5732, '03', 382002),
(5733, '03', 383001),
(5734, '03', 383002),
(5735, '03', 383003),
(5736, '03', 383004),
(5737, '03', 383005),
(5738, '03', 383006),
(5739, '03', 383007),
(5740, '03', 396003),
(5741, '03', 412001),
(5742, '03', 412002),
(5743, '03', 418001),
(5744, '03', 418002),
(5745, '03', 418003),
(5746, '03', 418004),
(5747, '03', 418005),
(5748, '03', 418006),
(5749, '03', 418007),
(5750, '03', 418008),
(5751, '03', 418009),
(5752, '03', 418010),
(5753, '03', 418011),
(5754, '03', 418012),
(5755, '03', 418013),
(5756, '03', 418014),
(5757, '03', 418015),
(5758, '03', 418016),
(5759, '03', 418017),
(5760, '03', 418018),
(5761, '03', 418019),
(5762, '03', 418020),
(5763, '03', 419003),
(5764, '03', 419004),
(5765, '03', 419005),
(5766, '03', 419006),
(5767, '03', 419007),
(5768, '03', 419008),
(5769, '03', 419009),
(5770, '03', 419010),
(5771, '03', 419011),
(5772, '03', 419012),
(5773, '03', 419013),
(5774, '03', 419014),
(5775, '03', 419015),
(5776, '03', 419016),
(5777, '03', 419017),
(5778, '03', 419018),
(5779, '03', 419019),
(5780, '03', 419020),
(5781, '03', 419021),
(5782, '03', 421002),
(5783, '03', 421003),
(5784, '03', 421004),
(5785, '03', 421005),
(5786, '03', 421006),
(5787, '03', 421007),
(5788, '03', 421008),
(5789, '03', 421009),
(5790, '03', 421010),
(5791, '03', 421011),
(5792, '03', 421012),
(5793, '03', 421013),
(5794, '03', 421014),
(5795, '03', 421015),
(5796, '03', 421016),
(5797, '03', 421017),
(5798, '03', 421018),
(5799, '03', 421019),
(5800, '03', 421020),
(5801, '03', 421021),
(5802, '03', 421022),
(5803, '03', 421023),
(5804, '03', 421024),
(5805, '03', 422001),
(5806, '03', 422002),
(5807, '03', 422003),
(5808, '03', 422004),
(5809, '03', 422005),
(5810, '03', 422006),
(5811, '03', 422007),
(5812, '03', 423001),
(5813, '03', 423002),
(5814, '03', 423003),
(5815, '03', 423004),
(5816, '03', 423005),
(5817, '03', 423006),
(5818, '03', 436002),
(5819, '03', 436003),
(5820, '03', 436004),
(5821, '03', 436005),
(5822, '03', 436006),
(5823, '03', 436007),
(5824, '03', 436008),
(5825, '03', 436009),
(5826, '03', 436010),
(5827, '03', 436011),
(5828, '03', 436012),
(5829, '03', 436013),
(5830, '03', 436014),
(5831, '03', 436015),
(5832, '03', 436016),
(5833, '03', 436017),
(5834, '03', 436018),
(5835, '03', 436019),
(5836, '03', 436020),
(5837, '03', 436021),
(5838, '03', 436022),
(5839, '03', 436023),
(5840, '03', 436024),
(5841, '03', 436025),
(5842, '03', 436026),
(5843, '03', 436027),
(5844, '03', 436028),
(5845, '03', 442004),
(5846, '03', 442005),
(5847, '03', 442006),
(5848, '03', 442007),
(5849, '03', 442008),
(5850, '03', 442009),
(5851, '03', 443003),
(5852, '03', 443004),
(5853, '03', 443011),
(5854, '03', 444002),
(5855, '03', 444003),
(5856, '03', 444004),
(5857, '03', 444005),
(5858, '03', 444006),
(5859, '03', 451014),
(5860, '03', 451015),
(5861, '03', 451016),
(5862, '03', 451017),
(5863, '03', 454001),
(5864, '03', 454002),
(5865, '03', 454003),
(5866, '03', 454004),
(5867, '03', 454005),
(5868, '03', 454006),
(5869, '03', 454007),
(5870, '03', 454008),
(5871, '03', 462002),
(5872, '03', 462003),
(5873, '03', 462004),
(5874, '03', 462005),
(5875, '03', 462006),
(5876, '03', 711001),
(5877, '03', 711002),
(5878, '03', 711003),
(5879, '03', 711004),
(5880, '03', 711005),
(5881, '03', 711006),
(5882, '03', 711007),
(5883, '03', 712008),
(5884, '03', 713001),
(5885, '03', 714001),
(5886, '03', 714002),
(5887, '03', 714010),
(5888, '03', 714011),
(5889, '03', 714012),
(5890, '03', 715001),
(5891, '03', 716008),
(5892, '03', 716009),
(5893, '03', 733003),
(5894, '03', 737005),
(5895, '03', 737006),
(5896, '03', 737007),
(5897, '03', 737008),
(5898, '03', 737009),
(5899, '03', 737010),
(5900, '03', 737011),
(5901, '03', 737012),
(5902, '03', 737013),
(5903, '03', 737014),
(5904, '03', 737015),
(5905, '03', 742014),
(5906, '03', 767018),
(5907, '03', 767019),
(5908, '03', 767020),
(5909, '03', 767021),
(5910, '03', 767022),
(5911, '03', 782001),
(5912, '03', 785006),
(5913, '03', 785007),
(5914, '03', 785025),
(5915, '03', 785026),
(5916, '03', 811017),
(5917, '03', 811018),
(5918, '03', 813001),
(5919, '03', 843004),
(5920, '03', 843005),
(5921, '03', 843006),
(5922, '03', 843007),
(5923, '03', 843008),
(5924, '03', 843009),
(5925, '03', 843010),
(5926, '03', 843011),
(5927, '03', 843012),
(5928, '03', 843013),
(5929, '03', 844018),
(5930, '03', 844019),
(5931, '03', 844020),
(5932, '03', 844021),
(5933, '03', 844022),
(5934, '03', 844023),
(5935, '03', 844024),
(5936, '03', 844025),
(5937, '03', 844026),
(5938, '03', 844027),
(5939, '03', 844028),
(5940, '03', 861001),
(5941, '03', 861002),
(5942, '03', 861003),
(5943, '03', 861004),
(5944, '03', 861005),
(5945, '03', 861006),
(5946, '03', 861007),
(5947, '03', 861008),
(5948, '03', 861009),
(5949, '03', 861010),
(5950, '03', 861011),
(5951, '03', 861012),
(5952, '03', 861013),
(5953, '03', 861014),
(5954, '03', 861015),
(5955, '03', 861016),
(5956, '03', 861017),
(5957, '03', 861018),
(5958, '03', 861019),
(5959, '03', 861020),
(5960, '03', 862001),
(5961, '03', 862002),
(5962, '03', 862003),
(5963, '03', 862004),
(5964, '03', 862005),
(5965, '03', 862006),
(5966, '03', 862007),
(5967, '03', 862008),
(5968, '03', 862010),
(5969, '03', 862011),
(5970, '03', 863001),
(5971, '03', 863002),
(5972, '03', 863003),
(5973, '03', 863004),
(5974, '03', 863005),
(5975, '03', 864001),
(5976, '03', 864002),
(5977, '03', 864003),
(5978, '03', 864004),
(5979, '03', 864005),
(5980, '03', 864006),
(5981, '03', 864007),
(5982, '03', 864008),
(5983, '03', 864009),
(5984, '03', 864010),
(5985, '03', 864011),
(5986, '03', 864012),
(5987, '03', 864013),
(5988, '03', 864014),
(5989, '03', 864015),
(5990, '03', 865001),
(5991, '03', 865002),
(5992, '03', 865003),
(5993, '03', 865004),
(5994, '03', 865005),
(5995, '03', 865006),
(5996, '03', 865007),
(5997, '03', 865008),
(5998, '03', 867001),
(5999, '03', 867002),
(6000, '03', 867003),
(6001, '03', 867004),
(6002, '03', 867005),
(6003, '03', 868001),
(6004, '03', 868004),
(6005, '03', 868005),
(6006, '03', 868006),
(6007, '03', 868007),
(6008, '03', 868008),
(6009, '03', 868010),
(6010, '03', 868011),
(6011, '03', 868012),
(6012, '03', 868013),
(6013, '03', 868014),
(6014, '03', 868015),
(6015, '03', 868016),
(6016, '03', 868017),
(6017, '03', 868019),
(6018, '03', 868020),
(6019, '03', 882001),
(6020, '03', 882003),
(6021, '03', 882004),
(6022, '03', 883001),
(6023, '03', 886005),
(6024, '03', 911001),
(6025, '03', 911002),
(6026, '03', 911003),
(6027, '03', 911004),
(6028, '03', 911005),
(6029, '03', 911006),
(6030, '03', 912001),
(6031, '03', 912002),
(6032, '03', 912003),
(6033, '03', 912004),
(6034, '03', 912005),
(6035, '03', 912006),
(6036, '03', 912007),
(6037, '03', 912008),
(6038, '03', 912009),
(6039, '03', 912010),
(6040, '03', 913001),
(6041, '03', 913002),
(6042, '03', 913003),
(6043, '03', 913004),
(6044, '03', 913005),
(6045, '03', 914001),
(6046, '03', 914002),
(6047, '03', 914003),
(6048, '03', 914004),
(6049, '03', 915001),
(6050, '03', 915002),
(6051, '03', 915003),
(6052, '03', 915004),
(6053, '03', 916001),
(6054, '03', 916002),
(6055, '03', 916003),
(6056, '03', 917001),
(6057, '03', 917002),
(6058, '03', 917003),
(6059, '03', 917004),
(6060, '03', 917005),
(6061, '03', 917006),
(6062, '03', 917007),
(6063, '03', 917008),
(6064, '03', 918001),
(6065, '03', 918002),
(6066, '03', 919001),
(6067, '03', 919002),
(6068, '03', 919003),
(6069, '03', 919004),
(6070, '03', 919005),
(6071, '03', 921001),
(6072, '03', 921002),
(6073, '03', 921003),
(6074, '03', 922001),
(6075, '03', 922002),
(6076, '03', 922003),
(6077, '03', 922004),
(6078, '03', 922005),
(6079, '03', 922006),
(6080, '03', 923001),
(6081, '03', 923002),
(6082, '03', 923003),
(6083, '03', 923004),
(6084, '03', 923005),
(6085, '03', 923006),
(6086, '03', 924001),
(6087, '03', 924002),
(6088, '03', 924003),
(6089, '03', 925001),
(6090, '03', 925002),
(6091, '03', 925003),
(6092, '03', 925004),
(6093, '03', 925005),
(6094, '03', 925006),
(6095, '03', 926001),
(6096, '03', 926002),
(6097, '03', 927001),
(6098, '03', 927002),
(6099, '03', 927003),
(6100, '03', 927004),
(6101, '03', 927005),
(6102, '03', 927006),
(6103, '03', 927007),
(6104, '03', 941001),
(6105, '03', 941002),
(6106, '03', 941003),
(6107, '03', 941004),
(6108, '03', 941005),
(6109, '03', 941006),
(6110, '03', 941007),
(6111, '03', 941008),
(6112, '03', 941009),
(6113, '03', 941011),
(6114, '03', 941014),
(6115, '03', 941015),
(6116, '03', 941016),
(6117, '03', 941017),
(6118, '03', 941018),
(6119, '03', 941019),
(6120, '03', 941020),
(6121, '03', 941021),
(6122, '03', 941022),
(6123, '03', 941023),
(6124, '03', 944001),
(6125, '03', 944002),
(6126, '03', 944003),
(6127, '03', 944004),
(6128, '03', 944005),
(6129, '03', 944006),
(6130, '03', 945004),
(6131, '03', 945005),
(6132, '03', 945006),
(6133, '03', 945011),
(6134, '03', 945012),
(6135, '03', 945015),
(6136, '03', 945016),
(6137, '03', 945018),
(6138, '03', 945021),
(6139, '03', 945025),
(6140, '03', 945026),
(6141, '03', 945027),
(6142, '03', 945028),
(6143, '03', 945029),
(6144, '03', 945031),
(6145, '03', 945033),
(6146, '03', 945037),
(6147, '03', 945046),
(6148, '03', 945047),
(6149, '03', 961001),
(6150, '03', 961002),
(6151, '03', 961003),
(6152, '03', 961004),
(6153, '03', 961005),
(6154, '03', 961006),
(6155, '03', 961007),
(6156, '03', 961008),
(6157, '03', 961009),
(6158, '03', 971001),
(6159, '03', 971002),
(6160, '03', 971003),
(6161, '03', 971004),
(6162, '03', 971005),
(6163, '03', 971006),
(6164, '03', 971007),
(6165, '03', 971008),
(6166, '03', 971009),
(6167, '03', 971010),
(6168, '03', 971011),
(6169, '03', 971012),
(6170, '03', 971013),
(6171, '03', 971014),
(6172, '03', 971015),
(6173, '03', 971016),
(6174, '03', 971017),
(6175, '03', 971018),
(6176, '03', 971019),
(6177, '03', 971020),
(6178, '03', 971021),
(6179, '03', 971022),
(6180, '03', 971023),
(6181, '03', 971024),
(6182, '03', 971025),
(6183, '03', 971026),
(6184, '03', 971027),
(6185, '03', 971028),
(6186, '03', 971029),
(6187, '03', 971030),
(6188, '03', 971031),
(6189, '03', 971032),
(6190, '03', 971033),
(6191, '03', 971034),
(6192, '03', 971035),
(6193, '03', 971036),
(6194, '03', 971037),
(6195, '03', 971038),
(6196, '03', 971039),
(6197, '03', 971040),
(6198, '03', 971041),
(6199, '03', 971042),
(6200, '03', 971043),
(6201, '03', 971044),
(6202, '03', 971045),
(6203, '03', 971046),
(6204, '03', 971047),
(6205, '03', 971048),
(6206, '03', 971049),
(6207, '03', 971050),
(6208, '03', 971051),
(6209, '03', 971052),
(6210, '03', 971053),
(6211, '03', 971054),
(6212, '03', 971055),
(6213, '03', 971056),
(6214, '03', 971057),
(6215, '03', 971058),
(6216, '03', 971059),
(6217, '03', 971060),
(6218, '03', 971061),
(6219, '03', 971062),
(6220, '03', 971063),
(6221, '03', 971064),
(6222, '03', 971065),
(6223, '03', 971066),
(6224, '03', 971067),
(6225, '03', 971068),
(6226, '03', 971069),
(6227, '03', 971070),
(6228, '03', 971071),
(6229, '03', 971072),
(6230, '03', 971073),
(6231, '03', 971074),
(6232, '03', 971075),
(6233, '03', 971076),
(6234, '03', 971077),
(6235, '03', 971078),
(6236, '03', 972001),
(6237, '03', 972002),
(6238, '03', 973001),
(6239, '03', 973002),
(6240, '03', 973003),
(6241, '03', 973004),
(6242, '03', 973005),
(6243, '03', 973006),
(6244, '03', 981001),
(6245, '03', 981002),
(6246, '03', 981003),
(6247, '03', 981004),
(6248, '03', 981005),
(6249, '03', 981006),
(6250, '03', 981007),
(6251, '03', 981008),
(6252, '03', 981009),
(6253, '03', 981010),
(6254, '03', 981011),
(6255, '03', 982001),
(6256, '03', 982002),
(6257, '03', 982003),
(6258, '03', 982004),
(6259, '03', 982005),
(6260, '03', 982006),
(6261, '03', 982007),
(6262, '03', 982008),
(6263, '03', 982009),
(6264, '03', 982010),
(6265, '03', 982011),
(6266, '03', 982012),
(6267, '03', 982013),
(6268, '03', 982014),
(6269, '03', 982015),
(6270, '03', 982016),
(6271, '03', 982017),
(6272, '03', 982018),
(6273, '03', 983001),
(6274, '03', 983002),
(6275, '03', 983003),
(6276, '03', 983004),
(6277, '03', 983005),
(6278, '03', 984001),
(6279, '03', 984002),
(6280, '03', 984003),
(6281, '03', 984004),
(6282, '03', 984005),
(6283, '03', 984006),
(6284, '03', 984007),
(6285, '03', 984008),
(6286, '03', 984009),
(6287, '03', 984010),
(6288, '03', 984011),
(6289, '03', 984012),
(6290, '03', 984013),
(6291, '03', 984014),
(6292, '03', 984015),
(6293, '03', 984016),
(6294, '03', 984017),
(6295, '03', 984018),
(6296, '03', 984019),
(6297, '03', 984020),
(6298, '03', 984021),
(6299, '03', 984022),
(6300, '03', 984023),
(6301, '03', 984024),
(6302, '03', 985001),
(6303, '03', 985002),
(6304, '03', 985003),
(6305, '03', 985004),
(6306, '03', 985005),
(6307, '03', 985006),
(6308, '03', 985007),
(6309, '03', 986001),
(6310, '03', 986002),
(6311, '03', 986003),
(6312, '03', 986004),
(6313, '03', 986005),
(6314, '03', 986006),
(6315, '03', 986007),
(6316, '03', 986008),
(6317, '03', 986009),
(6318, '03', 986010),
(6319, '03', 986011),
(6320, '03', 986012),
(6321, '03', 986013),
(6322, '03', 986014),
(6323, '03', 986015),
(6324, '03', 986016),
(6325, '03', 986017),
(6326, '03', 986018),
(6327, '03', 986019),
(6328, '03', 987001),
(6329, '03', 987002),
(6330, '03', 987003),
(6331, '03', 987004),
(6332, '03', 987005),
(6333, '03', 987006),
(6334, '03', 987007),
(6335, '03', 987008),
(6336, '03', 987009),
(6337, '03', 987010),
(6338, '03', 987011),
(6339, '03', 987012),
(6340, '03', 987013),
(6341, '03', 987014),
(6342, '03', 987015),
(6343, '03', 987016),
(6344, '03', 987017),
(6345, '03', 987018),
(6346, '03', 987019),
(6347, '03', 987020),
(6348, '03', 987021),
(6349, '03', 987022),
(6350, '03', 987023),
(6351, '03', 987024),
(6352, '03', 987025),
(6353, '03', 121018),
(6354, '03', 121019),
(6355, '03', 121021),
(6356, '03', 122007),
(6357, '03', 122009),
(6358, '03', 123005),
(6359, '03', 123007),
(6360, '03', 124012),
(6361, '03', 124014),
(6362, '03', 125011),
(6363, '03', 125013),
(6364, '03', 126011),
(6365, '03', 126013),
(6366, '03', 127039),
(6367, '03', 127041),
(6368, '03', 128001),
(6369, '03', 128002),
(6370, '03', 128003),
(6371, '03', 129001),
(6372, '03', 129003),
(6373, '03', 129007),
(6374, '03', 129008),
(6375, '03', 131001),
(6376, '03', 132001),
(6377, '03', 132002),
(6378, '03', 132003),
(6379, '03', 132004),
(6380, '03', 132005),
(6381, '03', 132006),
(6382, '03', 132007),
(6383, '03', 133001),
(6384, '03', 133002),
(6385, '03', 134001),
(6386, '03', 134002),
(6387, '03', 134003),
(6388, '03', 134004),
(6389, '03', 134005),
(6390, '03', 134006),
(6391, '03', 134007),
(6392, '03', 134008),
(6393, '03', 135001),
(6394, '03', 135002),
(6395, '03', 135003),
(6396, '03', 135004),
(6397, '03', 135005),
(6398, '03', 135006),
(6399, '03', 135007),
(6400, '03', 135008),
(6401, '03', 135009),
(6402, '03', 135010),
(6403, '03', 135011),
(6404, '03', 135012),
(6405, '03', 135013),
(6406, '03', 135014),
(6407, '03', 135015),
(6408, '03', 135016),
(6409, '03', 135017),
(6410, '03', 135018),
(6411, '03', 136006),
(6412, '03', 136009),
(6413, '03', 136011),
(6414, '03', 137001),
(6415, '03', 137002),
(6416, '03', 137003),
(6417, '03', 137004),
(6418, '03', 138001),
(6419, '03', 138002),
(6420, '03', 138003),
(6421, '03', 138004),
(6422, '03', 138005),
(6423, '03', 139001),
(6424, '03', 139002),
(6425, '03', 139003),
(6426, '03', 139004),
(6427, '03', 139005),
(6428, '03', 139006),
(6429, '03', 139007),
(6430, '03', 139008),
(6431, '03', 139009),
(6432, '03', 144001),
(6433, '03', 144002),
(6434, '03', 145001),
(6435, '03', 145002),
(6436, '03', 148001),
(6437, '03', 148002),
(6438, '03', 148003),
(6439, '03', 148004),
(6440, '03', 148005),
(6441, '03', 148006),
(6442, '03', 148007),
(6443, '03', 148008),
(6444, '03', 148009),
(6445, '03', 148010),
(6446, '03', 254009),
(6447, '03', 255011),
(6448, '03', 274011),
(6449, '03', 274015),
(6450, '03', 274016),
(6451, '03', 283003),
(6452, '03', 332002),
(6453, '03', 332003),
(6454, '03', 332004),
(6455, '03', 332005),
(6456, '03', 332006),
(6457, '03', 332007),
(6458, '03', 332008),
(6459, '03', 332009),
(6460, '03', 332010),
(6461, '03', 332011),
(6462, '03', 332012),
(6463, '03', 332027),
(6464, '03', 333001),
(6465, '03', 411001),
(6466, '03', 411002),
(6467, '03', 411003),
(6468, '03', 411004),
(6469, '03', 411005),
(6470, '03', 411006),
(6471, '03', 411008),
(6472, '03', 413012),
(6473, '03', 431001),
(6474, '03', 432003),
(6475, '03', 432004),
(6476, '03', 433001),
(6477, '03', 434001),
(6478, '03', 434002),
(6479, '03', 435001),
(6480, '03', 441001),
(6481, '03', 441002),
(6482, '03', 441003),
(6483, '03', 441004),
(6484, '03', 129009),
(6485, '03', 259001),
(6486, '03', 259002),
(6487, '03', 269018),
(6488, '03', 269019),
(6489, '03', 271001),
(6490, '03', 271002),
(6491, '03', 271003),
(6492, '03', 271004),
(6493, '03', 271005),
(6494, '03', 271006),
(6495, '03', 271007),
(6496, '03', 271008),
(6497, '03', 271009),
(6498, '03', 271010),
(6499, '03', 271011),
(6500, '03', 271012),
(6501, '03', 271013),
(6502, '03', 271014),
(6503, '03', 271015),
(6504, '03', 271016),
(6505, '03', 271017),
(6506, '03', 271018),
(6507, '03', 271019),
(6508, '03', 271020),
(6509, '03', 271021),
(6510, '03', 271022),
(6511, '03', 271023),
(6512, '03', 271024),
(6513, '03', 271025),
(6514, '03', 271027),
(6515, '03', 271028),
(6516, '03', 271029),
(6517, '03', 272001),
(6518, '03', 272002),
(6519, '03', 272003),
(6520, '03', 272004),
(6521, '03', 272005),
(6522, '03', 272006),
(6523, '03', 272007),
(6524, '03', 272008),
(6525, '03', 272009),
(6526, '03', 272010),
(6527, '03', 272011),
(6528, '03', 272012),
(6529, '03', 272013),
(6530, '03', 272014),
(6531, '03', 272015),
(6532, '03', 272016),
(6533, '03', 272017),
(6534, '03', 272018),
(6535, '03', 272019),
(6536, '03', 272020),
(6537, '03', 272021),
(6538, '03', 272022),
(6539, '03', 272023),
(6540, '03', 272024),
(6541, '03', 272025),
(6542, '03', 272028),
(6543, '03', 272029),
(6544, '03', 272030),
(6545, '03', 272031),
(6546, '03', 272032),
(6547, '03', 272034),
(6548, '03', 272035),
(6549, '03', 272036),
(6550, '03', 272037),
(6551, '03', 272038),
(6552, '03', 272039),
(6553, '03', 272041),
(6554, '03', 272043),
(6555, '03', 272044),
(6556, '03', 272045),
(6557, '03', 272046),
(6558, '03', 272047),
(6559, '03', 273001),
(6560, '03', 273002),
(6561, '03', 273003),
(6562, '03', 273004),
(6563, '03', 273005),
(6564, '03', 273006),
(6565, '03', 274001),
(6566, '03', 274002),
(6567, '03', 274003),
(6568, '03', 274004),
(6569, '03', 274005),
(6570, '03', 274006),
(6571, '03', 274007),
(6572, '03', 274008),
(6573, '03', 274017),
(6574, '03', 274018),
(6575, '03', 274019),
(6576, '03', 274021),
(6577, '03', 274024),
(6578, '03', 274025),
(6579, '03', 311001),
(6580, '03', 311002),
(6581, '03', 311003),
(6582, '03', 311004),
(6583, '03', 311005),
(6584, '03', 311006),
(6585, '03', 311007),
(6586, '03', 311008),
(6587, '03', 311009),
(6588, '03', 311010),
(6589, '03', 312001),
(6590, '03', 312002),
(6591, '03', 312003),
(6592, '03', 312004),
(6593, '03', 312005),
(6594, '03', 312006),
(6595, '03', 312007),
(6596, '03', 312008),
(6597, '03', 312009),
(6598, '03', 312010),
(6599, '03', 312011),
(6600, '03', 312012),
(6601, '03', 312013),
(6602, '03', 312014),
(6603, '03', 313001),
(6604, '03', 313002),
(6605, '03', 313003),
(6606, '03', 313004),
(6607, '03', 313005),
(6608, '03', 313006),
(6609, '03', 313007),
(6610, '03', 313008),
(6611, '03', 313009),
(6612, '03', 313010),
(6613, '03', 313011),
(6614, '03', 313012),
(6615, '03', 313013),
(6616, '03', 313014),
(6617, '03', 313015),
(6618, '03', 313016),
(6619, '03', 313017),
(6620, '03', 314001),
(6621, '03', 314002),
(6622, '03', 314003),
(6623, '03', 314004),
(6624, '03', 314005),
(6625, '03', 314006),
(6626, '03', 314007),
(6627, '03', 314008),
(6628, '03', 314009),
(6629, '03', 314010),
(6630, '03', 314011);
INSERT INTO `c_ocupaciones_ocupaciones_p` (`id_c_ocupacion_ocupacion_p`, `cod_categorias_ocupacionales`, `cod_ocupacion_p`) VALUES
(6631, '03', 314012),
(6632, '03', 314013),
(6633, '03', 314014),
(6634, '03', 314015),
(6635, '03', 314016),
(6636, '03', 314017),
(6637, '03', 314018),
(6638, '03', 314019),
(6639, '03', 314020),
(6640, '03', 314021),
(6641, '03', 314022),
(6642, '03', 314023),
(6643, '03', 314024),
(6644, '03', 314025),
(6645, '03', 314026),
(6646, '03', 315001),
(6647, '03', 315002),
(6648, '03', 315003),
(6649, '03', 315004),
(6650, '03', 315005),
(6651, '03', 315006),
(6652, '03', 315007),
(6653, '03', 315008),
(6654, '03', 315009),
(6655, '03', 315010),
(6656, '03', 315011),
(6657, '03', 316001),
(6658, '03', 316002),
(6659, '03', 316003),
(6660, '03', 316004),
(6661, '03', 316005),
(6662, '03', 316006),
(6663, '03', 316007),
(6664, '03', 316008),
(6665, '03', 316009),
(6666, '03', 316010),
(6667, '03', 316011),
(6668, '03', 316012),
(6669, '03', 316013),
(6670, '03', 316014),
(6671, '03', 316015),
(6672, '03', 316016),
(6673, '03', 317001),
(6674, '03', 317002),
(6675, '03', 317003),
(6676, '03', 317004),
(6677, '03', 317005),
(6678, '03', 317006),
(6679, '03', 317007),
(6680, '03', 317008),
(6681, '03', 317009),
(6682, '03', 317010),
(6683, '03', 317011),
(6684, '03', 317012),
(6685, '03', 317013),
(6686, '03', 317014),
(6687, '03', 317015),
(6688, '03', 317016),
(6689, '03', 317017),
(6690, '03', 317018),
(6691, '03', 317019),
(6692, '03', 317020),
(6693, '03', 317021),
(6694, '03', 318001),
(6695, '03', 318002),
(6696, '03', 318003),
(6697, '03', 318004),
(6698, '03', 318005),
(6699, '03', 318006),
(6700, '03', 318007),
(6701, '03', 318008),
(6702, '03', 318009),
(6703, '03', 318010),
(6704, '03', 318011),
(6705, '03', 318012),
(6706, '03', 318013),
(6707, '03', 318014),
(6708, '03', 318015),
(6709, '03', 318016),
(6710, '03', 319001),
(6711, '03', 319002),
(6712, '03', 319003),
(6713, '03', 319004),
(6714, '03', 319005),
(6715, '03', 319006),
(6716, '03', 319007),
(6717, '03', 319008),
(6718, '03', 319009),
(6719, '03', 319010),
(6720, '03', 319011),
(6721, '03', 319012),
(6722, '03', 321001),
(6723, '03', 321002),
(6724, '03', 321003),
(6725, '03', 321004),
(6726, '03', 321005),
(6727, '03', 322001),
(6728, '03', 322002),
(6729, '03', 322003),
(6730, '03', 322004),
(6731, '03', 322005),
(6732, '03', 322006),
(6733, '03', 322007),
(6734, '03', 322008),
(6735, '03', 322009),
(6736, '03', 322010),
(6737, '03', 322011),
(6738, '03', 322012),
(6739, '03', 322013),
(6740, '03', 322014),
(6741, '03', 322015),
(6742, '03', 322016),
(6743, '03', 322017),
(6744, '03', 322018),
(6745, '03', 322019),
(6746, '03', 322020),
(6747, '03', 322021),
(6748, '03', 322022),
(6749, '03', 322023),
(6750, '03', 322024),
(6751, '03', 322025),
(6752, '03', 322026),
(6753, '03', 322027),
(6754, '03', 322028),
(6755, '03', 322029),
(6756, '03', 322030),
(6757, '03', 322031),
(6758, '03', 322032),
(6759, '03', 322033),
(6760, '03', 322034),
(6761, '03', 322035),
(6762, '03', 322036),
(6763, '03', 322037),
(6764, '03', 322038),
(6765, '03', 322039),
(6766, '03', 322040),
(6767, '03', 322041),
(6768, '03', 322042),
(6769, '03', 322043),
(6770, '03', 322044),
(6771, '03', 323001),
(6772, '03', 323002),
(6773, '03', 323003),
(6774, '03', 323004),
(6775, '03', 323005),
(6776, '03', 323006),
(6777, '03', 323007),
(6778, '03', 323008),
(6779, '03', 323009),
(6780, '03', 323010),
(6781, '03', 323011),
(6782, '03', 323012),
(6783, '03', 323013),
(6784, '03', 323014),
(6785, '03', 323015),
(6786, '03', 323016),
(6787, '03', 323017),
(6788, '03', 323018),
(6789, '03', 323019),
(6790, '03', 323020),
(6791, '03', 323021),
(6792, '03', 323022),
(6793, '03', 323023),
(6794, '03', 323024),
(6795, '03', 323025),
(6796, '03', 323026),
(6797, '03', 323027),
(6798, '03', 323028),
(6799, '03', 324001),
(6800, '03', 324002),
(6801, '03', 324003),
(6802, '03', 324004),
(6803, '03', 324005),
(6804, '03', 324006),
(6805, '03', 324007),
(6806, '03', 331005),
(6807, '03', 332015),
(6808, '03', 332016),
(6809, '03', 332017),
(6810, '03', 332018),
(6811, '03', 332019),
(6812, '03', 332020),
(6813, '03', 332026),
(6814, '03', 334001),
(6815, '03', 334002),
(6816, '03', 335001),
(6817, '03', 335002),
(6818, '03', 335003),
(6819, '03', 335004),
(6820, '03', 335027),
(6821, '03', 335028),
(6822, '03', 335029),
(6823, '03', 335030),
(6824, '03', 335031),
(6825, '03', 335032),
(6826, '03', 341001),
(6827, '03', 341002),
(6828, '03', 341003),
(6829, '03', 341004),
(6830, '03', 341005),
(6831, '03', 341006),
(6832, '03', 341007),
(6833, '03', 341008),
(6834, '03', 341009),
(6835, '03', 341010),
(6836, '03', 341011),
(6837, '03', 341012),
(6838, '03', 341013),
(6839, '03', 341014),
(6840, '03', 341015),
(6841, '03', 341016),
(6842, '03', 341017),
(6843, '03', 341018),
(6844, '03', 341019),
(6845, '03', 341020),
(6846, '03', 342001),
(6847, '03', 342002),
(6848, '03', 342003),
(6849, '03', 342004),
(6850, '03', 342005),
(6851, '03', 342006),
(6852, '03', 342007),
(6853, '03', 342008),
(6854, '03', 342009),
(6855, '03', 342010),
(6856, '03', 342011),
(6857, '03', 342012),
(6858, '03', 342013),
(6859, '03', 342014),
(6860, '03', 342015),
(6861, '03', 342016),
(6862, '03', 343001),
(6863, '03', 343002),
(6864, '03', 343003),
(6865, '03', 343004),
(6866, '03', 343005),
(6867, '03', 343006),
(6868, '03', 344001),
(6869, '03', 344002),
(6870, '03', 345001),
(6871, '03', 345002),
(6872, '03', 345003),
(6873, '03', 345004),
(6874, '03', 345005),
(6875, '03', 346001),
(6876, '03', 346002),
(6877, '03', 346003),
(6878, '03', 346004),
(6879, '03', 347001),
(6880, '03', 347002),
(6881, '03', 347003),
(6882, '03', 347004),
(6883, '03', 347005),
(6884, '03', 348001),
(6885, '03', 348002),
(6886, '03', 348003),
(6887, '03', 348004),
(6888, '03', 348005),
(6889, '03', 348006),
(6890, '03', 348007),
(6891, '03', 348008),
(6892, '03', 348009),
(6893, '03', 348010),
(6894, '03', 348011),
(6895, '03', 348012),
(6896, '03', 348013),
(6897, '03', 348014),
(6898, '03', 348015),
(6899, '03', 349001),
(6900, '03', 349002),
(6901, '03', 349003),
(6902, '03', 349004),
(6903, '03', 349005),
(6904, '03', 349006),
(6905, '03', 351001),
(6906, '03', 351002),
(6907, '03', 351003),
(6908, '03', 351004),
(6909, '03', 352013),
(6910, '03', 352014),
(6911, '03', 353001),
(6912, '03', 353002),
(6913, '03', 353003),
(6914, '03', 353004),
(6915, '03', 354001),
(6916, '03', 354002),
(6917, '03', 354003),
(6918, '03', 354004),
(6919, '03', 354005),
(6920, '03', 354006),
(6921, '03', 354007),
(6922, '03', 354008),
(6923, '03', 355001),
(6924, '03', 355002),
(6925, '03', 355003),
(6926, '03', 355004),
(6927, '03', 356001),
(6928, '03', 356002),
(6929, '03', 364005),
(6930, '03', 364006),
(6931, '03', 365001),
(6932, '03', 365002),
(6933, '03', 365003),
(6934, '03', 365004),
(6935, '03', 365005),
(6936, '03', 366001),
(6937, '03', 366002),
(6938, '03', 366003),
(6939, '03', 366004),
(6940, '03', 366005),
(6941, '03', 366006),
(6942, '03', 367001),
(6943, '03', 367002),
(6944, '03', 371001),
(6945, '03', 371002),
(6946, '03', 371003),
(6947, '03', 371004),
(6948, '03', 371005),
(6949, '03', 372001),
(6950, '03', 372002),
(6951, '03', 372003),
(6952, '03', 372004),
(6953, '03', 372005),
(6954, '03', 372006),
(6955, '03', 373002),
(6956, '03', 373003),
(6957, '03', 373004),
(6958, '03', 373005),
(6959, '03', 374004),
(6960, '03', 374005),
(6961, '03', 374006),
(6962, '03', 375001),
(6963, '03', 375002),
(6964, '03', 375003),
(6965, '03', 375004),
(6966, '03', 375005),
(6967, '03', 375006),
(6968, '03', 375007),
(6969, '03', 375008),
(6970, '03', 375009),
(6971, '03', 375010),
(6972, '03', 375011),
(6973, '03', 375012),
(6974, '03', 375013),
(6975, '03', 375014),
(6976, '03', 375015),
(6977, '03', 375016),
(6978, '03', 375017),
(6979, '03', 375018),
(6980, '03', 375019),
(6981, '03', 375020),
(6982, '03', 376001),
(6983, '03', 376002),
(6984, '03', 376003),
(6985, '03', 376004),
(6986, '03', 376005),
(6987, '03', 376006),
(6988, '03', 376007),
(6989, '03', 376008),
(6990, '03', 376009),
(6991, '03', 376010),
(6992, '03', 376011),
(6993, '03', 376012),
(6994, '03', 376013),
(6995, '03', 376014),
(6996, '03', 376015),
(6997, '03', 378001),
(6998, '03', 378002),
(6999, '03', 378003),
(7000, '03', 379001),
(7001, '03', 379002),
(7002, '03', 379003),
(7003, '03', 379004),
(7004, '03', 379005),
(7005, '03', 379006),
(7006, '03', 379007),
(7007, '03', 379008),
(7008, '03', 379009),
(7009, '03', 379010),
(7010, '03', 379017),
(7011, '03', 379018),
(7012, '03', 379019),
(7013, '03', 381001),
(7014, '03', 381002),
(7015, '03', 381003),
(7016, '03', 381004),
(7017, '03', 381005),
(7018, '03', 381006),
(7019, '03', 381007),
(7020, '03', 381008),
(7021, '03', 381009),
(7022, '03', 381010),
(7023, '03', 381011),
(7024, '03', 381012),
(7025, '03', 381013),
(7026, '03', 381014),
(7027, '03', 381015),
(7028, '03', 382003),
(7029, '03', 391001),
(7030, '03', 391002),
(7031, '03', 391003),
(7032, '03', 391004),
(7033, '03', 391005),
(7034, '03', 391006),
(7035, '03', 391007),
(7036, '03', 391008),
(7037, '03', 391009),
(7038, '03', 391010),
(7039, '03', 391011),
(7040, '03', 391012),
(7041, '03', 391013),
(7042, '03', 391014),
(7043, '03', 391015),
(7044, '03', 391016),
(7045, '03', 391017),
(7046, '03', 391018),
(7047, '03', 391019),
(7048, '03', 391020),
(7049, '03', 391021),
(7050, '03', 391022),
(7051, '03', 391023),
(7052, '03', 391024),
(7053, '03', 391025),
(7054, '03', 391026),
(7055, '03', 391027),
(7056, '03', 391028),
(7057, '03', 391029),
(7058, '03', 391030),
(7059, '03', 391031),
(7060, '03', 391032),
(7061, '03', 391033),
(7062, '03', 392001),
(7063, '03', 392002),
(7064, '03', 392003),
(7065, '03', 392004),
(7066, '03', 392005),
(7067, '03', 392006),
(7068, '03', 392007),
(7069, '03', 392008),
(7070, '03', 392009),
(7071, '03', 393001),
(7072, '03', 393002),
(7073, '03', 393003),
(7074, '03', 393004),
(7075, '03', 393005),
(7076, '03', 393006),
(7077, '03', 393007),
(7078, '03', 393008),
(7079, '03', 393009),
(7080, '03', 393010),
(7081, '03', 393011),
(7082, '03', 393012),
(7083, '03', 393013),
(7084, '03', 393014),
(7085, '03', 393015),
(7086, '03', 393016),
(7087, '03', 393017),
(7088, '03', 393018),
(7089, '03', 393019),
(7090, '03', 393020),
(7091, '03', 393021),
(7092, '03', 393022),
(7093, '03', 393023),
(7094, '03', 393024),
(7095, '03', 393025),
(7096, '03', 393026),
(7097, '03', 393027),
(7098, '03', 393028),
(7099, '03', 393029),
(7100, '03', 393030),
(7101, '03', 394001),
(7102, '03', 394002),
(7103, '03', 394003),
(7104, '03', 394004),
(7105, '03', 394005),
(7106, '03', 394006),
(7107, '03', 394007),
(7108, '03', 394008),
(7109, '03', 394009),
(7110, '03', 394010),
(7111, '03', 394011),
(7112, '03', 394012),
(7113, '03', 394013),
(7114, '03', 394014),
(7115, '03', 394015),
(7116, '03', 394016),
(7117, '03', 394017),
(7118, '03', 394018),
(7119, '03', 394019),
(7120, '03', 394020),
(7121, '03', 394021),
(7122, '03', 394022),
(7123, '03', 394023),
(7124, '03', 394024),
(7125, '03', 394025),
(7126, '03', 394026),
(7127, '03', 394027),
(7128, '03', 394028),
(7129, '03', 394029),
(7130, '03', 395001),
(7131, '03', 395002),
(7132, '03', 395003),
(7133, '03', 395004),
(7134, '03', 395005),
(7135, '03', 395006),
(7136, '03', 395007),
(7137, '03', 395008),
(7138, '03', 395009),
(7139, '03', 395010),
(7140, '03', 396001),
(7141, '03', 396004),
(7142, '03', 396005),
(7143, '03', 396007),
(7144, '03', 411009),
(7145, '03', 413001),
(7146, '03', 413002),
(7147, '03', 413003),
(7148, '03', 413004),
(7149, '03', 413005),
(7150, '03', 413006),
(7151, '03', 413007),
(7152, '03', 413008),
(7153, '03', 413009),
(7154, '03', 413010),
(7155, '03', 413011),
(7156, '03', 413014),
(7157, '03', 413015),
(7158, '03', 413016),
(7159, '03', 413017),
(7160, '03', 413018),
(7161, '03', 413019),
(7162, '03', 413020),
(7163, '03', 413021),
(7164, '03', 414001),
(7165, '03', 414002),
(7166, '03', 414003),
(7167, '03', 414004),
(7168, '03', 414005),
(7169, '03', 415001),
(7170, '03', 415002),
(7171, '03', 415003),
(7172, '03', 415004),
(7173, '03', 415005),
(7174, '03', 415006),
(7175, '03', 415007),
(7176, '03', 415008),
(7177, '03', 415009),
(7178, '03', 415010),
(7179, '03', 415011),
(7180, '03', 415012),
(7181, '03', 415013),
(7182, '03', 415014),
(7183, '03', 416001),
(7184, '03', 416002),
(7185, '03', 416003),
(7186, '03', 416004),
(7187, '03', 416005),
(7188, '03', 416006),
(7189, '03', 416007),
(7190, '03', 416008),
(7191, '03', 416009),
(7192, '03', 417001),
(7193, '03', 417002),
(7194, '03', 417003),
(7195, '03', 418021),
(7196, '03', 419001),
(7197, '03', 419002),
(7198, '03', 421001),
(7199, '03', 423007),
(7200, '03', 423008),
(7201, '03', 423009),
(7202, '03', 423010),
(7203, '03', 423011),
(7204, '03', 423012),
(7205, '03', 423013),
(7206, '03', 423014),
(7207, '03', 423015),
(7208, '03', 432001),
(7209, '03', 432002),
(7210, '03', 435002),
(7211, '03', 435003),
(7212, '03', 435004),
(7213, '03', 436001),
(7214, '03', 436029),
(7215, '03', 436030),
(7216, '03', 436031),
(7217, '03', 436032),
(7218, '03', 436033),
(7219, '03', 436034),
(7220, '03', 436035),
(7221, '03', 436036),
(7222, '03', 442001),
(7223, '03', 442002),
(7224, '03', 442003),
(7225, '03', 443001),
(7226, '03', 443002),
(7227, '03', 443005),
(7228, '03', 443006),
(7229, '03', 443007),
(7230, '03', 443008),
(7231, '03', 443009),
(7232, '03', 443010),
(7233, '03', 444001),
(7234, '03', 451001),
(7235, '03', 451002),
(7236, '03', 451003),
(7237, '03', 451004),
(7238, '03', 451005),
(7239, '03', 451006),
(7240, '03', 451007),
(7241, '03', 451008),
(7242, '03', 451009),
(7243, '03', 451010),
(7244, '03', 451011),
(7245, '03', 451012),
(7246, '03', 451013),
(7247, '03', 451018),
(7248, '03', 451019),
(7249, '03', 451020),
(7250, '03', 451021),
(7251, '03', 452001),
(7252, '03', 452002),
(7253, '03', 453001),
(7254, '03', 453002),
(7255, '03', 453003),
(7256, '03', 453004),
(7257, '03', 453005),
(7258, '03', 453006),
(7259, '03', 453007),
(7260, '03', 453008),
(7261, '03', 453009),
(7262, '03', 454009),
(7263, '03', 454010),
(7264, '03', 454011),
(7265, '03', 454012),
(7266, '03', 454013),
(7267, '03', 455001),
(7268, '03', 455002),
(7269, '03', 455003),
(7270, '03', 456001),
(7271, '03', 456002),
(7272, '03', 461001),
(7273, '03', 461002),
(7274, '03', 461003),
(7275, '03', 461004),
(7276, '03', 461005),
(7277, '03', 462001),
(7278, '03', 462007),
(7279, '03', 511001),
(7280, '03', 511002),
(7281, '03', 511003),
(7282, '03', 511004),
(7283, '03', 511005),
(7284, '03', 511006),
(7285, '03', 511007),
(7286, '03', 511008),
(7287, '03', 511009),
(7288, '03', 512001),
(7289, '03', 512002),
(7290, '03', 512003),
(7291, '03', 512004),
(7292, '03', 512005),
(7293, '03', 512006),
(7294, '03', 512007),
(7295, '03', 512008),
(7296, '03', 512009),
(7297, '03', 512010),
(7298, '03', 512011),
(7299, '03', 512012),
(7300, '03', 512013),
(7301, '03', 512014),
(7302, '03', 512015),
(7303, '03', 512016),
(7304, '03', 512017),
(7305, '03', 521001),
(7306, '03', 521002),
(7307, '03', 521003),
(7308, '03', 521004),
(7309, '03', 521005),
(7310, '03', 521006),
(7311, '03', 522001),
(7312, '03', 522002),
(7313, '03', 522003),
(7314, '03', 522004),
(7315, '03', 522005),
(7316, '03', 523001),
(7317, '03', 523002),
(7318, '03', 523003),
(7319, '03', 531001),
(7320, '03', 531002),
(7321, '03', 531003),
(7322, '03', 531004),
(7323, '03', 531005),
(7324, '03', 531006),
(7325, '03', 531007),
(7326, '03', 531008),
(7327, '03', 531009),
(7328, '03', 531010),
(7329, '03', 531011),
(7330, '03', 531012),
(7331, '03', 541001),
(7332, '03', 541002),
(7333, '03', 541003),
(7334, '03', 541004),
(7335, '03', 541005),
(7336, '03', 541006),
(7337, '03', 541007),
(7338, '03', 541008),
(7339, '03', 541009),
(7340, '03', 541010),
(7341, '03', 541011),
(7342, '03', 541012),
(7343, '03', 541013),
(7344, '03', 541014),
(7345, '03', 541015),
(7346, '03', 551001),
(7347, '03', 551002),
(7348, '03', 551003),
(7349, '03', 551004),
(7350, '03', 551005),
(7351, '03', 551006),
(7352, '03', 552001),
(7353, '03', 552002),
(7354, '03', 552003),
(7355, '03', 552004),
(7356, '03', 552005),
(7357, '03', 552006),
(7358, '03', 552007),
(7359, '03', 553001),
(7360, '03', 553002),
(7361, '03', 553003),
(7362, '03', 553004),
(7363, '03', 553005),
(7364, '03', 553006),
(7365, '03', 553007),
(7366, '03', 561001),
(7367, '03', 561002),
(7368, '03', 561003),
(7369, '03', 561004),
(7370, '03', 561006),
(7371, '03', 562001),
(7372, '03', 562002),
(7373, '03', 562003),
(7374, '03', 563001),
(7375, '03', 563002),
(7376, '03', 563003),
(7377, '03', 563004),
(7378, '03', 564001),
(7379, '03', 564002),
(7380, '03', 564003),
(7381, '03', 564004),
(7382, '03', 564005),
(7383, '03', 565001),
(7384, '03', 571001),
(7385, '03', 571002),
(7386, '03', 571003),
(7387, '03', 571004),
(7388, '03', 571005),
(7389, '03', 571006),
(7390, '03', 572001),
(7391, '03', 572002),
(7392, '03', 572003),
(7393, '03', 572004),
(7394, '03', 572005),
(7395, '03', 572006),
(7396, '03', 572007),
(7397, '03', 572008),
(7398, '03', 572009),
(7399, '03', 572010),
(7400, '03', 572011),
(7401, '03', 572012),
(7402, '03', 572013),
(7403, '03', 572014),
(7404, '03', 572015),
(7405, '03', 572016),
(7406, '03', 572017),
(7407, '03', 572018),
(7408, '03', 572019),
(7409, '03', 572020),
(7410, '03', 572021),
(7411, '03', 572022),
(7412, '03', 572023),
(7413, '03', 572024),
(7414, '03', 572025),
(7415, '03', 572026),
(7416, '03', 572027),
(7417, '03', 572028),
(7418, '03', 572029),
(7419, '03', 572030),
(7420, '03', 572031),
(7421, '03', 572032),
(7422, '03', 572033),
(7423, '03', 572034),
(7424, '03', 572035),
(7425, '03', 572036),
(7426, '03', 572037),
(7427, '03', 572038),
(7428, '03', 572039),
(7429, '03', 572040),
(7430, '03', 572041),
(7431, '03', 572042),
(7432, '03', 573001),
(7433, '03', 573002),
(7434, '03', 574001),
(7435, '03', 574002),
(7436, '03', 575001),
(7437, '03', 575002),
(7438, '03', 581001),
(7439, '03', 581002),
(7440, '03', 582001),
(7441, '03', 582002),
(7442, '03', 583001),
(7443, '03', 611001),
(7444, '03', 611002),
(7445, '03', 611003),
(7446, '03', 611004),
(7447, '03', 612001),
(7448, '03', 612002),
(7449, '03', 612003),
(7450, '03', 612004),
(7451, '03', 612005),
(7452, '03', 612006),
(7453, '03', 612007),
(7454, '03', 612008),
(7455, '03', 612009),
(7456, '03', 612010),
(7457, '03', 612011),
(7458, '03', 612012),
(7459, '03', 612013),
(7460, '03', 612014),
(7461, '03', 612015),
(7462, '03', 612016),
(7463, '03', 612017),
(7464, '03', 612018),
(7465, '03', 612019),
(7466, '03', 612020),
(7467, '03', 612021),
(7468, '03', 612022),
(7469, '03', 612023),
(7470, '03', 612024),
(7471, '03', 612025),
(7472, '03', 612026),
(7473, '03', 612027),
(7474, '03', 612028),
(7475, '03', 612029),
(7476, '03', 612030),
(7477, '03', 612031),
(7478, '03', 612032),
(7479, '03', 612033),
(7480, '03', 612034),
(7481, '03', 612035),
(7482, '03', 613001),
(7483, '03', 613002),
(7484, '03', 613003),
(7485, '03', 613004),
(7486, '03', 613005),
(7487, '03', 613006),
(7488, '03', 613007),
(7489, '03', 613008),
(7490, '03', 613009),
(7491, '03', 613010),
(7492, '03', 613011),
(7493, '03', 613012),
(7494, '03', 613013),
(7495, '03', 613014),
(7496, '03', 613015),
(7497, '03', 613016),
(7498, '03', 613017),
(7499, '03', 613018),
(7500, '03', 613019),
(7501, '03', 613020),
(7502, '03', 613021),
(7503, '03', 613022),
(7504, '03', 613023),
(7505, '03', 613024),
(7506, '03', 613025),
(7507, '03', 613026),
(7508, '03', 613027),
(7509, '03', 613028),
(7510, '03', 613029),
(7511, '03', 613030),
(7512, '03', 613031),
(7513, '03', 613032),
(7514, '03', 613033),
(7515, '03', 613034),
(7516, '03', 613035),
(7517, '03', 613036),
(7518, '03', 613037),
(7519, '03', 613038),
(7520, '03', 613039),
(7521, '03', 613040),
(7522, '03', 613041),
(7523, '03', 613042),
(7524, '03', 613043),
(7525, '03', 613044),
(7526, '03', 614001),
(7527, '03', 614002),
(7528, '03', 614003),
(7529, '03', 614004),
(7530, '03', 614005),
(7531, '03', 614006),
(7532, '03', 614007),
(7533, '03', 614008),
(7534, '03', 614009),
(7535, '03', 614010),
(7536, '03', 614011),
(7537, '03', 614012),
(7538, '03', 614013),
(7539, '03', 614014),
(7540, '03', 614015),
(7541, '03', 614016),
(7542, '03', 614017),
(7543, '03', 614018),
(7544, '03', 614019),
(7545, '03', 615001),
(7546, '03', 615002),
(7547, '03', 615003),
(7548, '03', 615004),
(7549, '03', 615005),
(7550, '03', 615006),
(7551, '03', 615007),
(7552, '03', 615008),
(7553, '03', 616001),
(7554, '03', 616002),
(7555, '03', 616003),
(7556, '03', 616004),
(7557, '03', 616005),
(7558, '03', 616006),
(7559, '03', 616007),
(7560, '03', 616008),
(7561, '03', 616009),
(7562, '03', 616010),
(7563, '03', 616011),
(7564, '03', 616012),
(7565, '03', 616013),
(7566, '03', 616014),
(7567, '03', 616015),
(7568, '03', 616016),
(7569, '03', 616017),
(7570, '03', 616018),
(7571, '03', 616019),
(7572, '03', 616020),
(7573, '03', 616021),
(7574, '03', 616022),
(7575, '03', 616023),
(7576, '03', 616024),
(7577, '03', 616025),
(7578, '03', 616026),
(7579, '03', 617001),
(7580, '03', 617002),
(7581, '03', 617003),
(7582, '03', 617004),
(7583, '03', 621001),
(7584, '03', 621002),
(7585, '03', 621003),
(7586, '03', 621004),
(7587, '03', 621005),
(7588, '03', 621006),
(7589, '03', 621007),
(7590, '03', 621008),
(7591, '03', 621009),
(7592, '03', 621010),
(7593, '03', 621011),
(7594, '03', 621012),
(7595, '03', 621013),
(7596, '03', 621014),
(7597, '03', 621015),
(7598, '03', 621016),
(7599, '03', 621017),
(7600, '03', 621018),
(7601, '03', 621019),
(7602, '03', 621020),
(7603, '03', 621021),
(7604, '03', 621022),
(7605, '03', 621023),
(7606, '03', 621024),
(7607, '03', 621025),
(7608, '03', 621026),
(7609, '03', 621027),
(7610, '03', 621028),
(7611, '03', 621029),
(7612, '03', 621030),
(7613, '03', 621031),
(7614, '03', 622001),
(7615, '03', 622002),
(7616, '03', 623001),
(7617, '03', 623002),
(7618, '03', 623003),
(7619, '03', 623004),
(7620, '03', 623005),
(7621, '03', 623006),
(7622, '03', 623007),
(7623, '03', 623008),
(7624, '03', 623009),
(7625, '03', 623010),
(7626, '03', 623011),
(7627, '03', 623012),
(7628, '03', 623013),
(7629, '03', 623014),
(7630, '03', 623015),
(7631, '03', 623016),
(7632, '03', 624001),
(7633, '03', 624002),
(7634, '03', 624003),
(7635, '03', 624004),
(7636, '03', 624005),
(7637, '03', 625001),
(7638, '03', 625002),
(7639, '03', 625003),
(7640, '03', 625004),
(7641, '03', 625005),
(7642, '03', 625006),
(7643, '03', 625007),
(7644, '03', 625008),
(7645, '03', 625009),
(7646, '03', 625010),
(7647, '03', 625011),
(7648, '03', 625012),
(7649, '03', 625013),
(7650, '03', 625014),
(7651, '03', 625015),
(7652, '03', 625016),
(7653, '03', 625017),
(7654, '03', 631001),
(7655, '03', 631002),
(7656, '03', 631003),
(7657, '03', 631004),
(7658, '03', 631005),
(7659, '03', 631006),
(7660, '03', 631007),
(7661, '03', 631008),
(7662, '03', 631009),
(7663, '03', 631010),
(7664, '03', 632001),
(7665, '03', 632002),
(7666, '03', 632003),
(7667, '03', 632004),
(7668, '03', 632005),
(7669, '03', 632006),
(7670, '03', 632007),
(7671, '03', 632008),
(7672, '03', 632009),
(7673, '03', 632010),
(7674, '03', 633001),
(7675, '03', 633002),
(7676, '03', 633003),
(7677, '03', 633004),
(7678, '03', 633005),
(7679, '03', 633006),
(7680, '03', 633007),
(7681, '03', 633008),
(7682, '03', 633009),
(7683, '03', 634001),
(7684, '03', 634002),
(7685, '03', 634003),
(7686, '03', 634004),
(7687, '03', 635001),
(7688, '03', 635002),
(7689, '03', 635003),
(7690, '03', 635004),
(7691, '03', 635005),
(7692, '03', 635006),
(7693, '03', 635007),
(7694, '03', 635008),
(7695, '03', 636001),
(7696, '03', 636002),
(7697, '03', 636003),
(7698, '03', 636004),
(7699, '03', 636005),
(7700, '03', 636006),
(7701, '03', 636007),
(7702, '03', 637008),
(7703, '03', 641001),
(7704, '03', 641002),
(7705, '03', 641003),
(7706, '03', 641004),
(7707, '03', 711008),
(7708, '03', 711009),
(7709, '03', 711010),
(7710, '03', 711011),
(7711, '03', 711012),
(7712, '03', 711013),
(7713, '03', 711014),
(7714, '03', 711015),
(7715, '03', 711016),
(7716, '03', 711017),
(7717, '03', 711018),
(7718, '03', 711019),
(7719, '03', 711020),
(7720, '03', 711021),
(7721, '03', 711022),
(7722, '03', 711023),
(7723, '03', 711024),
(7724, '03', 711025),
(7725, '03', 711026),
(7726, '03', 711027),
(7727, '03', 711028),
(7728, '03', 711029),
(7729, '03', 711030),
(7730, '03', 711031),
(7731, '03', 711032),
(7732, '03', 711033),
(7733, '03', 711034),
(7734, '03', 711035),
(7735, '03', 711036),
(7736, '03', 711037),
(7737, '03', 711038),
(7738, '03', 711039),
(7739, '03', 711040),
(7740, '03', 711041),
(7741, '03', 711042),
(7742, '03', 711043),
(7743, '03', 711044),
(7744, '03', 711045),
(7745, '03', 711046),
(7746, '03', 711047),
(7747, '03', 711048),
(7748, '03', 711049),
(7749, '03', 711050),
(7750, '03', 711051),
(7751, '03', 711052),
(7752, '03', 711053),
(7753, '03', 711054),
(7754, '03', 711055),
(7755, '03', 711056),
(7756, '03', 711057),
(7757, '03', 711058),
(7758, '03', 712001),
(7759, '03', 712002),
(7760, '03', 712003),
(7761, '03', 712004),
(7762, '03', 712005),
(7763, '03', 712006),
(7764, '03', 712007),
(7765, '03', 712009),
(7766, '03', 712010),
(7767, '03', 712011),
(7768, '03', 712012),
(7769, '03', 712013),
(7770, '03', 712014),
(7771, '03', 712015),
(7772, '03', 712016),
(7773, '03', 712017),
(7774, '03', 712018),
(7775, '03', 712019),
(7776, '03', 713002),
(7777, '03', 713003),
(7778, '03', 713004),
(7779, '03', 713005),
(7780, '03', 713006),
(7781, '03', 713007),
(7782, '03', 713008),
(7783, '03', 713009),
(7784, '03', 713010),
(7785, '03', 713011),
(7786, '03', 713012),
(7787, '03', 713013),
(7788, '03', 713014),
(7789, '03', 713015),
(7790, '03', 713016),
(7791, '03', 714003),
(7792, '03', 714004),
(7793, '03', 714005),
(7794, '03', 714006),
(7795, '03', 714007),
(7796, '03', 714008),
(7797, '03', 714009),
(7798, '03', 715002),
(7799, '03', 715003),
(7800, '03', 715004),
(7801, '03', 715005),
(7802, '03', 715006),
(7803, '03', 715007),
(7804, '03', 715008),
(7805, '03', 715009),
(7806, '03', 715010),
(7807, '03', 716001),
(7808, '03', 716002),
(7809, '03', 716003),
(7810, '03', 716004),
(7811, '03', 716005),
(7812, '03', 716006),
(7813, '03', 716007),
(7814, '03', 717001),
(7815, '03', 717002),
(7816, '03', 717003),
(7817, '03', 717004),
(7818, '03', 717005),
(7819, '03', 717006),
(7820, '03', 717007),
(7821, '03', 717008),
(7822, '03', 717009),
(7823, '03', 717010),
(7824, '03', 718001),
(7825, '03', 718002),
(7826, '03', 718003),
(7827, '03', 718004),
(7828, '03', 718005),
(7829, '03', 718006),
(7830, '03', 718007),
(7831, '03', 718008),
(7832, '03', 718009),
(7833, '03', 718010),
(7834, '03', 718011),
(7835, '03', 718012),
(7836, '03', 718013),
(7837, '03', 718014),
(7838, '03', 718015),
(7839, '03', 718016),
(7840, '03', 718017),
(7841, '03', 718018),
(7842, '03', 718019),
(7843, '03', 718020),
(7844, '03', 718021),
(7845, '03', 718022),
(7846, '03', 718023),
(7847, '03', 718024),
(7848, '03', 718025),
(7849, '03', 718026),
(7850, '03', 718027),
(7851, '03', 719001),
(7852, '03', 719002),
(7853, '03', 719003),
(7854, '03', 719004),
(7855, '03', 719005),
(7856, '03', 719006),
(7857, '03', 719007),
(7858, '03', 719008),
(7859, '03', 719009),
(7860, '03', 721001),
(7861, '03', 721002),
(7862, '03', 721003),
(7863, '03', 722001),
(7864, '03', 722002),
(7865, '03', 722003),
(7866, '03', 722004),
(7867, '03', 722005),
(7868, '03', 722006),
(7869, '03', 722007),
(7870, '03', 722008),
(7871, '03', 722009),
(7872, '03', 722010),
(7873, '03', 722011),
(7874, '03', 722012),
(7875, '03', 722013),
(7876, '03', 722014),
(7877, '03', 723001),
(7878, '03', 723002),
(7879, '03', 723003),
(7880, '03', 723004),
(7881, '03', 723005),
(7882, '03', 723006),
(7883, '03', 723007),
(7884, '03', 723008),
(7885, '03', 723009),
(7886, '03', 723010),
(7887, '03', 723011),
(7888, '03', 723012),
(7889, '03', 723013),
(7890, '03', 723014),
(7891, '03', 723015),
(7892, '03', 724001),
(7893, '03', 724002),
(7894, '03', 724003),
(7895, '03', 724004),
(7896, '03', 724005),
(7897, '03', 724006),
(7898, '03', 724007),
(7899, '03', 724008),
(7900, '03', 724009),
(7901, '03', 724010),
(7902, '03', 724011),
(7903, '03', 724012),
(7904, '03', 731001),
(7905, '03', 731002),
(7906, '03', 731003),
(7907, '03', 731004),
(7908, '03', 731005),
(7909, '03', 731006),
(7910, '03', 732001),
(7911, '03', 732002),
(7912, '03', 732003),
(7913, '03', 732004),
(7914, '03', 732005),
(7915, '03', 732006),
(7916, '03', 732007),
(7917, '03', 732008),
(7918, '03', 732009),
(7919, '03', 732010),
(7920, '03', 732011),
(7921, '03', 732012),
(7922, '03', 732013),
(7923, '03', 732014),
(7924, '03', 733001),
(7925, '03', 733002),
(7926, '03', 733004),
(7927, '03', 733005),
(7928, '03', 733006),
(7929, '03', 733007),
(7930, '03', 733008),
(7931, '03', 734001),
(7932, '03', 734002),
(7933, '03', 734003),
(7934, '03', 734004),
(7935, '03', 734005),
(7936, '03', 734006),
(7937, '03', 734007),
(7938, '03', 734008),
(7939, '03', 734009),
(7940, '03', 734010),
(7941, '03', 735001),
(7942, '03', 735002),
(7943, '03', 735003),
(7944, '03', 735004),
(7945, '03', 735005),
(7946, '03', 735006),
(7947, '03', 735007),
(7948, '03', 735008),
(7949, '03', 735009),
(7950, '03', 736001),
(7951, '03', 736002),
(7952, '03', 737001),
(7953, '03', 737003),
(7954, '03', 737004),
(7955, '03', 737016),
(7956, '03', 737017),
(7957, '03', 737018),
(7958, '03', 737019),
(7959, '03', 737020),
(7960, '03', 737021),
(7961, '03', 737022),
(7962, '03', 741001),
(7963, '03', 741002),
(7964, '03', 741003),
(7965, '03', 741004),
(7966, '03', 741005),
(7967, '03', 741006),
(7968, '03', 741007),
(7969, '03', 741008),
(7970, '03', 741009),
(7971, '03', 741010),
(7972, '03', 741011),
(7973, '03', 741012),
(7974, '03', 741013),
(7975, '03', 741014),
(7976, '03', 741015),
(7977, '03', 741016),
(7978, '03', 741017),
(7979, '03', 741018),
(7980, '03', 741019),
(7981, '03', 741020),
(7982, '03', 741021),
(7983, '03', 741022),
(7984, '03', 742001),
(7985, '03', 742002),
(7986, '03', 742003),
(7987, '03', 742004),
(7988, '03', 742005),
(7989, '03', 742006),
(7990, '03', 742007),
(7991, '03', 742008),
(7992, '03', 742009),
(7993, '03', 742010),
(7994, '03', 742011),
(7995, '03', 742012),
(7996, '03', 742013),
(7997, '03', 743001),
(7998, '03', 743002),
(7999, '03', 743003),
(8000, '03', 743004),
(8001, '03', 743005),
(8002, '03', 743006),
(8003, '03', 743007),
(8004, '03', 743008),
(8005, '03', 744001),
(8006, '03', 744002),
(8007, '03', 744003),
(8008, '03', 744004),
(8009, '03', 744005),
(8010, '03', 745001),
(8011, '03', 745002),
(8012, '03', 745003),
(8013, '03', 745004),
(8014, '03', 745005),
(8015, '03', 745006),
(8016, '03', 745007),
(8017, '03', 745008),
(8018, '03', 745009),
(8019, '03', 745010),
(8020, '03', 745011),
(8021, '03', 745012),
(8022, '03', 745013),
(8023, '03', 745014),
(8024, '03', 745015),
(8025, '03', 746001),
(8026, '03', 746002),
(8027, '03', 746003),
(8028, '03', 746004),
(8029, '03', 746005),
(8030, '03', 746006),
(8031, '03', 746007),
(8032, '03', 747001),
(8033, '03', 747002),
(8034, '03', 747003),
(8035, '03', 747004),
(8036, '03', 748001),
(8037, '03', 748002),
(8038, '03', 748003),
(8039, '03', 748004),
(8040, '03', 748005),
(8041, '03', 748006),
(8042, '03', 748007),
(8043, '03', 748008),
(8044, '03', 748009),
(8045, '03', 748010),
(8046, '03', 748011),
(8047, '03', 748012),
(8048, '03', 748013),
(8049, '03', 748014),
(8050, '03', 748015),
(8051, '03', 748016),
(8052, '03', 748017),
(8053, '03', 748018),
(8054, '03', 748019),
(8055, '03', 748020),
(8056, '03', 748021),
(8057, '03', 748022),
(8058, '03', 748023),
(8059, '03', 748024),
(8060, '03', 748025),
(8061, '03', 748026),
(8062, '03', 748027),
(8063, '03', 748028),
(8064, '03', 749001),
(8065, '03', 749002),
(8066, '03', 749003),
(8067, '03', 749004),
(8068, '03', 749005),
(8069, '03', 749006),
(8070, '03', 749007),
(8071, '03', 749008),
(8072, '03', 749009),
(8073, '03', 749010),
(8074, '03', 749011),
(8075, '03', 749012),
(8076, '03', 749013),
(8077, '03', 749014),
(8078, '03', 749015),
(8079, '03', 749016),
(8080, '03', 749017),
(8081, '03', 749018),
(8082, '03', 751001),
(8083, '03', 751002),
(8084, '03', 751003),
(8085, '03', 751004),
(8086, '03', 751005),
(8087, '03', 751006),
(8088, '03', 751007),
(8089, '03', 751008),
(8090, '03', 751009),
(8091, '03', 751010),
(8092, '03', 751011),
(8093, '03', 751012),
(8094, '03', 751013),
(8095, '03', 751014),
(8096, '03', 751015),
(8097, '03', 751016),
(8098, '03', 751017),
(8099, '03', 752001),
(8100, '03', 752002),
(8101, '03', 752003),
(8102, '03', 752004),
(8103, '03', 752005),
(8104, '03', 752006),
(8105, '03', 752007),
(8106, '03', 752008),
(8107, '03', 752009),
(8108, '03', 752010),
(8109, '03', 752011),
(8110, '03', 761001),
(8111, '03', 761002),
(8112, '03', 761003),
(8113, '03', 761004),
(8114, '03', 761005),
(8115, '03', 761006),
(8116, '03', 761007),
(8117, '03', 761008),
(8118, '03', 761009),
(8119, '03', 761010),
(8120, '03', 761011),
(8121, '03', 761012),
(8122, '03', 761013),
(8123, '03', 762001),
(8124, '03', 762002),
(8125, '03', 762003),
(8126, '03', 762004),
(8127, '03', 762005),
(8128, '03', 762006),
(8129, '03', 762007),
(8130, '03', 762008),
(8131, '03', 762009),
(8132, '03', 763001),
(8133, '03', 763002),
(8134, '03', 763003),
(8135, '03', 763004),
(8136, '03', 763005),
(8137, '03', 763006),
(8138, '03', 763007),
(8139, '03', 763008),
(8140, '03', 763009),
(8141, '03', 763010),
(8142, '03', 763011),
(8143, '03', 763012),
(8144, '03', 763013),
(8145, '03', 763014),
(8146, '03', 763015),
(8147, '03', 763016),
(8148, '03', 763017),
(8149, '03', 763018),
(8150, '03', 763019),
(8151, '03', 764001),
(8152, '03', 764002),
(8153, '03', 764003),
(8154, '03', 764004),
(8155, '03', 764005),
(8156, '03', 764006),
(8157, '03', 764007),
(8158, '03', 764008),
(8159, '03', 764009),
(8160, '03', 764010),
(8161, '03', 764011),
(8162, '03', 764012),
(8163, '03', 764013),
(8164, '03', 764014),
(8165, '03', 764015),
(8166, '03', 764016),
(8167, '03', 764017),
(8168, '03', 764018),
(8169, '03', 764019),
(8170, '03', 764020),
(8171, '03', 764021),
(8172, '03', 764022),
(8173, '03', 764023),
(8174, '03', 764024),
(8175, '03', 764025),
(8176, '03', 764026),
(8177, '03', 764027),
(8178, '03', 764028),
(8179, '03', 765001),
(8180, '03', 765002),
(8181, '03', 765003),
(8182, '03', 765004),
(8183, '03', 765005),
(8184, '03', 765006),
(8185, '03', 765007),
(8186, '03', 765008),
(8187, '03', 765009),
(8188, '03', 765010),
(8189, '03', 765011),
(8190, '03', 765012),
(8191, '03', 765013),
(8192, '03', 765014),
(8193, '03', 765015),
(8194, '03', 765016),
(8195, '03', 765017),
(8196, '03', 765018),
(8197, '03', 765019),
(8198, '03', 766001),
(8199, '03', 766002),
(8200, '03', 766003),
(8201, '03', 766004),
(8202, '03', 766005),
(8203, '03', 766006),
(8204, '03', 766007),
(8205, '03', 766008),
(8206, '03', 766009),
(8207, '03', 766010),
(8208, '03', 766011),
(8209, '03', 766012),
(8210, '03', 766013),
(8211, '03', 766014),
(8212, '03', 766015),
(8213, '03', 766016),
(8214, '03', 766017),
(8215, '03', 766018),
(8216, '03', 766019),
(8217, '03', 766020),
(8218, '03', 766021),
(8219, '03', 766022),
(8220, '03', 766023),
(8221, '03', 766024),
(8222, '03', 766025),
(8223, '03', 766026),
(8224, '03', 766027),
(8225, '03', 766028),
(8226, '03', 766029),
(8227, '03', 766030),
(8228, '03', 766031),
(8229, '03', 766032),
(8230, '03', 766033),
(8231, '03', 766034),
(8232, '03', 766035),
(8233, '03', 766036),
(8234, '03', 766037),
(8235, '03', 766038),
(8236, '03', 766039),
(8237, '03', 766040),
(8238, '03', 766041),
(8239, '03', 766042),
(8240, '03', 766043),
(8241, '03', 766044),
(8242, '03', 767001),
(8243, '03', 767002),
(8244, '03', 767003),
(8245, '03', 767004),
(8246, '03', 767005),
(8247, '03', 767006),
(8248, '03', 767007),
(8249, '03', 767008),
(8250, '03', 767009),
(8251, '03', 767010),
(8252, '03', 767011),
(8253, '03', 767012),
(8254, '03', 767013),
(8255, '03', 767014),
(8256, '03', 767015),
(8257, '03', 767016),
(8258, '03', 767017),
(8259, '03', 767023),
(8260, '03', 767024),
(8261, '03', 767025),
(8262, '03', 767026),
(8263, '03', 767027),
(8264, '03', 767028),
(8265, '03', 767029),
(8266, '03', 767030),
(8267, '03', 768001),
(8268, '03', 768002),
(8269, '03', 768003),
(8270, '03', 768004),
(8271, '03', 768005),
(8272, '03', 768006),
(8273, '03', 768007),
(8274, '03', 768008),
(8275, '03', 768009),
(8276, '03', 768010),
(8277, '03', 768011),
(8278, '03', 768012),
(8279, '03', 768013),
(8280, '03', 768014),
(8281, '03', 768015),
(8282, '03', 768016),
(8283, '03', 768017),
(8284, '03', 768018),
(8285, '03', 768019),
(8286, '03', 769001),
(8287, '03', 769002),
(8288, '03', 769003),
(8289, '03', 769004),
(8290, '03', 769005),
(8291, '03', 769006),
(8292, '03', 769007),
(8293, '03', 769008),
(8294, '03', 769009),
(8295, '03', 769010),
(8296, '03', 769011),
(8297, '03', 769012),
(8298, '03', 769013),
(8299, '03', 769014),
(8300, '03', 769015),
(8301, '03', 769016),
(8302, '03', 769017),
(8303, '03', 769018),
(8304, '03', 769019),
(8305, '03', 769020),
(8306, '03', 769021),
(8307, '03', 769022),
(8308, '03', 769023),
(8309, '03', 769024),
(8310, '03', 769025),
(8311, '03', 769026),
(8312, '03', 769027),
(8313, '03', 769028),
(8314, '03', 769029),
(8315, '03', 769030),
(8316, '03', 769031),
(8317, '03', 769032),
(8318, '03', 769033),
(8319, '03', 769034),
(8320, '03', 769035),
(8321, '03', 769036),
(8322, '03', 769037),
(8323, '03', 769038),
(8324, '03', 771001),
(8325, '03', 771002),
(8326, '03', 771003),
(8327, '03', 771004),
(8328, '03', 771005),
(8329, '03', 771006),
(8330, '03', 771007),
(8331, '03', 771008),
(8332, '03', 771009),
(8333, '03', 771010),
(8334, '03', 771011),
(8335, '03', 772001),
(8336, '03', 772002),
(8337, '03', 772003),
(8338, '03', 772004),
(8339, '03', 772005),
(8340, '03', 772006),
(8341, '03', 772007),
(8342, '03', 772008),
(8343, '03', 772009),
(8344, '03', 772010),
(8345, '03', 772011),
(8346, '03', 773001),
(8347, '03', 773002),
(8348, '03', 773003),
(8349, '03', 774001),
(8350, '03', 774002),
(8351, '03', 774003),
(8352, '03', 774004),
(8353, '03', 774005),
(8354, '03', 774006),
(8355, '03', 774007),
(8356, '03', 774008),
(8357, '03', 774009),
(8358, '03', 774010),
(8359, '03', 774011),
(8360, '03', 774012),
(8361, '03', 774013),
(8362, '03', 775001),
(8363, '03', 775002),
(8364, '03', 775003),
(8365, '03', 775004),
(8366, '03', 775005),
(8367, '03', 775006),
(8368, '03', 775007),
(8369, '03', 776001),
(8370, '03', 776002),
(8371, '03', 776003),
(8372, '03', 776004),
(8373, '03', 776005),
(8374, '03', 776006),
(8375, '03', 776008),
(8376, '03', 776009),
(8377, '03', 776010),
(8378, '03', 776011),
(8379, '03', 776012),
(8380, '03', 777001),
(8381, '03', 777002),
(8382, '03', 777003),
(8383, '03', 777004),
(8384, '03', 777005),
(8385, '03', 777006),
(8386, '03', 777007),
(8387, '03', 777008),
(8388, '03', 777009),
(8389, '03', 777010),
(8390, '03', 777011),
(8391, '03', 777012),
(8392, '03', 777013),
(8393, '03', 777014),
(8394, '03', 777015),
(8395, '03', 777016),
(8396, '03', 777017),
(8397, '03', 778001),
(8398, '03', 778002),
(8399, '03', 778003),
(8400, '03', 778004),
(8401, '03', 778005),
(8402, '03', 778006),
(8403, '03', 778007),
(8404, '03', 778008),
(8405, '03', 778009),
(8406, '03', 778010),
(8407, '03', 778011),
(8408, '03', 778012),
(8409, '03', 778013),
(8410, '03', 778014),
(8411, '03', 778015),
(8412, '03', 778016),
(8413, '03', 778017),
(8414, '03', 778018),
(8415, '03', 778019),
(8416, '03', 778020),
(8417, '03', 778021),
(8418, '03', 778022),
(8419, '03', 778023),
(8420, '03', 778024),
(8421, '03', 778025),
(8422, '03', 778026),
(8423, '03', 778027),
(8424, '03', 778028),
(8425, '03', 778029),
(8426, '03', 778030),
(8427, '03', 778031),
(8428, '03', 778032),
(8429, '03', 778033),
(8430, '03', 778034),
(8431, '03', 778035),
(8432, '03', 778036),
(8433, '03', 778037),
(8434, '03', 778038),
(8435, '03', 778039),
(8436, '03', 778040),
(8437, '03', 779001),
(8438, '03', 779002),
(8439, '03', 779003),
(8440, '03', 779004),
(8441, '03', 779005),
(8442, '03', 779006),
(8443, '03', 779007),
(8444, '03', 779008),
(8445, '03', 779009),
(8446, '03', 781001),
(8447, '03', 781002),
(8448, '03', 781003),
(8449, '03', 781004),
(8450, '03', 781005),
(8451, '03', 781006),
(8452, '03', 781007),
(8453, '03', 781008),
(8454, '03', 781009),
(8455, '03', 781010),
(8456, '03', 781011),
(8457, '03', 781012),
(8458, '03', 781013),
(8459, '03', 781014),
(8460, '03', 781015),
(8461, '03', 781016),
(8462, '03', 781017),
(8463, '03', 781018),
(8464, '03', 781019),
(8465, '03', 781020),
(8466, '03', 781021),
(8467, '03', 781022),
(8468, '03', 781023),
(8469, '03', 781024),
(8470, '03', 781025),
(8471, '03', 781026),
(8472, '03', 781027),
(8473, '03', 781028),
(8474, '03', 781029),
(8475, '03', 781030),
(8476, '03', 781031),
(8477, '03', 781032),
(8478, '03', 781033),
(8479, '03', 781034),
(8480, '03', 781035),
(8481, '03', 781036),
(8482, '03', 781037),
(8483, '03', 781038),
(8484, '03', 781039),
(8485, '03', 781040),
(8486, '03', 781041),
(8487, '03', 781042),
(8488, '03', 781043),
(8489, '03', 781044),
(8490, '03', 781045),
(8491, '03', 781046),
(8492, '03', 781047),
(8493, '03', 781048),
(8494, '03', 781049),
(8495, '03', 781050),
(8496, '03', 781051),
(8497, '03', 781052),
(8498, '03', 781053),
(8499, '03', 781054),
(8500, '03', 781055),
(8501, '03', 781056),
(8502, '03', 781057),
(8503, '03', 781058),
(8504, '03', 781059),
(8505, '03', 781060),
(8506, '03', 781061),
(8507, '03', 781062),
(8508, '03', 781063),
(8509, '03', 781064),
(8510, '03', 781065),
(8511, '03', 781066),
(8512, '03', 781067),
(8513, '03', 781068),
(8514, '03', 781069),
(8515, '03', 782002),
(8516, '03', 782003),
(8517, '03', 782004),
(8518, '03', 782005),
(8519, '03', 782006),
(8520, '03', 782007),
(8521, '03', 782008),
(8522, '03', 782009),
(8523, '03', 782010),
(8524, '03', 782011),
(8525, '03', 782012),
(8526, '03', 782013),
(8527, '03', 782014),
(8528, '03', 782015),
(8529, '03', 782016),
(8530, '03', 782017),
(8531, '03', 783001),
(8532, '03', 783002),
(8533, '03', 783003),
(8534, '03', 783004),
(8535, '03', 783005),
(8536, '03', 783006),
(8537, '03', 783007),
(8538, '03', 783008),
(8539, '03', 783009),
(8540, '03', 783010),
(8541, '03', 783011),
(8542, '03', 783012),
(8543, '03', 783013),
(8544, '03', 783014),
(8545, '03', 783015),
(8546, '03', 783016),
(8547, '03', 783017),
(8548, '03', 783018),
(8549, '03', 783019),
(8550, '03', 783020),
(8551, '03', 783021),
(8552, '03', 783022),
(8553, '03', 783023),
(8554, '03', 783024),
(8555, '03', 783025),
(8556, '03', 783026),
(8557, '03', 783027),
(8558, '03', 783029),
(8559, '03', 783030),
(8560, '03', 783031),
(8561, '03', 783032),
(8562, '03', 783033),
(8563, '03', 783034),
(8564, '03', 783035),
(8565, '03', 783036),
(8566, '03', 783037),
(8567, '03', 783038),
(8568, '03', 783039),
(8569, '03', 783040),
(8570, '03', 783041),
(8571, '03', 783042),
(8572, '03', 783043),
(8573, '03', 783044),
(8574, '03', 783045),
(8575, '03', 783046),
(8576, '03', 783047),
(8577, '03', 783048),
(8578, '03', 783049),
(8579, '03', 783050),
(8580, '03', 783051),
(8581, '03', 783052),
(8582, '03', 784001),
(8583, '03', 784002),
(8584, '03', 784003),
(8585, '03', 784004),
(8586, '03', 784005),
(8587, '03', 784006),
(8588, '03', 784007),
(8589, '03', 784008),
(8590, '03', 784009),
(8591, '03', 784010),
(8592, '03', 784011),
(8593, '03', 784012),
(8594, '03', 784013),
(8595, '03', 784014),
(8596, '03', 785001),
(8597, '03', 785002),
(8598, '03', 785003),
(8599, '03', 785004),
(8600, '03', 785005),
(8601, '03', 785008),
(8602, '03', 785009),
(8603, '03', 785010),
(8604, '03', 785011),
(8605, '03', 785012),
(8606, '03', 785013),
(8607, '03', 785014),
(8608, '03', 785015),
(8609, '03', 785016),
(8610, '03', 785017),
(8611, '03', 785018),
(8612, '03', 785019),
(8613, '03', 785020),
(8614, '03', 785021),
(8615, '03', 785022),
(8616, '03', 785023),
(8617, '03', 785024),
(8618, '03', 785027),
(8619, '03', 785028),
(8620, '03', 785029),
(8621, '03', 785030),
(8622, '03', 785031),
(8623, '03', 785032),
(8624, '03', 785033),
(8625, '03', 785034),
(8626, '03', 785035),
(8627, '03', 785036),
(8628, '03', 785037),
(8629, '03', 785038),
(8630, '03', 785039),
(8631, '03', 785040),
(8632, '03', 785041),
(8633, '03', 785042),
(8634, '03', 785043),
(8635, '03', 791001),
(8636, '03', 791002),
(8637, '03', 791003),
(8638, '03', 791004),
(8639, '03', 791005),
(8640, '03', 791006),
(8641, '03', 791007),
(8642, '03', 791008),
(8643, '03', 791009),
(8644, '03', 791010),
(8645, '03', 791011),
(8646, '03', 791012),
(8647, '03', 791013),
(8648, '03', 791014),
(8649, '03', 791015),
(8650, '03', 791016),
(8651, '03', 791017),
(8652, '03', 791018),
(8653, '03', 791019),
(8654, '03', 791020),
(8655, '03', 791021),
(8656, '03', 791022),
(8657, '03', 791023),
(8658, '03', 791024),
(8659, '03', 791025),
(8660, '03', 791026),
(8661, '03', 791027),
(8662, '03', 791028),
(8663, '03', 792001),
(8664, '03', 792002),
(8665, '03', 792003),
(8666, '03', 792004),
(8667, '03', 792005),
(8668, '03', 792006),
(8669, '03', 792007),
(8670, '03', 792008),
(8671, '03', 792009),
(8672, '03', 792010),
(8673, '03', 792011),
(8674, '03', 792012),
(8675, '03', 792013),
(8676, '03', 792014),
(8677, '03', 792015),
(8678, '03', 792016),
(8679, '03', 792017),
(8680, '03', 792018),
(8681, '03', 792019),
(8682, '03', 792020),
(8683, '03', 792021),
(8684, '03', 792022),
(8685, '03', 792023),
(8686, '03', 793001),
(8687, '03', 793002),
(8688, '03', 793003),
(8689, '03', 793004),
(8690, '03', 793005),
(8691, '03', 793006),
(8692, '03', 793007),
(8693, '03', 793008),
(8694, '03', 793009),
(8695, '03', 793010),
(8696, '03', 793011),
(8697, '03', 793012),
(8698, '03', 793013),
(8699, '03', 793014),
(8700, '03', 793015),
(8701, '03', 793016),
(8702, '03', 793017),
(8703, '03', 793018),
(8704, '03', 793019),
(8705, '03', 793020),
(8706, '03', 793021),
(8707, '03', 793022),
(8708, '03', 793023),
(8709, '03', 794001),
(8710, '03', 794002),
(8711, '03', 794003),
(8712, '03', 794004),
(8713, '03', 794005),
(8714, '03', 794006),
(8715, '03', 794007),
(8716, '03', 794008),
(8717, '03', 794009),
(8718, '03', 794010),
(8719, '03', 794011),
(8720, '03', 794012),
(8721, '03', 794013),
(8722, '03', 794014),
(8723, '03', 794015),
(8724, '03', 794016),
(8725, '03', 794017),
(8726, '03', 794018),
(8727, '03', 794019),
(8728, '03', 794020),
(8729, '03', 794021),
(8730, '03', 794022),
(8731, '03', 794023),
(8732, '03', 794024),
(8733, '03', 794025),
(8734, '03', 794026),
(8735, '03', 794027),
(8736, '03', 795001),
(8737, '03', 795002),
(8738, '03', 795003),
(8739, '03', 795004),
(8740, '03', 795005),
(8741, '03', 795006),
(8742, '03', 795007),
(8743, '03', 795008),
(8744, '03', 796001),
(8745, '03', 796002),
(8746, '03', 796003),
(8747, '03', 796004),
(8748, '03', 796005),
(8749, '03', 796006),
(8750, '03', 796007),
(8751, '03', 796008),
(8752, '03', 796009),
(8753, '03', 796010),
(8754, '03', 796011),
(8755, '03', 796012),
(8756, '03', 796013),
(8757, '03', 796014),
(8758, '03', 796015),
(8759, '03', 796016),
(8760, '03', 797001),
(8761, '03', 797002),
(8762, '03', 797003),
(8763, '03', 797004),
(8764, '03', 797005),
(8765, '03', 797006),
(8766, '03', 797007),
(8767, '03', 797008),
(8768, '03', 797009),
(8769, '03', 798001),
(8770, '03', 798002),
(8771, '03', 798003),
(8772, '03', 798004),
(8773, '03', 798005),
(8774, '03', 798006),
(8775, '03', 798007),
(8776, '03', 798008),
(8777, '03', 798009),
(8778, '03', 798010),
(8779, '03', 798011),
(8780, '03', 798012),
(8781, '03', 799001),
(8782, '03', 799002),
(8783, '03', 799003),
(8784, '03', 799004),
(8785, '03', 799005),
(8786, '03', 799006),
(8787, '03', 811001),
(8788, '03', 811002),
(8789, '03', 811003),
(8790, '03', 811004),
(8791, '03', 811005),
(8792, '03', 811006),
(8793, '03', 811007),
(8794, '03', 811008),
(8795, '03', 811009),
(8796, '03', 811010),
(8797, '03', 811011),
(8798, '03', 811012),
(8799, '03', 811013),
(8800, '03', 811014),
(8801, '03', 811015),
(8802, '03', 811016),
(8803, '03', 811019),
(8804, '03', 811020),
(8805, '03', 811021),
(8806, '03', 811022),
(8807, '03', 811023),
(8808, '03', 811024),
(8809, '03', 812001),
(8810, '03', 812002),
(8811, '03', 812003),
(8812, '03', 812004),
(8813, '03', 812005),
(8814, '03', 812006),
(8815, '03', 812007),
(8816, '03', 812008),
(8817, '03', 812009),
(8818, '03', 812010),
(8819, '03', 812011),
(8820, '03', 812012),
(8821, '03', 812013),
(8822, '03', 812014),
(8823, '03', 812015),
(8824, '03', 812016),
(8825, '03', 813002),
(8826, '03', 813003),
(8827, '03', 813004),
(8828, '03', 813005),
(8829, '03', 813006),
(8830, '03', 813007),
(8831, '03', 813008),
(8832, '03', 813009),
(8833, '03', 821001),
(8834, '03', 821002),
(8835, '03', 821003),
(8836, '03', 821004),
(8837, '03', 821005),
(8838, '03', 821006),
(8839, '03', 821007),
(8840, '03', 821008),
(8841, '03', 821009),
(8842, '03', 821010),
(8843, '03', 821011),
(8844, '03', 821012),
(8845, '03', 821013),
(8846, '03', 821014),
(8847, '03', 821015),
(8848, '03', 821016),
(8849, '03', 821017),
(8850, '03', 821018),
(8851, '03', 821019),
(8852, '03', 821020),
(8853, '03', 821021),
(8854, '03', 831001),
(8855, '03', 831002),
(8856, '03', 831003),
(8857, '03', 831004),
(8858, '03', 831005),
(8859, '03', 831006),
(8860, '03', 831007),
(8861, '03', 831008),
(8862, '03', 831009),
(8863, '03', 831010),
(8864, '03', 831011),
(8865, '03', 831012),
(8866, '03', 831013),
(8867, '03', 831014),
(8868, '03', 831015),
(8869, '03', 831016),
(8870, '03', 831017),
(8871, '03', 831018),
(8872, '03', 831019),
(8873, '03', 831020),
(8874, '03', 831021),
(8875, '03', 831022),
(8876, '03', 832001),
(8877, '03', 832002),
(8878, '03', 832003),
(8879, '03', 832004),
(8880, '03', 832005),
(8881, '03', 832006),
(8882, '03', 832007),
(8883, '03', 832008),
(8884, '03', 832009),
(8885, '03', 833001),
(8886, '03', 833002),
(8887, '03', 833003),
(8888, '03', 833004),
(8889, '03', 833005),
(8890, '03', 833006),
(8891, '03', 833007),
(8892, '03', 833008),
(8893, '03', 833009),
(8894, '03', 834001),
(8895, '03', 834002),
(8896, '03', 834003),
(8897, '03', 834004),
(8898, '03', 834005),
(8899, '03', 834006),
(8900, '03', 834007),
(8901, '03', 834008),
(8902, '03', 834009),
(8903, '03', 835001),
(8904, '03', 835002),
(8905, '03', 835003),
(8906, '03', 835004),
(8907, '03', 835005),
(8908, '03', 835006),
(8909, '03', 835007),
(8910, '03', 835008),
(8911, '03', 835009),
(8912, '03', 835010),
(8913, '03', 835011),
(8914, '03', 835012),
(8915, '03', 835013),
(8916, '03', 835014),
(8917, '03', 835015),
(8918, '03', 836001),
(8919, '03', 836002),
(8920, '03', 836003),
(8921, '03', 836004),
(8922, '03', 836005),
(8923, '03', 836006),
(8924, '03', 836007),
(8925, '03', 836008),
(8926, '03', 837001),
(8927, '03', 837002),
(8928, '03', 837003),
(8929, '03', 837004),
(8930, '03', 837005),
(8931, '03', 837006),
(8932, '03', 837007),
(8933, '03', 837008),
(8934, '03', 837009),
(8935, '03', 837010),
(8936, '03', 837011),
(8937, '03', 839001),
(8938, '03', 839002),
(8939, '03', 839003),
(8940, '03', 839004),
(8941, '03', 839005),
(8942, '03', 839006),
(8943, '03', 839007),
(8944, '03', 839008),
(8945, '03', 841001),
(8946, '03', 841002),
(8947, '03', 841003),
(8948, '03', 841004),
(8949, '03', 841005),
(8950, '03', 841006),
(8951, '03', 841007),
(8952, '03', 842001),
(8953, '03', 842002),
(8954, '03', 842003),
(8955, '03', 842004),
(8956, '03', 842005),
(8957, '03', 842006),
(8958, '03', 842007),
(8959, '03', 842008),
(8960, '03', 842009),
(8961, '03', 842010),
(8962, '03', 842011),
(8963, '03', 842012),
(8964, '03', 842013),
(8965, '03', 842014),
(8966, '03', 842015),
(8967, '03', 842016),
(8968, '03', 842017),
(8969, '03', 842018),
(8970, '03', 842019),
(8971, '03', 842020),
(8972, '03', 843001),
(8973, '03', 843002),
(8974, '03', 843003),
(8975, '03', 844001),
(8976, '03', 844002),
(8977, '03', 844003),
(8978, '03', 844004),
(8979, '03', 844005),
(8980, '03', 844006),
(8981, '03', 844007),
(8982, '03', 844008),
(8983, '03', 844009),
(8984, '03', 844010),
(8985, '03', 844011),
(8986, '03', 844012),
(8987, '03', 844013),
(8988, '03', 844014),
(8989, '03', 844015),
(8990, '03', 844016),
(8991, '03', 844017),
(8992, '03', 844029),
(8993, '03', 844030),
(8994, '03', 844031),
(8995, '03', 844032),
(8996, '03', 844033),
(8997, '03', 851001),
(8998, '03', 851002),
(8999, '03', 851003),
(9000, '03', 851004),
(9001, '03', 851005),
(9002, '03', 851006),
(9003, '03', 851007),
(9004, '03', 851008),
(9005, '03', 851009),
(9006, '03', 852001),
(9007, '03', 852002),
(9008, '03', 852003),
(9009, '03', 852004),
(9010, '03', 852005),
(9011, '03', 852006),
(9012, '03', 852007),
(9013, '03', 852008),
(9014, '03', 852009),
(9015, '03', 852010),
(9016, '03', 852011),
(9017, '03', 852012),
(9018, '03', 862009),
(9019, '03', 866001),
(9020, '03', 866002),
(9021, '03', 866003),
(9022, '03', 866004),
(9023, '03', 866005),
(9024, '03', 866006),
(9025, '03', 866007),
(9026, '03', 866008),
(9027, '03', 868002),
(9028, '03', 868009),
(9029, '03', 868018),
(9030, '03', 871001),
(9031, '03', 871002),
(9032, '03', 871003),
(9033, '03', 871004),
(9034, '03', 871005),
(9035, '03', 871006),
(9036, '03', 871007),
(9037, '03', 871008),
(9038, '03', 871009),
(9039, '03', 871010),
(9040, '03', 871011),
(9041, '03', 871012),
(9042, '03', 871013),
(9043, '03', 871014),
(9044, '03', 872001),
(9045, '03', 872002),
(9046, '03', 872003),
(9047, '03', 872004),
(9048, '03', 872006),
(9049, '03', 873001),
(9050, '03', 873002),
(9051, '03', 873003),
(9052, '03', 873004),
(9053, '03', 873005),
(9054, '03', 873006),
(9055, '03', 873007),
(9056, '03', 873008),
(9057, '03', 873009),
(9058, '03', 873010),
(9059, '03', 873011),
(9060, '03', 873012),
(9061, '03', 873013),
(9062, '03', 873014),
(9063, '03', 873015),
(9064, '03', 873016),
(9065, '03', 874001),
(9066, '03', 874002),
(9067, '03', 874003),
(9068, '03', 874004),
(9069, '03', 874005),
(9070, '03', 874006),
(9071, '03', 874007),
(9072, '03', 874008),
(9073, '03', 874009),
(9074, '03', 874010),
(9075, '03', 874011),
(9076, '03', 874012),
(9077, '03', 874013),
(9078, '03', 874014),
(9079, '03', 874015),
(9080, '03', 875001),
(9081, '03', 875002),
(9082, '03', 875003),
(9083, '03', 875004),
(9084, '03', 875005),
(9085, '03', 875006),
(9086, '03', 875007),
(9087, '03', 875008),
(9088, '03', 875009),
(9089, '03', 875010),
(9090, '03', 875011),
(9091, '03', 875012),
(9092, '03', 875013),
(9093, '03', 875014),
(9094, '03', 875015),
(9095, '03', 875016),
(9096, '03', 875017),
(9097, '03', 875018),
(9098, '03', 875019),
(9099, '03', 875020),
(9100, '03', 875021),
(9101, '03', 875022),
(9102, '03', 875023),
(9103, '03', 875024),
(9104, '03', 875025),
(9105, '03', 876001),
(9106, '03', 876002),
(9107, '03', 876003),
(9108, '03', 876004),
(9109, '03', 876005),
(9110, '03', 876006),
(9111, '03', 876007),
(9112, '03', 876008),
(9113, '03', 876009),
(9114, '03', 876010),
(9115, '03', 876011),
(9116, '03', 876012),
(9117, '03', 876013),
(9118, '03', 876014),
(9119, '03', 876015),
(9120, '03', 876016),
(9121, '03', 876017),
(9122, '03', 876018),
(9123, '03', 876019);
INSERT INTO `c_ocupaciones_ocupaciones_p` (`id_c_ocupacion_ocupacion_p`, `cod_categorias_ocupacionales`, `cod_ocupacion_p`) VALUES
(9124, '03', 876020),
(9125, '03', 876021),
(9126, '03', 876022),
(9127, '03', 876023),
(9128, '03', 876024),
(9129, '03', 876025),
(9130, '03', 876026),
(9131, '03', 876027),
(9132, '03', 876028),
(9133, '03', 876029),
(9134, '03', 877001),
(9135, '03', 877002),
(9136, '03', 877003),
(9137, '03', 877004),
(9138, '03', 877005),
(9139, '03', 877006),
(9140, '03', 877007),
(9141, '03', 877008),
(9142, '03', 877009),
(9143, '03', 877010),
(9144, '03', 877011),
(9145, '03', 881001),
(9146, '03', 881002),
(9147, '03', 881003),
(9148, '03', 881004),
(9149, '03', 881005),
(9150, '03', 881006),
(9151, '03', 881007),
(9152, '03', 881008),
(9153, '03', 881009),
(9154, '03', 881010),
(9155, '03', 882002),
(9156, '03', 882005),
(9157, '03', 883002),
(9158, '03', 883003),
(9159, '03', 883004),
(9160, '03', 883005),
(9161, '03', 883006),
(9162, '03', 884001),
(9163, '03', 884002),
(9164, '03', 884003),
(9165, '03', 884004),
(9166, '03', 884005),
(9167, '03', 884006),
(9168, '03', 884007),
(9169, '03', 884008),
(9170, '03', 884009),
(9171, '03', 884010),
(9172, '03', 885001),
(9173, '03', 885002),
(9174, '03', 885003),
(9175, '03', 885004),
(9176, '03', 885005),
(9177, '03', 885006),
(9178, '03', 885007),
(9179, '03', 885008),
(9180, '03', 886001),
(9181, '03', 886002),
(9182, '03', 886003),
(9183, '03', 886004),
(9184, '03', 886006),
(9185, '03', 886007),
(9186, '03', 931001),
(9187, '03', 931002),
(9188, '03', 931003),
(9189, '03', 931004),
(9190, '03', 931005),
(9191, '03', 931006),
(9192, '03', 931007),
(9193, '03', 942001),
(9194, '03', 942002),
(9195, '03', 942003),
(9196, '03', 942004),
(9197, '03', 942005),
(9198, '03', 942006),
(9199, '03', 942007),
(9200, '03', 942008),
(9201, '03', 942009),
(9202, '03', 942010),
(9203, '03', 942011),
(9204, '03', 942012),
(9205, '03', 943001),
(9206, '03', 943002),
(9207, '03', 943003),
(9208, '03', 943004),
(9209, '03', 943005),
(9210, '03', 943006),
(9211, '03', 943007),
(9212, '03', 943008),
(9213, '03', 943009),
(9214, '03', 945001),
(9215, '03', 945002),
(9216, '03', 945003),
(9217, '03', 945008),
(9218, '03', 945009),
(9219, '03', 945010),
(9220, '03', 945013),
(9221, '03', 945014),
(9222, '03', 945017),
(9223, '03', 945019),
(9224, '03', 945020),
(9225, '03', 945022),
(9226, '03', 945023),
(9227, '03', 945024),
(9228, '03', 945032),
(9229, '03', 945034),
(9230, '03', 945035),
(9231, '03', 945036),
(9232, '03', 945038),
(9233, '03', 945039),
(9234, '03', 945040),
(9235, '03', 945041),
(9236, '03', 945042),
(9237, '03', 945043),
(9238, '03', 945044),
(9239, '03', 945045),
(9240, '03', 951001),
(9241, '03', 951002),
(9242, '03', 951003),
(9243, '03', 951004),
(9244, '03', 951005),
(9245, '03', 951006),
(9246, '03', 951007),
(9247, '03', 951008),
(9248, '03', 951009),
(9249, '03', 951010),
(9250, '03', 951011),
(9251, '03', 952001),
(9252, '03', 952002),
(9253, '03', 952003),
(9254, '03', 952004),
(9255, '03', 952005),
(9256, '03', 952006),
(9257, '03', 952007),
(9258, '03', 952008),
(9259, '03', 952009),
(9260, '03', 952010),
(9261, '03', 952011),
(9262, '03', 952012),
(9263, '03', 952013),
(9264, '03', 952014),
(9265, '03', 952015),
(9266, '03', 952016),
(9267, '03', 952017),
(9268, '03', 952018),
(9269, '03', 952019),
(9270, '03', 952020),
(9271, '03', 952021),
(9272, '03', 952022),
(9273, '03', 953001),
(9274, '03', 114001),
(9275, '03', 114002),
(9276, '03', 114003),
(9277, '03', 115001),
(9278, '03', 115002),
(9279, '03', 115003),
(9280, '03', 115004),
(9281, '03', 116001),
(9282, '03', 116002),
(9283, '03', 116003),
(9284, '03', 999001);

-- --------------------------------------------------------

--
-- Table structure for table `declaraciones_dconceptos`
--

CREATE TABLE IF NOT EXISTS `declaraciones_dconceptos` (
  `id_declaracion_dconcepto` int(10) unsigned NOT NULL AUTO_INCREMENT,
  `id_trabajador_pdeclaracion` int(11) NOT NULL,
  `cod_detalle_concepto` char(4) NOT NULL,
  `monto_devengado` decimal(10,2) unsigned DEFAULT NULL,
  `monto_pagado` decimal(10,2) unsigned DEFAULT NULL,
  PRIMARY KEY (`id_declaracion_dconcepto`),
  KEY `id_trabajador_pdeclaracion` (`id_trabajador_pdeclaracion`,`cod_detalle_concepto`),
  KEY `cod_detalle_concepto` (`cod_detalle_concepto`)
) ENGINE=InnoDB DEFAULT CHARSET=latin1 COMMENT='THIS MENSUAL\r\nthis trabajador siempre estara relacionado con' AUTO_INCREMENT=1 ;

--
-- Dumping data for table `declaraciones_dconceptos`
--


-- --------------------------------------------------------

--
-- Table structure for table `derechohabientes`
--

CREATE TABLE IF NOT EXISTS `derechohabientes` (
  `id_derechohabiente` int(10) unsigned NOT NULL AUTO_INCREMENT,
  `id_persona` int(10) unsigned NOT NULL,
  `cod_tipo_documento` char(2) NOT NULL,
  `num_documento` varchar(15) DEFAULT NULL,
  `cod_pais_emisor_documento` char(3) NOT NULL,
  `fecha_nacimiento` date DEFAULT NULL,
  `apellido_paterno` varchar(40) DEFAULT NULL,
  `apellido_materno` varchar(40) DEFAULT NULL,
  `nombres` varchar(40) DEFAULT NULL,
  `sexo` char(1) DEFAULT NULL COMMENT 'masculino = 1\r\nfemenino = 2',
  `id_estado_civil` int(10) unsigned NOT NULL COMMENT '1=soltero\r\n2=casado',
  `cod_vinculo_familiar` char(2) NOT NULL,
  `cod_documento_vinculo_familiar` char(2) NOT NULL,
  `vf_num_documento` varchar(20) DEFAULT NULL COMMENT 'vinculo familiar Numero Documento',
  `vf_mes_concepcion` date DEFAULT NULL COMMENT 'mes/anio',
  `cod_telefono_codigo_nacional` char(3) DEFAULT NULL COMMENT 'SET = 0',
  `telefono` char(20) DEFAULT NULL COMMENT 'Dato obligatorio solo si registro CLDN. ',
  `correo` varchar(150) DEFAULT NULL,
  `cod_motivo_baja_derechohabiente` char(2) NOT NULL,
  `cod_situacion` char(1) NOT NULL COMMENT 'default = ACTIVO\r\nvf_situacion',
  `estado` char(10) DEFAULT NULL COMMENT 'sistema:\r\n1 = activo\r\n2 = inactivo',
  `fecha_baja` date DEFAULT NULL,
  `fecha_creacion` date DEFAULT NULL,
  PRIMARY KEY (`id_derechohabiente`),
  KEY `cod_tipo_documento` (`cod_tipo_documento`),
  KEY `cod_pais_emisor_documento` (`cod_pais_emisor_documento`),
  KEY `cod_telefono_codigo_nacional` (`cod_telefono_codigo_nacional`),
  KEY `id_persona` (`id_persona`),
  KEY `cod_vinculo_familiar` (`cod_vinculo_familiar`),
  KEY `cod_documento_vinculo_familiar` (`cod_documento_vinculo_familiar`),
  KEY `cod_situacion` (`cod_situacion`),
  KEY `cod_motivo_baja_derechohabiente` (`cod_motivo_baja_derechohabiente`),
  KEY `id_estado_civil` (`id_estado_civil`)
) ENGINE=InnoDB  DEFAULT CHARSET=latin1 AUTO_INCREMENT=3 ;

--
-- Dumping data for table `derechohabientes`
--


-- --------------------------------------------------------

--
-- Table structure for table `derechohabientes_direcciones`
--

CREATE TABLE IF NOT EXISTS `derechohabientes_direcciones` (
  `id_derechohabiente_direccion` int(10) unsigned NOT NULL AUTO_INCREMENT,
  `id_derechohabiente` int(10) unsigned NOT NULL,
  `cod_ubigeo_reniec` char(6) NOT NULL,
  `cod_via` char(2) NOT NULL,
  `nombre_via` varchar(20) DEFAULT NULL,
  `numero_via` char(4) DEFAULT NULL,
  `departamento` char(4) DEFAULT NULL COMMENT 'Numero Departamento',
  `interior` char(4) DEFAULT NULL,
  `manzana` char(4) DEFAULT NULL,
  `lote` char(4) DEFAULT NULL,
  `kilometro` char(4) DEFAULT NULL,
  `block` char(4) DEFAULT NULL,
  `etapa` char(4) DEFAULT NULL,
  `cod_zona` char(2) NOT NULL,
  `nombre_zona` varchar(20) DEFAULT NULL,
  `referencia` varbinary(100) DEFAULT NULL,
  `referente_essalud` tinyint(1) DEFAULT NULL COMMENT 'radio button',
  `estado_direccion` int(11) DEFAULT NULL COMMENT '1 = primera direccion\r\n2 = segunda direccion',
  PRIMARY KEY (`id_derechohabiente_direccion`),
  KEY `cod_via` (`cod_via`),
  KEY `cod_zona` (`cod_zona`),
  KEY `id_derechohabiente` (`id_derechohabiente`),
  KEY `cod_ubigeo_reniec` (`cod_ubigeo_reniec`)
) ENGINE=InnoDB  DEFAULT CHARSET=latin1 COMMENT='MAX 2 direcciones por Persona' AUTO_INCREMENT=5 ;

--
-- Dumping data for table `derechohabientes_direcciones`
--


-- --------------------------------------------------------

--
-- Table structure for table `detalles_conceptos`
--

CREATE TABLE IF NOT EXISTS `detalles_conceptos` (
  `cod_detalle_concepto` char(4) NOT NULL,
  `cod_concepto` char(4) NOT NULL,
  `descripcion` varchar(200) DEFAULT NULL,
  PRIMARY KEY (`cod_detalle_concepto`),
  KEY `cod_concepto` (`cod_concepto`)
) ENGINE=InnoDB DEFAULT CHARSET=latin1 COMMENT='id_empleador_maestro\r\nthis-> Empleador Identificado en el Si';

--
-- Dumping data for table `detalles_conceptos`
--

INSERT INTO `detalles_conceptos` (`cod_detalle_concepto`, `cod_concepto`, `descripcion`) VALUES
('0101', '0100', 'ALIMENTACIÓN PRINCIPAL EN DINERO'),
('0102', '0100', 'ALIMENTACIÓN PRINCIPAL EN ESPECIE'),
('0103', '0100', 'COMISIONES O DESTAJO'),
('0104', '0100', 'COMISIONES EVENTUALES A TRABAJADORES'),
('0105', '0100', 'TRABAJO EN SOBRETIEMPO (HORAS EXTRAS) 25%'),
('0106', '0100', 'TRABAJO EN SOBRETIEMPO (HORAS EXTRAS) 35%'),
('0107', '0100', 'TRABAJO EN DÍA FERIADO O DÍA DE DESCANSO'),
('0108', '0100', 'INCREMENTO EN SNP 3.3 %'),
('0109', '0100', 'INCREMENTO POR AFILIACIÓN A AFP 10.23%'),
('0110', '0100', 'INCREMENTO POR AFILIACIÓN A AFP 3.00%'),
('0111', '0100', 'PREMIOS POR VENTAS'),
('0112', '0100', 'PRESTACIONES ALIMENTARIAS - SUMINISTROS DIRECTOS'),
('0113', '0100', 'PRESTACIONES ALIMENTARIAS - SUMINISTROS INDIRECTOS'),
('0114', '0100', 'VACACIONES TRUNCAS'),
('0115', '0100', 'REMUNERACIÓN DÍA DE DESCANSO Y FERIADOS (INCLUIDA LA DEL 1° DE MAYO)'),
('0116', '0100', 'REMUNERACIÓN EN ESPECIE'),
('0117', '0100', 'COMPENSACIÓN VACACIONAL'),
('0118', '0100', 'REMUNERACIÓN VACACIONAL'),
('0119', '0100', 'REMUNERACIONES DEVENGADAS'),
('0120', '0100', 'SUBVENCIÓN ECONÓMICA MENSUAL (PRACTICANTE SENATI)'),
('0121', '0100', 'REMUNERACIÓN O JORNAL BÁSICO'),
('0122', '0100', 'REMUNERACIÓN PERMANENTE'),
('0123', '0100', 'REMUNERACIÓN DE LOS SOCIOS DE COOPERATIVAS'),
('0124', '0100', 'REMUNERACIÓN POR LA HORA DE PERMISO POR LACTANCIA'),
('0125', '0100', 'REMUNERACIÓN INTEGRAL ANUAL - CUOTA'),
('0126', '0100', 'INGRESOS DEL CONDUCTOR DE LA MICROEMPRESA AFILIADO AL SIS'),
('0127', '0100', 'INGRESOS DEL CONDUCTOR DE LA MICROEMPRESA - SEGURO REGULAR'),
('0201', '0200', 'ASIGNACIÓN FAMILIAR'),
('0202', '0200', 'ASIGNACIÓN O BONIFICACIÓN POR EDUCACIÓN (1)'),
('0203', '0200', 'ASIGNACIÓN POR CUMPLEAÑOS'),
('0204', '0200', 'ASIGNACIÓN POR MATRIMONIO'),
('0205', '0200', 'ASIGNACIÓN  POR NACIMIENTO DE HIJOS'),
('0206', '0200', 'ASIGNACIÓN POR FALLECIMIENTO DE FAMILIARES'),
('0207', '0200', 'ASIGNACIÓN POR OTROS MOTIVOS PERSONALES (2)'),
('0208', '0200', 'ASIGNACIÓN POR FESTIVIDAD'),
('0209', '0200', 'ASIGNACIÓN PROVISIONAL POR DEMANDA DE TRABAJADOR DESPEDIDO'),
('0210', '0200', 'ASIGNACIÓN VACACIONAL'),
('0211', '0200', 'ASIGNACIÓN POR ESCOLARIDAD 30 JORNALES BASICOS/AÑO'),
('0212', '0200', 'ASIGNACIONES OTORGADAS POR ÚNICA VEZ CON MOTIVO DE CIERTAS CONTINGENCIAS'),
('0213', '0200', 'ASIGNACIONES OTORGADAS REGULARMENTE'),
('0214', '0200', 'ASIGNACIÓN POR FALLECIMIENTO 1 UIT'),
('0301', '0300', 'BONIFICACIÓN POR 25 Y 30 AÑOS DE SERVICIOS'),
('0302', '0300', 'BONIFICACIÓN POR CIERRE DE PLIEGO'),
('0303', '0300', 'BONIFICACIÓN POR PRODUCCIÓN, ALTURA, TURNO, ETC.'),
('0304', '0300', 'BONIFICACIÓN POR RIESGO DE CAJA'),
('0305', '0300', 'BONIFICACIONES POR TIEMPO DE SERVICIOS'),
('0306', '0300', 'BONIFICACIONES REGULARES'),
('0307', '0300', 'BONIFICACIONES CAFAE (3)'),
('0308', '0300', 'COMPENSACIÓN POR TRABAJOS EN DÍAS DE DESCANSO Y EN FERIADOS'),
('0309', '0300', 'BONIFICACIÓN POR TURNO NOCTURNO 20% JORNAL BASICO'),
('0310', '0300', 'BONIFICACIÓN CONTACTO DIRECTO CON AGUA 20% JORNAL BÁSICO'),
('0311', '0300', 'BONIFICACION UNIFICADA DE CONSTRUCCIÓN'),
('0312', '0300', 'BONIFICACIÓN EXTRAORDINARIA TEMPORAL – LEY 29351'),
('0313', '0300', 'BONIFICACIÓN EXTRAORDINARIA PROPORCIONAL – LEY 29351'),
('0401', '0400', 'GRATIFICACIONES DE FIESTAS PATRIAS Y NAVIDAD'),
('0402', '0400', 'OTRAS GRATIFICACIONES ORDINARIAS'),
('0403', '0400', 'GRATIFICACIONES EXTRAORDINARIAS'),
('0404', '0400', 'AGUINALDOS DE JULIO Y DICIEMBRE'),
('0405', '0400', 'GRATIFICACIONES PROPORCIONAL'),
('0406', '0400', 'GRATIFICACIONES DE FIESTAS PATRIAS Y NAVIDAD – LEY 29351'),
('0407', '0400', 'GRATIFICACIONES PROPORCIONAL – LEY 29351'),
('0501', '0500', 'INDEMNIZACIÓN POR DESPIDO INJUSTIFICADO U HOSTILIDAD'),
('0502', '0500', 'INDEMNIZACIÓN POR MUERTE O INCAPACIDAD'),
('0503', '0500', 'INDEMNIZACIÓN POR RESOLUCIÓN DE CONTRATO SUJETO A MODALIDAD'),
('0504', '0500', 'INDEMNIZACIÓN POR VACACIONES NO GOZADAS'),
('0505', '0500', 'INDEMNIZACIÓN POR RETENCIÓN INDEBIDA DE CTS ART. 52 D.S Nº 001-97-TR'),
('0506', '0500', 'INDEMNIZACIÓN POR NO REINCORPORAR A UN TRABAJADOR CESADO EN UN PROCEDIMIENTO DE CESE COLECTIVO - DS 001-96-TR'),
('0507', '0500', 'INDEMNIZACIÓN POR REALIZAR HORAS EXTRAS IMPUESTAS POR EL EMPLEADOR'),
('0601', '0600', 'SISTEMA PRIVADO DE PENSIONES - COMISIÓN PORCENTUAL'),
('0602', '0600', 'CONAFOVICER'),
('0603', '0600', 'CONTRIBUCIÓN SOLIDARIA PARA LA ASISTENCIA PREVISIONAL'),
('0604', '0600', 'ESSALUD +VIDA'),
('0605', '0600', 'RENTA QUINTA CATEGORÍA RETENCIONES'),
('0606', '0600', 'SISTEMA PRIVADO DE PENSIONES - PRIMA DE SEGURO'),
('0607', '0600', 'SISTEMA NACIONAL DE PENSIONES - D.L.19990'),
('0608', '0600', 'SISTEMA PRIVADO DE PENSIONES - APORTACIÓN OBLIGATORIA'),
('0609', '0600', 'SISTEMA PRIVADO DE PENSIONES - APORTACIÓN VOLUNTARIA'),
('0610', '0600', 'ESSALUD - SEGURO REGULAR - PENSIONISTA'),
('0611', '0600', 'OTROS APORTACIONES DEL TRABAJADOR / PENSIONISTA'),
('0612', '0600', 'SISTEMA NACIONAL DE PENSIONES - ASEGURA TU PENSIÓN'),
('0613', '0600', 'RÉGIMEN PENSIONARIO - D.L. 20530'),
('0614', '0600', 'RÉGIMEN PENSIONARIO DEL SERV. DIPLOMÁTICO'),
('0615', '0600', 'RÉGIMEN DE PENSIONES MILITAR-POLICIAL'),
('0616', '0600', 'APORTE MENSUAL AL FCJMMS  -  LEY 29741 (1)'),
('0701', '0700', 'ADELANTO'),
('0702', '0700', 'CUOTA SINDICAL'),
('0703', '0700', 'DESCUENTO AUTORIZADO U ORDENADO POR MANDATO JUDICIAL'),
('0704', '0700', 'TARDANZAS'),
('0705', '0700', 'INASISTENCIAS'),
('0706', '0700', 'OTROS DESCUENTOS NO DEDUCIBLES DE LA BASE IMPONIBLE '),
('0707', '0700', 'OTROS DESCUENTOS DEDUCIBLES DE LA BASE IMPONIBLE '),
('0801', '0800', 'SISTEMA PRIVADO DE PENSIONES - APORTACIÓN VOLUNTARIA'),
('0802', '0800', 'FONDO DE DERECHOS SOCIALES DEL ARTISTA'),
('0803', '0800', 'PÓLIZA DE SEGURO - D. LEG. 688'),
('0804', '0800', 'ESSALUD (SEGURO REGULAR, CBBSP, AGRARIO/ACUICULTOR) - TRABAJADOR'),
('0805', '0800', 'PENSIONES – SEGURO COMPLEMENTARIO DE TRABAJO DE RIESGO'),
('0806', '0800', 'ESSALUD – SEGURO COMPLEMENTARIO DE TRABAJO DE RIESGO'),
('0807', '0800', 'SENATI'),
('0808', '0800', 'IMPUESTO EXTRAORDINARIO DE SOLIDARIDAD'),
('0809', '0800', 'OTRAS APORTACIONES DE CARGO DEL EMPLEADOR'),
('0810', '0800', 'EPS - SEGURO COMPLEMENTARIO DE TRABAJO DE RIESGO'),
('0811', '0800', 'SEGURO INTEGRAL DE SALUD - SIS'),
('0901', '0900', 'BIENES DE LA PROPIA EMPRESA OTORGADOS PARA EL CONSUMO DEL TRABAJADOR'),
('0902', '0900', 'BONO DE PRODUCTIVIDAD'),
('0903', '0900', 'CANASTA DE NAVIDAD O SIMILARES'),
('0904', '0900', 'COMPENSACIÓN POR TIEMPO DE SERVICIOS'),
('0905', '0900', 'GASTOS DE REPRESENTACIÓN (MOVILIDAD, VESTUARIO, VIÁTICOS Y SIMILARES) - LIBRE DISPONIBILIDAD'),
('0906', '0900', 'INCENTIVO POR CESE DEL TRABAJADOR (4)'),
('0907', '0900', 'LICENCIA CON GOCE DE HABER'),
('0908', '0900', 'MOVILIDAD DE LIBRE DISPOSICIÓN'),
('0909', '0900', 'MOVILIDAD SUPEDITADA A ASISTENCIA Y QUE CUBRE SÓLO EL TRASLADO'),
('0910', '0900', 'PARTICIPACIÓN EN LAS UTILIDADES - PAGADAS ANTES DE LA DECLARACIÓN ANUAL DEL IMPUESTO A LA RENTA'),
('0911', '0900', 'PARTICIPACIÓN EN LAS UTILIDADES - PAGADAS DESPUES DE LA DECLARACIÓN ANUAL DEL IMPUESTO A LA RENTA'),
('0912', '0900', 'PENSIONES DE JUBILACIÓN O CESANTÍA, MONTEPÍO O INVALIDEZ'),
('0913', '0900', 'RECARGO AL CONSUMO'),
('0914', '0900', 'REFRIGERIO QUE NO ES ALIMENTACIÓN PRINCIPAL'),
('0915', '0900', 'SUBSIDIOS POR MATERNIDAD'),
('0916', '0900', 'SUBSIDIOS DE  INCAPACIDAD POR ENFERMEDAD'),
('0917', '0900', 'CONDICIONES DE TRABAJO'),
('0918', '0900', 'IMPUESTO A LA RENTA DE QUINTA CATEGORÍA ASUMIDO'),
('0919', '0900', 'SISTEMA NACIONAL DE PENSIONES ASUMIDO'),
('0920', '0900', 'SISTEMA PRIVADO DE PENSIONES ASUMIDO'),
('0921', '0900', 'PENSIONES DE JUBILACIÓN O CESANTÍA, MONTEPÍO O INVALIDEZ PENDIENTES POR LIQUIDAR'),
('0922', '0900', 'SUMAS O BIENES QUE NO SON DE LIBRE DISPOSICIÓN'),
('0923', '0900', 'INGRESOS DE CUARTA CATEGORIA QUE SON CONSIDERADOS DE QUNTA CATEGORIA'),
('0924', '0900', 'INGRESOS CUARTA-QUINTA SIN RELACIÓN DE DEPENDENCIA '),
('0925', '0900', 'INGRESO DEL PESCADOR Y PROCESADOR ARTESANAL INDEPENDIENTE - BASE DE CALCULO APORTE ESSALUD - LEY 27177'),
('1001', '1000', 'OTROS CONCEPTOS 1'),
('1002', '1000', 'OTROS CONCEPTOS 2'),
('1003', '1000', 'OTROS CONCEPTOS 3'),
('1004', '1000', 'OTROS CONCEPTOS 4'),
('1005', '1000', 'OTROS CONCEPTOS 5'),
('1006', '1000', 'OTROS CONCEPTOS 6'),
('1007', '1000', 'OTROS CONCEPTOS 7'),
('1008', '1000', 'OTROS CONCEPTOS 8'),
('1009', '1000', 'OTROS CONCEPTOS 9'),
('1010', '1000', 'OTROS CONCEPTOS 10'),
('1011', '1000', 'OTROS CONCEPTOS 11'),
('1012', '1000', 'OTROS CONCEPTOS 12'),
('1013', '1000', 'OTROS CONCEPTOS 13'),
('1014', '1000', 'OTROS CONCEPTOS 14'),
('1015', '1000', 'OTROS CONCEPTOS 15'),
('1016', '1000', 'OTROS CONCEPTOS 16'),
('1017', '1000', 'OTROS CONCEPTOS 17'),
('1018', '1000', 'OTROS CONCEPTOS 18'),
('1019', '1000', 'OTROS CONCEPTOS 19'),
('1020', '1000', 'OTROS CONCEPTOS 20'),
('2001', '2000', 'REMUNERACIÓN'),
('2002', '2000', 'SALARIO OBREROS'),
('2003', '2000', 'BONIFICACIÓN PERSONAL - QUINQUENIO'),
('2004', '2000', 'BONIFICACIÓN FAMILIAR'),
('2005', '2000', 'BONIFICACIÓN DIFERENCIAL'),
('2006', '2000', 'AGUINALDOS'),
('2007', '2000', 'REMUNERACIÓN VACACIONAL'),
('2008', '2000', 'ASIGNACIÓN POR AÑOS DE SERVICIOS'),
('2009', '2000', 'BONIFICACIÓN POR ESCOLARIDAD'),
('2010', '2000', 'COMPENSACIÓN POR TIEMPO DE SERVICIOS'),
('2011', '2000', 'ALIMENTACIÓN - CAFAE (3)'),
('2012', '2000', 'MOVILIDAD - CAFAE (3)'),
('2013', '2000', 'RACIONAMIENTO - CAFAE'),
('2014', '2000', 'INCENTIVOS LABORALES - CAFAE (3)'),
('2015', '2000', 'BONO JURISDICCIONAL/ BONO FISCAL'),
('2016', '2000', 'GASTOS OPERATIVOS DE MAGISTRADOS Y FISCALES'),
('2017', '2000', 'ASIGNACIÓN POR SERVICIO EXTERIOR'),
('2018', '2000', 'BONIFICACIÓN CONSULAR'),
('2019', '2000', 'ASIGNACIÓN ESPECIAL PARA DOCENTES UNIVERSITARIOS '),
('2020', '2000', 'HOMOLOGACIÓN  DE DOCENTES UNIVERSITARIOS'),
('2021', '2000', 'ASIGNACIÓN ESPECIAL POR LABOR PEDAGÓGICA EFECTIVA'),
('2022', '2000', 'ASIGNACIÓN EXTRAORDINARIA POR TRABAJO ASISTENCIAL'),
('2023', '2000', 'SERVICIOS EXTRAORDINARIOS PNP'),
('2024', '2000', 'ASIGNACIONES FFAA Y PNP'),
('2025', '2000', 'COMBUSTIBLE FFAA Y PNP '),
('2026', '2000', 'OTROS INGRESOS REMUNERATIVOS PERSONAL ADMINISTRATIVO'),
('2027', '2000', 'OTROS INGRESOS NO REMUNERATIVOS PERSONAL ADMINISTRATIVO'),
('2028', '2000', 'OTROS INGRESOS REMUNERATIVOS MAGISTRADOS'),
('2029', '2000', 'OTROS INGRESOS NO REMUNERATIVOS MAGISTRADOS'),
('2030', '2000', 'OTROS INGRESOS REMUNERATIVOS DOCENTES UNIVERSITARIOS'),
('2031', '2000', 'OTROS INGRESOS NO REMUNERATIVOS DOCENTES UNIVERSITARIOS'),
('2032', '2000', 'OTROS INGRESOS REMUNERATIVOS PROFESORADO'),
('2033', '2000', 'OTROS INGRESOS NO REMUNERATIVOS PROFESORADO'),
('2034', '2000', 'OTROS INGRESOS REMUNERATIVOS PROFESIONALES DE LA SALUD'),
('2035', '2000', 'OTROS INGRESOS NO REMUNERATIVOS PROFESIONALES DE LA SALUD'),
('2036', '2000', 'OTROS INGRESOS REMUNERATIVOS FFAA Y PNP'),
('2037', '2000', 'OTROS INGRESOS NO REMUNERATIVOS FFAA Y PNP'),
('2038', '2000', 'ASIGNACIÓN ESPECIAL - D.U. 126-2001'),
('2039', '2000', 'INGRESOS D.LEG. 1057 - CAS'),
('2040', '2000', 'REMUNERACIÓN POR DÍAS CON RELACIÓN LABORAL EN EL PERÍODO  DE UN CAS'),
('2041', '2000', 'AGUINALDOS DE JULIO Y DICIEMBRE – LEY 29351'),
('2042', '2000', 'BONIFICACIÓN ESPECIAL A SERV PUB - DU 037-94');

-- --------------------------------------------------------

--
-- Table structure for table `detalles_conceptos_afectaciones_em`
--

CREATE TABLE IF NOT EXISTS `detalles_conceptos_afectaciones_em` (
  `id_detalle_concepto_afectacione_em` int(10) unsigned NOT NULL AUTO_INCREMENT,
  `id_detalle_concepto_empleador_maestro` int(10) unsigned NOT NULL,
  `cod_afectacion` char(4) NOT NULL COMMENT '1000',
  `afecto` tinyint(1) DEFAULT NULL,
  `descripcion` varchar(100) DEFAULT NULL,
  PRIMARY KEY (`id_detalle_concepto_afectacione_em`),
  KEY `cod_afectacion` (`cod_afectacion`),
  KEY `id_detalle_concepto_empleador_maestro` (`id_detalle_concepto_empleador_maestro`)
) ENGINE=InnoDB DEFAULT CHARSET=latin1 COMMENT='=1000=\r\nDETALLE_CONCEPTO\r\nCarga todos los registros del PATR' AUTO_INCREMENT=1 ;

--
-- Dumping data for table `detalles_conceptos_afectaciones_em`
--


-- --------------------------------------------------------

--
-- Table structure for table `detalles_conceptos_empleadores_maestros`
--

CREATE TABLE IF NOT EXISTS `detalles_conceptos_empleadores_maestros` (
  `id_detalle_concepto_empleador_maestro` int(10) unsigned NOT NULL AUTO_INCREMENT,
  `id_empleador_maestro` int(10) unsigned NOT NULL,
  `cod_detalle_concepto` char(4) NOT NULL,
  `seleccionado` tinyint(1) DEFAULT NULL,
  `descripcion_1000` varchar(200) DEFAULT NULL,
  PRIMARY KEY (`id_detalle_concepto_empleador_maestro`),
  KEY `id_empleador_maestro` (`id_empleador_maestro`),
  KEY `cod_detalle_concepto` (`cod_detalle_concepto`)
) ENGINE=InnoDB  DEFAULT CHARSET=latin1 COMMENT='detalle conceptos para cada empleador\r\nSeran diferentes\r\n-- ' AUTO_INCREMENT=295 ;

--
-- Dumping data for table `detalles_conceptos_empleadores_maestros`
--

INSERT INTO `detalles_conceptos_empleadores_maestros` (`id_detalle_concepto_empleador_maestro`, `id_empleador_maestro`, `cod_detalle_concepto`, `seleccionado`, `descripcion_1000`) VALUES
(1, 1, '0101', 0, NULL),
(2, 1, '0102', 0, NULL),
(3, 1, '0103', 0, NULL),
(4, 1, '0104', 0, NULL),
(5, 1, '0105', 1, NULL),
(6, 1, '0106', 1, NULL),
(7, 1, '0107', 1, NULL),
(8, 1, '0108', 0, NULL),
(9, 1, '0109', 0, NULL),
(10, 1, '0110', 0, NULL),
(11, 1, '0111', 0, NULL),
(12, 1, '0112', 0, NULL),
(13, 1, '0113', 0, NULL),
(14, 1, '0114', 0, NULL),
(15, 1, '0115', 0, NULL),
(16, 1, '0116', 0, NULL),
(17, 1, '0117', 0, NULL),
(18, 1, '0118', 1, NULL),
(19, 1, '0119', 0, NULL),
(20, 1, '0120', 0, NULL),
(21, 1, '0121', 1, NULL),
(22, 1, '0122', 1, NULL),
(23, 1, '0123', 0, NULL),
(24, 1, '0124', 0, NULL),
(25, 1, '0125', 0, NULL),
(26, 1, '0126', 0, NULL),
(27, 1, '0127', 0, NULL),
(28, 1, '0201', 1, NULL),
(29, 1, '0202', 0, NULL),
(30, 1, '0203', 0, NULL),
(31, 1, '0204', 0, NULL),
(32, 1, '0205', 0, NULL),
(33, 1, '0206', 0, NULL),
(34, 1, '0207', 0, NULL),
(35, 1, '0208', 0, NULL),
(36, 1, '0209', 0, NULL),
(37, 1, '0210', 0, NULL),
(38, 1, '0211', 0, NULL),
(39, 1, '0212', 0, NULL),
(40, 1, '0213', 0, NULL),
(41, 1, '0214', 0, NULL),
(42, 1, '0301', 0, NULL),
(43, 1, '0302', 0, NULL),
(44, 1, '0303', 0, NULL),
(45, 1, '0304', 0, NULL),
(46, 1, '0305', 0, NULL),
(47, 1, '0306', 1, NULL),
(48, 1, '0307', 0, NULL),
(49, 1, '0308', 0, NULL),
(50, 1, '0309', 0, NULL),
(51, 1, '0310', 0, NULL),
(52, 1, '0311', 0, NULL),
(53, 1, '0312', 0, NULL),
(54, 1, '0313', 0, NULL),
(55, 1, '0401', 0, NULL),
(56, 1, '0402', 0, NULL),
(57, 1, '0403', 0, NULL),
(58, 1, '0404', 0, NULL),
(59, 1, '0405', 0, NULL),
(60, 1, '0406', 0, NULL),
(61, 1, '0407', 0, NULL),
(62, 1, '0501', 0, NULL),
(63, 1, '0502', 0, NULL),
(64, 1, '0503', 0, NULL),
(65, 1, '0504', 0, NULL),
(66, 1, '0505', 0, NULL),
(67, 1, '0506', 0, NULL),
(68, 1, '0507', 0, NULL),
(69, 1, '0601', 0, NULL),
(70, 1, '0602', 0, NULL),
(71, 1, '0603', 0, NULL),
(72, 1, '0604', 0, NULL),
(73, 1, '0605', 0, NULL),
(74, 1, '0606', 0, NULL),
(75, 1, '0607', 0, NULL),
(76, 1, '0608', 0, NULL),
(77, 1, '0609', 0, NULL),
(78, 1, '0610', 0, NULL),
(79, 1, '0611', 0, NULL),
(80, 1, '0612', 0, NULL),
(81, 1, '0613', 0, NULL),
(82, 1, '0614', 0, NULL),
(83, 1, '0615', 0, NULL),
(84, 1, '0616', 0, NULL),
(85, 1, '0701', 1, NULL),
(86, 1, '0702', 1, NULL),
(87, 1, '0703', 0, NULL),
(88, 1, '0704', 0, NULL),
(89, 1, '0705', 0, NULL),
(90, 1, '0706', 1, NULL),
(91, 1, '0707', 0, NULL),
(92, 1, '0801', 0, NULL),
(93, 1, '0802', 0, NULL),
(94, 1, '0803', 0, NULL),
(95, 1, '0804', 0, NULL),
(96, 1, '0805', 0, NULL),
(97, 1, '0806', 0, NULL),
(98, 1, '0807', 0, NULL),
(99, 1, '0808', 0, NULL),
(100, 1, '0809', 0, NULL),
(101, 1, '0810', 0, NULL),
(102, 1, '0811', 0, NULL),
(103, 1, '0901', 0, NULL),
(104, 1, '0902', 0, NULL),
(105, 1, '0903', 0, NULL),
(106, 1, '0904', 0, NULL),
(107, 1, '0905', 0, NULL),
(108, 1, '0906', 0, NULL),
(109, 1, '0907', 0, NULL),
(110, 1, '0908', 0, NULL),
(111, 1, '0909', 0, NULL),
(112, 1, '0910', 0, NULL),
(113, 1, '0911', 0, NULL),
(114, 1, '0912', 0, NULL),
(115, 1, '0913', 0, NULL),
(116, 1, '0914', 0, NULL),
(117, 1, '0915', 0, NULL),
(118, 1, '0916', 0, NULL),
(119, 1, '0917', 0, NULL),
(120, 1, '0918', 0, NULL),
(121, 1, '0919', 0, NULL),
(122, 1, '0920', 0, NULL),
(123, 1, '0921', 0, NULL),
(124, 1, '0922', 0, NULL),
(125, 1, '0923', 0, NULL),
(126, 1, '0924', 0, NULL),
(127, 1, '0925', 0, NULL),
(128, 1, '1001', 1, 'new gol marino'),
(129, 1, '1002', 0, NULL),
(130, 1, '1003', 0, NULL),
(131, 1, '1004', 0, NULL),
(132, 1, '1005', 0, NULL),
(133, 1, '1006', 0, NULL),
(134, 1, '1007', 0, NULL),
(135, 1, '1008', 0, NULL),
(136, 1, '1009', 0, NULL),
(137, 1, '1010', 0, NULL),
(138, 1, '1011', 0, NULL),
(139, 1, '1012', 0, NULL),
(140, 1, '1013', 0, NULL),
(141, 1, '1014', 0, NULL),
(142, 1, '1015', 0, NULL),
(143, 1, '1016', 0, NULL),
(144, 1, '1017', 0, NULL),
(145, 1, '1018', 0, NULL),
(146, 1, '1019', 0, NULL),
(147, 1, '1020', 0, NULL),
(148, 2, '0101', 0, NULL),
(149, 2, '0102', 0, NULL),
(150, 2, '0103', 0, NULL),
(151, 2, '0104', 0, NULL),
(152, 2, '0105', 1, NULL),
(153, 2, '0106', 1, NULL),
(154, 2, '0107', 1, NULL),
(155, 2, '0108', 0, NULL),
(156, 2, '0109', 0, NULL),
(157, 2, '0110', 0, NULL),
(158, 2, '0111', 0, NULL),
(159, 2, '0112', 0, NULL),
(160, 2, '0113', 0, NULL),
(161, 2, '0114', 0, NULL),
(162, 2, '0115', 0, NULL),
(163, 2, '0116', 0, NULL),
(164, 2, '0117', 0, NULL),
(165, 2, '0118', 1, NULL),
(166, 2, '0119', 0, NULL),
(167, 2, '0120', 0, NULL),
(168, 2, '0121', 1, NULL),
(169, 2, '0122', 1, NULL),
(170, 2, '0123', 0, NULL),
(171, 2, '0124', 0, NULL),
(172, 2, '0125', 0, NULL),
(173, 2, '0126', 0, NULL),
(174, 2, '0127', 0, NULL),
(175, 2, '0201', 1, NULL),
(176, 2, '0202', 0, NULL),
(177, 2, '0203', 0, NULL),
(178, 2, '0204', 0, NULL),
(179, 2, '0205', 0, NULL),
(180, 2, '0206', 0, NULL),
(181, 2, '0207', 0, NULL),
(182, 2, '0208', 0, NULL),
(183, 2, '0209', 0, NULL),
(184, 2, '0210', 0, NULL),
(185, 2, '0211', 0, NULL),
(186, 2, '0212', 0, NULL),
(187, 2, '0213', 0, NULL),
(188, 2, '0214', 0, NULL),
(189, 2, '0301', 0, NULL),
(190, 2, '0302', 0, NULL),
(191, 2, '0303', 0, NULL),
(192, 2, '0304', 0, NULL),
(193, 2, '0305', 0, NULL),
(194, 2, '0306', 1, NULL),
(195, 2, '0307', 0, NULL),
(196, 2, '0308', 0, NULL),
(197, 2, '0309', 0, NULL),
(198, 2, '0310', 0, NULL),
(199, 2, '0311', 0, NULL),
(200, 2, '0312', 0, NULL),
(201, 2, '0313', 0, NULL),
(202, 2, '0401', 0, NULL),
(203, 2, '0402', 0, NULL),
(204, 2, '0403', 0, NULL),
(205, 2, '0404', 0, NULL),
(206, 2, '0405', 0, NULL),
(207, 2, '0406', 0, NULL),
(208, 2, '0407', 0, NULL),
(209, 2, '0501', 0, NULL),
(210, 2, '0502', 0, NULL),
(211, 2, '0503', 0, NULL),
(212, 2, '0504', 0, NULL),
(213, 2, '0505', 0, NULL),
(214, 2, '0506', 0, NULL),
(215, 2, '0507', 0, NULL),
(216, 2, '0601', 1, NULL),
(217, 2, '0602', 1, NULL),
(218, 2, '0603', 0, NULL),
(219, 2, '0604', 1, NULL),
(220, 2, '0605', 1, NULL),
(221, 2, '0606', 1, NULL),
(222, 2, '0607', 1, NULL),
(223, 2, '0608', 1, NULL),
(224, 2, '0609', 1, NULL),
(225, 2, '0610', 0, NULL),
(226, 2, '0611', 1, NULL),
(227, 2, '0612', 0, NULL),
(228, 2, '0613', 0, NULL),
(229, 2, '0614', 0, NULL),
(230, 2, '0615', 0, NULL),
(231, 2, '0616', 0, NULL),
(232, 2, '0701', 1, NULL),
(233, 2, '0702', 1, NULL),
(234, 2, '0703', 0, NULL),
(235, 2, '0704', 0, NULL),
(236, 2, '0705', 0, NULL),
(237, 2, '0706', 1, NULL),
(238, 2, '0707', 0, NULL),
(239, 2, '0801', 1, NULL),
(240, 2, '0802', 0, NULL),
(241, 2, '0803', 1, NULL),
(242, 2, '0804', 1, NULL),
(243, 2, '0805', 0, NULL),
(244, 2, '0806', 0, NULL),
(245, 2, '0807', 0, NULL),
(246, 2, '0808', 0, NULL),
(247, 2, '0809', 1, NULL),
(248, 2, '0810', 0, NULL),
(249, 2, '0811', 0, NULL),
(250, 2, '0901', 0, NULL),
(251, 2, '0902', 0, NULL),
(252, 2, '0903', 0, NULL),
(253, 2, '0904', 0, NULL),
(254, 2, '0905', 0, NULL),
(255, 2, '0906', 0, NULL),
(256, 2, '0907', 0, NULL),
(257, 2, '0908', 0, NULL),
(258, 2, '0909', 0, NULL),
(259, 2, '0910', 0, NULL),
(260, 2, '0911', 0, NULL),
(261, 2, '0912', 0, NULL),
(262, 2, '0913', 0, NULL),
(263, 2, '0914', 0, NULL),
(264, 2, '0915', 0, NULL),
(265, 2, '0916', 0, NULL),
(266, 2, '0917', 0, NULL),
(267, 2, '0918', 0, NULL),
(268, 2, '0919', 0, NULL),
(269, 2, '0920', 0, NULL),
(270, 2, '0921', 0, NULL),
(271, 2, '0922', 0, NULL),
(272, 2, '0923', 0, NULL),
(273, 2, '0924', 0, NULL),
(274, 2, '0925', 0, NULL),
(275, 2, '1001', 1, 'concepto Camuente'),
(276, 2, '1002', 0, NULL),
(277, 2, '1003', 0, NULL),
(278, 2, '1004', 0, NULL),
(279, 2, '1005', 0, NULL),
(280, 2, '1006', 0, NULL),
(281, 2, '1007', 0, NULL),
(282, 2, '1008', 0, NULL),
(283, 2, '1009', 0, NULL),
(284, 2, '1010', 0, NULL),
(285, 2, '1011', 0, NULL),
(286, 2, '1012', 0, NULL),
(287, 2, '1013', 0, NULL),
(288, 2, '1014', 0, NULL),
(289, 2, '1015', 0, NULL),
(290, 2, '1016', 0, NULL),
(291, 2, '1017', 0, NULL),
(292, 2, '1018', 0, NULL),
(293, 2, '1019', 0, NULL),
(294, 2, '1020', 0, NULL);

-- --------------------------------------------------------

--
-- Table structure for table `detalle_conceptos_afectaciones`
--

CREATE TABLE IF NOT EXISTS `detalle_conceptos_afectaciones` (
  `id_detalle_concepto_afectacion` int(10) unsigned NOT NULL AUTO_INCREMENT,
  `cod_detalle_concepto` char(4) NOT NULL,
  `cod_afectacion` char(4) NOT NULL,
  `afecto` tinyint(1) DEFAULT '0' COMMENT 'afecto radiobuuton',
  PRIMARY KEY (`id_detalle_concepto_afectacion`),
  KEY `cod_detalle_concepto` (`cod_detalle_concepto`),
  KEY `cod_afectacion` (`cod_afectacion`)
) ENGINE=InnoDB  DEFAULT CHARSET=latin1 AUTO_INCREMENT=2016 ;

--
-- Dumping data for table `detalle_conceptos_afectaciones`
--

INSERT INTO `detalle_conceptos_afectaciones` (`id_detalle_concepto_afectacion`, `cod_detalle_concepto`, `cod_afectacion`, `afecto`) VALUES
(1, '0101', '01', NULL),
(2, '0101', '02', NULL),
(3, '0101', '03', NULL),
(4, '0101', '04', NULL),
(5, '0101', '05', NULL),
(6, '0101', '06', NULL),
(7, '0101', '07', NULL),
(8, '0101', '08', NULL),
(9, '0101', '09', NULL),
(10, '0101', '10', NULL),
(11, '0101', '11', NULL),
(12, '0101', '12', NULL),
(13, '0101', '13', NULL),
(14, '0102', '01', NULL),
(15, '0102', '02', NULL),
(16, '0102', '03', NULL),
(17, '0102', '04', NULL),
(18, '0102', '05', NULL),
(19, '0102', '06', NULL),
(20, '0102', '07', NULL),
(21, '0102', '08', NULL),
(22, '0102', '09', NULL),
(23, '0102', '10', NULL),
(24, '0102', '11', NULL),
(25, '0102', '12', NULL),
(26, '0102', '13', NULL),
(27, '0103', '01', NULL),
(28, '0103', '02', NULL),
(29, '0103', '03', NULL),
(30, '0103', '04', NULL),
(31, '0103', '05', NULL),
(32, '0103', '06', NULL),
(33, '0103', '07', NULL),
(34, '0103', '08', NULL),
(35, '0103', '09', NULL),
(36, '0103', '10', NULL),
(37, '0103', '11', NULL),
(38, '0103', '12', NULL),
(39, '0103', '13', NULL),
(40, '0104', '01', NULL),
(41, '0104', '02', NULL),
(42, '0104', '03', NULL),
(43, '0104', '04', NULL),
(44, '0104', '05', NULL),
(45, '0104', '06', NULL),
(46, '0104', '07', NULL),
(47, '0104', '08', NULL),
(48, '0104', '09', NULL),
(49, '0104', '10', NULL),
(50, '0104', '11', NULL),
(51, '0104', '12', NULL),
(52, '0104', '13', NULL),
(53, '0105', '01', NULL),
(54, '0105', '02', NULL),
(55, '0105', '03', NULL),
(56, '0105', '04', NULL),
(57, '0105', '05', NULL),
(58, '0105', '06', NULL),
(59, '0105', '07', NULL),
(60, '0105', '08', NULL),
(61, '0105', '09', NULL),
(62, '0105', '10', NULL),
(63, '0105', '11', NULL),
(64, '0105', '12', NULL),
(65, '0105', '13', NULL),
(66, '0106', '01', NULL),
(67, '0106', '02', NULL),
(68, '0106', '03', NULL),
(69, '0106', '04', NULL),
(70, '0106', '05', NULL),
(71, '0106', '06', NULL),
(72, '0106', '07', NULL),
(73, '0106', '08', NULL),
(74, '0106', '09', NULL),
(75, '0106', '10', NULL),
(76, '0106', '11', NULL),
(77, '0106', '12', NULL),
(78, '0106', '13', NULL),
(79, '0107', '01', NULL),
(80, '0107', '02', NULL),
(81, '0107', '03', NULL),
(82, '0107', '04', NULL),
(83, '0107', '05', NULL),
(84, '0107', '06', NULL),
(85, '0107', '07', NULL),
(86, '0107', '08', NULL),
(87, '0107', '09', NULL),
(88, '0107', '10', NULL),
(89, '0107', '11', NULL),
(90, '0107', '12', NULL),
(91, '0107', '13', NULL),
(92, '0108', '01', NULL),
(93, '0108', '02', NULL),
(94, '0108', '03', NULL),
(95, '0108', '04', NULL),
(96, '0108', '05', NULL),
(97, '0108', '06', NULL),
(98, '0108', '07', NULL),
(99, '0108', '08', NULL),
(100, '0108', '09', NULL),
(101, '0108', '10', NULL),
(102, '0108', '11', NULL),
(103, '0108', '12', NULL),
(104, '0108', '13', NULL),
(105, '0109', '01', NULL),
(106, '0109', '02', NULL),
(107, '0109', '03', NULL),
(108, '0109', '04', NULL),
(109, '0109', '05', NULL),
(110, '0109', '06', NULL),
(111, '0109', '07', NULL),
(112, '0109', '08', NULL),
(113, '0109', '09', NULL),
(114, '0109', '10', NULL),
(115, '0109', '11', NULL),
(116, '0109', '12', NULL),
(117, '0109', '13', NULL),
(118, '0110', '01', NULL),
(119, '0110', '02', NULL),
(120, '0110', '03', NULL),
(121, '0110', '04', NULL),
(122, '0110', '05', NULL),
(123, '0110', '06', NULL),
(124, '0110', '07', NULL),
(125, '0110', '08', NULL),
(126, '0110', '09', NULL),
(127, '0110', '10', NULL),
(128, '0110', '11', NULL),
(129, '0110', '12', NULL),
(130, '0110', '13', NULL),
(131, '0111', '01', NULL),
(132, '0111', '02', NULL),
(133, '0111', '03', NULL),
(134, '0111', '04', NULL),
(135, '0111', '05', NULL),
(136, '0111', '06', NULL),
(137, '0111', '07', NULL),
(138, '0111', '08', NULL),
(139, '0111', '09', NULL),
(140, '0111', '10', NULL),
(141, '0111', '11', NULL),
(142, '0111', '12', NULL),
(143, '0111', '13', NULL),
(144, '0112', '01', NULL),
(145, '0112', '02', NULL),
(146, '0112', '03', NULL),
(147, '0112', '04', NULL),
(148, '0112', '05', NULL),
(149, '0112', '06', NULL),
(150, '0112', '07', NULL),
(151, '0112', '08', NULL),
(152, '0112', '09', NULL),
(153, '0112', '10', NULL),
(154, '0112', '11', NULL),
(155, '0112', '12', NULL),
(156, '0112', '13', NULL),
(157, '0113', '01', NULL),
(158, '0113', '02', NULL),
(159, '0113', '03', NULL),
(160, '0113', '04', NULL),
(161, '0113', '05', NULL),
(162, '0113', '06', NULL),
(163, '0113', '07', NULL),
(164, '0113', '08', NULL),
(165, '0113', '09', NULL),
(166, '0113', '10', NULL),
(167, '0113', '11', NULL),
(168, '0113', '12', NULL),
(169, '0113', '13', NULL),
(170, '0114', '01', NULL),
(171, '0114', '02', NULL),
(172, '0114', '03', NULL),
(173, '0114', '04', NULL),
(174, '0114', '05', NULL),
(175, '0114', '06', NULL),
(176, '0114', '07', NULL),
(177, '0114', '08', NULL),
(178, '0114', '09', NULL),
(179, '0114', '10', NULL),
(180, '0114', '11', NULL),
(181, '0114', '12', NULL),
(182, '0114', '13', NULL),
(183, '0115', '01', NULL),
(184, '0115', '02', NULL),
(185, '0115', '03', NULL),
(186, '0115', '04', NULL),
(187, '0115', '05', NULL),
(188, '0115', '06', NULL),
(189, '0115', '07', NULL),
(190, '0115', '08', NULL),
(191, '0115', '09', NULL),
(192, '0115', '10', NULL),
(193, '0115', '11', NULL),
(194, '0115', '12', NULL),
(195, '0115', '13', NULL),
(196, '0116', '01', NULL),
(197, '0116', '02', NULL),
(198, '0116', '03', NULL),
(199, '0116', '04', NULL),
(200, '0116', '05', NULL),
(201, '0116', '06', NULL),
(202, '0116', '07', NULL),
(203, '0116', '08', NULL),
(204, '0116', '09', NULL),
(205, '0116', '10', NULL),
(206, '0116', '11', NULL),
(207, '0116', '12', NULL),
(208, '0116', '13', NULL),
(209, '0117', '01', NULL),
(210, '0117', '02', NULL),
(211, '0117', '03', NULL),
(212, '0117', '04', NULL),
(213, '0117', '05', NULL),
(214, '0117', '06', NULL),
(215, '0117', '07', NULL),
(216, '0117', '08', NULL),
(217, '0117', '09', NULL),
(218, '0117', '10', NULL),
(219, '0117', '11', NULL),
(220, '0117', '12', NULL),
(221, '0117', '13', NULL),
(222, '0118', '01', NULL),
(223, '0118', '02', NULL),
(224, '0118', '03', NULL),
(225, '0118', '04', NULL),
(226, '0118', '05', NULL),
(227, '0118', '06', NULL),
(228, '0118', '07', NULL),
(229, '0118', '08', NULL),
(230, '0118', '09', NULL),
(231, '0118', '10', NULL),
(232, '0118', '11', NULL),
(233, '0118', '12', NULL),
(234, '0118', '13', NULL),
(235, '0119', '01', NULL),
(236, '0119', '02', NULL),
(237, '0119', '03', NULL),
(238, '0119', '04', NULL),
(239, '0119', '05', NULL),
(240, '0119', '06', NULL),
(241, '0119', '07', NULL),
(242, '0119', '08', NULL),
(243, '0119', '09', NULL),
(244, '0119', '10', NULL),
(245, '0119', '11', NULL),
(246, '0119', '12', NULL),
(247, '0119', '13', NULL),
(248, '0120', '01', NULL),
(249, '0120', '02', NULL),
(250, '0120', '03', NULL),
(251, '0120', '04', NULL),
(252, '0120', '05', NULL),
(253, '0120', '06', NULL),
(254, '0120', '07', NULL),
(255, '0120', '08', NULL),
(256, '0120', '09', NULL),
(257, '0120', '10', NULL),
(258, '0120', '11', NULL),
(259, '0120', '12', NULL),
(260, '0120', '13', NULL),
(261, '0121', '01', NULL),
(262, '0121', '02', NULL),
(263, '0121', '03', NULL),
(264, '0121', '04', NULL),
(265, '0121', '05', NULL),
(266, '0121', '06', NULL),
(267, '0121', '07', NULL),
(268, '0121', '08', NULL),
(269, '0121', '09', NULL),
(270, '0121', '10', NULL),
(271, '0121', '11', NULL),
(272, '0121', '12', NULL),
(273, '0121', '13', NULL),
(274, '0122', '01', NULL),
(275, '0122', '02', NULL),
(276, '0122', '03', NULL),
(277, '0122', '04', NULL),
(278, '0122', '05', NULL),
(279, '0122', '06', NULL),
(280, '0122', '07', NULL),
(281, '0122', '08', NULL),
(282, '0122', '09', NULL),
(283, '0122', '10', NULL),
(284, '0122', '11', NULL),
(285, '0122', '12', NULL),
(286, '0122', '13', NULL),
(287, '0123', '01', NULL),
(288, '0123', '02', NULL),
(289, '0123', '03', NULL),
(290, '0123', '04', NULL),
(291, '0123', '05', NULL),
(292, '0123', '06', NULL),
(293, '0123', '07', NULL),
(294, '0123', '08', NULL),
(295, '0123', '09', NULL),
(296, '0123', '10', NULL),
(297, '0123', '11', NULL),
(298, '0123', '12', NULL),
(299, '0123', '13', NULL),
(300, '0124', '01', NULL),
(301, '0124', '02', NULL),
(302, '0124', '03', NULL),
(303, '0124', '04', NULL),
(304, '0124', '05', NULL),
(305, '0124', '06', NULL),
(306, '0124', '07', NULL),
(307, '0124', '08', NULL),
(308, '0124', '09', NULL),
(309, '0124', '10', NULL),
(310, '0124', '11', NULL),
(311, '0124', '12', NULL),
(312, '0124', '13', NULL),
(313, '0125', '01', NULL),
(314, '0125', '02', NULL),
(315, '0125', '03', NULL),
(316, '0125', '04', NULL),
(317, '0125', '05', NULL),
(318, '0125', '06', NULL),
(319, '0125', '07', NULL),
(320, '0125', '08', NULL),
(321, '0125', '09', NULL),
(322, '0125', '10', NULL),
(323, '0125', '11', NULL),
(324, '0125', '12', NULL),
(325, '0125', '13', NULL),
(326, '0126', '01', NULL),
(327, '0126', '02', NULL),
(328, '0126', '03', NULL),
(329, '0126', '04', NULL),
(330, '0126', '05', NULL),
(331, '0126', '06', NULL),
(332, '0126', '07', NULL),
(333, '0126', '08', NULL),
(334, '0126', '09', NULL),
(335, '0126', '10', NULL),
(336, '0126', '11', NULL),
(337, '0126', '12', NULL),
(338, '0126', '13', NULL),
(339, '0127', '01', NULL),
(340, '0127', '02', NULL),
(341, '0127', '03', NULL),
(342, '0127', '04', NULL),
(343, '0127', '05', NULL),
(344, '0127', '06', NULL),
(345, '0127', '07', NULL),
(346, '0127', '08', NULL),
(347, '0127', '09', NULL),
(348, '0127', '10', NULL),
(349, '0127', '11', NULL),
(350, '0127', '12', NULL),
(351, '0127', '13', NULL),
(352, '0201', '01', NULL),
(353, '0201', '02', NULL),
(354, '0201', '03', NULL),
(355, '0201', '04', NULL),
(356, '0201', '05', NULL),
(357, '0201', '06', NULL),
(358, '0201', '07', NULL),
(359, '0201', '08', NULL),
(360, '0201', '09', NULL),
(361, '0201', '10', NULL),
(362, '0201', '11', NULL),
(363, '0201', '12', NULL),
(364, '0201', '13', NULL),
(365, '0202', '01', NULL),
(366, '0202', '02', NULL),
(367, '0202', '03', NULL),
(368, '0202', '04', NULL),
(369, '0202', '05', NULL),
(370, '0202', '06', NULL),
(371, '0202', '07', NULL),
(372, '0202', '08', NULL),
(373, '0202', '09', NULL),
(374, '0202', '10', NULL),
(375, '0202', '11', NULL),
(376, '0202', '12', NULL),
(377, '0202', '13', NULL),
(378, '0203', '01', NULL),
(379, '0203', '02', NULL),
(380, '0203', '03', NULL),
(381, '0203', '04', NULL),
(382, '0203', '05', NULL),
(383, '0203', '06', NULL),
(384, '0203', '07', NULL),
(385, '0203', '08', NULL),
(386, '0203', '09', NULL),
(387, '0203', '10', NULL),
(388, '0203', '11', NULL),
(389, '0203', '12', NULL),
(390, '0203', '13', NULL),
(391, '0204', '01', NULL),
(392, '0204', '02', NULL),
(393, '0204', '03', NULL),
(394, '0204', '04', NULL),
(395, '0204', '05', NULL),
(396, '0204', '06', NULL),
(397, '0204', '07', NULL),
(398, '0204', '08', NULL),
(399, '0204', '09', NULL),
(400, '0204', '10', NULL),
(401, '0204', '11', NULL),
(402, '0204', '12', NULL),
(403, '0204', '13', NULL),
(404, '0205', '01', NULL),
(405, '0205', '02', NULL),
(406, '0205', '03', NULL),
(407, '0205', '04', NULL),
(408, '0205', '05', NULL),
(409, '0205', '06', NULL),
(410, '0205', '07', NULL),
(411, '0205', '08', NULL),
(412, '0205', '09', NULL),
(413, '0205', '10', NULL),
(414, '0205', '11', NULL),
(415, '0205', '12', NULL),
(416, '0205', '13', NULL),
(417, '0206', '01', NULL),
(418, '0206', '02', NULL),
(419, '0206', '03', NULL),
(420, '0206', '04', NULL),
(421, '0206', '05', NULL),
(422, '0206', '06', NULL),
(423, '0206', '07', NULL),
(424, '0206', '08', NULL),
(425, '0206', '09', NULL),
(426, '0206', '10', NULL),
(427, '0206', '11', NULL),
(428, '0206', '12', NULL),
(429, '0206', '13', NULL),
(430, '0207', '01', NULL),
(431, '0207', '02', NULL),
(432, '0207', '03', NULL),
(433, '0207', '04', NULL),
(434, '0207', '05', NULL),
(435, '0207', '06', NULL),
(436, '0207', '07', NULL),
(437, '0207', '08', NULL),
(438, '0207', '09', NULL),
(439, '0207', '10', NULL),
(440, '0207', '11', NULL),
(441, '0207', '12', NULL),
(442, '0207', '13', NULL),
(443, '0208', '01', NULL),
(444, '0208', '02', NULL),
(445, '0208', '03', NULL),
(446, '0208', '04', NULL),
(447, '0208', '05', NULL),
(448, '0208', '06', NULL),
(449, '0208', '07', NULL),
(450, '0208', '08', NULL),
(451, '0208', '09', NULL),
(452, '0208', '10', NULL),
(453, '0208', '11', NULL),
(454, '0208', '12', NULL),
(455, '0208', '13', NULL),
(456, '0209', '01', NULL),
(457, '0209', '02', NULL),
(458, '0209', '03', NULL),
(459, '0209', '04', NULL),
(460, '0209', '05', NULL),
(461, '0209', '06', NULL),
(462, '0209', '07', NULL),
(463, '0209', '08', NULL),
(464, '0209', '09', NULL),
(465, '0209', '10', NULL),
(466, '0209', '11', NULL),
(467, '0209', '12', NULL),
(468, '0209', '13', NULL),
(469, '0210', '01', NULL),
(470, '0210', '02', NULL),
(471, '0210', '03', NULL),
(472, '0210', '04', NULL),
(473, '0210', '05', NULL),
(474, '0210', '06', NULL),
(475, '0210', '07', NULL),
(476, '0210', '08', NULL),
(477, '0210', '09', NULL),
(478, '0210', '10', NULL),
(479, '0210', '11', NULL),
(480, '0210', '12', NULL),
(481, '0210', '13', NULL),
(482, '0211', '01', NULL),
(483, '0211', '02', NULL),
(484, '0211', '03', NULL),
(485, '0211', '04', NULL),
(486, '0211', '05', NULL),
(487, '0211', '06', NULL),
(488, '0211', '07', NULL),
(489, '0211', '08', NULL),
(490, '0211', '09', NULL),
(491, '0211', '10', NULL),
(492, '0211', '11', NULL),
(493, '0211', '12', NULL),
(494, '0211', '13', NULL),
(495, '0212', '01', NULL),
(496, '0212', '02', NULL),
(497, '0212', '03', NULL),
(498, '0212', '04', NULL),
(499, '0212', '05', NULL),
(500, '0212', '06', NULL),
(501, '0212', '07', NULL),
(502, '0212', '08', NULL),
(503, '0212', '09', NULL),
(504, '0212', '10', NULL),
(505, '0212', '11', NULL),
(506, '0212', '12', NULL),
(507, '0212', '13', NULL),
(508, '0213', '01', NULL),
(509, '0213', '02', NULL),
(510, '0213', '03', NULL),
(511, '0213', '04', NULL),
(512, '0213', '05', NULL),
(513, '0213', '06', NULL),
(514, '0213', '07', NULL),
(515, '0213', '08', NULL),
(516, '0213', '09', NULL),
(517, '0213', '10', NULL),
(518, '0213', '11', NULL),
(519, '0213', '12', NULL),
(520, '0213', '13', NULL),
(521, '0214', '01', NULL),
(522, '0214', '02', NULL),
(523, '0214', '03', NULL),
(524, '0214', '04', NULL),
(525, '0214', '05', NULL),
(526, '0214', '06', NULL),
(527, '0214', '07', NULL),
(528, '0214', '08', NULL),
(529, '0214', '09', NULL),
(530, '0214', '10', NULL),
(531, '0214', '11', NULL),
(532, '0214', '12', NULL),
(533, '0214', '13', NULL),
(534, '0301', '01', NULL),
(535, '0301', '02', NULL),
(536, '0301', '03', NULL),
(537, '0301', '04', NULL),
(538, '0301', '05', NULL),
(539, '0301', '06', NULL),
(540, '0301', '07', NULL),
(541, '0301', '08', NULL),
(542, '0301', '09', NULL),
(543, '0301', '10', NULL),
(544, '0301', '11', NULL),
(545, '0301', '12', NULL),
(546, '0301', '13', NULL),
(547, '0302', '01', NULL),
(548, '0302', '02', NULL),
(549, '0302', '03', NULL),
(550, '0302', '04', NULL),
(551, '0302', '05', NULL),
(552, '0302', '06', NULL),
(553, '0302', '07', NULL),
(554, '0302', '08', NULL),
(555, '0302', '09', NULL),
(556, '0302', '10', NULL),
(557, '0302', '11', NULL),
(558, '0302', '12', NULL),
(559, '0302', '13', NULL),
(560, '0303', '01', NULL),
(561, '0303', '02', NULL),
(562, '0303', '03', NULL),
(563, '0303', '04', NULL),
(564, '0303', '05', NULL),
(565, '0303', '06', NULL),
(566, '0303', '07', NULL),
(567, '0303', '08', NULL),
(568, '0303', '09', NULL),
(569, '0303', '10', NULL),
(570, '0303', '11', NULL),
(571, '0303', '12', NULL),
(572, '0303', '13', NULL),
(573, '0304', '01', NULL),
(574, '0304', '02', NULL),
(575, '0304', '03', NULL),
(576, '0304', '04', NULL),
(577, '0304', '05', NULL),
(578, '0304', '06', NULL),
(579, '0304', '07', NULL),
(580, '0304', '08', NULL),
(581, '0304', '09', NULL),
(582, '0304', '10', NULL),
(583, '0304', '11', NULL),
(584, '0304', '12', NULL),
(585, '0304', '13', NULL),
(586, '0305', '01', NULL),
(587, '0305', '02', NULL),
(588, '0305', '03', NULL),
(589, '0305', '04', NULL),
(590, '0305', '05', NULL),
(591, '0305', '06', NULL),
(592, '0305', '07', NULL),
(593, '0305', '08', NULL),
(594, '0305', '09', NULL),
(595, '0305', '10', NULL),
(596, '0305', '11', NULL),
(597, '0305', '12', NULL),
(598, '0305', '13', NULL),
(599, '0306', '01', NULL),
(600, '0306', '02', NULL),
(601, '0306', '03', NULL),
(602, '0306', '04', NULL),
(603, '0306', '05', NULL),
(604, '0306', '06', NULL),
(605, '0306', '07', NULL),
(606, '0306', '08', NULL),
(607, '0306', '09', NULL),
(608, '0306', '10', NULL),
(609, '0306', '11', NULL),
(610, '0306', '12', NULL),
(611, '0306', '13', NULL),
(612, '0307', '01', NULL),
(613, '0307', '02', NULL),
(614, '0307', '03', NULL),
(615, '0307', '04', NULL),
(616, '0307', '05', NULL),
(617, '0307', '06', NULL),
(618, '0307', '07', NULL),
(619, '0307', '08', NULL),
(620, '0307', '09', NULL),
(621, '0307', '10', NULL),
(622, '0307', '11', NULL),
(623, '0307', '12', NULL),
(624, '0307', '13', NULL),
(625, '0308', '01', NULL),
(626, '0308', '02', NULL),
(627, '0308', '03', NULL),
(628, '0308', '04', NULL),
(629, '0308', '05', NULL),
(630, '0308', '06', NULL),
(631, '0308', '07', NULL),
(632, '0308', '08', NULL),
(633, '0308', '09', NULL),
(634, '0308', '10', NULL),
(635, '0308', '11', NULL),
(636, '0308', '12', NULL),
(637, '0308', '13', NULL),
(638, '0309', '01', NULL),
(639, '0309', '02', NULL),
(640, '0309', '03', NULL),
(641, '0309', '04', NULL),
(642, '0309', '05', NULL),
(643, '0309', '06', NULL),
(644, '0309', '07', NULL),
(645, '0309', '08', NULL),
(646, '0309', '09', NULL),
(647, '0309', '10', NULL),
(648, '0309', '11', NULL),
(649, '0309', '12', NULL),
(650, '0309', '13', NULL),
(651, '0310', '01', NULL),
(652, '0310', '02', NULL),
(653, '0310', '03', NULL),
(654, '0310', '04', NULL),
(655, '0310', '05', NULL),
(656, '0310', '06', NULL),
(657, '0310', '07', NULL),
(658, '0310', '08', NULL),
(659, '0310', '09', NULL),
(660, '0310', '10', NULL),
(661, '0310', '11', NULL),
(662, '0310', '12', NULL),
(663, '0310', '13', NULL),
(664, '0311', '01', NULL),
(665, '0311', '02', NULL),
(666, '0311', '03', NULL),
(667, '0311', '04', NULL),
(668, '0311', '05', NULL),
(669, '0311', '06', NULL),
(670, '0311', '07', NULL),
(671, '0311', '08', NULL),
(672, '0311', '09', NULL),
(673, '0311', '10', NULL),
(674, '0311', '11', NULL),
(675, '0311', '12', NULL),
(676, '0311', '13', NULL),
(677, '0312', '01', NULL),
(678, '0312', '02', NULL),
(679, '0312', '03', NULL),
(680, '0312', '04', NULL),
(681, '0312', '05', NULL),
(682, '0312', '06', NULL),
(683, '0312', '07', NULL),
(684, '0312', '08', NULL),
(685, '0312', '09', NULL),
(686, '0312', '10', NULL),
(687, '0312', '11', NULL),
(688, '0312', '12', NULL),
(689, '0312', '13', NULL),
(690, '0313', '01', NULL),
(691, '0313', '02', NULL),
(692, '0313', '03', NULL),
(693, '0313', '04', NULL),
(694, '0313', '05', NULL),
(695, '0313', '06', NULL),
(696, '0313', '07', NULL),
(697, '0313', '08', NULL),
(698, '0313', '09', NULL),
(699, '0313', '10', NULL),
(700, '0313', '11', NULL),
(701, '0313', '12', NULL),
(702, '0313', '13', NULL),
(703, '0401', '01', 0),
(704, '0401', '02', 1),
(705, '0401', '03', 1),
(706, '0401', '04', 1),
(707, '0401', '05', 1),
(708, '0401', '06', 1),
(709, '0401', '07', 1),
(710, '0401', '08', 1),
(711, '0401', '09', 1),
(712, '0401', '10', 1),
(713, '0401', '11', 1),
(714, '0401', '12', 1),
(715, '0401', '13', 0),
(716, '0402', '01', 0),
(717, '0402', '02', 0),
(718, '0402', '03', 0),
(719, '0402', '04', 0),
(720, '0402', '05', 0),
(721, '0402', '06', 0),
(722, '0402', '07', 0),
(723, '0402', '08', 0),
(724, '0402', '09', 0),
(725, '0402', '10', 0),
(726, '0402', '11', 0),
(727, '0402', '12', 1),
(728, '0402', '13', 1),
(729, '0403', '01', NULL),
(730, '0403', '02', NULL),
(731, '0403', '03', NULL),
(732, '0403', '04', NULL),
(733, '0403', '05', NULL),
(734, '0403', '06', NULL),
(735, '0403', '07', NULL),
(736, '0403', '08', NULL),
(737, '0403', '09', NULL),
(738, '0403', '10', NULL),
(739, '0403', '11', NULL),
(740, '0403', '12', NULL),
(741, '0403', '13', NULL),
(742, '0404', '01', NULL),
(743, '0404', '02', NULL),
(744, '0404', '03', NULL),
(745, '0404', '04', NULL),
(746, '0404', '05', NULL),
(747, '0404', '06', NULL),
(748, '0404', '07', NULL),
(749, '0404', '08', NULL),
(750, '0404', '09', NULL),
(751, '0404', '10', NULL),
(752, '0404', '11', NULL),
(753, '0404', '12', NULL),
(754, '0404', '13', NULL),
(755, '0405', '01', NULL),
(756, '0405', '02', NULL),
(757, '0405', '03', NULL),
(758, '0405', '04', NULL),
(759, '0405', '05', NULL),
(760, '0405', '06', NULL),
(761, '0405', '07', NULL),
(762, '0405', '08', NULL),
(763, '0405', '09', NULL),
(764, '0405', '10', NULL),
(765, '0405', '11', NULL),
(766, '0405', '12', NULL),
(767, '0405', '13', NULL),
(768, '0406', '01', NULL),
(769, '0406', '02', NULL),
(770, '0406', '03', NULL),
(771, '0406', '04', NULL),
(772, '0406', '05', NULL),
(773, '0406', '06', NULL),
(774, '0406', '07', NULL),
(775, '0406', '08', NULL),
(776, '0406', '09', NULL),
(777, '0406', '10', NULL),
(778, '0406', '11', NULL),
(779, '0406', '12', NULL),
(780, '0406', '13', NULL),
(781, '0407', '01', NULL),
(782, '0407', '02', NULL),
(783, '0407', '03', NULL),
(784, '0407', '04', NULL),
(785, '0407', '05', NULL),
(786, '0407', '06', NULL),
(787, '0407', '07', NULL),
(788, '0407', '08', NULL),
(789, '0407', '09', NULL),
(790, '0407', '10', NULL),
(791, '0407', '11', NULL),
(792, '0407', '12', 1),
(793, '0407', '13', 1),
(794, '0501', '01', NULL),
(795, '0501', '02', NULL),
(796, '0501', '03', NULL),
(797, '0501', '04', NULL),
(798, '0501', '05', NULL),
(799, '0501', '06', NULL),
(800, '0501', '07', NULL),
(801, '0501', '08', NULL),
(802, '0501', '09', NULL),
(803, '0501', '10', NULL),
(804, '0501', '11', NULL),
(805, '0501', '12', NULL),
(806, '0501', '13', NULL),
(807, '0502', '01', NULL),
(808, '0502', '02', NULL),
(809, '0502', '03', NULL),
(810, '0502', '04', NULL),
(811, '0502', '05', NULL),
(812, '0502', '06', NULL),
(813, '0502', '07', NULL),
(814, '0502', '08', NULL),
(815, '0502', '09', NULL),
(816, '0502', '10', NULL),
(817, '0502', '11', NULL),
(818, '0502', '12', NULL),
(819, '0502', '13', NULL),
(820, '0503', '01', NULL),
(821, '0503', '02', NULL),
(822, '0503', '03', NULL),
(823, '0503', '04', NULL),
(824, '0503', '05', NULL),
(825, '0503', '06', NULL),
(826, '0503', '07', NULL),
(827, '0503', '08', NULL),
(828, '0503', '09', NULL),
(829, '0503', '10', NULL),
(830, '0503', '11', NULL),
(831, '0503', '12', NULL),
(832, '0503', '13', NULL),
(833, '0504', '01', NULL),
(834, '0504', '02', NULL),
(835, '0504', '03', NULL),
(836, '0504', '04', NULL),
(837, '0504', '05', NULL),
(838, '0504', '06', NULL),
(839, '0504', '07', NULL),
(840, '0504', '08', NULL),
(841, '0504', '09', NULL),
(842, '0504', '10', NULL),
(843, '0504', '11', NULL),
(844, '0504', '12', NULL),
(845, '0504', '13', NULL),
(846, '0505', '01', NULL),
(847, '0505', '02', NULL),
(848, '0505', '03', NULL),
(849, '0505', '04', NULL),
(850, '0505', '05', NULL),
(851, '0505', '06', NULL),
(852, '0505', '07', NULL),
(853, '0505', '08', NULL),
(854, '0505', '09', NULL),
(855, '0505', '10', NULL),
(856, '0505', '11', NULL),
(857, '0505', '12', NULL),
(858, '0505', '13', NULL),
(859, '0506', '01', NULL),
(860, '0506', '02', NULL),
(861, '0506', '03', NULL),
(862, '0506', '04', NULL),
(863, '0506', '05', NULL),
(864, '0506', '06', NULL),
(865, '0506', '07', NULL),
(866, '0506', '08', NULL),
(867, '0506', '09', NULL),
(868, '0506', '10', NULL),
(869, '0506', '11', NULL),
(870, '0506', '12', NULL),
(871, '0506', '13', NULL),
(872, '0507', '01', NULL),
(873, '0507', '02', NULL),
(874, '0507', '03', NULL),
(875, '0507', '04', NULL),
(876, '0507', '05', NULL),
(877, '0507', '06', NULL),
(878, '0507', '07', NULL),
(879, '0507', '08', NULL),
(880, '0507', '09', NULL),
(881, '0507', '10', NULL),
(882, '0507', '11', NULL),
(883, '0507', '12', NULL),
(884, '0507', '13', NULL),
(885, '0901', '01', 0),
(886, '0901', '02', 0),
(887, '0901', '03', 0),
(888, '0901', '04', 0),
(889, '0901', '05', 0),
(890, '0901', '06', 0),
(891, '0901', '07', 0),
(892, '0901', '08', 0),
(893, '0901', '09', 0),
(894, '0901', '10', 0),
(895, '0901', '11', 0),
(896, '0901', '12', 0),
(897, '0901', '13', 0),
(898, '0902', '01', NULL),
(899, '0902', '02', NULL),
(900, '0902', '03', NULL),
(901, '0902', '04', NULL),
(902, '0902', '05', NULL),
(903, '0902', '06', NULL),
(904, '0902', '07', NULL),
(905, '0902', '08', NULL),
(906, '0902', '09', NULL),
(907, '0902', '10', NULL),
(908, '0902', '11', NULL),
(909, '0902', '12', NULL),
(910, '0902', '13', NULL),
(911, '0903', '01', NULL),
(912, '0903', '02', NULL),
(913, '0903', '03', NULL),
(914, '0903', '04', NULL),
(915, '0903', '05', NULL),
(916, '0903', '06', NULL),
(917, '0903', '07', NULL),
(918, '0903', '08', NULL),
(919, '0903', '09', NULL),
(920, '0903', '10', NULL),
(921, '0903', '11', NULL),
(922, '0903', '12', NULL),
(923, '0903', '13', NULL),
(924, '0904', '01', NULL),
(925, '0904', '02', NULL),
(926, '0904', '03', NULL),
(927, '0904', '04', NULL),
(928, '0904', '05', NULL),
(929, '0904', '06', NULL),
(930, '0904', '07', NULL),
(931, '0904', '08', NULL),
(932, '0904', '09', NULL),
(933, '0904', '10', NULL),
(934, '0904', '11', NULL),
(935, '0904', '12', NULL),
(936, '0904', '13', NULL),
(937, '0905', '01', NULL),
(938, '0905', '02', NULL),
(939, '0905', '03', NULL),
(940, '0905', '04', NULL),
(941, '0905', '05', NULL),
(942, '0905', '06', NULL),
(943, '0905', '07', NULL),
(944, '0905', '08', NULL),
(945, '0905', '09', NULL),
(946, '0905', '10', NULL),
(947, '0905', '11', NULL),
(948, '0905', '12', NULL),
(949, '0905', '13', NULL),
(950, '0906', '01', NULL),
(951, '0906', '02', NULL),
(952, '0906', '03', NULL),
(953, '0906', '04', NULL),
(954, '0906', '05', NULL),
(955, '0906', '06', NULL),
(956, '0906', '07', NULL),
(957, '0906', '08', NULL),
(958, '0906', '09', NULL),
(959, '0906', '10', NULL),
(960, '0906', '11', NULL),
(961, '0906', '12', NULL),
(962, '0906', '13', NULL),
(963, '0907', '01', NULL),
(964, '0907', '02', NULL),
(965, '0907', '03', NULL),
(966, '0907', '04', NULL),
(967, '0907', '05', NULL),
(968, '0907', '06', NULL),
(969, '0907', '07', NULL),
(970, '0907', '08', NULL),
(971, '0907', '09', NULL),
(972, '0907', '10', NULL),
(973, '0907', '11', NULL),
(974, '0907', '12', NULL),
(975, '0907', '13', NULL),
(976, '0908', '01', NULL),
(977, '0908', '02', NULL),
(978, '0908', '03', NULL),
(979, '0908', '04', NULL),
(980, '0908', '05', NULL),
(981, '0908', '06', NULL),
(982, '0908', '07', NULL),
(983, '0908', '08', NULL),
(984, '0908', '09', NULL),
(985, '0908', '10', NULL),
(986, '0908', '11', NULL),
(987, '0908', '12', NULL),
(988, '0908', '13', NULL),
(989, '0909', '01', NULL),
(990, '0909', '02', NULL),
(991, '0909', '03', NULL),
(992, '0909', '04', NULL),
(993, '0909', '05', NULL),
(994, '0909', '06', NULL),
(995, '0909', '07', NULL),
(996, '0909', '08', NULL),
(997, '0909', '09', NULL),
(998, '0909', '10', NULL),
(999, '0909', '11', NULL),
(1000, '0909', '12', NULL),
(1001, '0909', '13', NULL),
(1002, '0910', '01', NULL),
(1003, '0910', '02', NULL),
(1004, '0910', '03', NULL),
(1005, '0910', '04', NULL),
(1006, '0910', '05', NULL),
(1007, '0910', '06', NULL),
(1008, '0910', '07', NULL),
(1009, '0910', '08', NULL),
(1010, '0910', '09', NULL),
(1011, '0910', '10', NULL),
(1012, '0910', '11', NULL),
(1013, '0910', '12', NULL),
(1014, '0910', '13', NULL),
(1015, '0911', '01', NULL),
(1016, '0911', '02', NULL),
(1017, '0911', '03', NULL),
(1018, '0911', '04', NULL),
(1019, '0911', '05', NULL),
(1020, '0911', '06', NULL),
(1021, '0911', '07', NULL),
(1022, '0911', '08', NULL),
(1023, '0911', '09', NULL),
(1024, '0911', '10', NULL),
(1025, '0911', '11', NULL),
(1026, '0911', '12', NULL),
(1027, '0911', '13', NULL),
(1028, '0912', '01', NULL),
(1029, '0912', '02', NULL),
(1030, '0912', '03', NULL),
(1031, '0912', '04', NULL),
(1032, '0912', '05', NULL),
(1033, '0912', '06', NULL),
(1034, '0912', '07', NULL),
(1035, '0912', '08', NULL),
(1036, '0912', '09', NULL),
(1037, '0912', '10', NULL),
(1038, '0912', '11', NULL),
(1039, '0912', '12', NULL),
(1040, '0912', '13', NULL),
(1041, '0913', '01', NULL),
(1042, '0913', '02', NULL),
(1043, '0913', '03', NULL),
(1044, '0913', '04', NULL),
(1045, '0913', '05', NULL),
(1046, '0913', '06', NULL),
(1047, '0913', '07', NULL),
(1048, '0913', '08', NULL),
(1049, '0913', '09', NULL),
(1050, '0913', '10', NULL),
(1051, '0913', '11', NULL),
(1052, '0913', '12', NULL),
(1053, '0913', '13', NULL),
(1054, '0914', '01', NULL),
(1055, '0914', '02', NULL),
(1056, '0914', '03', NULL),
(1057, '0914', '04', NULL),
(1058, '0914', '05', NULL),
(1059, '0914', '06', NULL),
(1060, '0914', '07', NULL),
(1061, '0914', '08', NULL),
(1062, '0914', '09', NULL),
(1063, '0914', '10', NULL),
(1064, '0914', '11', NULL),
(1065, '0914', '12', NULL),
(1066, '0914', '13', NULL),
(1067, '0915', '01', NULL),
(1068, '0915', '02', NULL),
(1069, '0915', '03', NULL),
(1070, '0915', '04', NULL),
(1071, '0915', '05', NULL),
(1072, '0915', '06', NULL),
(1073, '0915', '07', NULL),
(1074, '0915', '08', NULL),
(1075, '0915', '09', NULL),
(1076, '0915', '10', NULL),
(1077, '0915', '11', NULL),
(1078, '0915', '12', NULL),
(1079, '0915', '13', NULL),
(1080, '0916', '01', NULL),
(1081, '0916', '02', NULL),
(1082, '0916', '03', NULL),
(1083, '0916', '04', NULL),
(1084, '0916', '05', NULL),
(1085, '0916', '06', NULL),
(1086, '0916', '07', NULL),
(1087, '0916', '08', NULL),
(1088, '0916', '09', NULL),
(1089, '0916', '10', NULL),
(1090, '0916', '11', NULL),
(1091, '0916', '12', NULL),
(1092, '0916', '13', NULL),
(1093, '0917', '01', NULL),
(1094, '0917', '02', NULL),
(1095, '0917', '03', NULL),
(1096, '0917', '04', NULL),
(1097, '0917', '05', NULL),
(1098, '0917', '06', NULL),
(1099, '0917', '07', NULL),
(1100, '0917', '08', NULL),
(1101, '0917', '09', NULL),
(1102, '0917', '10', NULL),
(1103, '0917', '11', NULL),
(1104, '0917', '12', NULL),
(1105, '0917', '13', NULL),
(1106, '0918', '01', NULL),
(1107, '0918', '02', NULL),
(1108, '0918', '03', NULL),
(1109, '0918', '04', NULL),
(1110, '0918', '05', NULL),
(1111, '0918', '06', NULL),
(1112, '0918', '07', NULL),
(1113, '0918', '08', NULL),
(1114, '0918', '09', NULL),
(1115, '0918', '10', NULL),
(1116, '0918', '11', NULL),
(1117, '0918', '12', NULL),
(1118, '0918', '13', NULL),
(1119, '0919', '01', NULL),
(1120, '0919', '02', NULL),
(1121, '0919', '03', NULL),
(1122, '0919', '04', NULL),
(1123, '0919', '05', NULL),
(1124, '0919', '06', NULL),
(1125, '0919', '07', NULL),
(1126, '0919', '08', NULL),
(1127, '0919', '09', NULL),
(1128, '0919', '10', NULL),
(1129, '0919', '11', NULL),
(1130, '0919', '12', NULL),
(1131, '0919', '13', NULL),
(1132, '0920', '01', NULL),
(1133, '0920', '02', NULL),
(1134, '0920', '03', NULL),
(1135, '0920', '04', NULL),
(1136, '0920', '05', NULL),
(1137, '0920', '06', NULL),
(1138, '0920', '07', NULL),
(1139, '0920', '08', NULL),
(1140, '0920', '09', NULL),
(1141, '0920', '10', NULL),
(1142, '0920', '11', NULL),
(1143, '0920', '12', NULL),
(1144, '0920', '13', NULL),
(1145, '0921', '01', NULL),
(1146, '0921', '02', NULL),
(1147, '0921', '03', NULL),
(1148, '0921', '04', NULL),
(1149, '0921', '05', NULL),
(1150, '0921', '06', NULL),
(1151, '0921', '07', NULL),
(1152, '0921', '08', NULL),
(1153, '0921', '09', NULL),
(1154, '0921', '10', NULL),
(1155, '0921', '11', NULL),
(1156, '0921', '12', NULL),
(1157, '0921', '13', NULL),
(1158, '0922', '01', NULL),
(1159, '0922', '02', NULL),
(1160, '0922', '03', NULL),
(1161, '0922', '04', NULL),
(1162, '0922', '05', NULL),
(1163, '0922', '06', NULL),
(1164, '0922', '07', NULL),
(1165, '0922', '08', NULL),
(1166, '0922', '09', NULL),
(1167, '0922', '10', NULL),
(1168, '0922', '11', NULL),
(1169, '0922', '12', NULL),
(1170, '0922', '13', NULL),
(1171, '0923', '01', NULL),
(1172, '0923', '02', NULL),
(1173, '0923', '03', NULL),
(1174, '0923', '04', NULL),
(1175, '0923', '05', NULL),
(1176, '0923', '06', NULL),
(1177, '0923', '07', NULL),
(1178, '0923', '08', NULL),
(1179, '0923', '09', NULL),
(1180, '0923', '10', NULL),
(1181, '0923', '11', NULL),
(1182, '0923', '12', NULL),
(1183, '0923', '13', NULL),
(1184, '0924', '01', NULL),
(1185, '0924', '02', NULL),
(1186, '0924', '03', NULL),
(1187, '0924', '04', NULL),
(1188, '0924', '05', NULL),
(1189, '0924', '06', NULL),
(1190, '0924', '07', NULL),
(1191, '0924', '08', NULL),
(1192, '0924', '09', NULL),
(1193, '0924', '10', NULL),
(1194, '0924', '11', NULL),
(1195, '0924', '12', NULL),
(1196, '0924', '13', NULL),
(1197, '0925', '01', NULL),
(1198, '0925', '02', NULL),
(1199, '0925', '03', NULL),
(1200, '0925', '04', NULL),
(1201, '0925', '05', NULL),
(1202, '0925', '06', NULL),
(1203, '0925', '07', NULL),
(1204, '0925', '08', NULL),
(1205, '0925', '09', NULL),
(1206, '0925', '10', NULL),
(1207, '0925', '11', NULL),
(1208, '0925', '12', NULL),
(1209, '0925', '13', NULL),
(1210, '1001', '01', NULL),
(1211, '1001', '02', NULL),
(1212, '1001', '03', NULL),
(1213, '1001', '04', NULL),
(1214, '1001', '05', NULL),
(1215, '1001', '06', NULL),
(1216, '1001', '07', NULL),
(1217, '1001', '08', NULL),
(1218, '1001', '09', NULL),
(1219, '1001', '10', NULL),
(1220, '1001', '11', NULL),
(1221, '1001', '12', NULL),
(1222, '1001', '13', NULL),
(1223, '1002', '01', NULL),
(1224, '1002', '02', NULL),
(1225, '1002', '03', NULL),
(1226, '1002', '04', NULL),
(1227, '1002', '05', NULL),
(1228, '1002', '06', NULL),
(1229, '1002', '07', NULL),
(1230, '1002', '08', NULL),
(1231, '1002', '09', NULL),
(1232, '1002', '10', NULL),
(1233, '1002', '11', NULL),
(1234, '1002', '12', NULL),
(1235, '1002', '13', NULL),
(1236, '1003', '01', NULL),
(1237, '1003', '02', NULL),
(1238, '1003', '03', NULL),
(1239, '1003', '04', NULL),
(1240, '1003', '05', NULL),
(1241, '1003', '06', NULL),
(1242, '1003', '07', NULL),
(1243, '1003', '08', NULL),
(1244, '1003', '09', NULL),
(1245, '1003', '10', NULL),
(1246, '1003', '11', NULL),
(1247, '1003', '12', NULL),
(1248, '1003', '13', NULL),
(1249, '1004', '01', NULL),
(1250, '1004', '02', NULL),
(1251, '1004', '03', NULL),
(1252, '1004', '04', NULL),
(1253, '1004', '05', NULL),
(1254, '1004', '06', NULL),
(1255, '1004', '07', NULL),
(1256, '1004', '08', NULL),
(1257, '1004', '09', NULL),
(1258, '1004', '10', NULL),
(1259, '1004', '11', NULL),
(1260, '1004', '12', NULL),
(1261, '1004', '13', NULL),
(1262, '1005', '01', NULL),
(1263, '1005', '02', NULL),
(1264, '1005', '03', NULL),
(1265, '1005', '04', NULL),
(1266, '1005', '05', NULL),
(1267, '1005', '06', NULL),
(1268, '1005', '07', NULL),
(1269, '1005', '08', NULL),
(1270, '1005', '09', NULL),
(1271, '1005', '10', NULL),
(1272, '1005', '11', NULL),
(1273, '1005', '12', NULL),
(1274, '1005', '13', NULL),
(1275, '1006', '01', NULL),
(1276, '1006', '02', NULL),
(1277, '1006', '03', NULL),
(1278, '1006', '04', NULL),
(1279, '1006', '05', NULL),
(1280, '1006', '06', NULL),
(1281, '1006', '07', NULL),
(1282, '1006', '08', NULL),
(1283, '1006', '09', NULL),
(1284, '1006', '10', NULL),
(1285, '1006', '11', NULL),
(1286, '1006', '12', NULL),
(1287, '1006', '13', NULL),
(1288, '1007', '01', NULL),
(1289, '1007', '02', NULL),
(1290, '1007', '03', NULL),
(1291, '1007', '04', NULL),
(1292, '1007', '05', NULL),
(1293, '1007', '06', NULL),
(1294, '1007', '07', NULL),
(1295, '1007', '08', NULL),
(1296, '1007', '09', NULL),
(1297, '1007', '10', NULL),
(1298, '1007', '11', NULL),
(1299, '1007', '12', NULL),
(1300, '1007', '13', NULL),
(1301, '1008', '01', NULL),
(1302, '1008', '02', NULL),
(1303, '1008', '03', NULL),
(1304, '1008', '04', NULL),
(1305, '1008', '05', NULL),
(1306, '1008', '06', NULL),
(1307, '1008', '07', NULL),
(1308, '1008', '08', NULL),
(1309, '1008', '09', NULL),
(1310, '1008', '10', NULL),
(1311, '1008', '11', NULL),
(1312, '1008', '12', NULL),
(1313, '1008', '13', NULL),
(1314, '1009', '01', NULL),
(1315, '1009', '02', NULL),
(1316, '1009', '03', NULL),
(1317, '1009', '04', NULL),
(1318, '1009', '05', NULL),
(1319, '1009', '06', NULL),
(1320, '1009', '07', NULL),
(1321, '1009', '08', NULL),
(1322, '1009', '09', NULL),
(1323, '1009', '10', NULL),
(1324, '1009', '11', NULL),
(1325, '1009', '12', NULL),
(1326, '1009', '13', NULL),
(1327, '1010', '01', NULL),
(1328, '1010', '02', NULL),
(1329, '1010', '03', NULL),
(1330, '1010', '04', NULL),
(1331, '1010', '05', NULL),
(1332, '1010', '06', NULL),
(1333, '1010', '07', NULL),
(1334, '1010', '08', NULL),
(1335, '1010', '09', NULL),
(1336, '1010', '10', NULL),
(1337, '1010', '11', NULL),
(1338, '1010', '12', NULL),
(1339, '1010', '13', NULL),
(1340, '1011', '01', NULL),
(1341, '1011', '02', NULL),
(1342, '1011', '03', NULL),
(1343, '1011', '04', NULL),
(1344, '1011', '05', NULL),
(1345, '1011', '06', NULL),
(1346, '1011', '07', NULL),
(1347, '1011', '08', NULL),
(1348, '1011', '09', NULL),
(1349, '1011', '10', NULL),
(1350, '1011', '11', NULL),
(1351, '1011', '12', NULL),
(1352, '1011', '13', NULL),
(1353, '1012', '01', NULL),
(1354, '1012', '02', NULL),
(1355, '1012', '03', NULL),
(1356, '1012', '04', NULL),
(1357, '1012', '05', NULL),
(1358, '1012', '06', NULL),
(1359, '1012', '07', NULL),
(1360, '1012', '08', NULL),
(1361, '1012', '09', NULL),
(1362, '1012', '10', NULL),
(1363, '1012', '11', NULL),
(1364, '1012', '12', NULL),
(1365, '1012', '13', NULL),
(1366, '1013', '01', NULL),
(1367, '1013', '02', NULL),
(1368, '1013', '03', NULL),
(1369, '1013', '04', NULL),
(1370, '1013', '05', NULL),
(1371, '1013', '06', NULL),
(1372, '1013', '07', NULL),
(1373, '1013', '08', NULL),
(1374, '1013', '09', NULL),
(1375, '1013', '10', NULL),
(1376, '1013', '11', NULL),
(1377, '1013', '12', NULL),
(1378, '1013', '13', NULL),
(1379, '1014', '01', NULL),
(1380, '1014', '02', NULL),
(1381, '1014', '03', NULL),
(1382, '1014', '04', NULL),
(1383, '1014', '05', NULL),
(1384, '1014', '06', NULL),
(1385, '1014', '07', NULL),
(1386, '1014', '08', NULL),
(1387, '1014', '09', NULL),
(1388, '1014', '10', NULL),
(1389, '1014', '11', NULL),
(1390, '1014', '12', NULL),
(1391, '1014', '13', NULL),
(1392, '1015', '01', NULL),
(1393, '1015', '02', NULL),
(1394, '1015', '03', NULL),
(1395, '1015', '04', NULL),
(1396, '1015', '05', NULL),
(1397, '1015', '06', NULL),
(1398, '1015', '07', NULL),
(1399, '1015', '08', NULL),
(1400, '1015', '09', NULL),
(1401, '1015', '10', NULL),
(1402, '1015', '11', NULL),
(1403, '1015', '12', NULL),
(1404, '1015', '13', NULL),
(1405, '1016', '01', NULL),
(1406, '1016', '02', NULL),
(1407, '1016', '03', NULL),
(1408, '1016', '04', NULL),
(1409, '1016', '05', NULL),
(1410, '1016', '06', NULL),
(1411, '1016', '07', NULL),
(1412, '1016', '08', NULL),
(1413, '1016', '09', NULL),
(1414, '1016', '10', NULL),
(1415, '1016', '11', NULL),
(1416, '1016', '12', NULL),
(1417, '1016', '13', NULL),
(1418, '1017', '01', NULL),
(1419, '1017', '02', NULL),
(1420, '1017', '03', NULL),
(1421, '1017', '04', NULL),
(1422, '1017', '05', NULL),
(1423, '1017', '06', NULL),
(1424, '1017', '07', NULL),
(1425, '1017', '08', NULL),
(1426, '1017', '09', NULL),
(1427, '1017', '10', NULL),
(1428, '1017', '11', NULL),
(1429, '1017', '12', NULL),
(1430, '1017', '13', NULL),
(1431, '1018', '01', NULL),
(1432, '1018', '02', NULL),
(1433, '1018', '03', NULL),
(1434, '1018', '04', NULL),
(1435, '1018', '05', NULL),
(1436, '1018', '06', NULL),
(1437, '1018', '07', NULL),
(1438, '1018', '08', NULL),
(1439, '1018', '09', NULL),
(1440, '1018', '10', NULL),
(1441, '1018', '11', NULL),
(1442, '1018', '12', NULL),
(1443, '1018', '13', NULL),
(1444, '1019', '01', NULL),
(1445, '1019', '02', NULL),
(1446, '1019', '03', NULL),
(1447, '1019', '04', NULL),
(1448, '1019', '05', NULL),
(1449, '1019', '06', NULL),
(1450, '1019', '07', NULL),
(1451, '1019', '08', NULL),
(1452, '1019', '09', NULL),
(1453, '1019', '10', NULL),
(1454, '1019', '11', NULL),
(1455, '1019', '12', NULL),
(1456, '1019', '13', NULL),
(1457, '1020', '01', NULL),
(1458, '1020', '02', NULL),
(1459, '1020', '03', NULL),
(1460, '1020', '04', NULL),
(1461, '1020', '05', NULL),
(1462, '1020', '06', NULL),
(1463, '1020', '07', NULL),
(1464, '1020', '08', NULL),
(1465, '1020', '09', NULL),
(1466, '1020', '10', NULL),
(1467, '1020', '11', NULL),
(1468, '1020', '12', NULL),
(1469, '1020', '13', NULL),
(1470, '2001', '01', NULL),
(1471, '2001', '02', NULL),
(1472, '2001', '03', NULL),
(1473, '2001', '04', NULL),
(1474, '2001', '05', NULL),
(1475, '2001', '06', NULL),
(1476, '2001', '07', NULL),
(1477, '2001', '08', NULL),
(1478, '2001', '09', NULL),
(1479, '2001', '10', NULL),
(1480, '2001', '11', NULL),
(1481, '2001', '12', NULL),
(1482, '2001', '13', NULL),
(1483, '2002', '01', NULL),
(1484, '2002', '02', NULL),
(1485, '2002', '03', NULL),
(1486, '2002', '04', NULL),
(1487, '2002', '05', NULL),
(1488, '2002', '06', NULL),
(1489, '2002', '07', NULL),
(1490, '2002', '08', NULL),
(1491, '2002', '09', NULL),
(1492, '2002', '10', NULL),
(1493, '2002', '11', NULL),
(1494, '2002', '12', NULL),
(1495, '2002', '13', NULL),
(1496, '2003', '01', NULL),
(1497, '2003', '02', NULL),
(1498, '2003', '03', NULL),
(1499, '2003', '04', NULL),
(1500, '2003', '05', NULL),
(1501, '2003', '06', NULL),
(1502, '2003', '07', NULL),
(1503, '2003', '08', NULL),
(1504, '2003', '09', NULL),
(1505, '2003', '10', NULL),
(1506, '2003', '11', NULL),
(1507, '2003', '12', NULL),
(1508, '2003', '13', NULL),
(1509, '2004', '01', NULL),
(1510, '2004', '02', NULL),
(1511, '2004', '03', NULL),
(1512, '2004', '04', NULL),
(1513, '2004', '05', NULL),
(1514, '2004', '06', NULL),
(1515, '2004', '07', NULL),
(1516, '2004', '08', NULL),
(1517, '2004', '09', NULL),
(1518, '2004', '10', NULL),
(1519, '2004', '11', NULL),
(1520, '2004', '12', NULL),
(1521, '2004', '13', NULL),
(1522, '2005', '01', NULL),
(1523, '2005', '02', NULL),
(1524, '2005', '03', NULL),
(1525, '2005', '04', NULL),
(1526, '2005', '05', NULL),
(1527, '2005', '06', NULL),
(1528, '2005', '07', NULL),
(1529, '2005', '08', NULL),
(1530, '2005', '09', NULL),
(1531, '2005', '10', NULL),
(1532, '2005', '11', NULL),
(1533, '2005', '12', NULL),
(1534, '2005', '13', NULL),
(1535, '2006', '01', NULL),
(1536, '2006', '02', NULL),
(1537, '2006', '03', NULL),
(1538, '2006', '04', NULL),
(1539, '2006', '05', NULL),
(1540, '2006', '06', NULL),
(1541, '2006', '07', NULL),
(1542, '2006', '08', NULL),
(1543, '2006', '09', NULL),
(1544, '2006', '10', NULL),
(1545, '2006', '11', NULL),
(1546, '2006', '12', NULL),
(1547, '2006', '13', NULL),
(1548, '2007', '01', NULL),
(1549, '2007', '02', NULL),
(1550, '2007', '03', NULL),
(1551, '2007', '04', NULL),
(1552, '2007', '05', NULL),
(1553, '2007', '06', NULL),
(1554, '2007', '07', NULL),
(1555, '2007', '08', NULL),
(1556, '2007', '09', NULL),
(1557, '2007', '10', NULL),
(1558, '2007', '11', NULL),
(1559, '2007', '12', NULL),
(1560, '2007', '13', NULL),
(1561, '2008', '01', NULL),
(1562, '2008', '02', NULL),
(1563, '2008', '03', NULL),
(1564, '2008', '04', NULL),
(1565, '2008', '05', NULL),
(1566, '2008', '06', NULL),
(1567, '2008', '07', NULL),
(1568, '2008', '08', NULL),
(1569, '2008', '09', NULL),
(1570, '2008', '10', NULL),
(1571, '2008', '11', NULL),
(1572, '2008', '12', NULL),
(1573, '2008', '13', NULL),
(1574, '2009', '01', NULL),
(1575, '2009', '02', NULL),
(1576, '2009', '03', NULL),
(1577, '2009', '04', NULL),
(1578, '2009', '05', NULL),
(1579, '2009', '06', NULL),
(1580, '2009', '07', NULL),
(1581, '2009', '08', NULL),
(1582, '2009', '09', NULL),
(1583, '2009', '10', NULL),
(1584, '2009', '11', NULL),
(1585, '2009', '12', NULL),
(1586, '2009', '13', NULL),
(1587, '2010', '01', NULL),
(1588, '2010', '02', NULL),
(1589, '2010', '03', NULL),
(1590, '2010', '04', NULL),
(1591, '2010', '05', NULL),
(1592, '2010', '06', NULL),
(1593, '2010', '07', NULL),
(1594, '2010', '08', NULL),
(1595, '2010', '09', NULL),
(1596, '2010', '10', NULL),
(1597, '2010', '11', NULL),
(1598, '2010', '12', NULL),
(1599, '2010', '13', NULL),
(1600, '2011', '01', NULL),
(1601, '2011', '02', NULL),
(1602, '2011', '03', NULL),
(1603, '2011', '04', NULL),
(1604, '2011', '05', NULL),
(1605, '2011', '06', NULL),
(1606, '2011', '07', NULL),
(1607, '2011', '08', NULL),
(1608, '2011', '09', NULL),
(1609, '2011', '10', NULL),
(1610, '2011', '11', NULL),
(1611, '2011', '12', NULL),
(1612, '2011', '13', NULL),
(1613, '2012', '01', NULL),
(1614, '2012', '02', NULL),
(1615, '2012', '03', NULL),
(1616, '2012', '04', NULL),
(1617, '2012', '05', NULL),
(1618, '2012', '06', NULL),
(1619, '2012', '07', NULL),
(1620, '2012', '08', NULL),
(1621, '2012', '09', NULL),
(1622, '2012', '10', NULL),
(1623, '2012', '11', NULL),
(1624, '2012', '12', NULL),
(1625, '2012', '13', NULL),
(1626, '2013', '01', NULL),
(1627, '2013', '02', NULL),
(1628, '2013', '03', NULL),
(1629, '2013', '04', NULL),
(1630, '2013', '05', NULL),
(1631, '2013', '06', NULL),
(1632, '2013', '07', NULL),
(1633, '2013', '08', NULL),
(1634, '2013', '09', NULL),
(1635, '2013', '10', NULL),
(1636, '2013', '11', NULL),
(1637, '2013', '12', NULL),
(1638, '2013', '13', NULL),
(1639, '2014', '01', NULL),
(1640, '2014', '02', NULL),
(1641, '2014', '03', NULL),
(1642, '2014', '04', NULL),
(1643, '2014', '05', NULL),
(1644, '2014', '06', NULL),
(1645, '2014', '07', NULL),
(1646, '2014', '08', NULL),
(1647, '2014', '09', NULL),
(1648, '2014', '10', NULL),
(1649, '2014', '11', NULL),
(1650, '2014', '12', NULL),
(1651, '2014', '13', NULL),
(1652, '2015', '01', NULL),
(1653, '2015', '02', NULL),
(1654, '2015', '03', NULL),
(1655, '2015', '04', NULL),
(1656, '2015', '05', NULL),
(1657, '2015', '06', NULL),
(1658, '2015', '07', NULL),
(1659, '2015', '08', NULL),
(1660, '2015', '09', NULL),
(1661, '2015', '10', NULL),
(1662, '2015', '11', NULL),
(1663, '2015', '12', NULL),
(1664, '2015', '13', NULL),
(1665, '2016', '01', NULL),
(1666, '2016', '02', NULL),
(1667, '2016', '03', NULL),
(1668, '2016', '04', NULL),
(1669, '2016', '05', NULL),
(1670, '2016', '06', NULL),
(1671, '2016', '07', NULL),
(1672, '2016', '08', NULL),
(1673, '2016', '09', NULL),
(1674, '2016', '10', NULL),
(1675, '2016', '11', NULL),
(1676, '2016', '12', NULL),
(1677, '2016', '13', NULL),
(1678, '2017', '01', NULL),
(1679, '2017', '02', NULL),
(1680, '2017', '03', NULL),
(1681, '2017', '04', NULL),
(1682, '2017', '05', NULL),
(1683, '2017', '06', NULL),
(1684, '2017', '07', NULL),
(1685, '2017', '08', NULL),
(1686, '2017', '09', NULL),
(1687, '2017', '10', NULL),
(1688, '2017', '11', NULL),
(1689, '2017', '12', NULL),
(1690, '2017', '13', NULL),
(1691, '2018', '01', NULL),
(1692, '2018', '02', NULL),
(1693, '2018', '03', NULL),
(1694, '2018', '04', NULL),
(1695, '2018', '05', NULL),
(1696, '2018', '06', NULL),
(1697, '2018', '07', NULL),
(1698, '2018', '08', NULL),
(1699, '2018', '09', NULL),
(1700, '2018', '10', NULL),
(1701, '2018', '11', NULL),
(1702, '2018', '12', NULL),
(1703, '2018', '13', NULL),
(1704, '2019', '01', NULL),
(1705, '2019', '02', NULL),
(1706, '2019', '03', NULL),
(1707, '2019', '04', NULL),
(1708, '2019', '05', NULL),
(1709, '2019', '06', NULL),
(1710, '2019', '07', NULL),
(1711, '2019', '08', NULL),
(1712, '2019', '09', NULL),
(1713, '2019', '10', NULL),
(1714, '2019', '11', NULL),
(1715, '2019', '12', NULL),
(1716, '2019', '13', NULL),
(1717, '2020', '01', NULL),
(1718, '2020', '02', NULL),
(1719, '2020', '03', NULL),
(1720, '2020', '04', NULL),
(1721, '2020', '05', NULL),
(1722, '2020', '06', NULL),
(1723, '2020', '07', NULL),
(1724, '2020', '08', NULL),
(1725, '2020', '09', NULL),
(1726, '2020', '10', NULL),
(1727, '2020', '11', NULL),
(1728, '2020', '12', NULL),
(1729, '2020', '13', NULL),
(1730, '2021', '01', NULL),
(1731, '2021', '02', NULL),
(1732, '2021', '03', NULL),
(1733, '2021', '04', NULL),
(1734, '2021', '05', NULL),
(1735, '2021', '06', NULL),
(1736, '2021', '07', NULL),
(1737, '2021', '08', NULL),
(1738, '2021', '09', NULL),
(1739, '2021', '10', NULL),
(1740, '2021', '11', NULL),
(1741, '2021', '12', NULL),
(1742, '2021', '13', NULL),
(1743, '2022', '01', NULL),
(1744, '2022', '02', NULL),
(1745, '2022', '03', NULL),
(1746, '2022', '04', NULL),
(1747, '2022', '05', NULL),
(1748, '2022', '06', NULL),
(1749, '2022', '07', NULL),
(1750, '2022', '08', NULL),
(1751, '2022', '09', NULL),
(1752, '2022', '10', NULL),
(1753, '2022', '11', NULL),
(1754, '2022', '12', NULL),
(1755, '2022', '13', NULL),
(1756, '2023', '01', NULL),
(1757, '2023', '02', NULL),
(1758, '2023', '03', NULL),
(1759, '2023', '04', NULL),
(1760, '2023', '05', NULL),
(1761, '2023', '06', NULL),
(1762, '2023', '07', NULL),
(1763, '2023', '08', NULL),
(1764, '2023', '09', NULL),
(1765, '2023', '10', NULL),
(1766, '2023', '11', NULL),
(1767, '2023', '12', NULL),
(1768, '2023', '13', NULL),
(1769, '2024', '01', NULL),
(1770, '2024', '02', NULL),
(1771, '2024', '03', NULL),
(1772, '2024', '04', NULL),
(1773, '2024', '05', NULL),
(1774, '2024', '06', NULL),
(1775, '2024', '07', NULL),
(1776, '2024', '08', NULL),
(1777, '2024', '09', NULL),
(1778, '2024', '10', NULL),
(1779, '2024', '11', NULL),
(1780, '2024', '12', NULL),
(1781, '2024', '13', NULL),
(1782, '2025', '01', NULL),
(1783, '2025', '02', NULL),
(1784, '2025', '03', NULL),
(1785, '2025', '04', NULL),
(1786, '2025', '05', NULL),
(1787, '2025', '06', NULL),
(1788, '2025', '07', NULL),
(1789, '2025', '08', NULL),
(1790, '2025', '09', NULL),
(1791, '2025', '10', NULL),
(1792, '2025', '11', NULL),
(1793, '2025', '12', NULL),
(1794, '2025', '13', NULL),
(1795, '2026', '01', NULL),
(1796, '2026', '02', NULL),
(1797, '2026', '03', NULL),
(1798, '2026', '04', NULL),
(1799, '2026', '05', NULL),
(1800, '2026', '06', NULL),
(1801, '2026', '07', NULL),
(1802, '2026', '08', NULL),
(1803, '2026', '09', NULL),
(1804, '2026', '10', NULL),
(1805, '2026', '11', NULL),
(1806, '2026', '12', NULL),
(1807, '2026', '13', NULL),
(1808, '2027', '01', NULL),
(1809, '2027', '02', NULL),
(1810, '2027', '03', NULL),
(1811, '2027', '04', NULL),
(1812, '2027', '05', NULL),
(1813, '2027', '06', NULL),
(1814, '2027', '07', NULL),
(1815, '2027', '08', NULL),
(1816, '2027', '09', NULL),
(1817, '2027', '10', NULL),
(1818, '2027', '11', NULL),
(1819, '2027', '12', NULL),
(1820, '2027', '13', NULL),
(1821, '2028', '01', NULL),
(1822, '2028', '02', NULL),
(1823, '2028', '03', NULL),
(1824, '2028', '04', NULL),
(1825, '2028', '05', NULL),
(1826, '2028', '06', NULL),
(1827, '2028', '07', NULL),
(1828, '2028', '08', NULL),
(1829, '2028', '09', NULL),
(1830, '2028', '10', NULL),
(1831, '2028', '11', NULL),
(1832, '2028', '12', NULL),
(1833, '2028', '13', NULL),
(1834, '2029', '01', NULL),
(1835, '2029', '02', NULL),
(1836, '2029', '03', NULL),
(1837, '2029', '04', NULL),
(1838, '2029', '05', NULL),
(1839, '2029', '06', NULL),
(1840, '2029', '07', NULL),
(1841, '2029', '08', NULL),
(1842, '2029', '09', NULL),
(1843, '2029', '10', NULL),
(1844, '2029', '11', NULL),
(1845, '2029', '12', NULL),
(1846, '2029', '13', NULL),
(1847, '2030', '01', NULL),
(1848, '2030', '02', NULL),
(1849, '2030', '03', NULL),
(1850, '2030', '04', NULL),
(1851, '2030', '05', NULL),
(1852, '2030', '06', NULL),
(1853, '2030', '07', NULL),
(1854, '2030', '08', NULL),
(1855, '2030', '09', NULL),
(1856, '2030', '10', NULL),
(1857, '2030', '11', NULL),
(1858, '2030', '12', NULL),
(1859, '2030', '13', NULL),
(1860, '2031', '01', NULL),
(1861, '2031', '02', NULL),
(1862, '2031', '03', NULL),
(1863, '2031', '04', NULL),
(1864, '2031', '05', NULL),
(1865, '2031', '06', NULL),
(1866, '2031', '07', NULL),
(1867, '2031', '08', NULL),
(1868, '2031', '09', NULL),
(1869, '2031', '10', NULL),
(1870, '2031', '11', NULL),
(1871, '2031', '12', NULL),
(1872, '2031', '13', NULL),
(1873, '2032', '01', NULL),
(1874, '2032', '02', NULL),
(1875, '2032', '03', NULL),
(1876, '2032', '04', NULL),
(1877, '2032', '05', NULL),
(1878, '2032', '06', NULL),
(1879, '2032', '07', NULL),
(1880, '2032', '08', NULL),
(1881, '2032', '09', NULL),
(1882, '2032', '10', NULL),
(1883, '2032', '11', NULL),
(1884, '2032', '12', NULL),
(1885, '2032', '13', NULL),
(1886, '2033', '01', NULL),
(1887, '2033', '02', NULL),
(1888, '2033', '03', NULL),
(1889, '2033', '04', NULL),
(1890, '2033', '05', NULL),
(1891, '2033', '06', NULL),
(1892, '2033', '07', NULL),
(1893, '2033', '08', NULL),
(1894, '2033', '09', NULL),
(1895, '2033', '10', NULL),
(1896, '2033', '11', NULL),
(1897, '2033', '12', NULL),
(1898, '2033', '13', NULL),
(1899, '2034', '01', NULL),
(1900, '2034', '02', NULL),
(1901, '2034', '03', NULL),
(1902, '2034', '04', NULL),
(1903, '2034', '05', NULL),
(1904, '2034', '06', NULL),
(1905, '2034', '07', NULL),
(1906, '2034', '08', NULL),
(1907, '2034', '09', NULL),
(1908, '2034', '10', NULL),
(1909, '2034', '11', NULL),
(1910, '2034', '12', NULL),
(1911, '2034', '13', NULL),
(1912, '2035', '01', NULL),
(1913, '2035', '02', NULL),
(1914, '2035', '03', NULL),
(1915, '2035', '04', NULL),
(1916, '2035', '05', NULL),
(1917, '2035', '06', NULL),
(1918, '2035', '07', NULL),
(1919, '2035', '08', NULL),
(1920, '2035', '09', NULL),
(1921, '2035', '10', NULL),
(1922, '2035', '11', NULL),
(1923, '2035', '12', NULL),
(1924, '2035', '13', NULL),
(1925, '2036', '01', NULL),
(1926, '2036', '02', NULL),
(1927, '2036', '03', NULL),
(1928, '2036', '04', NULL),
(1929, '2036', '05', NULL),
(1930, '2036', '06', NULL),
(1931, '2036', '07', NULL),
(1932, '2036', '08', NULL),
(1933, '2036', '09', NULL),
(1934, '2036', '10', NULL),
(1935, '2036', '11', NULL),
(1936, '2036', '12', NULL),
(1937, '2036', '13', NULL),
(1938, '2037', '01', NULL),
(1939, '2037', '02', NULL),
(1940, '2037', '03', NULL),
(1941, '2037', '04', NULL),
(1942, '2037', '05', NULL),
(1943, '2037', '06', NULL),
(1944, '2037', '07', NULL),
(1945, '2037', '08', NULL),
(1946, '2037', '09', NULL),
(1947, '2037', '10', NULL),
(1948, '2037', '11', NULL),
(1949, '2037', '12', NULL),
(1950, '2037', '13', NULL),
(1951, '2038', '01', NULL),
(1952, '2038', '02', NULL),
(1953, '2038', '03', NULL),
(1954, '2038', '04', NULL),
(1955, '2038', '05', NULL),
(1956, '2038', '06', NULL),
(1957, '2038', '07', NULL),
(1958, '2038', '08', NULL),
(1959, '2038', '09', NULL),
(1960, '2038', '10', NULL),
(1961, '2038', '11', NULL),
(1962, '2038', '12', NULL),
(1963, '2038', '13', NULL),
(1964, '2039', '01', NULL),
(1965, '2039', '02', NULL);
INSERT INTO `detalle_conceptos_afectaciones` (`id_detalle_concepto_afectacion`, `cod_detalle_concepto`, `cod_afectacion`, `afecto`) VALUES
(1966, '2039', '03', NULL),
(1967, '2039', '04', NULL),
(1968, '2039', '05', NULL),
(1969, '2039', '06', NULL),
(1970, '2039', '07', NULL),
(1971, '2039', '08', NULL),
(1972, '2039', '09', NULL),
(1973, '2039', '10', NULL),
(1974, '2039', '11', NULL),
(1975, '2039', '12', NULL),
(1976, '2039', '13', NULL),
(1977, '2040', '01', NULL),
(1978, '2040', '02', NULL),
(1979, '2040', '03', NULL),
(1980, '2040', '04', NULL),
(1981, '2040', '05', NULL),
(1982, '2040', '06', NULL),
(1983, '2040', '07', NULL),
(1984, '2040', '08', NULL),
(1985, '2040', '09', NULL),
(1986, '2040', '10', NULL),
(1987, '2040', '11', NULL),
(1988, '2040', '12', NULL),
(1989, '2040', '13', NULL),
(1990, '2041', '01', NULL),
(1991, '2041', '02', NULL),
(1992, '2041', '03', NULL),
(1993, '2041', '04', NULL),
(1994, '2041', '05', NULL),
(1995, '2041', '06', NULL),
(1996, '2041', '07', NULL),
(1997, '2041', '08', NULL),
(1998, '2041', '09', NULL),
(1999, '2041', '10', NULL),
(2000, '2041', '11', NULL),
(2001, '2041', '12', NULL),
(2002, '2041', '13', NULL),
(2003, '2042', '01', NULL),
(2004, '2042', '02', NULL),
(2005, '2042', '03', NULL),
(2006, '2042', '04', NULL),
(2007, '2042', '05', NULL),
(2008, '2042', '06', NULL),
(2009, '2042', '07', NULL),
(2010, '2042', '08', NULL),
(2011, '2042', '09', NULL),
(2012, '2042', '10', NULL),
(2013, '2042', '11', NULL),
(2014, '2042', '12', NULL),
(2015, '2042', '13', NULL);

-- --------------------------------------------------------

--
-- Table structure for table `detalle_establecimiento`
--

CREATE TABLE IF NOT EXISTS `detalle_establecimiento` (
  `id_detalle_establecimiento` int(11) NOT NULL AUTO_INCREMENT,
  `id_trabajador` int(10) unsigned NOT NULL,
  `id_establecimiento` int(10) unsigned NOT NULL,
  PRIMARY KEY (`id_detalle_establecimiento`),
  KEY `id_trabajador` (`id_trabajador`),
  KEY `id_establecimiento` (`id_establecimiento`)
) ENGINE=InnoDB  DEFAULT CHARSET=latin1 COMMENT='detalle :\r\nHistorial de  Establecimientos donde trabajo si e' AUTO_INCREMENT=31 ;

--
-- Dumping data for table `detalle_establecimiento`
--

INSERT INTO `detalle_establecimiento` (`id_detalle_establecimiento`, `id_trabajador`, `id_establecimiento`) VALUES
(27, 1, 1),
(30, 4, 2);

-- --------------------------------------------------------

--
-- Table structure for table `detalle_establecimientos_formacion`
--

CREATE TABLE IF NOT EXISTS `detalle_establecimientos_formacion` (
  `id_detalle_establecimiento_formacion` int(10) unsigned NOT NULL AUTO_INCREMENT,
  `id_personal_formacion_laboral` int(10) unsigned NOT NULL,
  `id_establecimiento` int(10) unsigned NOT NULL,
  PRIMARY KEY (`id_detalle_establecimiento_formacion`),
  KEY `id_establecimiento` (`id_establecimiento`),
  KEY `id_personal_formacion_laboral` (`id_personal_formacion_laboral`)
) ENGINE=InnoDB  DEFAULT CHARSET=latin1 AUTO_INCREMENT=32 ;

--
-- Dumping data for table `detalle_establecimientos_formacion`
--

INSERT INTO `detalle_establecimientos_formacion` (`id_detalle_establecimiento_formacion`, `id_personal_formacion_laboral`, `id_establecimiento`) VALUES
(28, 29, 0),
(31, 32, 0);

-- --------------------------------------------------------

--
-- Table structure for table `detalle_periodos_formativos`
--

CREATE TABLE IF NOT EXISTS `detalle_periodos_formativos` (
  `id_detalle_periodo_formativo` int(11) NOT NULL AUTO_INCREMENT,
  `id_personal_formacion_laboral` int(10) unsigned NOT NULL,
  `fecha_inicio` date DEFAULT NULL,
  `fecha_fin` date DEFAULT NULL,
  PRIMARY KEY (`id_detalle_periodo_formativo`),
  KEY `id_personal_formacion_laboral` (`id_personal_formacion_laboral`)
) ENGINE=InnoDB  DEFAULT CHARSET=latin1 COMMENT='------ detallle HISTORIAL- ---' AUTO_INCREMENT=50 ;

--
-- Dumping data for table `detalle_periodos_formativos`
--

INSERT INTO `detalle_periodos_formativos` (`id_detalle_periodo_formativo`, `id_personal_formacion_laboral`, `fecha_inicio`, `fecha_fin`) VALUES
(46, 29, NULL, NULL),
(49, 32, NULL, NULL);

-- --------------------------------------------------------

--
-- Table structure for table `detalle_periodos_laborales`
--

CREATE TABLE IF NOT EXISTS `detalle_periodos_laborales` (
  `id_detalle_periodo_laboral` int(11) NOT NULL AUTO_INCREMENT,
  `id_trabajador` int(10) unsigned NOT NULL,
  `cod_motivo_baja_registro` char(2) NOT NULL,
  `fecha_inicio` date DEFAULT NULL,
  `fecha_fin` date DEFAULT NULL,
  `id_persona` int(10) unsigned NOT NULL,
  PRIMARY KEY (`id_detalle_periodo_laboral`),
  KEY `id_trabajador` (`id_trabajador`),
  KEY `cod_motivo_baja_registro` (`cod_motivo_baja_registro`),
  KEY `id_persona` (`id_persona`)
) ENGINE=InnoDB  DEFAULT CHARSET=latin1 COMMENT='------HISTORIAL------' AUTO_INCREMENT=85 ;

--
-- Dumping data for table `detalle_periodos_laborales`
--

INSERT INTO `detalle_periodos_laborales` (`id_detalle_periodo_laboral`, `id_trabajador`, `cod_motivo_baja_registro`, `fecha_inicio`, `fecha_fin`, `id_persona`) VALUES
(81, 1, '0', '2011-01-01', NULL, 1),
(84, 4, '01', '2012-01-01', '2012-02-10', 5);

-- --------------------------------------------------------

--
-- Table structure for table `detalle_periodos_laborales_pensionistas`
--

CREATE TABLE IF NOT EXISTS `detalle_periodos_laborales_pensionistas` (
  `id_detalle_periodo_laboral_pensionista` int(11) NOT NULL AUTO_INCREMENT,
  `cod_motivo_baja_registro` char(2) NOT NULL COMMENT 'IMPORTANT\r\n(  USAR condicion para \r\nPARA LLENAR EL COMBO EXCLUSIvo para\r\nel pensionista\r\nvalidar... )\r\n\r\nALL PHP \r\nDuro=No',
  `id_pensionista` int(10) unsigned NOT NULL,
  `fecha_inicio` date DEFAULT NULL,
  `fecha_fin` date DEFAULT NULL,
  PRIMARY KEY (`id_detalle_periodo_laboral_pensionista`),
  KEY `cod_motivo_baja_registro` (`cod_motivo_baja_registro`),
  KEY `id_pensionista` (`id_pensionista`)
) ENGINE=InnoDB  DEFAULT CHARSET=latin1 COMMENT='\r\n------ HISTORIAL ------' AUTO_INCREMENT=66 ;

--
-- Dumping data for table `detalle_periodos_laborales_pensionistas`
--

INSERT INTO `detalle_periodos_laborales_pensionistas` (`id_detalle_periodo_laboral_pensionista`, `cod_motivo_baja_registro`, `id_pensionista`, `fecha_inicio`, `fecha_fin`) VALUES
(62, '0', 29, NULL, NULL),
(65, '0', 32, NULL, NULL);

-- --------------------------------------------------------

--
-- Table structure for table `detalle_regimenes_pensionarios`
--

CREATE TABLE IF NOT EXISTS `detalle_regimenes_pensionarios` (
  `id_detalle_regimen_pensionario` int(10) unsigned NOT NULL AUTO_INCREMENT,
  `id_trabajador` int(10) unsigned NOT NULL,
  `cod_regimen_pensionario` char(2) NOT NULL,
  `cuspp` char(15) DEFAULT NULL COMMENT 'no tiene codigo si es ONP',
  `fecha_inicio` date DEFAULT NULL,
  `fecha_fin` date DEFAULT NULL,
  `id_persona` int(10) unsigned DEFAULT NULL,
  PRIMARY KEY (`id_detalle_regimen_pensionario`,`id_trabajador`,`cod_regimen_pensionario`),
  KEY `id_trabajador` (`id_trabajador`),
  KEY `cod_regimen_pensionario` (`cod_regimen_pensionario`),
  KEY `id_persona` (`id_persona`)
) ENGINE=InnoDB  DEFAULT CHARSET=latin1 COMMENT='--------HISTORIAL-------\r\nlink detalle' AUTO_INCREMENT=31 ;

--
-- Dumping data for table `detalle_regimenes_pensionarios`
--

INSERT INTO `detalle_regimenes_pensionarios` (`id_detalle_regimen_pensionario`, `id_trabajador`, `cod_regimen_pensionario`, `cuspp`, `fecha_inicio`, `fecha_fin`, `id_persona`) VALUES
(27, 1, '02', '', '2011-01-01', NULL, 1),
(30, 4, '02', '', '2012-01-01', '2012-02-10', 5);

-- --------------------------------------------------------

--
-- Table structure for table `detalle_regimenes_salud`
--

CREATE TABLE IF NOT EXISTS `detalle_regimenes_salud` (
  `id_detalle_regimen_salud` int(10) unsigned NOT NULL AUTO_INCREMENT,
  `id_trabajador` int(10) unsigned NOT NULL,
  `cod_regimen_aseguramiento_salud` char(2) NOT NULL,
  `fecha_inicio` char(20) DEFAULT NULL,
  `fecha_fin` date DEFAULT NULL,
  `cod_eps` char(2) NOT NULL,
  `id_persona` int(10) unsigned DEFAULT NULL,
  PRIMARY KEY (`id_detalle_regimen_salud`),
  KEY `id_trabajador` (`id_trabajador`),
  KEY `cod_regimen_aseguramiento_salud` (`cod_regimen_aseguramiento_salud`),
  KEY `cod_eps` (`cod_eps`),
  KEY `id_persona` (`id_persona`)
) ENGINE=InnoDB  DEFAULT CHARSET=latin1 AUTO_INCREMENT=71 ;

--
-- Dumping data for table `detalle_regimenes_salud`
--

INSERT INTO `detalle_regimenes_salud` (`id_detalle_regimen_salud`, `id_trabajador`, `cod_regimen_aseguramiento_salud`, `fecha_inicio`, `fecha_fin`, `cod_eps`, `id_persona`) VALUES
(67, 1, '00', '2011-01-01', NULL, '0', 1),
(70, 4, '00', '2012-01-01', '2012-02-10', '0', 5);

-- --------------------------------------------------------

--
-- Table structure for table `detalle_tipos_trabajadores`
--

CREATE TABLE IF NOT EXISTS `detalle_tipos_trabajadores` (
  `id_detalle_tipo_trabajador` int(11) NOT NULL AUTO_INCREMENT,
  `id_trabajador` int(10) unsigned NOT NULL,
  `cod_tipo_trabajador` char(2) NOT NULL,
  `fecha_inicio` date DEFAULT NULL,
  `fecha_fin` date DEFAULT NULL,
  `id_persona` int(10) unsigned DEFAULT NULL,
  PRIMARY KEY (`id_detalle_tipo_trabajador`),
  KEY `id_trabajador` (`id_trabajador`),
  KEY `cod_tipo_trabajador` (`cod_tipo_trabajador`),
  KEY `id_persona` (`id_persona`)
) ENGINE=InnoDB  DEFAULT CHARSET=latin1 COMMENT='-T_REGISTRO :Tipo de trabajador.\r\nmuestra primero (ACTUAL)\r\n' AUTO_INCREMENT=31 ;

--
-- Dumping data for table `detalle_tipos_trabajadores`
--

INSERT INTO `detalle_tipos_trabajadores` (`id_detalle_tipo_trabajador`, `id_trabajador`, `cod_tipo_trabajador`, `fecha_inicio`, `fecha_fin`, `id_persona`) VALUES
(27, 1, '21', '2011-01-01', NULL, 1),
(30, 4, '19', '2012-01-01', '2012-02-10', 5);

-- --------------------------------------------------------

--
-- Table structure for table `documentos_vinculos_familiares`
--

CREATE TABLE IF NOT EXISTS `documentos_vinculos_familiares` (
  `cod_documento_vinculo_familiar` char(2) NOT NULL,
  `descripcion` varchar(100) DEFAULT NULL,
  `descripcion_abreviada` varchar(50) DEFAULT NULL,
  PRIMARY KEY (`cod_documento_vinculo_familiar`),
  KEY `cod_documento_vinculo_familiar` (`cod_documento_vinculo_familiar`)
) ENGINE=InnoDB DEFAULT CHARSET=latin1 COMMENT='''TABLA 27 "DOCUMENTO QUE SUSTENTA VÍNCULO FAMILIAR"';

--
-- Dumping data for table `documentos_vinculos_familiares`
--

INSERT INTO `documentos_vinculos_familiares` (`cod_documento_vinculo_familiar`, `descripcion`, `descripcion_abreviada`) VALUES
('01', 'ESCRITURA PUBLICA', 'ESCRITURA PUBLICA'),
('02', 'SENTENCIA DE DECLARATORIA DE PATERNIDAD', 'SENT DECLARATORIA DE PATERN'),
('03', 'TESTAMENTO', 'TESTAMENTO'),
('04', 'RESOLUCIÓN DE INCAPACIDAD', 'RESOLUCION DE INCAPACIDAD'),
('05', 'ACTA O PARTIDA DE MATRIMONIO CIVIL', 'ACTA/PARTIDA DE MATRIMONIO CIVIL'),
('06', 'ACTA O PARTIDA DE MATRIMONIO INSCRITO EN REG CONSULAR PERUANO.', 'ACTA/PART MATRIM INSC EN REG CONS PER.'),
('07', 'ACTA O PARTIDA DE MATRIMONIO REALIZADO EN EL EXTERIOR E INSCRITO EN RENIEC O MUNICIPALIDAD. ', 'ACTA/PART MATRIM REALIZ EN EL EXTERIOR '),
('08', 'ESCRITURA PÚBLICA - RECONOC. DE UNIÓN DE HECHO - LEY N.° 29560', 'ESCRIT PÚB REC. UNIÓN HECHO LEY 29560'),
('09', 'RESOLUCIÓN JUDICIAL - RECONOC. DE UNIÓN DE HECHO', 'RESOL JUDICIAL REC. UNIÓN DE HECHO'),
('10', 'ACTA DE NACIMIENTO O DOCUMENTO ANALOGO QUE SUSTENTA FILIACI?N.', 'ACTA NAC/DOC ANALOGO SUST FILIACION.'),
('11', 'DECLARACIÓN JURADA EXISTENCIA DE  UNIÓN DE HECHO', 'DDJJ EXISTENCIA UNIÓN DE HECHO');

-- --------------------------------------------------------

--
-- Table structure for table `empleadores`
--

CREATE TABLE IF NOT EXISTS `empleadores` (
  `id_empleador` int(11) NOT NULL AUTO_INCREMENT,
  `id_tipo_empleador` int(11) NOT NULL,
  `cod_telefono_codigo_nacional` char(3) NOT NULL,
  `ruc` varchar(11) DEFAULT NULL,
  `razon_social` varchar(100) DEFAULT NULL COMMENT '*',
  `id_tipo_sociedad_comercial` int(10) unsigned NOT NULL,
  `nombre_comercial` varchar(100) DEFAULT NULL COMMENT '*',
  `cod_tipo_actividad` char(5) NOT NULL COMMENT 'RESTAURANT ''LA ROMANA''',
  `telefono` varchar(20) DEFAULT NULL,
  `correo` varchar(100) DEFAULT NULL,
  `empresa_dedica` varchar(30) DEFAULT NULL COMMENT 'NINGUNA\r\nINTERMEDIACION\r\nTERCERIZACION\r\n',
  `senati` tinyint(1) DEFAULT NULL,
  `remype` tinyint(1) DEFAULT NULL COMMENT 'SI es Remype = 1\r\ntiene dos opciones mas \r\nremype microempres \r\no\r\nremipe pequenia empresa',
  `remype_tipo_empresa` varchar(20) DEFAULT NULL COMMENT 'microempresa\r\no\r\npequenia empresa',
  `trabajador_sin_rp` tinyint(1) DEFAULT NULL COMMENT 'R P = Regigem  Pensionario',
  `actividad_riesgo_sctr` tinyint(1) DEFAULT NULL COMMENT 'SCTR = Seguro Complementario de Riesgo',
  `trabajadores_sctr` tinyint(1) DEFAULT NULL COMMENT 'Tiene trabajadores por los que aporta al SCTR?',
  `persona_discapacidad` tinyint(1) DEFAULT NULL,
  `agencia_empleo` tinyint(1) DEFAULT NULL COMMENT 'Es una Agencia Privada de empleos',
  `desplaza_personal` tinyint(1) DEFAULT NULL COMMENT '¿Destaca o desplaza personal a otros empleadores?',
  `terceros_desplaza_usted` char(20) DEFAULT NULL COMMENT '¿Terceros empleadores le destacan o desplazan personal?',
  `estado_empleador` varchar(20) DEFAULT NULL COMMENT '01 = titular\r\n02 = no-titular\r\n\r\n*** Empleador Titular sera validado con acceso al sistema***',
  `fecha_creacion` date DEFAULT NULL,
  PRIMARY KEY (`id_empleador`),
  UNIQUE KEY `ruc` (`ruc`),
  KEY `cod_tipo_actividad` (`cod_tipo_actividad`),
  KEY `cod_telefono_codigo_nacional` (`cod_telefono_codigo_nacional`),
  KEY `id_tipo_empleador` (`id_tipo_empleador`),
  KEY `id_tipo_sociedad_comercial` (`id_tipo_sociedad_comercial`)
) ENGINE=InnoDB  DEFAULT CHARSET=latin1 COMMENT='remype CONDICIONADO tabla 33=regimen laboral\r\nRegistro de To' AUTO_INCREMENT=3 ;

--
-- Dumping data for table `empleadores`
--

INSERT INTO `empleadores` (`id_empleador`, `id_tipo_empleador`, `cod_telefono_codigo_nacional`, `ruc`, `razon_social`, `id_tipo_sociedad_comercial`, `nombre_comercial`, `cod_tipo_actividad`, `telefono`, `correo`, `empresa_dedica`, `senati`, `remype`, `remype_tipo_empresa`, `trabajador_sin_rp`, `actividad_riesgo_sctr`, `trabajadores_sctr`, `persona_discapacidad`, `agencia_empleo`, `desplaza_personal`, `terceros_desplaza_usted`, `estado_empleador`, `fecha_creacion`) VALUES
(0, 1, '0', NULL, NULL, 1, NULL, '0', NULL, NULL, NULL, NULL, NULL, NULL, NULL, NULL, NULL, NULL, NULL, NULL, NULL, NULL, NULL),
(1, 1, '1', '20100338611', 'CAMUENTE', 1, 'PIZZERIA LA ROMANA', '55205', '12223859', 'laromana@terra.com.pe', 'NINGUNA', 0, 0, NULL, 1, 0, 0, 0, 0, 0, '0', 'ACTIVO', NULL),
(2, 1, '0', '20469663681', 'EL GOL MARINO RS', 2, 'EL GOL MARINO', '92413', '25151524', 'empresa@gmail.com', '0', 0, 0, NULL, 0, 0, 0, 0, 0, 0, '0', 'ACTIVO', '2012-07-14');

-- --------------------------------------------------------

--
-- Table structure for table `empleadores_destaques`
--

CREATE TABLE IF NOT EXISTS `empleadores_destaques` (
  `id_empleador_destaque` int(10) unsigned NOT NULL AUTO_INCREMENT,
  `id_empleador` int(11) NOT NULL,
  `id_empleador_maestro` int(10) unsigned NOT NULL,
  `estado` varchar(10) DEFAULT NULL,
  PRIMARY KEY (`id_empleador_destaque`),
  KEY `id_empleador` (`id_empleador`),
  KEY `id_empleador_maestro` (`id_empleador_maestro`),
  KEY `estado` (`estado`)
) ENGINE=InnoDB DEFAULT CHARSET=latin1 AUTO_INCREMENT=1 ;

--
-- Dumping data for table `empleadores_destaques`
--


-- --------------------------------------------------------

--
-- Table structure for table `empleadores_destaques_yourself`
--

CREATE TABLE IF NOT EXISTS `empleadores_destaques_yourself` (
  `id_empleador_destaque_yoursef` int(10) unsigned NOT NULL AUTO_INCREMENT,
  `id_empleador` int(11) NOT NULL,
  `id_empleador_maestro` int(10) unsigned NOT NULL,
  `estado` varchar(10) DEFAULT NULL,
  PRIMARY KEY (`id_empleador_destaque_yoursef`),
  KEY `id_empleador` (`id_empleador`),
  KEY `id_empleador_maestro` (`id_empleador_maestro`),
  KEY `estado` (`estado`)
) ENGINE=InnoDB DEFAULT CHARSET=latin1 AUTO_INCREMENT=1 ;

--
-- Dumping data for table `empleadores_destaques_yourself`
--

INSERT INTO `empleadores_destaques_yourself` (`id_empleador_destaque_yoursef`, `id_empleador`, `id_empleador_maestro`, `estado`) VALUES
(0, 0, 0, 'INACTIVO');

-- --------------------------------------------------------

--
-- Table structure for table `empleadores_maestros`
--

CREATE TABLE IF NOT EXISTS `empleadores_maestros` (
  `id_empleador_maestro` int(10) unsigned NOT NULL AUTO_INCREMENT,
  `id_empleador` int(11) NOT NULL,
  `fecha_creacion` date DEFAULT NULL,
  PRIMARY KEY (`id_empleador_maestro`),
  KEY `id_empleador` (`id_empleador`)
) ENGINE=InnoDB  DEFAULT CHARSET=latin1 COMMENT='Empleador Maestro \r\nid_empleador ->Se convierte en Empleador' AUTO_INCREMENT=3 ;

--
-- Dumping data for table `empleadores_maestros`
--

INSERT INTO `empleadores_maestros` (`id_empleador_maestro`, `id_empleador`, `fecha_creacion`) VALUES
(0, 0, '2012-06-24'),
(1, 2, NULL),
(2, 1, '2012-07-14');

-- --------------------------------------------------------

--
-- Table structure for table `empresa_centro_costo`
--

CREATE TABLE IF NOT EXISTS `empresa_centro_costo` (
  `id_empresa_centro_costo` int(10) unsigned NOT NULL AUTO_INCREMENT,
  `descripcion` varchar(50) DEFAULT NULL,
  PRIMARY KEY (`id_empresa_centro_costo`)
) ENGINE=InnoDB  DEFAULT CHARSET=latin1 COMMENT='Centro de Costo Establecido por la Empresa' AUTO_INCREMENT=5 ;

--
-- Dumping data for table `empresa_centro_costo`
--

INSERT INTO `empresa_centro_costo` (`id_empresa_centro_costo`, `descripcion`) VALUES
(1, 'ventas'),
(2, 'administracion - gerencia'),
(3, 'administracion - caja'),
(4, 'produccion');

-- --------------------------------------------------------

--
-- Table structure for table `eps`
--

CREATE TABLE IF NOT EXISTS `eps` (
  `cod_eps` char(2) NOT NULL,
  `ruc` char(11) DEFAULT NULL,
  `descripcion` varchar(50) DEFAULT NULL,
  PRIMARY KEY (`cod_eps`)
) ENGINE=InnoDB DEFAULT CHARSET=latin1 COMMENT='''- ENTIDADES PRESTADORAS DE SALUD-EPS/SERVICIOS PROPIOS.';

--
-- Dumping data for table `eps`
--

INSERT INTO `eps` (`cod_eps`, `ruc`, `descripcion`) VALUES
('0', '-', '-'),
('1', '20514372251', 'PERSALUD S.A. EPS'),
('2', '20431115825', 'PACÍFICO S.A. EPS'),
('3', '20414955020', 'RÍMAC INTERNACIONAL S.A. EPS'),
('4', '0', 'SERVICIOS PROPIOS'),
('5', '20517182673', 'MAPFRE PERU S.A. EPS'),
('6', '20523470761', 'COLSANITAS PERU S.A.  EPS');

-- --------------------------------------------------------

--
-- Table structure for table `establecimientos`
--

CREATE TABLE IF NOT EXISTS `establecimientos` (
  `id_establecimiento` int(10) unsigned NOT NULL AUTO_INCREMENT,
  `id_empleador` int(11) NOT NULL,
  `id_tipo_establecimiento` int(10) unsigned NOT NULL,
  `cod_establecimiento` char(4) DEFAULT NULL COMMENT 'segun codigos que maneja sunat!!\r\n\r\n0001\r\n0003\r\n0004\r\netc\r\nAlgoritmo PHP crear codigo',
  `realizaran_actividad_riesgo` tinyint(1) DEFAULT NULL COMMENT 'OKK FULL Analisis = NO POR default\r\nContatenado THIS UPDATE \r\ncon tabla Establecimientos\r\n:: ¿Desarrolla actividades de riesgo SCTR?  = NO por default\r\n',
  `fecha_creacion` date DEFAULT NULL,
  PRIMARY KEY (`id_establecimiento`),
  KEY `id_empleador` (`id_empleador`),
  KEY `id_tipo_establecimiento` (`id_tipo_establecimiento`)
) ENGINE=InnoDB  DEFAULT CHARSET=latin1 COMMENT='Relacion_OK_con trabajador\r\nSUNAT  ESTABLECIMIENTOS \r\nform d' AUTO_INCREMENT=5 ;

--
-- Dumping data for table `establecimientos`
--

INSERT INTO `establecimientos` (`id_establecimiento`, `id_empleador`, `id_tipo_establecimiento`, `cod_establecimiento`, `realizaran_actividad_riesgo`, `fecha_creacion`) VALUES
(0, 0, 1, '0', 0, '0000-00-00'),
(1, 1, 1, '0000', 0, '2012-07-10'),
(2, 1, 2, '0003', NULL, '2012-07-10'),
(3, 1, 2, '0001', NULL, '2012-07-10'),
(4, 2, 1, '0000', NULL, '2012-08-03');

-- --------------------------------------------------------

--
-- Table structure for table `establecimientos_centros_costos`
--

CREATE TABLE IF NOT EXISTS `establecimientos_centros_costos` (
  `id_establecimiento_centro_costo` int(10) unsigned NOT NULL AUTO_INCREMENT,
  `id_establecimiento` int(10) unsigned NOT NULL,
  `id_empresa_centro_costo` int(10) unsigned NOT NULL,
  `seleccionado` tinyint(1) DEFAULT '0',
  `estado` char(1) DEFAULT NULL COMMENT 'A\r\nI',
  PRIMARY KEY (`id_establecimiento_centro_costo`),
  KEY `id_empresa_centro_costo` (`id_empresa_centro_costo`),
  KEY `id_establecimiento` (`id_establecimiento`)
) ENGINE=InnoDB  DEFAULT CHARSET=latin1 COMMENT='Un Establecimientos Tiene muchos centros de Costos' AUTO_INCREMENT=7 ;

--
-- Dumping data for table `establecimientos_centros_costos`
--

INSERT INTO `establecimientos_centros_costos` (`id_establecimiento_centro_costo`, `id_establecimiento`, `id_empresa_centro_costo`, `seleccionado`, `estado`) VALUES
(1, 1, 1, 1, 'A'),
(2, 2, 2, 0, 'A'),
(3, 1, 2, 1, 'A'),
(4, 1, 3, 1, 'A'),
(5, 1, 4, 1, 'A'),
(6, 2, 1, 0, 'A');

-- --------------------------------------------------------

--
-- Table structure for table `establecimientos_direcciones`
--

CREATE TABLE IF NOT EXISTS `establecimientos_direcciones` (
  `id_establecimiento_direccion` int(10) unsigned NOT NULL AUTO_INCREMENT COMMENT 'llave no USAR!',
  `id_establecimiento` int(10) unsigned NOT NULL,
  `cod_ubigeo_reniec` char(6) NOT NULL,
  `cod_via` char(2) NOT NULL,
  `nombre_via` varchar(20) DEFAULT NULL,
  `numero_via` char(4) DEFAULT NULL,
  `departamento` char(4) DEFAULT NULL COMMENT 'Numero Departamento',
  `interior` char(4) DEFAULT NULL,
  `manzana` char(4) DEFAULT NULL,
  `lote` char(4) DEFAULT NULL,
  `kilometro` char(4) DEFAULT NULL,
  `block` char(4) DEFAULT NULL,
  `etapa` char(4) DEFAULT NULL,
  `cod_zona` char(2) NOT NULL,
  `nombre_zona` varchar(20) DEFAULT NULL,
  `referencia` varbinary(100) DEFAULT NULL,
  PRIMARY KEY (`id_establecimiento_direccion`,`id_establecimiento`),
  KEY `cod_via` (`cod_via`),
  KEY `cod_zona` (`cod_zona`),
  KEY `id_establecimiento` (`id_establecimiento`),
  KEY `cod_ubigeo_reniec` (`cod_ubigeo_reniec`)
) ENGINE=InnoDB  DEFAULT CHARSET=latin1 COMMENT='direccion UNICA principal ante SUNAT\r\n1 Establecimiento tien' AUTO_INCREMENT=5 ;

--
-- Dumping data for table `establecimientos_direcciones`
--

INSERT INTO `establecimientos_direcciones` (`id_establecimiento_direccion`, `id_establecimiento`, `cod_ubigeo_reniec`, `cod_via`, `nombre_via`, `numero_via`, `departamento`, `interior`, `manzana`, `lote`, `kilometro`, `block`, `etapa`, `cod_zona`, `nombre_zona`, `referencia`) VALUES
(1, 1, '140101', '01', 'Guillermo Presccot', '395', '', '', '', '', '', '', '', '0', '', ''),
(2, 2, '140117', '03', 'BARTOLOME FIGARI', '193', '', '', '', '', '', '', '', '0', '', ''),
(3, 3, '140140', '01', 'SAN BORJA SUR', '241', '', '', '', '', '', '', '', '0', '', ''),
(4, 4, '140124', '01', 'prescott', '251', '', '', '', '', '', '', '', '0', '', '');

-- --------------------------------------------------------

--
-- Table structure for table `establecimientos_vinculados`
--

CREATE TABLE IF NOT EXISTS `establecimientos_vinculados` (
  `id_establecimiento_vinculado` int(10) unsigned NOT NULL AUTO_INCREMENT,
  `id_empleador_destaque` int(10) unsigned NOT NULL,
  `id_establecimiento` int(10) unsigned NOT NULL,
  `realizan_trabajo_de_riesgo` tinyint(1) DEFAULT NULL,
  `estado` varchar(10) DEFAULT NULL,
  PRIMARY KEY (`id_establecimiento_vinculado`),
  KEY `id_establecimiento` (`id_establecimiento`),
  KEY `id_empleador_destaque` (`id_empleador_destaque`)
) ENGINE=InnoDB DEFAULT CHARSET=latin1 AUTO_INCREMENT=1 ;

--
-- Dumping data for table `establecimientos_vinculados`
--


-- --------------------------------------------------------

--
-- Table structure for table `estados_civiles`
--

CREATE TABLE IF NOT EXISTS `estados_civiles` (
  `id_estado_civil` int(10) unsigned NOT NULL AUTO_INCREMENT,
  `descripcion` char(20) DEFAULT NULL,
  PRIMARY KEY (`id_estado_civil`)
) ENGINE=InnoDB  DEFAULT CHARSET=latin1 COMMENT='MYSAM' AUTO_INCREMENT=3 ;

--
-- Dumping data for table `estados_civiles`
--

INSERT INTO `estados_civiles` (`id_estado_civil`, `descripcion`) VALUES
(1, 'SOLTERO'),
(2, 'CASADO');

-- --------------------------------------------------------

--
-- Table structure for table `etapas_pagos`
--

CREATE TABLE IF NOT EXISTS `etapas_pagos` (
  `id_etapa_pago` int(10) unsigned NOT NULL AUTO_INCREMENT,
  `id_pdeclaracion` int(10) unsigned NOT NULL,
  `cod_periodo_remuneracion` int(11) NOT NULL,
  `fecha_inicio` date DEFAULT NULL,
  `fecha_fin` date DEFAULT NULL,
  `fecha_creacion` date DEFAULT NULL,
  `tipo` smallint(2) DEFAULT NULL COMMENT '1 = una 15 \r\n2 = dos 15\r\n\r\n1 = uno 7\r\n2 = dos 7\r\n3= tres 7\r\n4 = cuatro 7',
  `glosa` tinytext,
  PRIMARY KEY (`id_etapa_pago`),
  KEY `id_pdeclaracion` (`id_pdeclaracion`,`cod_periodo_remuneracion`),
  KEY `cod_periodo_remuneracion` (`cod_periodo_remuneracion`)
) ENGINE=InnoDB  DEFAULT CHARSET=latin1 COMMENT='pago 7\r\npago 15\r\npago 30\r\n\r\n\r\nSI DECLARACION ESTA ACTIVO no ' AUTO_INCREMENT=12 ;

--
-- Dumping data for table `etapas_pagos`
--

INSERT INTO `etapas_pagos` (`id_etapa_pago`, `id_pdeclaracion`, `cod_periodo_remuneracion`, `fecha_inicio`, `fecha_fin`, `fecha_creacion`, `tipo`, `glosa`) VALUES
(2, 3, 2, '2012-02-01', '2012-02-15', '2012-08-20', 1, 'Primera Quincena'),
(4, 3, 2, '2012-02-16', '2012-02-29', '2012-08-20', 2, 'Segunda Quincena'),
(10, 1, 2, '2012-01-01', '2012-01-15', '2012-08-20', 1, 'Primera Quincena'),
(11, 2, 2, '2012-04-01', '2012-04-15', '2012-08-20', 1, 'Primera Quincena');

-- --------------------------------------------------------

--
-- Table structure for table `lugares_destaques`
--

CREATE TABLE IF NOT EXISTS `lugares_destaques` (
  `id_lugar_destaque` int(10) unsigned NOT NULL AUTO_INCREMENT,
  `id_personal_tercero` int(11) NOT NULL,
  `id_establecimiento` int(10) unsigned NOT NULL,
  PRIMARY KEY (`id_lugar_destaque`),
  KEY `id_personal_tercero` (`id_personal_tercero`),
  KEY `id_establecimiento` (`id_establecimiento`)
) ENGINE=InnoDB  DEFAULT CHARSET=latin1 AUTO_INCREMENT=43 ;

--
-- Dumping data for table `lugares_destaques`
--

INSERT INTO `lugares_destaques` (`id_lugar_destaque`, `id_personal_tercero`, `id_establecimiento`) VALUES
(39, 28, 0),
(42, 31, 0);

-- --------------------------------------------------------

--
-- Table structure for table `modalidades_formativas`
--

CREATE TABLE IF NOT EXISTS `modalidades_formativas` (
  `id_modalidad_formativa` char(2) NOT NULL,
  `descripcion` varchar(50) DEFAULT NULL COMMENT 'radio button\r\n1 esalud\r\n2 privado',
  `descripcion_abreviada` char(40) DEFAULT NULL,
  PRIMARY KEY (`id_modalidad_formativa`)
) ENGINE=InnoDB DEFAULT CHARSET=latin1 COMMENT='''TABLA 18: "TIPO DE MODALIDAD FORMATIVA LABORAL Y OTROS"';

--
-- Dumping data for table `modalidades_formativas`
--

INSERT INTO `modalidades_formativas` (`id_modalidad_formativa`, `descripcion`, `descripcion_abreviada`) VALUES
('0', '-', '-'),
('01', 'APRENDIZAJE CON PREDOMINIO EN LA EMPRESA', 'APRENDIZ. CON PREDOM. EN LA EMPRESA'),
('02', 'APRENDIZAJE CON PREDOMINIO EN EL CFP - PRÁCTICAS P', 'APRENDIZ. CON PREDOM. EN CFP -PRACT PRE'),
('03', 'PR?CTICAS PROFESIONALES', 'PRACTICAS PROFESIONALES'),
('04', 'CAPACITACIÓN LABORAL JUVENIL', 'CAPACITACIÓN LABORAL JUVENIL'),
('05', 'PASANTÍA EN LA EMPRESA', 'PASANT?A EN LA EMPRESA'),
('06', 'PASANTÍA DE DOCENTES Y CATEDRÁTICOS', 'PASANTÍA DE DOCENTES Y CATEDRÁTICOS'),
('07', 'ACTUALIZACIÓN PARA LA REINSERCI?N LABORAL', 'ACTUALIZACIÓN PARA LA REINSERCIÓN LABORA'),
('10', 'SECIGRISTA (1)', 'SECIGRISTA');

-- --------------------------------------------------------

--
-- Table structure for table `montos_remuneraciones`
--

CREATE TABLE IF NOT EXISTS `montos_remuneraciones` (
  `id_monto_remuneracion` int(10) unsigned NOT NULL AUTO_INCREMENT,
  `cantidad` decimal(10,2) DEFAULT NULL,
  `fecha_creacion` date DEFAULT NULL,
  PRIMARY KEY (`id_monto_remuneracion`)
) ENGINE=InnoDB  DEFAULT CHARSET=latin1 COMMENT='Monto de remuneración básica inicial:' AUTO_INCREMENT=4 ;

--
-- Dumping data for table `montos_remuneraciones`
--

INSERT INTO `montos_remuneraciones` (`id_monto_remuneracion`, `cantidad`, `fecha_creacion`) VALUES
(0, '0.00', '0000-00-00'),
(1, '675.00', '0000-00-00'),
(2, '1000.00', '2012-06-14'),
(3, '0.00', NULL);

-- --------------------------------------------------------

--
-- Table structure for table `motivos_bajas_derechohabientes`
--

CREATE TABLE IF NOT EXISTS `motivos_bajas_derechohabientes` (
  `cod_motivo_baja_derechohabiente` char(2) NOT NULL,
  `descripcion` varchar(70) DEFAULT NULL,
  `descripcion_abreviada` varchar(40) DEFAULT NULL,
  `condicion` text COMMENT 'condicion segun ocurra\r\nanexo 2: Inportante',
  PRIMARY KEY (`cod_motivo_baja_derechohabiente`)
) ENGINE=InnoDB DEFAULT CHARSET=latin1 COMMENT='''TABLA 20: "MOTIVO DE BAJA COMO DERECHOHABIENTE"';

--
-- Dumping data for table `motivos_bajas_derechohabientes`
--

INSERT INTO `motivos_bajas_derechohabientes` (`cod_motivo_baja_derechohabiente`, `descripcion`, `descripcion_abreviada`, `condicion`) VALUES
('0', '-', '-', ''),
('02', 'FALLECIMIENTO', 'FALLECIMIENTO', ''),
('03', 'OTROS MOTIVOS NO PREVISTOS', 'OTROS MOTIVOS NO PREVISTOS', ''),
('04', 'DIVORCIO O DISOLUCI?N DE V?NCULO MATRIMONIAL', 'DIVORCIO O DISOL. DE V?NC MATRIM.', ''),
('05', 'FIN DE CONCUBINATO', 'FIN DE CONCUBINATO', ''),
('06', 'FIN DE LA GESTACI', 'FIN DE LA GESTACI', ''),
('07', 'HIJO ADQUIERE MAYOR?A DE EDAD', 'HIJO ADQUIERE MAYOR?A DE EDAD', ''),
('08', 'ERROR EN EL REGISTRO', 'ERROR EN EL REGISTRO', ''),
('09', 'DERECHOHABIENTE ADQUIERE CONDICI?N DE ASEGURADO REGULAR', 'DH ADQUIERE CONDIC DE ASEG REGULAR', '');

-- --------------------------------------------------------

--
-- Table structure for table `motivos_bajas_registros`
--

CREATE TABLE IF NOT EXISTS `motivos_bajas_registros` (
  `cod_motivo_baja_registro` char(2) NOT NULL,
  `descripcion` varchar(100) DEFAULT NULL,
  `descripcion_abreviada` varchar(60) DEFAULT NULL,
  PRIMARY KEY (`cod_motivo_baja_registro`)
) ENGINE=InnoDB DEFAULT CHARSET=latin1 COMMENT='''TABLA 17: "MOTIVO DE LA BAJA DEL REGISTRO"\r\n\r\n<-----CONDICI';

--
-- Dumping data for table `motivos_bajas_registros`
--

INSERT INTO `motivos_bajas_registros` (`cod_motivo_baja_registro`, `descripcion`, `descripcion_abreviada`) VALUES
('0', '-', '-'),
('01', 'RENUNCIA', 'RENUNCIA'),
('02', 'RENUNCIA CON INCENTIVOS', 'RENUNCIA CON INCENTIVOS'),
('03', 'DESPIDO O DESTITUCI', 'DESPIDO O DESTITUCI'),
('04', 'CESE COLECTIVO', 'CESE COLECTIVO'),
('05', 'JUBILACI', 'JUBILACIÓN'),
('06', 'INVALIDEZ ABSOLUTA PERMANENTE', 'INVALIDEZ ABSOLUTA PERMAN'),
('07', 'TERMINACIÓN DE LA OBRA O SERVICIO, CUMPLIMIENTO CONDICIÓN RESOLUTORIA O VENCIMIENTO DEL PLAZO', 'TERMIN OBRA/SERV, CUMPLIM CONDIC RESOL. O VENC PLAZO'),
('08', 'MUTUO DISENSO', 'MUTUO DISENSO'),
('09', 'FALLECIMIENTO', 'FALLECIMIENTO'),
('10', 'SUSPENSIÓN DE LA PENSIÓN (1)', 'SUSPENSIÓN DE LA PENSI'),
('11', 'REASIGNACIÓN SERVIDOR DE LA ADMINISTRACIÓN PÚBLICA(2)', 'REASIGNACIÓN'),
('12', 'PERMUTA SERVIDOR DE LA ADMINISTRACIÓN PÚBLICA (2)', 'PERMUTA'),
('13', 'TRANSFERENCIA SERVIDOR DE LA ADMINISTRACIÓN PÚBLICA (2)', 'TRANSFERENCIA'),
('14', 'BAJA POR SUCESIÓN EN POSICIÓN DEL EMPLEADOR', 'BAJA POR SUC. EN POSIC DEL EMPLEADOR'),
('15', 'EXTINCI?N O LIQUIDACIÓN DEL EMPLEADOR', 'EXTINCIÓN O LIQUID. DEL EMPLEADOR'),
('16', 'OTROS MOTIVOS DE CADUCIDAD DE LA PENSI?N (1)', 'OTR MOTIV CADUC PENSIÓN '),
('17', 'NO SE INICIÓ LA RELACIÓN LABORAL O PRESTACIÓN EFECTIVA DE SERVICIOS', 'NO SE INICIÓ LA REL.  LABORAL O PREST. DE SERVICIOS');

-- --------------------------------------------------------

--
-- Table structure for table `nacionalidades`
--

CREATE TABLE IF NOT EXISTS `nacionalidades` (
  `cod_nacionalidad` char(4) NOT NULL,
  `descripcion` varchar(50) DEFAULT NULL,
  PRIMARY KEY (`cod_nacionalidad`)
) ENGINE=InnoDB DEFAULT CHARSET=latin1 COMMENT='''TABLA 4: "NACIONALIDAD"';

--
-- Dumping data for table `nacionalidades`
--

INSERT INTO `nacionalidades` (`cod_nacionalidad`, `descripcion`) VALUES
('9001', 'BOUVET ISLAND'),
('9002', 'COTE D IVOIRE'),
('9003', 'FALKLAND ISLANDS (MALVINAS)'),
('9004', 'FRANCE, METROPOLITAN'),
('9005', 'FRENCH SOUTHERN TERRITORIES'),
('9006', 'HEARD AND MC DONALD ISLANDS'),
('9007', 'MAYOTTE'),
('9008', 'SOUTH GEORGIA AND THE SOUTH SANDWICH ISLANDS'),
('9009', 'SVALBARD AND JAN MAYEN ISLANDS'),
('9010', 'UNITED STATES MINOR OUTLYING ISLANDS'),
('9011', 'pp'),
('9013', 'AFGANISTAN'),
('9017', 'ALBANIA'),
('9019', 'ALDERNEY'),
('9023', 'ALEMANIA'),
('9026', 'ARMENIA'),
('9027', 'ARUBA'),
('9028', 'ASCENCION'),
('9029', 'BOSNIA-HERZEGOVINA'),
('9031', 'BURKINA FASO'),
('9037', 'ANDORRA'),
('9040', 'ANGOLA'),
('9041', 'ANGUILLA'),
('9043', 'ANTIGUA Y BARBUDA'),
('9047', 'ANTILLAS HOLANDESAS'),
('9053', 'ARABIA SAUDITA'),
('9059', 'ARGELIA'),
('9063', 'ARGENTINA'),
('9069', 'AUSTRALIA'),
('9072', 'AUSTRIA'),
('9074', 'AZERBAIJ?N'),
('9077', 'BAHAMAS'),
('9080', 'BAHREIN'),
('9081', 'BANGLA DESH'),
('9083', 'BARBADOS'),
('9087', 'B?LGICA'),
('9088', 'BELICE'),
('9090', 'BERMUDAS'),
('9091', 'BELARUS'),
('9093', 'MYANMAR'),
('9097', 'BOLIVIA'),
('9101', 'BOTSWANA'),
('9105', 'BRASIL'),
('9108', 'BRUNEI DARUSSALAM'),
('9111', 'BULGARIA'),
('9115', 'BURUNDI'),
('9119', 'BUT?N'),
('9127', 'CABO VERDE'),
('9137', 'CAIM?N, ISLAS'),
('9141', 'CAMBOYA'),
('9145', 'CAMER?N, REPUBLICA UNIDA DEL'),
('9147', 'CAMPIONE D TALIA'),
('9149', 'CANAD?'),
('9155', 'CANAL (NORMANDAS), ISLAS'),
('9157', 'CANT?N Y ENDERBURRY'),
('9159', 'SANTA SEDE'),
('9165', 'COCOS (KEELING),ISLAS'),
('9169', 'COLOMBIA'),
('9173', 'COMORAS'),
('9177', 'CONGO'),
('9183', 'COOK, ISLAS'),
('9187', 'COREA (NORTE), REPUBLICA POPULAR DEMOCRATICA DE'),
('9190', 'COREA (SUR), REPUBLICA DE'),
('9193', 'COSTA DE MARFIL'),
('9196', 'COSTA RICA'),
('9198', 'CROACIA'),
('9199', 'CUBA'),
('9203', 'CHAD'),
('9207', 'CHECOSLOVAQUIA'),
('9211', 'CHILE'),
('9215', 'CHINA'),
('9218', 'TAIWAN (FORMOSA)'),
('9221', 'CHIPRE'),
('9229', 'BENIN'),
('9232', 'DINAMARCA'),
('9235', 'DOMINICA'),
('9239', 'ECUADOR'),
('9240', 'EGIPTO'),
('9242', 'EL SALVADOR'),
('9243', 'ERITREA'),
('9244', 'EMIRATOS ARABES UNIDOS'),
('9245', 'ESPA?A'),
('9246', 'ESLOVAQUIA'),
('9247', 'ESLOVENIA'),
('9249', 'ESTADOS UNIDOS'),
('9251', 'ESTONIA'),
('9253', 'ETIOPIA'),
('9259', 'FEROE, ISLAS'),
('9267', 'FILIPINAS'),
('9271', 'FINLANDIA'),
('9275', 'FRANCIA'),
('9281', 'GABON'),
('9285', 'GAMBIA'),
('9286', 'GAZA Y JERICO'),
('9287', 'GEORGIA'),
('9289', 'GHANA'),
('9293', 'GIBRALTAR'),
('9297', 'GRANADA'),
('9301', 'GRECIA'),
('9305', 'GROENLANDIA'),
('9309', 'GUADALUPE'),
('9313', 'GUAM'),
('9317', 'GUATEMALA'),
('9325', 'GUAYANA FRANCESA'),
('9327', 'GUERNSEY'),
('9329', 'GUINEA'),
('9331', 'GUINEA ECUATORIAL'),
('9334', 'GUINEA-BISSAU'),
('9337', 'GUYANA'),
('9341', 'HAITI'),
('9345', 'HONDURAS'),
('9348', 'HONDURAS BRITANICAS'),
('9351', 'HONG KONG'),
('9355', 'HUNGRIA'),
('9361', 'INDIA'),
('9365', 'INDONESIA'),
('9369', 'IRAK'),
('9372', 'IRAN, REPUBLICA ISLAMICA DEL'),
('9375', 'IRLANDA (EIRE)'),
('9377', 'ISLA AZORES'),
('9378', 'ISLA DEL MAN'),
('9379', 'ISLANDIA'),
('9380', 'ISLAS CANARIAS'),
('9381', 'ISLAS DE CHRISTMAS'),
('9382', 'ISLAS QESHM'),
('9383', 'ISRAEL'),
('9386', 'ITALIA'),
('9391', 'JAMAICA'),
('9395', 'JONSTON, ISLAS'),
('9399', 'JAPON'),
('9401', 'JERSEY'),
('9403', 'JORDANIA'),
('9406', 'KAZAJSTAN'),
('9410', 'KENIA'),
('9411', 'KIRIBATI'),
('9412', 'KIRGUIZISTAN'),
('9413', 'KUWAIT'),
('9418', 'LABUN'),
('9420', 'LAOS, REPUBLICA POPULAR DEMOCRATICA DE'),
('9426', 'LESOTHO'),
('9429', 'LETONIA'),
('9431', 'LIBANO'),
('9434', 'LIBERIA'),
('9438', 'LIBIA'),
('9440', 'LIECHTENSTEIN'),
('9443', 'LITUANIA'),
('9445', 'LUXEMBURGO'),
('9447', 'MACAO'),
('9448', 'MACEDONIA'),
('9450', 'MADAGASCAR'),
('9453', 'MADEIRA'),
('9455', 'MALAYSIA'),
('9458', 'MALAWI'),
('9461', 'MALDIVAS'),
('9464', 'MALI'),
('9467', 'MALTA'),
('9469', 'MARIANAS DEL NORTE, ISLAS'),
('9472', 'MARSHALL, ISLAS'),
('9474', 'MARRUECOS'),
('9477', 'MARTINICA'),
('9485', 'MAURICIO'),
('9488', 'MAURITANIA'),
('9493', 'MEXICO'),
('9494', 'MICRONESIA, ESTADOS FEDERADOS DE'),
('9495', 'MIDWAY ISLAS'),
('9496', 'MOLDAVIA'),
('9497', 'MONGOLIA'),
('9498', 'MONACO'),
('9501', 'MONTSERRAT, ISLA'),
('9505', 'MOZAMBIQUE'),
('9507', 'NAMIBIA'),
('9508', 'NAURU'),
('9511', 'NAVIDAD (CHRISTMAS), ISLA'),
('9517', 'NEPAL'),
('9521', 'NICARAGUA'),
('9525', 'NIGER'),
('9528', 'NIGERIA'),
('9531', 'NIUE, ISLA'),
('9535', 'NORFOLK, ISLA'),
('9538', 'NORUEGA'),
('9542', 'NUEVA CALEDONIA'),
('9545', 'PAPUASIA NUEVA GUINEA'),
('9548', 'NUEVA ZELANDA'),
('9551', 'VANUATU'),
('9556', 'OMAN'),
('9566', 'PACIFICO, ISLAS DEL'),
('9573', 'PAISES BAJOS'),
('9576', 'PAKISTAN'),
('9578', 'PALAU, ISLAS'),
('9579', 'TERRITORIO AUTONOMO DE PALESTINA.'),
('9580', 'PANAMA'),
('9586', 'PARAGUAY'),
('9589', 'PERU'),
('9593', 'PITCAIRN, ISLA'),
('9599', 'POLINESIA FRANCESA'),
('9603', 'POLONIA'),
('9607', 'PORTUGAL'),
('9611', 'PUERTO RICO'),
('9618', 'QATAR'),
('9628', 'REINO UNIDO'),
('9629', 'ESCOCIA'),
('9633', 'REPUBLICA ARABE UNIDA'),
('9640', 'REPUBLICA CENTROAFRICANA'),
('9644', 'REPUBLICA CHECA'),
('9645', 'REPUBLICA DE SWAZILANDIA'),
('9646', 'REPUBLICA DE TUNEZ'),
('9647', 'REPUBLICA DOMINICANA'),
('9660', 'REUNION'),
('9665', 'ZIMBABWE'),
('9670', 'RUMANIA'),
('9675', 'RUANDA'),
('9676', 'RUSIA'),
('9677', 'SALOMON, ISLAS'),
('9685', 'SAHARA OCCIDENTAL'),
('9687', 'SAMOA OCCIDENTAL'),
('9690', 'SAMOA NORTEAMERICANA'),
('9695', 'SAN CRISTOBAL Y NIEVES'),
('9697', 'SAN MARINO'),
('9700', 'SAN PEDRO Y MIQUELON'),
('9705', 'SAN VICENTE Y LAS GRANADINAS'),
('9710', 'SANTA ELENA'),
('9715', 'SANTA LUCIA'),
('9720', 'SANTO TOME Y PRINCIPE'),
('9728', 'SENEGAL'),
('9731', 'SEYCHELLES'),
('9735', 'SIERRA LEONA'),
('9741', 'SINGAPUR'),
('9744', 'SIRIA, REPUBLICA ARABE DE'),
('9748', 'SOMALIA'),
('9750', 'SRI LANKA'),
('9756', 'SUDAFRICA, REPUBLICA DE'),
('9759', 'SUDAN'),
('9764', 'SUECIA'),
('9767', 'SUIZA'),
('9770', 'SURINAM'),
('9773', 'SAWSILANDIA'),
('9774', 'TADJIKISTAN'),
('9776', 'TAILANDIA'),
('9780', 'TANZANIA, REPUBLICA UNIDA DE'),
('9783', 'DJIBOUTI'),
('9786', 'TERRITORIO ANTARTICO BRITANICO'),
('9787', 'TERRITORIO BRITANICO DEL OCEANO INDICO'),
('9788', 'TIMOR DEL ESTE'),
('9800', 'TOGO'),
('9805', 'TOKELAU'),
('9810', 'TONGA'),
('9815', 'TRINIDAD Y TOBAGO'),
('9816', 'TRISTAN DA CUNHA'),
('9820', 'TUNICIA'),
('9823', 'TURCAS Y CAICOS, ISLAS'),
('9825', 'TURKMENISTAN'),
('9827', 'TURQUIA'),
('9828', 'TUVALU'),
('9830', 'UCRANIA'),
('9833', 'UGANDA'),
('9840', 'URSS'),
('9845', 'URUGUAY'),
('9847', 'UZBEKISTAN'),
('9850', 'VENEZUELA'),
('9855', 'VIET NAM'),
('9858', 'VIETNAM (DEL NORTE)'),
('9863', 'VIRGENES, ISLAS (BRITANICAS)'),
('9866', 'VIRGENES, ISLAS (NORTEAMERICANAS)'),
('9870', 'FIJI'),
('9873', 'WAKE, ISLA'),
('9875', 'WALLIS Y FORTUNA, ISLAS'),
('9880', 'YEMEN'),
('9885', 'YUGOSLAVIA'),
('9888', 'ZAIRE'),
('9890', 'ZAMBIA'),
('9895', 'ZONA DEL CANAL DE PANAMA'),
('9896', 'ZONA LIBRE OSTRAVA'),
('9897', 'ZONA NEUTRAL (PALESTINA)');

-- --------------------------------------------------------

--
-- Table structure for table `niveles_educativos`
--

CREATE TABLE IF NOT EXISTS `niveles_educativos` (
  `cod_nivel_educativo` char(2) NOT NULL,
  `descripcion` varchar(50) DEFAULT NULL,
  `descripcion_abreviada` varchar(40) DEFAULT NULL,
  PRIMARY KEY (`cod_nivel_educativo`)
) ENGINE=InnoDB DEFAULT CHARSET=latin1 COMMENT='\r\n''TABLA 9: "NIVEL EDUCATIVO"';

--
-- Dumping data for table `niveles_educativos`
--

INSERT INTO `niveles_educativos` (`cod_nivel_educativo`, `descripcion`, `descripcion_abreviada`) VALUES
('0', '-', '-'),
('01', 'SIN EDUCACI?N FORMAL', 'SIN EDUCACI?N FORMAL'),
('02', 'EDUCACI?N ESPECIAL INCOMPLETA', 'ESPECIAL INCOMPLETA'),
('03', 'EDUCACI?N ESPECIAL COMPLETA', 'ESPECIAL COMPLETA'),
('04', 'EDUCACI?N PRIMARIA INCOMPLETA', 'PRIMARIA INCOMPLETA'),
('05', 'EDUCACI?N PRIMARIA COMPLETA', 'PRIMARIA COMPLETA'),
('06', 'EDUCACI?N SECUNDARIA INCOMPLETA', 'SECUNDARIA INCOMPLETA'),
('07', 'EDUCACI?N SECUNDARIA COMPLETA', 'SECUNDARIA COMPLETA'),
('08', 'EDUCACI?N T?CNICA INCOMPLETA', 'T?CNICA INCOMPLETA'),
('09', 'EDUCACI?N T?CNICA COMPLETA', 'T?CNICA COMPLETA'),
('10', 'EDUCACI?N SUPERIOR (INSTITUTO SUPERIOR, ETC) INCOM', 'SUPERIOR INCOMPLETA (INSTIT. SUPER)'),
('11', 'EDUCACI?N SUPERIOR (INSTITUTO SUPERIOR, ETC) COMPL', 'SUPERIOR COMPLETA  (INSTIT SUPER)'),
('12', 'EDUCACI?N UNIVERSITARIA INCOMPLETA', 'UNIVERSITARIA INCOMPLETA'),
('13', 'EDUCACI?N UNIVERSITARIA COMPLETA', 'UNIVERSITARIA COMPLETA'),
('14', 'GRADO DE BACHILLER', 'GRADO DE BACHILLER'),
('15', 'TITULADO', 'TITULADO'),
('16', 'ESTUDIOS DE MAESTR?A INCOMPLETA', 'ESTUD. MAESTR?A INCOMPLETA'),
('17', 'ESTUDIOS DE MAESTR?A COMPLETA', 'ESTUD. MAESTR?A COMPLETA'),
('18', 'GRADO DE MAESTR?A', 'GRADO DE MAESTR?A'),
('19', 'ESTUDIOS DE DOCTORADO INCOMPLETO', 'ESTUD. DOCTORADO INCOMPLETO'),
('20', 'ESTUDIOS DE DOCTORADO COMPLETO', 'ESTUD. DOCTORADO COMPLETO'),
('21', 'GRADO DE DOCTOR', 'GRADO DE DOCTOR');

-- --------------------------------------------------------

--
-- Table structure for table `ocupaciones_p`
--

CREATE TABLE IF NOT EXISTS `ocupaciones_p` (
  `cod_ocupacion_p` int(11) NOT NULL AUTO_INCREMENT,
  `nombre` varchar(150) DEFAULT NULL,
  PRIMARY KEY (`cod_ocupacion_p`)
) ENGINE=InnoDB  DEFAULT CHARSET=latin1 COMMENT='''TABLA 30 "OCUPACIÓN APLICABLE A LOS EMPLEADORES DEL SECTOR ' AUTO_INCREMENT=999002 ;

--
-- Dumping data for table `ocupaciones_p`
--

INSERT INTO `ocupaciones_p` (`cod_ocupacion_p`, `nombre`) VALUES
(0, '-'),
(114001, 'DIRIGENTE, PARTIDO POLITICO'),
(114002, 'SECRETARIO GENERAL, PARTIDO POLITICO'),
(114003, 'SECRETARIO, PARTIDO POLITICO'),
(115001, 'DIRIGENTE, ORGANIZACION DE EMPLEADORES'),
(115002, 'DIRIGENTE, SINDICATO DE TRABAJADORES'),
(115003, 'SECRETARIO GENERAL, ORGANIZACION DE EMPLEADORES'),
(115004, 'SECRETARIO GENERAL, SINDICATO DE TRABAJADORES'),
(116001, 'DIRIGENTE, ORGANIZACION ESPECIALIZADA'),
(116002, 'SECRETARIO GENERAL, ORGANIZACION DE PROTECCION DE LA FAUNA'),
(116003, 'SECRETARIO GENERAL, ORGANIZACION DE PROTECCION DEL MEDIO AM'),
(121001, 'DIRECTOR DE EMPRESAS, DE AGRICULTURA, CAZA, SILVICULTURA Y'),
(121002, 'DIRECTOR EJECUTIVO, EMPRESA, AGRICULTURA, CAZA, SILVICULTUR'),
(121003, 'DIRECTOR GENERAL, EMPRESA/AGRICULTURA'),
(121004, 'DIRECTOR GENERAL, EMPRESA/CAZA'),
(121005, 'DIRECTOR GENERAL, EMPRESA/EXPLOTACION: AGRICOLA, FORESTAL Y'),
(121006, 'DIRECTOR GENERAL, EMPRESA/PESCA'),
(121007, 'DIRECTOR GENERAL, EMPRESA/SILVICULTURA'),
(121008, 'DIRECTOR GENERAL, ORGANIZACION/ CAZA'),
(121009, 'DIRECTOR GENERAL, ORGANIZACION/PESCA'),
(121010, 'DIRECTOR GENERAL, ORGANIZACION/SILVICULTURA'),
(121011, 'GERENTE GENERAL, EMPRESA/AGRICULTURA'),
(121012, 'GERENTE GENERAL, EMPRESA/CAZA'),
(121013, 'GERENTE GENERAL, EMPRESA/PESCA'),
(121014, 'GERENTE GENERAL, EMPRESA/SILVICULTURA'),
(121015, 'GERENTE GENERAL, ORGANIZACION/CAZA'),
(121016, 'GERENTE GENERAL, ORGANIZACION/PESCA'),
(121017, 'GERENTE GENERAL, ORGANIZACION/SILVICULTURA'),
(121018, 'MIEMBRO DEL DIRECTORIO, ASESOR TECNICO/EXPLOTACION: AGRICOL'),
(121019, 'MIEMBRO DEL DIRECTORIO, CONSEJO ADMINISTRATIVO/COOP. AGRARI'),
(121020, 'PRESIDENTE DEL DIRECTORIO, AGRICULTURA, CAZA, SILVICULTURA'),
(121021, 'SUB DIRECTOR DE EMPRESA, AGRICULTURA, CAZA, SILVICULTURA Y'),
(122001, 'DIRECTOR DE EMPRESAS, DE INDUSTRIAS MANUFACTURERAS, MINAS Y'),
(122002, 'DIRECTOR EJECUTIVO, EMPRESA, INDUSTRIA MANUFACTURERA, MINAS'),
(122003, 'DIRECTOR GENERAL, EMPRESA/INDUSTRIA MANUFACTURERA'),
(122004, 'DIRECTOR GENERAL, EMPRESA/SUMINISTRO DE ELECTRICIDAD, GAS Y'),
(122005, 'GERENTE GENERAL, EMPRESA/INDUSTRIA MANUFACTURERA'),
(122006, 'GERENTE GENERAL, EMPRESA/SUMINISTRO DE ELECTRICIDAD, GAS Y'),
(122007, 'MIEMBRO DEL DIRECTORIO, INDUSTRIAS MANUFACTURERAS, MINAS Y'),
(122008, 'PRESIDENTE DEL DIRECTORIO, INDUSTRIAS MANUFACTURERAS, MINAS'),
(122009, 'SUB DIRECTOR DE EMPRESA, INDUSTRIAS MANUFACTURERAS, MINAS Y'),
(123001, 'DIRECTOR DE EMPRESAS, DE CONSTRUCCION Y OBRAS PUBLICAS'),
(123002, 'DIRECTOR EJECUTIVO, EMPRESA, DE CONSTRUCCION Y OBRAS PUBLIC'),
(123003, 'DIRECTOR GENERAL, EMPRESA/CONSTRUCCION Y OBRAS PUBLICAS'),
(123004, 'GERENTE GENERAL, EMPRESA/CONSTRUCCION Y OBRAS PUBLICAS'),
(123005, 'MIEMBRO DEL DIRECTORIO, CONSTRUCCION Y OBRAS PUBLICAS'),
(123006, 'PRESIDENTE DEL DIRECTORIO, CONTRUCCION Y OBRAS PUBLICAS'),
(123007, 'SUB DIRECTOR DE EMPRESA, CONSTRUCCION Y OBRAS PUBLICAS'),
(124001, 'DIRECTOR DE EMPRESAS, DE COMERCIO MAYORISTA Y MINORISTA, RE'),
(124002, 'DIRECTOR EJECUTIVO, EMPRESA, DE COMERCIO MAYORISTA Y MINORI'),
(124003, 'DIRECTOR GENERAL, EMPRESA/COMERCIO MAYORISTA'),
(124004, 'DIRECTOR GENERAL, EMPRESA/COMERCIO MINORISTA'),
(124005, 'DIRECTOR GENERAL, ORGANIZACION/COMERCIO MAYORISTA'),
(124006, 'DIRECTOR GENERAL, ORGANIZACION/COMERCIO MINORISTA'),
(124007, 'DIRECTOR GENERAL, REPARACION/VEHICULOS, AUTOMOTORES, ETC.'),
(124008, 'GERENTE GENERAL, EMPRESA/COMERCIO MAYORISTA'),
(124009, 'GERENTE GENERAL, EMPRESA/COMERCIO MINORISTA'),
(124010, 'GERENTE ORGANIZACION, EMPRESA/COMERCIO MAYORISTA'),
(124011, 'GERENTE ORGANIZACION, EMPRESA/COMERCIO MINORISTA'),
(124012, 'MIEMBRO DEL DIRECTORIO, COMERCIO MAYORISTA Y MINORISTA, REP'),
(124013, 'PRESIDENTE DEL DIRECTORIO, COMERCIO MAYORISTA Y MINORISTA,'),
(124014, 'SUB DIRECTOR DE EMPRESA, COIMERCIO MAYORISTA Y MINORISTA, R'),
(125001, 'DIRECTOR DE EMPRESAS, DE RESTAURANTES Y HOTELERIA'),
(125002, 'DIRECTOR EJECUTIVO, EMPRESA, DE RESTAURANTES Y HOTELERIA'),
(125003, 'DIRECTOR GENERAL, EMPRESA/HOTELERIA'),
(125004, 'DIRECTOR GENERAL, EMPRESA/RESTAURANTE'),
(125005, 'DIRECTOR GENERAL, ORGANIZACION/HOTELERIA'),
(125006, 'DIRECTOR GENERAL, ORGANIZACION/RESTAURANTE'),
(125007, 'GERENTE GENERAL, EMPRESA/HOTELERIA'),
(125008, 'GERENTE GENERAL, EMPRESA/RESTAURANTE'),
(125009, 'GERENTE GENERAL, ORGANIZACION/HOTELERIA'),
(125010, 'GERENTE GENERAL, ORGANIZACION/RESTAURANTES'),
(125011, 'MIEMBRO DEL DIRECTORIO, RESTAURANTES Y HOTELERIA'),
(125012, 'PRESIDENTE DEL DIRECTORIO, RESTAURANTES Y HOTELERIA'),
(125013, 'SUB DIRECTOR DE EMPRESA, RESTAURANTES Y HOTELERIA'),
(126001, 'DIRECTOR DE EMPRESAS, DE TRANSPORTE, ALMACENAMIENTO Y COMUN'),
(126002, 'DIRECTOR EJECUTIVO, EMPRESA, DE TRANSPORTE, ALMACENAMIENTO'),
(126003, 'DIRECTOR GENERAL, EMPRESA/ALMACENAMIENTO'),
(126004, 'DIRECTOR GENERAL, EMPRESA/COMUNICACIONES'),
(126005, 'DIRECTOR GENERAL, EMPRESA/TRANSPORTE'),
(126006, 'DIRECTOR GENERAL, ORGANIZACION/TRANSPORTE'),
(126007, 'GERENTE GENERAL, EMPRESA/ALMACENAMIENTO'),
(126008, 'GERENTE GENERAL, EMPRESA/COMUNICACIONES'),
(126009, 'GERENTE GENERAL, EMPRESA/TRANSPORTE'),
(126010, 'GERENTE GENERAL, ORGANIZACION/TRANSPORTE'),
(126011, 'MIEMBRO DEL DIRECTORIO, TRANSPORTE, ALMACENAMIENTO Y COMUNI'),
(126012, 'PRESIDENTE DEL DIRECTORIO, TRANSPORTE, ALMACENAMIENTO Y COM'),
(126013, 'SUB DIRECTOR DE EMPRESA, TRANSPORTE, ALMACENAMIENTO Y COMUN'),
(127001, 'DIRECTOR DE EMPRESAS, DE SERVICIOS PUBLICOS Y FINANCIEROS'),
(127002, 'DIRECTOR EJECUTIVO, EMPRESA, DE SERVICIOS PUBLICOS Y FINANC'),
(127003, 'DIRECTOR GENERAL, EMPRESA/ACTIVIDADES CULTURALES'),
(127004, 'DIRECTOR GENERAL, EMPRESA/ACTIVIDADES DEPORTIVAS'),
(127005, 'DIRECTOR GENERAL, EMPRESA/ACTIVIDADES RECREATIVAS'),
(127006, 'DIRECTOR GENERAL, EMPRESA/AGENCIA DE VIAJES'),
(127007, 'DIRECTOR GENERAL, EMPRESA/INTERMEDIACION FINANCIERA'),
(127008, 'DIRECTOR GENERAL, EMPRESA/LIMPIEZA'),
(127009, 'DIRECTOR GENERAL, EMPRESA/SERVICIO DE EMPRESA'),
(127010, 'DIRECTOR GENERAL, EMPRESA/SERVICIO DE SANIDAD'),
(127011, 'DIRECTOR GENERAL, EMPRESA/TRABAJO SOCIAL'),
(127012, 'DIRECTOR GENERAL, ORGANIZACION/ACTIVIDADES CULTURALES'),
(127013, 'DIRECTOR GENERAL, ORGANIZACION/ACTIVIDADES DEPORTIVAS'),
(127014, 'DIRECTOR GENERAL, ORGANIZACION/ACTIVIDADES RECREATIVAS'),
(127015, 'DIRECTOR GENERAL, ORGANIZACION/AGENCIA DE VIAJES'),
(127016, 'DIRECTOR GENERAL, ORGANIZACION/INTERMEDIACION FINANCIERA'),
(127017, 'DIRECTOR GENERAL, ORGANIZACION/LIMPIEZA'),
(127018, 'DIRECTOR GENERAL, ORGANIZACION/SERVICIO DE EMPRESA'),
(127019, 'DIRECTOR GENERAL, ORGANIZACION/SERVICIO DE SANIDAD'),
(127020, 'DIRECTOR GENERAL, ORGANIZACION/TRABAJO SOCIAL'),
(127021, 'GERENTE GENERAL, EMPRESA/ACTIVIDADES CULTURALES'),
(127022, 'GERENTE GENERAL, EMPRESA/ACTIVIDADES DEPORTIVAS'),
(127023, 'GERENTE GENERAL, EMPRESA/ACTIVIDADES RECREATIVAS'),
(127024, 'GERENTE GENERAL, EMPRESA/AGENCIA DE VIAJES'),
(127025, 'GERENTE GENERAL, EMPRESA/INTERMEDIACION FINANCIERA'),
(127026, 'GERENTE GENERAL, EMPRESA/LIMPIEZA'),
(127027, 'GERENTE GENERAL, EMPRESA/SERVICIO DE EMPRESA'),
(127028, 'GERENTE GENERAL, EMPRESA/SERVICIO DE SANIDAD'),
(127029, 'GERENTE GENERAL, EMPRESA/TRABAJO SOCIAL'),
(127030, 'GERENTE GENERAL, ORGANIZACION/ACTIVIDADES CULTURALES'),
(127031, 'GERENTE GENERAL, ORGANIZACION/ACTIVIDADES DEPORTIVAS'),
(127032, 'GERENTE GENERAL, ORGANIZACION/ACTIVIDADES RECREATIVAS'),
(127033, 'GERENTE GENERAL, ORGANIZACION/AGENCIA DE VIAJES'),
(127034, 'GERENTE GENERAL, ORGANIZACION/INTERMEDIACION FINANCIERA'),
(127035, 'GERENTE GENERAL, ORGANIZACION/LIMPIEZA'),
(127036, 'GERENTE GENERAL, ORGANIZACION/SERVICIO DE EMPRESA'),
(127037, 'GERENTE GENERAL, ORGANIZACION/SERVICIO DE SANIDAD'),
(127038, 'GERENTE GENERAL, ORGANIZACION/TRABAJO SOCIAL'),
(127039, 'MIEMBRO DEL DIRECTORIO, SERVICIOS PUBLICOS Y FINANCIEROS'),
(127040, 'PRESIDENTE DEL DIRECTORIO, SERVICIOS PUBLICOS Y FINANCIEROS'),
(127041, 'SUB DIRECTOR DE EMPRESA, SERVICIOS PUBLICOS Y FINANCIEROS'),
(128001, 'DIRECTOR DE DEPARTAMENTO, PRODUCCION Y OPERACIONES/AGRICULT'),
(128002, 'DIRECTOR DE DEPARTAMENTO, PRODUCCION Y OPERACIONES/PESCA'),
(128003, 'DIRECTOR DE DEPARTAMENTO, PRODUCCION Y OPERACIONES/SILVICUL'),
(129001, 'DIRECTOR DE DEPARTAMENTO, PRODUCCION Y OPERACIONES/INDUSTRI'),
(129003, 'DIRECTOR DE EXPLOTACION DE MINAS Y CANTERAS'),
(129004, 'GERENTE DE PLANTA'),
(129005, 'GERENTE DE PRODUCCION'),
(129006, 'GERENTE INDUSTRIAL'),
(129007, 'SUPER INTENDENTE DE PLANTA'),
(129008, 'SUPER INTENDENTE DE PRODUCCION'),
(129009, 'SUPERVISOR DE PRODUCCION'),
(131001, 'DIRECTOR DE DEPARTAMENTO, PRODUCCION Y OPERACIONES/CONSTRUC'),
(132001, 'DIRECTOR DE DEPARTAMENTO, PRODUCCION Y OPERACIONES/COMERCIO MAYORISTA'),
(132002, 'DIRECTOR DE DEPARTAMENTO, PRODUCCION Y OPERACIONES/COMERCIO MAYORISTA EXPORTACI'),
(132003, 'DIRECTOR DE DEPARTAMENTO, PRODUCCION Y OPERACIONES/COMERCIO MAYORISTA IMPORTACI'),
(132004, 'DIRECTOR DE DEPARTAMENTO, PRODUCCION Y OPERACIONES/COMERCIO MINORISTA'),
(132005, 'DIRECTOR DE DEPARTAMENTO, PRODUCCION Y OPERACIONES/COMERCIO MINORISTA SUPERMERCADOS'),
(132006, 'DIRECTOR DE DEPARTAMENTO, PRODUCCION Y OPERACIONES/COMERCIO MINORISTA TIENDAS'),
(132007, 'DIRECTOR DE DEPARTAMENTO, PRODUCCION Y OPERACIONES/REPARAC.'),
(133001, 'DIRECTOR DE DEPARTAMENTO, PRODUCCION Y OPERACIONES/HOTELES'),
(133002, 'DIRECTOR DE DEPARTAMENTO, PRODUCCION Y OPERACIONES/RESTAURA'),
(134001, 'DIRECTOR DE DEPARTAMENTO, PRODUCCION Y OPERACIONES/ALMACENA'),
(134002, 'DIRECTOR DE DEPARTAMENTO, PRODUCCION Y OPERACIONES/COMUNICACIONES'),
(134003, 'DIRECTOR DE DEPARTAMENTO, PRODUCCION Y OPERACIONES/COMUNICACIONES CORREOS'),
(134004, 'DIRECTOR DE DEPARTAMENTO, PRODUCCION Y OPERACIONES/COMUNICACIONES TELECOMUNICACIONES'),
(134005, 'DIRECTOR DE DEPARTAMENTO, PRODUCCION Y OPERACIONES/TRANSPORTE'),
(134006, 'DIRECTOR DE DEPARTAMENTO, PRODUCCION Y OPERACIONES/TRANSPORTE GASODUCTOS Y OLEODUCTOS'),
(134007, 'DIRECTOR DE DEPARTAMENTO, PRODUCCION Y OPERACIONES/TRANSPORTE MERCANC?AS'),
(134008, 'DIRECTOR DE DEPARTAMENTO, PRODUCCION Y OPERACIONES/TRANSPORTE PASAJEROS'),
(135001, 'DIRECTOR DE DEPARTAMENTO, PRODUCCION Y OPERACIONES/ACTIVIDADES CULTURALES'),
(135002, 'DIRECTOR DE DEPARTAMENTO, PRODUCCION Y OPERACIONES/ACTIVIDADES DEPORTIVAS'),
(135003, 'DIRECTOR DE DEPARTAMENTO, PRODUCCION Y OPERACIONES/ACTIVIDADES RECREATIVAS'),
(135004, 'DIRECTOR DE DEPARTAMENTO, PRODUCCION Y OPERACIONES/ADMINIST'),
(135005, 'DIRECTOR DE DEPARTAMENTO, PRODUCCION Y OPERACIONES/AGENCIAS'),
(135006, 'DIRECTOR DE DEPARTAMENTO, PRODUCCION Y OPERACIONES/ESPECTAC'),
(135007, 'DIRECTOR DE DEPARTAMENTO, PRODUCCION Y OPERACIONES/INSTITUC'),
(135008, 'DIRECTOR DE DEPARTAMENTO, PRODUCCION Y OPERACIONES/SALUD'),
(135009, 'DIRECTOR DE DEPARTAMENTO, PRODUCCION Y OPERACIONES/SERVICIO'),
(135010, 'DIRECTOR DE DEPARTAMENTO, PRODUCCION Y OPERACIONES/TRABAJO'),
(135011, 'DIRECTOR DE PLATO, CINE'),
(135012, 'DIRECTOR TEATRAL'),
(135013, 'DIRECTOR, MUSICAL'),
(135014, 'PRODUCTOR, CINE'),
(135015, 'PRODUCTOR, RADIO'),
(135016, 'PRODUCTOR, TEATRO'),
(135017, 'PRODUCTOR, TELEVISION'),
(135018, 'REGIDOR, TEATRO'),
(136001, 'DECANO'),
(136002, 'DECANO DE FACULTAD'),
(136003, 'DIRECTOR DE CENTRO EDUCATIVO'),
(136004, 'DIRECTOR DE ESCUELA PROFESIONAL'),
(136005, 'DIRECTOR DE ESEP/SENATI, ETC.'),
(136006, 'DIRECTOR DE ESTUDIOS'),
(136007, 'DIRECTOR DE INSTITUTO ACADEMICO'),
(136008, 'DIRECTOR DE NUCLEOS EDUCATIVOS COMUNALES'),
(136009, 'DIRECTOR DE LA UNIDAD DE SERVICIOS EDUCATIVOS'),
(136010, 'DIRECTOR DEPARTAMENTAL DE EDUCACION'),
(136011, 'DIRECTOR UNIVERSITARIO'),
(136012, 'RECTOR'),
(136013, 'VICE-RECTOR'),
(137001, 'DIRECTOR DE DEPARTAMENTO, ADMINISTRACION'),
(137002, 'DIRECTOR DE DEPARTAMENTO, CONTABILIDAD'),
(137003, 'DIRECTOR DE DEPARTAMENTO, FINANZAS/GERENTE'),
(137004, 'DIRECTOR DE DEPARTAMENTO, PRESUPUESTO'),
(137005, 'GERENTE DE ADMINISTRACION'),
(137006, 'GERENTE DE CREDITOS'),
(138001, 'DIRECTOR DE DEPARTAMENTO, PERSONAL'),
(138002, 'DIRECTOR DE DEPARTAMENTO, PUBLICIDAD'),
(138003, 'DIRECTOR DE DEPARTAMENTO, RELACIONES INDUSTRIALES'),
(138004, 'DIRECTOR DE DEPARTAMENTO, RELACIONES LABORALES'),
(138005, 'DIRECTOR DE DEPARTAMENTO, RELACIONES PUBLICAS'),
(139001, 'DIRECTOR DE DEPARTAMENTO, ABASTECIMIENTO/SUMINISTRO'),
(139002, 'DIRECTOR DE DEPARTAMENTO, ALMACENAMIENTO'),
(139003, 'DIRECTOR DE DEPARTAMENTO, COMERCIALIZACION'),
(139004, 'DIRECTOR DE DEPARTAMENTO, COMPRAS/ADQUISICION'),
(139005, 'DIRECTOR DE DEPARTAMENTO, DISTRIBUCION'),
(139006, 'DIRECTOR DE DEPARTAMENTO, INFORMATICA'),
(139007, 'DIRECTOR DE DEPARTAMENTO, INVESTIGACION Y DESARROLLO'),
(139008, 'DIRECTOR DE DEPARTAMENTO, VENTAS'),
(139009, 'DIRECTOR DE DEPARTAMENTO, VENTAS/ ORGANIZACION'),
(139010, 'GERENTE DE COMERCIALIZACION'),
(139011, 'GERENTE DE VENTAS'),
(141001, 'GERENTE, AGRICULTURA'),
(141002, 'GERENTE, CAZA'),
(141003, 'GERENTE, EXPLOTACION: AGRICOLA, FORESTAL Y PECUARIA'),
(141004, 'GERENTE, PESCA'),
(141005, 'GERENTE, SILVICULTURA'),
(142001, 'GERENTE, EXPLOTACION DE MINAS Y CANTERAS'),
(142002, 'GERENTE, INDUSTRIA MANUFACTURERA'),
(142003, 'GERENTE, SUMINISTRO DE ELECTRICIDAD, GAS Y AGUA'),
(143001, 'GERENTE, CONSTRUCCION'),
(144001, 'COMERCIANTE, MAYORISTA'),
(144002, 'COMERCIANTE, MINORISTA'),
(144003, 'GERENTE, COMERCIO MAYORISTA'),
(144004, 'GERENTE, COMERCIO MAYORISTA/ EXPORTACION'),
(144005, 'GERENTE, COMERCIO MAYORISTA/ IMPORTACION'),
(144006, 'GERENTE, COMERCIO MINORISTA'),
(144007, 'GERENTE, COMERCIO MINORISTA/ CADENA DE ALMACENES'),
(144008, 'GERENTE, COMERCIO MINORISTA/ TIENDAS'),
(144009, 'GERENTE, COMERCIO MINORISTA/ TIENDAS (AUTOSERVICIO)'),
(144010, 'GERENTE, COMERCIO MINORISTA/ TIENDAS (VENTAS CON DESCUENTOS'),
(144011, 'GERENTE, COMERCIO MINORISTA/ TIENDAS (VENTAS POR CORREO)'),
(144012, 'GERENTE REPARACION DE VEHICULOS, AUTO MOTORES, MOTOCICLETAS'),
(144013, 'GERENTE, TIENDA'),
(145001, 'ADMINISTRADOR, COMERCIO NEP'),
(145002, 'DIRECTOR, COMERCIO NEP'),
(145003, 'CONCESIONARIO-ADM., REST. Y CAFETERIA (FAB. Y OFIC.)'),
(145004, 'CONCESIONARIO-ADM., REST. Y BAR/CAFETERIA (TREN, BARCO, AVI'),
(145005, 'GERENTE, COMERCIO NEP'),
(146001, 'GERENTE, ALBERGUE/ JOVENES'),
(146002, 'GERENTE, BAR/DISCOTECA Y SNACK BAR'),
(146003, 'GERENTE, CAFE-TEATRO'),
(146004, 'GERENTE, CAFETERIA'),
(146005, 'GERENTE, CAMPAMENTO/ VACACIONES'),
(146006, 'GERENTE, CANTINA/ EMPRESA'),
(146007, 'GERENTE, CASA DE HUESPEDES'),
(146008, 'GERENTE, FONDA'),
(146009, 'GERENTE, HOSTELERIA'),
(146010, 'GERENTE, HOTEL'),
(146011, 'GERENTE, MOTEL'),
(146012, 'GERENTE, PARQUE DE CARAVANAS'),
(146013, 'GERENTE, PENSION'),
(146014, 'GERENTE, PE?A'),
(146015, 'GERENTE, RESTAURANTE'),
(146016, 'GERENTE, RESTAURANTE-BAR'),
(146017, 'GERENTE, RESTAURANTE/ AUTOSERVICIO'),
(146018, 'GERENTE, SNACK-BAR'),
(146019, 'GERENTE, TABERNA'),
(147001, 'GERENTE, ALMACENAMIENTO'),
(147002, 'GERENTE, COMUNICACIONES'),
(147003, 'GERENTE, TRANSPORTE'),
(148001, 'GEREN.-ADM., AGENCIA DE LIMPIEZA Y DESINFECCION'),
(148002, 'GEREN.-ADM., AGENCIA DE POMPAS FUNEBRES'),
(148003, 'GEREN.-ADM., AGENCIA DE PROTECCION Y SEGURIDAD'),
(148004, 'GEREN.-ADM., AGENCIA DE TURISMO/EXCURSIONES'),
(148005, 'GEREN.-ADM., AGENCIA DE SERVICIOS/EXCEPTO:BARES, HOTEL Y SI'),
(148006, 'GEREN.-ADM., CENTRO DE ESTETICA'),
(148007, 'GEREN.-ADM., CENTRO DE RECREACION'),
(148008, 'GEREN.-ADM., GIMNASIO'),
(148009, 'GEREN.-ADM., LAVANDERIA'),
(148010, 'GEREN.-ADM., TALLERES/MEDIANOS Y PEQUE?OS'),
(211001, 'ASTROFISICO'),
(211002, 'ASTRONOMO'),
(211003, 'FISICO'),
(211004, 'FISICO, ACUSTICA'),
(211005, 'FISICO, ELECTRICIDAD Y MAGNETISMO'),
(211006, 'FISICO, ELECTRONICA'),
(211007, 'FISICO, ESTATICA'),
(211008, 'FISICO, ENERGIA SOLAR (NO CONVENCIONAL)'),
(211009, 'FISICO, ENERGIA NUCLEAR'),
(211010, 'FISICO, FISICA NUCLEAR'),
(211011, 'FISICO, FISICA TEORICA'),
(211012, 'FISICO, MATEMATICO'),
(211013, 'FISICO, MECANICA'),
(211014, 'FISICO, OPTICA'),
(211015, 'FISICO, SONIDO'),
(211016, 'FISICO, TERMODINAMICA'),
(211017, 'FISICO, OTRO'),
(212001, 'COSMOGRAFO'),
(212002, 'COSMOLOGO'),
(212003, 'CLIMATOLOGO'),
(212004, 'METEOROLOGO'),
(212005, 'METEOROLOGO, CLIMATOLOGIA'),
(212006, 'METEOROLOGO, PREVISION DEL TIEMPO'),
(213001, 'QUIMICO'),
(213002, 'QUIMICO ANALISTA'),
(213003, 'QUIMICO, COLORANTES'),
(213004, 'QUIMICO, CONTROL DE CALIDAD'),
(213005, 'QUIMICO, CORROSION'),
(213006, 'QUIMICO, CUEROS Y PIELES'),
(213007, 'QUIMICO, DETERGENTES'),
(213008, 'QUIMICO, ELECTROQUIMICA'),
(213009, 'QUIMICO, FARMACIA'),
(213010, 'QUIMICO, FARMACIA/ INDUSTRIA'),
(213011, 'QUIMICO, FISICA/OTROS'),
(213012, 'QUIMICO, INDUSTRIA DEL VIDRIO'),
(213013, 'QUIMICO, INDUSTRIA METALURGICA'),
(213014, 'QUIMICO, QUIMICA ANALITICA'),
(213015, 'QUIMICO, QUIMICA INORGANICA'),
(213016, 'QUIMICO, QUIMICA MINERAL'),
(213017, 'QUIMICO, QUIMICA ORGANICA'),
(213018, 'QUIMICO, TEXTILES'),
(213019, 'QUIMICO, TINTURAS'),
(213020, 'QUIMICO, OTROS (NO INCLUYE ING. QUIMICO)'),
(214001, 'ESTRATIGRAFISTA'),
(214002, 'GEODESIA'),
(214003, 'GEOFISICO (INCLUYE INGENIEROS)'),
(214004, 'GEOFISICO, GEOMORFOLOGIA'),
(214005, 'GEOFISICO, HIDROLOGIA'),
(214006, 'GEOFISICO, OCEANOGRAFIA'),
(214007, 'GEOFISICO, SISMOLOGIA'),
(214008, 'GEOFISICO, VULCANOLOGIA'),
(214009, 'GEOLOGO (INCLUYE INGENIEROS)'),
(214010, 'GEOLOGO, ESTRATIGRAFIA'),
(214011, 'GEOLOGO, MINAS'),
(214012, 'GEOLOGO, OCEANOGRAFIA'),
(214013, 'GEOLOGO, PALEONTOLOGIA'),
(214014, 'GEOLOGO, PETROLEO'),
(214015, 'GEOMORFOLOGO'),
(214016, 'HIDROLOGO'),
(214017, 'MICROPALEONTOLOGO'),
(214018, 'MINERALOGISTA'),
(214019, 'OCEANOGRAFO, GEOFISICA'),
(214020, 'OCEANOGRAFO, GEOLOGIA'),
(214021, 'PALEONTOLOGO'),
(214022, 'PETROLOGO'),
(214023, 'SISMOLOGO'),
(214024, 'VULCANOLOGO'),
(215001, 'ACTUARIO'),
(215002, 'MATEMATICO, ANALISIS ACTUARIAL'),
(215003, 'MATEMATICO, MATEMATICA APLICADA'),
(215004, 'MATEMATICO, MATEMATICA PURA'),
(215005, 'MATEMATICO-ANALISTA, INVESTIGACION OPERATIVA'),
(216001, 'BIOESTADISTICO'),
(216002, 'BIOMETRISTA'),
(216003, 'DEMOGRAFO'),
(216004, 'ESTADISTICO'),
(216005, 'ESTADISTICO, AGRICULTURA'),
(216006, 'ESTADISTICO, BIOESTADISTICA'),
(216007, 'ESTADISTICO, BIOMETRIA'),
(216008, 'ESTADISTICO, ECONOMIA'),
(216009, 'ESTADISTICO, ENCUESTAS'),
(216010, 'ESTADISTICO, ENCUESTAS POR SONDEO'),
(216011, 'ESTADISTICO, ESTADISTICA APLICADA'),
(216012, 'ESTADISTICO, FINANZAS'),
(216013, 'ESTADISTICO, INVESTIGACION'),
(216014, 'ESTADISTICO, MATEMATICO'),
(216015, 'ESTADISTICO, MUESTRISTA'),
(216016, 'INGENIERO, ESTADISTICO'),
(217001, 'ADMINISTRADOR, BANCO DE DATOS'),
(217002, 'ANALISTA, SISTEMAS INFORMATICOS'),
(217003, 'ANALISTA, SISTEMAS INFORMATICOS/BANCO DE DATOS'),
(217004, 'ANALISTA, SISTEMAS INFORMATICOS/COMPUTADORAS'),
(217005, 'ANALISTA, SISTEMAS INFORMATICOS/TELECOMUNICACIONES'),
(217006, 'ANALISTAS, TRANSMISIONES/SISTEMAS INFORMATICOS'),
(217007, 'INGENIERO, SISTEMAS INFORMATICOS'),
(217008, 'INGENIERO, APLICACIONES DE LA INFORMATICA'),
(218001, 'ARQUITECTO, EDIFICIOS'),
(218002, 'ARQUITECTO, INTERIORES DE EDIFICIOS'),
(218003, 'INGENIERO, DE TRANSPORTE'),
(218004, 'PLANIFICADOR, TRANSITO'),
(218005, 'URBANISTA'),
(219001, 'INGENIERO CIVIL'),
(219002, 'INGENIERO CIVIL, CONSTRUCCION'),
(219003, 'INGENIERO CIVIL, CONSTRUCCION Y OBRAS PUBLICAS'),
(219004, 'INGENIERO CIVIL, CONSTRUCCION/AERODROMOS'),
(219005, 'INGENIERO CIVIL, CONSTRUCCION/AEROPUERTOS'),
(219006, 'INGENIERO CIVIL, CONSTRUCCION/CALLES'),
(219007, 'INGENIERO CIVIL, CONSTRUCCION/CARRETERAS Y AUTOPISTAS'),
(219008, 'INGENIERO CIVIL, CONSTRUCCION/CHIMENEAS DE FABRICAS'),
(219009, 'INGENIERO CIVIL, CONSTRUCCION/EDIFICIOS Y/O VIVIENDAS'),
(219010, 'INGENIERO CIVIL, CONSTRUCCION/ESTRUCTURAS DE EDIFICIOS'),
(219011, 'INGENIERO CIVIL, CONSTRUCCION/ESTRUCTURAS METALICAS'),
(219012, 'INGENIERO CIVIL, CONSTRUCCION/VIAS FERREAS'),
(219013, 'INGENIERO CIVIL, CONSTRUCCION/INSTALACIONES PORTUARIAS'),
(219014, 'INGENIERO CIVIL, CONSTRUCCION/MUELLES Y PUERTOS'),
(219015, 'INGENIERO CIVIL, CONSTRUCCION/PUENTES'),
(219016, 'INGENIERO CIVIL, CONSTRUCCION/TORRES'),
(219017, 'INGENIERO CIVIL, CONSTRUCCION/TUNELES'),
(219018, 'INGENIERO CIVIL, CONTRATISTAS DE OBRAS'),
(219019, 'INGENIERO CIVIL, INSPECTOR DE OBRAS'),
(219020, 'INGENIERO CIVIL, IRRIGACION'),
(219021, 'INGENIERO CIVIL, MECANICA/SUELOS'),
(219022, 'INGENIERO CIVIL, TRABAJOS MARITIMOS'),
(219023, 'INGENIERO, CANALES Y PUERTOS'),
(219024, 'INGENIERO, HIDRAULICO'),
(219025, 'INGENIERO, HIDROLOGIA'),
(219026, 'INGENIERO, IRRIGACION'),
(219027, 'INGENIERO, SANITARIO'),
(221001, 'ELECTROTECNICO SUPERIOR'),
(221002, 'INGENIERO ELECTRICISTA'),
(221003, 'INGENIERO ELECTRICISTA, ALTO VOLTAJE'),
(221004, 'INGENIERO ELECTRICISTA, EQUIPO ELECTROMECANICO'),
(221005, 'INGENIERO ELECTRICISTA, EQUIPO ELECTROMECANICO DE BAJA POTE'),
(221006, 'INGENIERO ELECTRICISTA, ILUMINACION'),
(221007, 'INGENIERO ELECTRICISTA, LINEAS ELECTRICAS'),
(221008, 'INGENIERO ELECTRICISTA, PRODUCCION DE ENERGIA'),
(221009, 'INGENIERO ELECTRICISTA, PRODUCCION DE ENERGIA ELECTRICA'),
(221010, 'INGENIERO ELECTRICISTA, TRACCION ELECTRICA'),
(221011, 'INGENIERO ELECTRICISTA, TRANSPORTE DE CORRIENTE ELECTRICA'),
(221012, 'INGENIERO ELECTRICISTA, TRANSPORTE Y DISTRIBUCION ENERGIA'),
(221013, 'TECNOLOGO ELECTRICIDAD'),
(221014, 'INGENIERO ELECTRONICO, CONSTRUCCION DE COMPUTADORAS'),
(221015, 'INGENIERO DE ORDENADORES ELECTRONICOS'),
(221016, 'INGENIERO DE CONTROLES INDUSTRIALES Y ELECTRONICA'),
(221017, 'INGENIERO ELECTRONICO, SEMICONDUCTORES'),
(221018, 'INGENIERO DE CALCULADORAS ELECTRONICAS'),
(221019, 'INGENIERO ELECTRONICO'),
(221020, 'INGENIERO TELECOMUNICACIONES'),
(221021, 'INGENIERO TELECOMUNICACIONES/RADAR'),
(221022, 'INGENIERO TELECOMUNICACIONES/RADIO'),
(221023, 'INGENIERO TELECOMUNICACIONES/SISTEMAS DE SE?ALES'),
(221024, 'INGENIERO TELECOMUNICACIONES/TELEFONOS'),
(221025, 'INGENIERO TELECOMUNICACIONES/TELEGRAFOS'),
(221026, 'INGENIERO TELECOMUNICACIONES/TELEVISION'),
(222001, 'INGENIERO MECANICO'),
(222002, 'INGENIERO MECANICO, AERONAUTICA'),
(222003, 'INGENIERO MECANICO, AGRICULTURA (ING. AGRICOLA)'),
(222004, 'INGENIERO MECANICO, AUTOMOTORES'),
(222005, 'INGENIERO MECANICO, AUTOMOVILES'),
(222006, 'INGENIERO MECANICO, CALEFACCION, VENTILACION Y REFRIGERACIO'),
(222007, 'INGENIERO MECANICO, CLIMATIZACION'),
(222008, 'INGENIERO MECANICO, CONSTRUCCION NAVAL'),
(222009, 'INGENIERO MECANICO, ENERGIA NUCLEAR'),
(222010, 'INGENIERO MECANICO Y ELECTRICISTA'),
(222011, 'INGENIERO MECANICO, MAQUINARIA Y HERRAMIENTAS INDUSTRIALES'),
(222012, 'INGENIERO MECANICO, MOTORES A REACCION'),
(222013, 'INGENIERO MECANICO, MOTORES DIESEL Y/O PROPULSION A CHORRO'),
(222014, 'INGENIERO MECANICO, MOTORES DE COMBUSTION INTERNA'),
(222015, 'INGENIERO MECANICO, MOTORES MARINOS'),
(222016, 'INGENIERO MECANICO, MOTORES/EQUIPO PARA BARCOS'),
(222017, 'INGENIERO MECANICO, MOTORES/EXCEPTO LOS MARINOS'),
(222018, 'INGENIERO MECANICO, MOTORES/LOCOMOTORAS A VAPOR'),
(222019, 'INGENIERO MECANICO, DE FLUIDOS'),
(222020, 'INGENIERO MECANICO, TURBINAS DE GAS'),
(222021, 'INGENIERO, CALEFACCION, VENTILACION Y REFRIGERACION'),
(222022, 'INGENIERO, CLIMATIZACION'),
(222023, 'INGENIERO, CONSTRUCCION AERONAUTICA'),
(222024, 'INGENIERO, CONSTRUCCION DE AUTOMOVILES'),
(222025, 'INGENIERO, CONSTRUCCION NAVAL'),
(222026, 'INGENIERO, FRIO INDUSTRIAL'),
(222027, 'INGENIERO, MAQUINARIA Y HERRAMIENTAS INDUSTRIALES'),
(223001, 'INGENIERO BIOQUIMICO INDUSTRIAL'),
(223002, 'INGENIERO QUIMICO EN INDUSTRIA QUIMICA'),
(223003, 'INGENIERO QUIMICO, ALIMENTOS Y BEBIDAS'),
(223004, 'INGENIERO QUIMICO, ANTIBIOTICOS'),
(223005, 'INGENIERO QUIMICO, EXPLOSIVOS'),
(223006, 'INGENIERO QUIMICO, CARBURANTES/REFINERIA DE PETROLEO'),
(223007, 'INGENIERO QUIMICO, CAUCHO'),
(223008, 'INGENIERO QUIMICO, COLORES Y PINTURAS'),
(223009, 'INGENIERO QUIMICO, FABRICACION'),
(223010, 'INGENIERO QUIMICO, FIBRAS TEXTILES (ING. TEXTIL)'),
(223011, 'INGENIERO QUIMICO, GAS/PRODUCCION Y DISTRIBUCION'),
(223012, 'INGENIERO QUIMICO, MATERIAL PLASTICO'),
(223013, 'INGENIERO QUIMICO, PAPEL'),
(223014, 'INGENIERO QUIMICO, PERFUMISTA'),
(223015, 'INGENIERO QUIMICO, PETROLEO Y GAS NATURAL'),
(223016, 'INGENIERO QUIMICO, TECNOLOGIA DE LOS COMBUSTIBLES'),
(223017, 'INGENIERO QUIMICO, OTROS'),
(223018, 'INGENIERO, PETROQUIMICO'),
(224001, 'INGENIERO METALURGICO'),
(224002, 'INGENIERO METALURGICO, MINERALES RADIACTIVOS Y FUNDICION'),
(224003, 'INGENIERO METALURGICO, PRODUCCION Y AFINO/METALES'),
(224004, 'INGENIERO METALURGICO, TRATAMIENTO DE LOS METALES'),
(224005, 'INGENIERO, METALURGICO/OTROS'),
(225001, 'INGENIERO, MINAS'),
(225002, 'INGENIERO, MINAS/CARBON'),
(225003, 'INGENIERO, MINAS/MINERALES METALICOS'),
(225004, 'INGENIERO, MINAS/MINERALES NO METALICOS'),
(225005, 'INGENIERO, MINAS/PETROLEO Y GAS NATURAL'),
(225006, 'INGENIERO, PERFORACION/POZOS DE PETROLEO Y DE GAS'),
(225007, 'INGENIERO, SIDERURGICO'),
(225008, 'INGENIERO DE MINAS, OTROS'),
(226001, 'AGRIMENSOR'),
(226002, 'AGRIMENSOR, AEROFOTOGRAFO'),
(226003, 'AGRIMENSOR, MARINA'),
(226004, 'AGRIMENSOR, GEODESICO'),
(226005, 'AGRIMENSOR, HIDROGRAFICO'),
(226006, 'AGRIMENSOR, MINAS'),
(226007, 'AGRIMENSOR, TOPOGRAFIA'),
(226008, 'AGRIMENSOR, TOPOGRAFIA AEREA'),
(226009, 'CARTOGRAFO'),
(226010, 'CARTOGRAFO, MARINA'),
(226011, 'FOTOGRAMETRISTA Y AEROFOTOGRAMETISTA'),
(226012, 'TOPOGRAFO, FOTOGEOMETRIA'),
(226013, 'TOPOGRAFO, HIDROGRAFICO'),
(226014, 'TOPOGRAFO, (SUELOS)'),
(227001, 'INGENIERO, ADMINISTRATIVO'),
(227002, 'INGENIERO, SISTEMAS/EXCEPTO INFORMATICOS'),
(227003, 'CREADOR, SISTEMAS/EXCEPTO INFORMATICOS'),
(227004, 'INGENIERO CONSULTOR, ORGANIZACION INDUSTRIAL'),
(227005, 'INGENIERO INDUSTRIAL'),
(227006, 'INGENIERO INDUSTRIAL, HIGIENE Y SEGURIDAD INDUSTRIAL'),
(227007, 'INGENIERO, ORGANIZACION DE ESTUDIO DE TIEMPOS Y MOVIMIENTOS'),
(227008, 'INGENIERO, ORGANIZACION INDUSTRIAL'),
(227009, 'INGENIERO, ORGANIZACION Y METODOS'),
(227010, 'INGENIERO, ORGANIZACION CALCULO DE COSTOS'),
(227011, 'INGENIERO, ORGANIZACION Y PLANIFICACION DE EMPRESAS'),
(228001, 'INGENIERO PESQUERO'),
(229001, 'INGENIERO, CUERO Y CALZADO'),
(229002, 'INGENIERO, CERAMICA Y VIDRIOS'),
(229003, 'INGENIERO, CONTROL DE CALIDAD'),
(229004, 'INGENIERO, INDUSTRIAS ALIMENTARIAS'),
(229005, 'INGENIERO, INDUSTRIAS DE PAPEL'),
(229006, 'INGENIERO, MEDIO AMBIENTE'),
(229007, 'INGENIERO, PRODUCCION'),
(229008, 'INGENIERO, PLANIFICADOR DE TRAFICO'),
(229009, 'INGENIERO, TOPOGRAFO'),
(229010, 'INGENIERO, DE VUELO'),
(229011, 'INGENIERO (NO CLASIFICADO EN OTRAS CLASIFICACIONES)'),
(231001, 'BACTERIOLOGO'),
(231002, 'BACTERIOLOGO, AGRICULTURA'),
(231003, 'BACTERIOLOGO, ALIMENTACION'),
(231004, 'BACTERIOLOGO, FARMACIA'),
(231005, 'BACTERIOLOGO, INDUSTRIA'),
(231006, 'BACTERIOLOGO, INDUSTRIA, LACTEAS'),
(231007, 'BACTERIOLOGO, MEDICINA'),
(231008, 'BACTERIOLOGO, MEDICINA/VETERINARIA'),
(231009, 'BACTERIOLOGO, PESCA'),
(231010, 'BACTERIOLOGO, SUELOS'),
(231011, 'BIOLOGO'),
(231012, 'BIOLOGO MOLECULAR'),
(231013, 'BIOLOGO, FAUNA DE AGUA DULCE'),
(231014, 'BIOLOGO, FAUNA MARINA'),
(231015, 'BIOLOGO, GENETICA'),
(231016, 'BIOLOGO, HIDROBIOLOGIA'),
(231017, 'BOTANICO'),
(231018, 'BOTANICO, ECOLOGIA'),
(231019, 'BOTANICO, ECONOMISTA'),
(231020, 'BOTANICO, GENETICA'),
(231021, 'BOTANICO, HISTOLOGIA'),
(231022, 'BOTANICO, MICOLOGIA'),
(231023, 'BOTANICO, SUELOS'),
(231024, 'BOTANICO, TAXONOMIA'),
(231025, 'CITOLOGO'),
(231026, 'CITOLOGO, BOTANICA'),
(231027, 'CITOLOGO, ZOOLOGIA'),
(231028, 'ECOLOGISTA'),
(231029, 'ECOLOGISTA, BOTANICA'),
(231030, 'ECOLOGISTA, ZOOLOGIA'),
(231031, 'EMBRIOLOGO'),
(231032, 'ENTOMOLOGO'),
(231033, 'GENETISTA'),
(231034, 'GENETISTA, BOTANICA'),
(231035, 'GENETISTA, ZOOLOGO'),
(231036, 'HIDROBIOLOGO'),
(231037, 'HISTOLOGO'),
(231038, 'HISTOLOGO, ANIMALES'),
(231039, 'HISTOLOGO, PLANTAS'),
(231040, 'ICTIOLOGO'),
(231041, 'MICOLOGO'),
(231042, 'MICROBIOLOGO'),
(231043, 'ORNITOLOGO'),
(231044, 'PARASITOLOGO'),
(231045, 'PISCICULTOR DE LAS CIENCIAS BIOLOGICAS'),
(231046, 'TAXONOMISTA'),
(231047, 'TAXONOMISTA, ANIMALES'),
(231048, 'TAXONOMISTA, PLANTAS'),
(231049, 'ZOOLOGO'),
(231050, 'ZOOLOGO, EMBRIOLOGIA'),
(231051, 'ZOOLOGO, ENTOMOLOGIA'),
(231052, 'ZOOLOGO, HISTOLOGIA'),
(231053, 'ZOOLOGO, ICTIOLOGIA'),
(231054, 'ZOOLOGO, MAMALOGISTA'),
(231055, 'ZOOLOGO, ORNITOLOGIA'),
(231056, 'ZOOLOGO, PARASITOLOGIA'),
(231057, 'ZOOLOGO, PISCICULTURA'),
(231058, 'ZOOLOGO, TAXONOMIA'),
(232001, 'ANATOMISTA'),
(232002, 'BIOFISICO'),
(232003, 'BIOQUIMICO'),
(232004, 'EPIDEMIOLOGO'),
(232005, 'FARMACOLOGO'),
(232006, 'FISIOLOGO'),
(232007, 'FISIOLOGO, ANIMALES'),
(232008, 'FISIOLOGO, ENDOCRINOLOGIA'),
(232009, 'FISIOLOGO, EPIDEMIOLOGIA'),
(232010, 'FISIOLOGO, OTROS'),
(232011, 'HISTOPATOLOGO'),
(232012, 'NEUROPATOLOGO'),
(233001, 'BROMATOLOGOS'),
(233002, 'DIETISTAS-NUTRICIONISTAS'),
(234001, 'AGROLOGO'),
(234002, 'AGRONOMO'),
(234003, 'AGRONOMO, ARBORICULTOR'),
(234004, 'AGRONOMO, CONSERVACION DE LA NATURALEZA'),
(234005, 'AGRONOMO, ECOLOGO'),
(234006, 'AGRONOMO, EDAFOLOGIA'),
(234007, 'AGRONOMO, FLORICULTOR'),
(234008, 'AGRONOMO, HORTICULTURA'),
(234009, 'AGRONOMO, OLEICULTOR'),
(234010, 'AGRONOMO, SILVICULTURA'),
(234011, 'INGENIERO AGROINDUSTRIAL'),
(234012, 'INGENIERO AGRONOMO'),
(234013, 'INGENIERO EDAFOLOGO'),
(234014, 'INGENIERO FORESTAL'),
(234015, 'ZOOTECNICO (INCLUYE INGENIEROS)'),
(235001, 'ALIENISTA'),
(235002, 'ALOPATA'),
(235003, 'ANESTESISTA'),
(235004, 'CARDIOLOGO'),
(235005, 'CIRUJANO'),
(235006, 'CIRUJANO, CARDIOLOGIA'),
(235007, 'CIRUJANO, CIRUGIA GENERAL'),
(235008, 'CIRUJANO, CIRUGIA PLASTICA'),
(235009, 'CIRUJANO, NEUROCIRUGIA'),
(235010, 'CIRUJANO, ORTOPEDIA'),
(235011, 'CIRUJANO, OSTEOPATA'),
(235012, 'CIRUJANO PLASTICO'),
(235013, 'CIRUJANO, TORAX'),
(235014, 'DERMATOLOGO'),
(235015, 'GINECOLOGO'),
(235016, 'MEDICO'),
(235017, 'MEDICO, ACUPUNTURA'),
(235018, 'MEDICO, ANESTESIA'),
(235019, 'MEDICO, CARDIOLOGIA'),
(235020, 'MEDICO, DERMATOLOGIA'),
(235021, 'MEDICO, ENDOCRINOLOGO'),
(235022, 'MEDICO, ESTOMATOLOGIA'),
(235023, 'MEDICO FORENSE'),
(235024, 'MEDICO, GASTROENTEROLOGO'),
(235025, 'MEDICO, GERIATRA'),
(235026, 'MEDICO, GINECOLOGIA'),
(235027, 'MEDICO, LARINGOLOGO'),
(235028, 'MEDICO, MEDICINA GENERAL'),
(235029, 'MEDICO, NEFROLOGO'),
(235030, 'MEDICO, NEUMOLOGO'),
(235031, 'MEDICO, NEUROLOGO'),
(235032, 'MEDICO, OBSTETRA/OBSTETRICES'),
(235033, 'MEDICO, OFTALMOLOGIA (OCULISTA)'),
(235034, 'MEDICO, OSTEOPATIA'),
(235035, 'MEDICO, OTORRINOLARINGOLOGIA'),
(235036, 'MEDICO, PATOLOGO'),
(235037, 'MEDICO, PEDIATRIA'),
(235038, 'MEDICO, PSIQUIATRIA'),
(235039, 'MEDICO, PUERICULTOR'),
(235040, 'MEDICO, RADIOLOGIA'),
(235041, 'MEDICO, UROLOGO'),
(235042, 'MEDICO, VENEREOLOGO'),
(235043, 'NEUROCIRUJANO'),
(235044, 'OFTALMOLOGO'),
(235045, 'ORTOFONIA, ESPECIALISTA'),
(235046, 'ORTOPTIA, ESPECIALISTA'),
(235047, 'OTORRINOLARINGOLOGO'),
(235048, 'PEDIATRA'),
(235049, 'PSIQUIATRA'),
(236001, 'CIRUJANO, BUCODENTAL'),
(236002, 'CIRUJANO, DENTISTA'),
(236003, 'DENTISTA'),
(236004, 'DENTISTA, PROTESIS DENTALES'),
(236005, 'MEDICO, ODONTOLOGO'),
(236006, 'ODONTOLOGO'),
(236007, 'ODONTOLOGO, ENDODONCIA'),
(236008, 'ODONTOLOGO, ORTODONCIA'),
(236009, 'ODONTOLOGO, PEDODONCIA'),
(236010, 'ODONTOLOGO, PERIODONCIA'),
(237001, 'VETERINARIO'),
(237002, 'VETERINARIO, CIRUGIA'),
(237003, 'VETERINARIO, EPIDEMIOLOGIA'),
(237004, 'VETERINARIO, SALUD PUBLICA, PROFESIONAL'),
(237005, 'VETERINARIO, OTROS'),
(238001, 'FARMACEUTICO'),
(238002, 'FARMACEUTICO, COMERCIO'),
(238003, 'FARMACEUTICO, HOSPITAL'),
(238004, 'QUIMICO-FARMACEUTICO'),
(239001, 'ENFERMERA, TECNICO'),
(239002, 'ENFERMERA, TECMICO'),
(239003, 'ENFERMERA, NIVEL SUPERIOR/CLINICA'),
(239004, 'ENFERMERA, NIVEL SUPERIOR/CONSULTORIO'),
(239005, 'ENFERMERA, NIVEL SUPERIOR/HOSPITAL'),
(239006, 'ENFERMERA, NIVEL SUPERIOR/MATERNIDAD'),
(239007, 'ENFERMERA, NIVEL SUPERIOR/OBSTETRICIA'),
(239008, 'ENFERMERO, NIVEL SUPERIOR (DIPLOMADOS)'),
(239009, 'ENFERMERO, NIVEL SUPERIOR'),
(239010, 'ENFERMERO, NIVEL SUPERIOR/CLINICA'),
(239011, 'ENFERMERO, NIVEL SUPERIOR/HOSPITAL'),
(241001, 'PROFESOR, EDUCACION SUPERIOR'),
(241002, 'PROFESOR, EDUCACION SUPERIOR/ADMINISTRACION'),
(241003, 'PROFESOR, EDUCACION SUPERIOR/AGRICULTURA'),
(241004, 'PROFESOR, EDUCACION SUPERIOR/AGRONOMIA'),
(241005, 'PROFESOR, EDUCACION SUPERIOR/ANATOMIA'),
(241006, 'PROFESOR, EDUCACION SUPERIOR/ANTROPOLOGIA'),
(241007, 'PROFESOR, EDUCACION SUPERIOR/ARQUEOLOGIA'),
(241008, 'PROFESOR, EDUCACION SUPERIOR/ARQUITECTURA'),
(241009, 'PROFESOR, EDUCACION SUPERIOR/ARTE DRAMATICO'),
(241010, 'PROFESOR, EDUCACION SUPERIOR/ARTES INDUSTRIALES'),
(241011, 'PROFESOR, EDUCACION SUPERIOR/ASTRONOMIA'),
(241012, 'PROFESOR, EDUCACION SUPERIOR/BACTERIOLOGIA'),
(241013, 'PROFESOR, EDUCACION SUPERIOR/BELLAS ARTES'),
(241014, 'PROFESOR, EDUCACION SUPERIOR/BIBLIOTECONOMIA'),
(241015, 'PROFESOR, EDUCACION SUPERIOR/BIOLOGIA'),
(241016, 'PROFESOR, EDUCACION SUPERIOR/BIOQUIMICA'),
(241017, 'PROFESOR, EDUCACION SUPERIOR/BOTANICA'),
(241018, 'PROFESOR, EDUCACION SUPERIOR/CIENCIAS AGRONOMICAS'),
(241019, 'PROFESOR, EDUCACION SUPERIOR/CIENCIAS BIOLOGICAS'),
(241020, 'PROFESOR, EDUCACION SUPERIOR/CIENCIAS ECONOMICAS'),
(241021, 'PROFESOR, EDUCACION SUPERIOR/CIENCIAS FISICAS Y QUIMICAS'),
(241022, 'PROFESOR, EDUCACION SUPERIOR/CIENCIAS FORENSES'),
(241023, 'PROFESOR, EDUCACION SUPERIOR/CIENCIAS MATEMATICAS'),
(241024, 'PROFESOR, EDUCACION SUPERIOR/CIENCIAS MECANICAS'),
(241025, 'PROFESOR, EDUCACION SUPERIOR/CIENCIAS MEDICAS'),
(241026, 'PROFESOR, EDUCACION SUPERIOR/CIENCIAS MILITARES'),
(241027, 'PROFESOR, EDUCACION SUPERIOR/CIENCIAS POLITICAS'),
(241028, 'PROFESOR, EDUCACION SUPERIOR/CIENCIAS SOCIALES'),
(241029, 'PROFESOR, EDUCACION SUPERIOR/CIENCIAS TECNICAS'),
(241030, 'PROFESOR, EDUCACION SUPERIOR/CIENCIAS TECNICAS (ELECTRICIDA'),
(241031, 'PROFESOR, EDUCACION SUPERIOR/CIENCIAS TECNICAS (ELECTRONICA'),
(241032, 'PROFESOR, EDUCACION SUPERIOR/CIENCIAS TECNICAS (INGENIERIA'),
(241033, 'PROFESOR, EDUCACION SUPERIOR/CIENCIAS TECNICAS (QUIMICA)'),
(241034, 'PROFESOR, EDUCACION SUPERIOR/CIENCIAS TECNICAS (TECNOLOGIA'),
(241035, 'PROFESOR, EDUCACION SUPERIOR/CIENCIAS TECNICAS (TECNOLOGIA)'),
(241036, 'PROFESOR, EDUCACION SUPERIOR/CIENCIAS TECNICAS (TELECOMUNIC'),
(241037, 'PROFESOR, EDUCACION SUPERIOR/COMERCIALIZACION'),
(241038, 'PROFESOR, EDUCACION SUPERIOR/CONSERVATORIO'),
(241039, 'PROFESOR, EDUCACION SUPERIOR/CONTABILIDAD'),
(241040, 'PROFESOR, EDUCACION SUPERIOR/COOPERATIVISMO'),
(241041, 'PROFESOR, EDUCACION SUPERIOR/CRIA DE GANADO'),
(241042, 'PROFESOR, EDUCACION SUPERIOR/DEMOGRAFIA'),
(241043, 'PROFESOR, EDUCACION SUPERIOR/DERECHO'),
(241044, 'PROFESOR, EDUCACION SUPERIOR/DIBUJO INDUSTRIAL'),
(241045, 'PROFESOR, EDUCACION SUPERIOR/DIETETICA'),
(241046, 'PROFESOR, EDUCACION SUPERIOR/ECONOMIA'),
(241047, 'PROFESOR, EDUCACION SUPERIOR/ECONOMIA DOMESTICA'),
(241048, 'PROFESOR, EDUCACION SUPERIOR/ECONOMIA Y COMERCIO'),
(241049, 'PROFESOR, EDUCACION SUPERIOR/EDUCACION FISICA'),
(241050, 'PROFESOR, EDUCACION SUPERIOR/ELABORACION DE ALIMENTOS'),
(241051, 'PROFESOR, EDUCACION SUPERIOR/ENFERMERIA'),
(241052, 'PROFESOR, EDUCACION SUPERIOR/ENTOMOLOGIA'),
(241053, 'PROFESOR, EDUCACION SUPERIOR/ERGOTERAPIA'),
(241054, 'PROFESOR, EDUCACION SUPERIOR/ESCUELA DE POLICIA'),
(241055, 'PROFESOR, EDUCACION SUPERIOR/ESCULTURA'),
(241056, 'PROFESOR, EDUCACION SUPERIOR/ESPECIALIZADO EN COOP.AGRARIA,'),
(241057, 'PROFESOR, EDUCACION SUPERIOR/ESTADISTICA'),
(241058, 'PROFESOR, EDUCACION SUPERIOR/ESTUDIOS COMERCIALES'),
(241059, 'PROFESOR, EDUCACION SUPERIOR/ESTUDIOS INTERNACIONALES'),
(241060, 'PROFESOR, EDUCACION SUPERIOR/FARMACIA'),
(241061, 'PROFESOR, EDUCACION SUPERIOR/FARMACOLOGIA'),
(241062, 'PROFESOR, EDUCACION SUPERIOR/FILOLOGIA'),
(241063, 'PROFESOR, EDUCACION SUPERIOR/FILOSOFIA'),
(241064, 'PROFESOR, EDUCACION SUPERIOR/FINANZAS'),
(241065, 'PROFESOR, EDUCACION SUPERIOR/FISICA'),
(241066, 'PROFESOR, EDUCACION SUPERIOR/FISIOTERAPIA'),
(241067, 'PROFESOR, EDUCACION SUPERIOR/GEODESIA'),
(241068, 'PROFESOR, EDUCACION SUPERIOR/GEOFISICA'),
(241069, 'PROFESOR, EDUCACION SUPERIOR/GEOGRAFIA'),
(241070, 'PROFESOR, EDUCACION SUPERIOR/GEOLOGIA'),
(241071, 'PROFESOR, EDUCACION SUPERIOR/HISTORIA'),
(241072, 'PROFESOR, EDUCACION SUPERIOR/HISTORIA DEL ARTE'),
(241073, 'PROFESOR, EDUCACION SUPERIOR/HORTICULTURA'),
(241074, 'PROFESOR, EDUCACION SUPERIOR/IDIOMAS Y LINGUISTICA'),
(241075, 'PROFESOR, EDUCACION SUPERIOR/INFORMATICA'),
(241076, 'PROFESOR, EDUCACION SUPERIOR/INGENIERIA Y ARQUITECTURA'),
(241077, 'PROFESOR, EDUCACION SUPERIOR/LENGUA Y LITERATURA'),
(241078, 'PROFESOR, EDUCACION SUPERIOR/LETRAS'),
(241079, 'PROFESOR, EDUCACION SUPERIOR/LINGUISTICA'),
(241080, 'PROFESOR, EDUCACION SUPERIOR/LITERATURA'),
(241081, 'PROFESOR, EDUCACION SUPERIOR/MATEMATICAS'),
(241082, 'PROFESOR, EDUCACION SUPERIOR/MEDICINA'),
(241083, 'PROFESOR, EDUCACION SUPERIOR/MEDICINA FORENSE'),
(241084, 'PROFESOR, EDUCACION SUPERIOR/MEDICINA VETERINARIA'),
(241085, 'PROFESOR, EDUCACION SUPERIOR/METALURGIA'),
(241086, 'PROFESOR, EDUCACION SUPERIOR/METEOROLOGIA'),
(241087, 'PROFESOR, EDUCACION SUPERIOR/METODOS DE VENTA'),
(241088, 'PROFESOR, EDUCACION SUPERIOR/MINERIA'),
(241089, 'PROFESOR, EDUCACION SUPERIOR/MUSICA'),
(241090, 'PROFESOR, EDUCACION SUPERIOR/NAVEGACION AEREA'),
(241091, 'PROFESOR, EDUCACION SUPERIOR/NAVEGACION MARITIMA'),
(241092, 'PROFESOR, EDUCACION SUPERIOR/OBSERVACION METEOROLOGICA'),
(241093, 'PROFESOR, EDUCACION SUPERIOR/OBSTETRICIA'),
(241094, 'PROFESOR, EDUCACION SUPERIOR/ODONTOLOGIA'),
(241095, 'PROFESOR, EDUCACION SUPERIOR/OPTOMETRIA'),
(241096, 'PROFESOR, EDUCACION SUPERIOR/OSTEOPATIA'),
(241097, 'PROFESOR, EDUCACION SUPERIOR/PATOLOGIA'),
(241098, 'PROFESOR, EDUCACION SUPERIOR/PEDAGOGIA'),
(241099, 'PROFESOR, EDUCACION SUPERIOR/PERIODISMO'),
(241100, 'PROFESOR, EDUCACION SUPERIOR/PESCA'),
(241101, 'PROFESOR, EDUCACION SUPERIOR/PINTURA ARTISTICA'),
(241102, 'PROFESOR, EDUCACION SUPERIOR/PLANIFICACION FAMILIAR'),
(241103, 'PROFESOR, EDUCACION SUPERIOR/PLANIFICACION INDUSTRIAL'),
(241104, 'PROFESOR, EDUCACION SUPERIOR/PREHISTORIA'),
(241105, 'PROFESOR, EDUCACION SUPERIOR/PROGRAMA DE URBANISMO'),
(241106, 'PROFESOR, EDUCACION SUPERIOR/PROGRAMACION DE COMPUTADORAS'),
(241107, 'PROFESOR, EDUCACION SUPERIOR/PSICOLOGIA'),
(241108, 'PROFESOR, EDUCACION SUPERIOR/PUBLICIDAD E INFORMACION PUBLI'),
(241109, 'PROFESOR, EDUCACION SUPERIOR/QUIMICA'),
(241110, 'PROFESOR, EDUCACION SUPERIOR/QUIROPRACTICA'),
(241111, 'PROFESOR, EDUCACION SUPERIOR/RADIOLOGIA'),
(241112, 'PROFESOR, EDUCACION SUPERIOR/RELACIONES PUBLICAS'),
(241113, 'PROFESOR, EDUCACION SUPERIOR/SERVICIOS DE TELECOMUNICACIONE'),
(241114, 'PROFESOR, EDUCACION SUPERIOR/SILVICULTURA'),
(241115, 'PROFESOR, EDUCACION SUPERIOR/SOCIOLOGIA'),
(241116, 'PROFESOR, EDUCACION SUPERIOR/TEOLOGIA'),
(241117, 'PROFESOR, EDUCACION SUPERIOR/TEORIA Y PRACTICA BANCARIA'),
(241118, 'PROFESOR, EDUCACION SUPERIOR/TERAPEUTICA PARAMEDICA'),
(241119, 'PROFESOR, EDUCACION SUPERIOR/TRATAMIENTOS MEDICOS'),
(241120, 'PROFESOR, EDUCACION SUPERIOR/TURISMO (ESCUELA DE TURISMO)'),
(241121, 'PROFESOR, EDUCACION SUPERIOR/ZOOLOGIA'),
(241122, 'PROFESOR, UNIVERSIDAD, OTROS'),
(242001, 'PROFESOR, EDUCACION SECUNDARIA'),
(242002, 'PROFESOR, EDUCACION SECUNDARIA/AGRICULTURA'),
(242003, 'PROFESOR, EDUCACION SECUNDARIA/ALFABETIZACION DE ADULTOS'),
(242004, 'PROFESOR, EDUCACION SECUNDARIA/ARTES MANUALES'),
(242005, 'PROFESOR, EDUCACION SECUNDARIA/ARTE-OFICIOS'),
(242006, 'PROFESOR, EDUCACION SECUNDARIA/ARTESANIA'),
(242007, 'PROFESOR, EDUCACION SECUNDARIA/BELLAS ARTES'),
(242008, 'PROFESOR, EDUCACION SECUNDARIA/BIOLOGIA'),
(242009, 'PROFESOR, EDUCACION SECUNDARIA/BOTANICA'),
(242010, 'PROFESOR, EDUCACION SECUNDARIA/CIENCIAS NATURALES'),
(242011, 'PROFESOR, EDUCACION SECUNDARIA/CIENCIAS SOCIALES'),
(242012, 'PROFESOR, EDUCACION SECUNDARIA/COMERCIO Y SECRETARIADO'),
(242013, 'PROFESOR, EDUCACION SECUNDARIA/CONTABILIDAD MERCANTIL'),
(242014, 'PROFESOR, EDUCACION SECUNDARIA/COSTURA'),
(242015, 'PROFESOR, EDUCACION SECUNDARIA/DIBUJO TECNICO'),
(242016, 'PROFESOR, EDUCACION SECUNDARIA/EBANISTERIA'),
(242017, 'PROFESOR, EDUCACION SECUNDARIA/ECONOMIA DOMESTICA'),
(242018, 'PROFESOR, EDUCACION SECUNDARIA/EDUCACION CIVICA'),
(242019, 'PROFESOR, EDUCACION SECUNDARIA/EDUCACION FISICA'),
(242020, 'PROFESOR, EDUCACION SECUNDARIA/ENFERMERIA BASICA'),
(242021, 'PROFESOR, EDUCACION SECUNDARIA/FILOSOFIA'),
(242022, 'PROFESOR, EDUCACION SECUNDARIA/FISICA'),
(242023, 'PROFESOR, EDUCACION SECUNDARIA/FORMACION PROFESIONAL'),
(242024, 'PROFESOR, EDUCACION SECUNDARIA/GEOGRAFIA'),
(242025, 'PROFESOR, EDUCACION SECUNDARIA/GEOLOGIA'),
(242026, 'PROFESOR, EDUCACION SECUNDARIA/HISTORIA'),
(242027, 'PROFESOR, EDUCACION SECUNDARIA/HISTORIA DEL ARTE'),
(242028, 'PROFESOR, EDUCACION SECUNDARIA/LABORES'),
(242029, 'PROFESOR, EDUCACION SECUNDARIA/LABRA (METALES)'),
(242030, 'PROFESOR, EDUCACION SECUNDARIA/LENGUA Y LITERATURA'),
(242031, 'PROFESOR, EDUCACION SECUNDARIA/LITERATURA'),
(242032, 'PROFESOR, ENSE?ANZA SECUNDARIA/MATEMATICAS'),
(242033, 'PROFESOR, EDUCACION SECUNDARIA/MECANICA'),
(242034, 'PROFESOR, EDUCACION SECUNDARIA/MECANOGRAFIA'),
(242035, 'PROFESOR, EDUCACION SECUNDARIA/MUSICA'),
(242036, 'PROFESOR, EDUCACION SECUNDARIA/PEDAGOGIA'),
(242037, 'PROFESOR, EDUCACION SECUNDARIA/PROGRAMACION DE COMPUTADORAS'),
(242038, 'PROFESOR, EDUCACION SECUNDARIA/QUIMICA'),
(242039, 'PROFESOR, EDUCACION SECUNDARIA/RELIGION'),
(242040, 'PROFESOR, EDUCACION SECUNDARIA/SECRETARIADO'),
(242041, 'PROFESOR, EDUCACION SECUNDARIA/SOCIOLOGIA'),
(242042, 'PROFESOR, EDUCACION SECUNDARIA/TALLA (MADERA)'),
(242043, 'PROFESOR, EDUCACION SECUNDARIA/TAQUIGRAFIA'),
(242044, 'PROFESOR, EDUCACION SECUNDARIA/TECNICA'),
(242045, 'PROFESOR, EDUCACION SECUNDARIA/TECNOLOGICA'),
(242046, 'PROFESOR, EDUCACION SECUNDARIA/ZOOLOGIA'),
(242047, 'PROFESOR, EDUCACION SECUNDARIA/OTROS'),
(243001, 'MAESTRO DE ENSE?ANZA PRIMARIA'),
(243002, 'MAESTRO DE ESCUELA'),
(243003, 'NORMALISTA'),
(243004, 'PROFESOR DE ENSE?ANZA PRIMARIA'),
(244001, 'PROFESOR(A) DE ESCUELA MATERNAL O CUNA (GUARDERIA)'),
(244002, 'PROFESOR(A) DE JARDIN DE INFANCIA'),
(244003, 'PROFESOR(A) DE PARVULOS'),
(244004, 'PROFESOR DE EDUCACION INICIAL (PRE-ESCOLAR)'),
(245001, 'PROFESOR DE ALUMNOS FISICAMENTE DEFICIENTES'),
(245002, 'PROFESOR DE ALUMNOS MENTALMENTE DEFICIENTES'),
(245003, 'PROFESOR DE CIEGOS'),
(245004, 'PROFESOR DE MUDOS'),
(245005, 'PROFESOR DE NI?OS EXCEPCIONALES'),
(245006, 'PROFESOR DE SORDOS'),
(246001, 'PROFESOR DE ACADEMIA'),
(246002, 'PROFESOR DE CENECAPE'),
(246003, 'PROFESOR DE SENATI Y TECSUP'),
(246004, 'PROFESOR DE TALLERES, OTROS'),
(247001, 'ASESOR, METODOS DE ENSE?ANZA'),
(247002, 'AUXILIAR DE EDUCACION (ENCARGADO DE CURSO)'),
(247003, 'CONSEJERO DE EDUCACION'),
(247004, 'CONSEJERO VOCACIONAL'),
(247005, 'ESPECIALISTA, ENSE?ANZA/METODOS AUDIOVISUALES'),
(247006, 'INSPECTOR, ESCUELAS'),
(247007, 'INSTITUTRIZ'),
(247008, 'INSTRUCTOR DE MANEJO DE APARATOS ELECTRICOS, ELECTRONICOS,'),
(247009, 'PROFESOR ALFABETIZADOR'),
(247010, 'PROFESOR DE BAILE'),
(247011, 'PROFESOR DE IDIOMAS'),
(247012, 'PROFESORES, OTROS'),
(251001, 'ASESOR CONTABLE'),
(251002, 'AUDITOR'),
(251003, 'CONTADOR'),
(251004, 'CONTADOR, AUDITORIA DE EMPRESAS'),
(251005, 'CONTADOR, CONTABILIDAD MUNICIPAL'),
(251006, 'CONTADOR, COSTOS'),
(251007, 'CONTADOR, COSTOS Y PRECIOS'),
(251008, 'CONTADOR, EMPRESA'),
(251009, 'INTERVENTOR, CUENTAS'),
(251010, 'PERITO CONTABLE'),
(252001, 'ADMINISTRADOR DE EMPRESAS'),
(252002, 'ESPECIALISTA EN COOPERATIVAS'),
(252003, 'ADMINISTRADORES, OTROS'),
(253001, 'ANALISTA, OCUPACIONES'),
(253002, 'ANALISTA, PROFESIONES'),
(253003, 'ANALISTA, PUESTOS DE TRABAJO'),
(253004, 'CONCILIADOR, LABORAL'),
(253005, 'CONCILIADOR, RELACIONES LABORALES'),
(253006, 'CONSEJERO, EMPLEO'),
(253007, 'CONSEJERO, ORIENTACION PROFESIONAL'),
(253008, 'CONSEJERO, PERSPECTIVAS DE CARRERA'),
(253009, 'ENTREVISTADOR, COLOCACION'),
(253010, 'ESPECIALISTA CUESTIONES DE PERSONAL'),
(253011, 'ESPECIALISTA, FORMACION DEL PERSONAL'),
(253012, 'ESPECIALISTA, RELACIONES PROFESIONALES'),
(253013, 'ESPECIALISTA, SEGURIDAD EN EL TRABAJO'),
(254001, 'ABOGADO'),
(254002, 'ABOGADO PATROCINANTE'),
(254003, 'ABOGADO PENALISTA'),
(254004, 'ABOGADO, CIVIL-LABORAL/DERECHO PRIVADO'),
(254005, 'ABOGADO, CRIMINALISTA/DERECHO PUBLICO (CONSTIT.PENAL, ADMIN'),
(254006, 'APODERADO'),
(254007, 'ABOGADO, DERECHO INTERNACIONAL'),
(254008, 'ABOGADOS Y OTROS'),
(254009, 'ASESOR, LEGAL O JURIDICO'),
(255011, 'PRESIDENTE, TRIBUNAL DE JUSTICIA'),
(256001, 'AGENTE FISCAL'),
(257001, 'NOTARIO PUBLICO'),
(258001, 'CONSEJERO JURIDICO, EMPRESA'),
(258002, 'CONSEJERO JURIDICO, IMPUESTOS'),
(259001, 'ARCHIVERO, DE BIBLIOTECA Y SERVICIOS DE ARCHIVOS'),
(259002, 'ARCHIVERO, PALEOLOGO'),
(259003, 'CONSERVADOR, GALERIA DE ARTE'),
(259004, 'CONSERVADOR, MUSEO'),
(261001, 'BIBLIOTECARIO'),
(261002, 'DOCUMENTALISTA'),
(261003, 'DOCUMENTALISTA, MATERIAS ECONOMICAS'),
(261004, 'DOCUMENTALISTA, MATERIAS TECNICAS'),
(261005, 'ESPECIALISTA, BIBLIOTECONOMIA'),
(262001, 'ECONOMETRISTA'),
(262002, 'ECONOMISTA (INGENIERO)'),
(262003, 'ECONOMISTA, AGRICULTURA'),
(262004, 'ECONOMISTA, COMERCIO INTERNACIONAL'),
(262005, 'ECONOMISTA, DESARROLLO'),
(262006, 'ECONOMISTA, ECONOMETRIA'),
(262007, 'ECONOMISTA, ESPECIALISTA EN MERCADOTECNIA'),
(262008, 'ECONOMISTA, OTROS'),
(262009, 'PLANIFICADORES'),
(263001, 'ANTROPOLOGO'),
(263002, 'ARQUEOLOGO'),
(263003, 'ETNOGRAFO'),
(263004, 'ETNOLOGO'),
(263005, 'GENEOLOGISTA'),
(263006, 'HISTORIADOR'),
(263007, 'HISTORIADOR, CIENCIAS SOCIALES'),
(263008, 'HISTORIADOR, HISTORIA ECONOMICA'),
(263009, 'HISTORIADOR, HISTORIA POLITICA'),
(263010, 'POLITOLOGO'),
(263011, 'SOCIOLOGO, CRIMINOLOGIA'),
(263012, 'SOCIOLOGO, INDUSTRIA'),
(263013, 'SOCIOLOGO, PATOLOGIA SOCIAL'),
(264001, 'GEOGRAFO, GEOGRAFIA ECONOMICA'),
(264002, 'GEOGRAFO, GEOGRAFIA FISICA'),
(264003, 'GEOGRAFO, GEOGRAFIA POLITICO'),
(265001, 'CIENTIFICO, CIENCIAS POLITICAS'),
(265002, 'ESPECIALISTA, CIENCIAS POLITICAS'),
(265003, 'FILOSOFO'),
(265004, 'FILOSOFO, CIENCIAS POLITICAS'),
(266001, 'ARGUMENTISTA, TEATRO O CINE'),
(266002, 'AUTOR'),
(266003, 'AUTOR, DRAMA'),
(266004, 'AUTOR, LETRA DE CANCIONES'),
(266005, 'AUTOR, TEATRO'),
(266006, 'BIOGRAFO'),
(266007, 'COMENTARISTA, ACTUALIDADES'),
(266008, 'COMENTARISTA, DEPORTES'),
(266009, 'COMENTARISTA, RADIO Y TELEVISION'),
(266010, 'CORRESPONSAL, MEDIOS DE INFORMACION'),
(266011, 'CRITICO'),
(266012, 'CRITICO, ARTE'),
(266013, 'CRITICO, ARTES PLASTICAS'),
(266014, 'CRITICO, CINEMATOGRAFICO'),
(266015, 'CRITICO, LITERARIO'),
(266016, 'CRITICO, MUSICA'),
(266017, 'CRITICO, RADIO'),
(266018, 'CRITICO, TEATRO'),
(266019, 'CRITICO, TELEVISION'),
(266020, 'CRONISTA'),
(266021, 'CRONISTA, DEPORTES'),
(266022, 'CRONISTA, TRIBUNALES'),
(266023, 'DIALOGUISTA'),
(266024, 'EDITOR, LIBROS/REVISTAS'),
(266025, 'EDITORIALISTA'),
(266026, 'ENSAYISTA'),
(266027, 'ESCRITOR'),
(266028, 'ESCRITOR, LIBRETOS'),
(266029, 'ESCRITOR, NOVELAS'),
(266030, 'ESCRITOR, POESIA'),
(266031, 'ESCRITOR, TEATRO'),
(266032, 'FOLLETINISTA'),
(266033, 'GACETILLERO'),
(266034, 'GUIONISTA'),
(266035, 'HOMBRES DE LETRAS'),
(266036, 'LIBRETISTA'),
(266037, 'LITERATO'),
(266038, 'NOVELISTA'),
(266039, 'PERIODISTA'),
(266040, 'PERIODISTA REPORTERO'),
(266041, 'PERIODISTA, RADIO'),
(266042, 'PERIODISTA, TELEVISION'),
(266043, 'POETA'),
(266044, 'REDACTOR'),
(266045, 'REDACTOR JEFE, DIARIOS'),
(266046, 'REDACTOR JEFE, FINANZAS'),
(266047, 'REDACTOR JEFE, GUIONES/RADIO Y TELEVISION'),
(266048, 'REDACTOR JEFE, REVISTAS'),
(266049, 'REDACTOR, ARTICULOS DE FONDO'),
(266050, 'REDACTOR, INFORMACION PUBLICA'),
(266051, 'REDACTOR, MODAS'),
(266052, 'REDACTOR, PRENSA/T.V.'),
(266053, 'REDACTOR, PRENSA/EXTRANJERO'),
(266054, 'REDACTOR, PUBLICIDAD'),
(266055, 'REDACTOR, REVISTAS'),
(266056, 'REDACTOR, TECNICO'),
(266057, 'REDACTOR, TECNICO/MANUALES'),
(266058, 'REPORTERO'),
(266059, 'REPORTERO, MODA'),
(266060, 'REPORTERO, PRENSA/T.V. O RADIO'),
(266061, 'JEFE DE REDACCION/DIARIO'),
(266062, 'JEFE DE REDACCION/REVISTA'),
(267001, 'ESPECIALISTA, FONETICA'),
(267002, 'ESPECIALISTA, SEMANTICA'),
(267003, 'ETIMOLOGISTA'),
(267004, 'FILOLOGO'),
(267005, 'FILOLOGO, ETIMOLOGIA'),
(267006, 'FILOLOGO, FONETICA'),
(267007, 'FILOLOGO, FONOLOGIA'),
(267008, 'FILOLOGO, GRAFOLOGIA'),
(267009, 'FILOLOGO, LEXICOGRAFIA'),
(267010, 'FILOLOGO, LINGUISTICA'),
(267011, 'FILOLOGO, MORFOLOGIA'),
(267012, 'FILOLOGO, SEMANTICA'),
(267013, 'GRAFOLOGO'),
(267014, 'INTERPRETE'),
(267015, 'LEXICOGRAFO'),
(267016, 'LINGUISTA'),
(267017, 'MORFOLOGO'),
(267018, 'TRADUCTOR'),
(268001, 'PSICOLOGO'),
(268002, 'PSICOLOGO CLINICO'),
(268003, 'PSICOLOGO, EXPERIMENTOS'),
(268004, 'PSICOLOGO, INDUSTRIAS'),
(268005, 'PSICOLOGO, OCUPACIONES'),
(268006, 'PSICOLOGO, PEDAGOGIA'),
(268007, 'PSICOLOGO, PROBLEMAS SOCIALES'),
(268008, 'PSICOLOGO, TRABAJO'),
(269001, 'ASISTENTE MEDICO SOCIAL'),
(269002, 'ASISTENTE SOCIAL'),
(269003, 'ASISTENTE SOCIAL, BIENESTAR SOCIAL'),
(269004, 'ASISTENTE SOCIAL, DELINCUENCIA'),
(269005, 'ASISTENTE SOCIAL, DELINCUENCIA/LIBERTAD CONDICIONAL'),
(269006, 'ASISTENTE SOCIAL, DELINCUENCIA/PREVENCION Y REHABILITACION'),
(269007, 'ASISTENTE SOCIAL, EMPRESA'),
(269008, 'ASISTENTE SOCIAL, HOSPITAL'),
(269009, 'ASISTENTE SOCIAL, PRISIONES'),
(269010, 'ASISTENTE SOCIAL, PROTECCION DE LA FAMILIA'),
(269011, 'ASISTENTE SOCIAL, PROTECCION DE LA INFANCIA'),
(269012, 'ASISTENTE SOCIAL, PSIQUIATRIA'),
(269013, 'ASISTENTE SOCIAL, REHABILITACION/INCAPACITADOS FISICOS'),
(269014, 'ASISTENTE SOCIAL, SERVICIOS COMUNITARIOS'),
(269015, 'ASISTENTE SOCIAL, SERVICIOS CULTURALES'),
(269016, 'ASISTENTE SOCIAL, SERVICIOS DE AYUDA FAMILIAR'),
(269017, 'ASISTENTE SOCIAL, SERVICIOS SOCIALES'),
(269018, 'VISITADOR SOCIAL'),
(269019, 'VISITADOR, PRISIONES'),
(271001, 'ACUARELISTA'),
(271002, 'ARTISTA COMERCIAL'),
(271003, 'ARTISTA CREATIVO'),
(271004, 'ARTISTA PINTOR'),
(271005, 'CARICATURISTA'),
(271006, 'CERAMISTA ARTISTICO'),
(271007, 'CREADOR, DIBUJOS ANIMADOS'),
(271008, 'CREADOR, MODELOS/JOYERIA Y ORFEBRERIA'),
(271009, 'DIBUJANTE, CARICATURISTA'),
(271010, 'DIBUJANTE, DIBUJOS ANIMADOS'),
(271011, 'DIBUJANTE, DISE?O INDUSTRIAL'),
(271012, 'DIBUJANTE, JOYERIA Y ORFEBRERIA'),
(271013, 'DIBUJANTE, PUBLICIDAD'),
(271014, 'ESCULTOR'),
(271015, 'ESTATUARIO'),
(271016, 'GRABADOR ARTISTICO'),
(271017, 'IMAGINERO'),
(271018, 'MAQUETISTA'),
(271019, 'MINIATURISTA'),
(271020, 'ORFEBRE ARTISTA'),
(271021, 'PAISAJISTA'),
(271022, 'PASTELISTA'),
(271023, 'PINTOR, AGUA FUERTE'),
(271024, 'PINTOR, PINTURA ABSTRACTA'),
(271025, 'PINTOR, PINTURA FIGURATIVA'),
(271026, 'PUBLICISTA, RESPONSABLE DE CAMPA?A PUBLICITARIA'),
(271027, 'RESTAURADOR, CUADROS'),
(271028, 'RESTAURADOR, OBRAS DE ARTE'),
(271029, 'RETRATISTA'),
(272001, 'ADAPTADOR MUSICAL'),
(272002, 'ARMONISTA'),
(272003, 'ARPISTA'),
(272004, 'ARTISTA LIRICO'),
(272005, 'BAJO'),
(272006, 'BAJONISTA'),
(272007, 'BARITONO'),
(272008, 'BATERISTA'),
(272009, 'CANTANTE'),
(272010, 'CANTANTE, CONCIERTO'),
(272011, 'CANTANTE, CORAL'),
(272012, 'CANTANTE, JAZZ'),
(272013, 'CANTANTE, MUSICA POPULAR'),
(272014, 'CANTANTE, OPERA'),
(272015, 'CITARISTA'),
(272016, 'CLARINETISTA'),
(272017, 'CLAVECINISTA'),
(272018, 'COMPOSITOR'),
(272019, 'CONCERTADOR, COROS'),
(272020, 'CONCERTISTA CANTANTE'),
(272021, 'CONCERTISTA INSTRUMENTISTA'),
(272022, 'CONTRABAJO'),
(272023, 'CONTRALTO'),
(272024, 'COPISTA, MUSICA'),
(272025, 'CORISTA'),
(272026, 'DIRECTOR, COROS'),
(272027, 'DIRECTOR, ORQUESTA SINFONICA'),
(272028, 'EJECUTANTE, MUSICO'),
(272029, 'FAGOTISTA'),
(272030, 'FLAUTISTA'),
(272031, 'GUITARRISTA'),
(272032, 'INSTRUMENTISTA'),
(272033, 'MEZZO-SOPRANO'),
(272034, 'OBOISTA'),
(272035, 'ORGANISTA'),
(272036, 'ORQUESTADOR'),
(272037, 'PERCUSIONISTA'),
(272038, 'PIANISTA'),
(272039, 'SAXOFONISTA'),
(272040, 'SOPRANO'),
(272041, 'TAMBORILERO'),
(272042, 'TENOR'),
(272043, 'TROMBONISTA'),
(272044, 'TROMPETISTA'),
(272045, 'VIOLINISTA'),
(272046, 'VIOLONCHELISTA'),
(272047, 'OTROS, COMPOSITORES, MUSICOS Y CANTANTES'),
(273001, 'BAILARIN'),
(273002, 'BAILARINES DE DANZA CLASICA Y MODERNA'),
(273003, 'BAILARIN, BALLET'),
(273004, 'BAILARIN, SOLISTA'),
(273005, 'BAILARINA'),
(273006, 'COREOGRAFO'),
(273007, 'DIRECTOR, DANZA'),
(273008, 'DIRECTOR, COREOGRAFIA'),
(273009, 'MAESTRO DE BALLET'),
(274001, 'ACTOR'),
(274002, 'ACTOR, CINE'),
(274003, 'ACTOR, TEATRO'),
(274004, 'ACTRIZ'),
(274005, 'ACTRIZ, CINE'),
(274006, 'ACTRIZ, TEATRO'),
(274007, 'CARICATO'),
(274008, 'COMEDIANTE'),
(274009, 'DIRECTOR ARTISTICO, CINE'),
(274010, 'DIRECTOR ARTISTICO, TEATRO'),
(274011, 'DIRECTOR DE PRODUCCION (RADIO Y T.V.)'),
(274012, 'DIRECTOR, ESCENA/CINE'),
(274013, 'DIRECTOR, ESCENA/TEATRO'),
(274014, 'DIRECTOR, FOTOGRAFIA/CINE'),
(274015, 'DIRECTOR, TEATRO'),
(274016, 'EMPRESARIO, CINE'),
(274017, 'IMITADOR, CABARET');
INSERT INTO `ocupaciones_p` (`cod_ocupacion_p`, `nombre`) VALUES
(274018, 'LECTOR, RADIO O TELEVISION'),
(274019, 'MIMO'),
(274020, 'REALIZADOR, RADIODIFUSION O TELEVISION'),
(274021, 'RECITADOR, EXCEPTO RADIO O TELEVISION'),
(274022, 'RECITADOR, RADIO O TELEVISION'),
(274023, 'REGENTE, ESCENA'),
(274024, 'TRAGICO'),
(274025, 'OTROS, ACTORES Y DIRECTORES DE CINE, RADIO, TEATRO, TELEVIS'),
(281001, 'PROFESIONAL EN HOTELERIA'),
(281002, 'PROFESIONAL EN TURISMO'),
(282001, 'RELACIONISTA, INDUSTRIAL'),
(282002, 'RELACIONISTA, LABORAL'),
(282003, 'RELACIONISTA, PUBLICO'),
(282004, 'RELACIONISTA, OTROS'),
(283001, 'DIPLOMATICOS, EXTRANJEROS'),
(283002, 'DIPLOMATICOS, PERUANOS (EXCEPTO EMBAJADORES Y CONSULES EN F'),
(283003, 'REPRESENTANTES DE ORGANISMOS INTERNACIONALES'),
(284001, 'ARCIPRESTE'),
(284002, 'ARZOBISPO'),
(284003, 'BONZO'),
(284004, 'CANONIGO'),
(284005, 'CAPELLAN'),
(284006, 'CURA'),
(284007, 'IMAN'),
(284008, 'MINISTRO DEL CULTO'),
(284009, 'MISIONERO'),
(284010, 'MONJA'),
(284011, 'MONJE'),
(284012, 'OBISPO'),
(284013, 'PARROCO'),
(284014, 'PASTOR PROTESTANTE'),
(284015, 'POOJARI'),
(284016, 'PRIOR'),
(284017, 'RABINO'),
(284018, 'SACERDOTE'),
(284019, 'SACERDOTE BUDISTA'),
(284020, 'TEOLOGO'),
(284021, 'VICARIO'),
(311001, 'TECNICO, ANALISTA QUIMICO'),
(311002, 'TECNICO, ASTRONOMIA'),
(311003, 'TECNICO, FISICA/INVESTIGACION (CIENCIAS FISICAS)'),
(311004, 'TECNICO, GEOFISICA'),
(311005, 'TECNICO, GEOLOGIA'),
(311006, 'TECNICO, LABORATORISTA FISICO O QUIMICO'),
(311007, 'TECNICO, METEOROLOGIA'),
(311008, 'TECNICO, OCEANOGRAFIA'),
(311009, 'TECNICO, QUIMICA/INVESTIGACION (CIENCIAS QUIMICAS)'),
(311010, 'TECNICO, ESPECIALISTA EN FISICO-QUIMICA'),
(312001, 'APAREJADOR, INGENIERIA CIVIL'),
(312002, 'TECNICO CALCULISTA, INGENIERIA CIVIL/COSTO DE CONSTRUCCION'),
(312003, 'TECNICO, AGRIMENSOR'),
(312004, 'TECNICO, AUXILIAR DE ARQUITECTURA'),
(312005, 'TECNICO, CARTOGRAFO'),
(312006, 'TECNICO, FOTOGRAMETRISTA Y AEROFOTOGRAMETRISTA'),
(312007, 'TECNICO, INGENIERIA CIVIL'),
(312008, 'TECNICO, INGENIERIA CIVIL/CONSTRUCCION DE VIVIENDAS Y EDIFI'),
(312009, 'TECNICO, INGENIERIA CIVIL/CONTRATISTA (CONSTRUCCION)'),
(312010, 'TECNICO, INGENIERIA CIVIL/ESTRUCTURAS'),
(312011, 'TECNICO, INGENIERIA CIVIL/HIDRAULICA'),
(312012, 'TECNICO, INGENIERIA CIVIL/IRRIGACION'),
(312013, 'TECNICO, INGENIERIA CIVIL/MECANICA DE SUELOS'),
(312014, 'TECNICO, INGENIERIA CIVIL/SANITARIA'),
(313001, 'TECNICO, ELECTRICISTA'),
(313002, 'TECNICO ELECTRICISTA, ALTA TENSION'),
(313003, 'TECNICO ELECTRICISTA, ENERGIA ELECTRICA/DISTRIBUCION'),
(313004, 'TECNICO ELECTRICISTA, RADIO Y/O T.V.'),
(313005, 'TECNICO ELECTRICISTA, ILUMINACION'),
(313006, 'TECNICO ELECTRICISTA, SONIDO'),
(313007, 'TECNICO, INGENIERIA ELECTRICA'),
(313008, 'TECNICO CALCULISTA, INGENIERIA ELECTRONICA'),
(313009, 'TECNICO, INGENIERIA ELECTRONICA'),
(313010, 'TECNICO, SISTEMAS ELECTRICOS DE AERONAVES'),
(313011, 'TECNICO, TELECOMUNICACIONES'),
(313012, 'TECNICO, OPERADOR DE RADAR'),
(313013, 'TECNICO, TELECOMUNICACIONES/RADIO'),
(313014, 'TECNICO, TELECOMUNICACIONES/SISTEMAS DE SE?ALES'),
(313015, 'TECNICO, TELECOMUNICACIONES/TELEFONO'),
(313016, 'TECNICO, TELECOMUNICACIONES/TELEGRAFO'),
(313017, 'TECNICO, TELECOMUNICACIONES/TELEVISION'),
(314001, 'TECNICO CALCULISTA, CONSTRUCCION MECANICA'),
(314002, 'TECNICO AERONAUTICO'),
(314003, 'TECNICO INSPECTOR, NAVAL'),
(314004, 'TECNICO INSPECTOR, NAVAL/BUQUES'),
(314005, 'TECNICO MECANICO'),
(314006, 'TECNICO MECANICO, ACONDICIONAMIENTO DE AIRE'),
(314007, 'TECNICO MECANICO, AERONAUTICA'),
(314008, 'TECNICO MECANICO, AGRICULTURA'),
(314009, 'TECNICO MECANICO, AUTOMOVILES'),
(314010, 'TECNICO MECANICO, CALEFACCION, REFRIGERACION Y VENTILACION'),
(314011, 'TECNICO MECANICO, CONSTRUCCION NAVAL'),
(314012, 'TECNICO MECANICO, ENERGIA NUCLEAR'),
(314013, 'TECNICO MECANICO, INSTRUCTOR DE VEHICULOS AUTOMOTORES'),
(314014, 'TECNICO MECANICO, INSTRUMENTOS'),
(314015, 'TECNICO MECANICO, LUBRICACION'),
(314016, 'TECNICO MECANICO, MAQUINARIA Y HERRAMIENTAS INDUSTRIALES'),
(314017, 'TECNICO MECANICO, MANTENIMIENTO DE AVION'),
(314018, 'TECNICO MECANICO, MOTORES'),
(314019, 'TECNICO MECANICO, MOTORES DE COMBUSTION INTERNA'),
(314020, 'TECNICO MECANICO, MOTORES DE LOCOMOTORAS'),
(314021, 'TECNICO MECANICO, MOTORES DE PROPULSION A CHORRO'),
(314022, 'TECNICO MECANICO, MOTORES DIESEL'),
(314023, 'TECNICO MECANICO, SISTEMAS HIDRAULICOS'),
(314024, 'TECNICO MECANICO, TURBINAS DE GAS'),
(314025, 'TECNICO, ACONDICIONAMIENTO DE AIRE'),
(314026, 'VERIFICADOR, NAVAL'),
(315001, 'ESTIMADOR, QUIMICA INDUSTRIAL'),
(315002, 'TECNICO, FIBRA TEXTIL (DE ING. TEXTIL)'),
(315003, 'TECNICO, PETROQUIMICA'),
(315004, 'TECNICO, QUIMICA INDUSTRIAL'),
(315005, 'TECNICO, QUIMICO INDUSTRIAL/CAUCHO'),
(315006, 'TECNICO, QUIMICA INDUSTRIAL/GAS'),
(315007, 'TECNICO, QUIMICA INDUSTRIAL/PLASTICOS'),
(315008, 'TECNICO, QUIMICA INDUSTRIAL/PETROLEO'),
(315009, 'TECNICO, QUIMICA INDUSTRIAL/PROCESOS QUIMICOS'),
(315010, 'TECNICO, QUIMICA INDUSTRIAL/PRODUCCION Y DISTRIBUCION DE GA'),
(315011, 'TECNICO, QUIMICA INDUSTRIAL/REFINACION DEL PETROLEO'),
(316001, 'ACIDIFICADOR, POZOS DE PETROLEO Y GAS'),
(316002, 'T?CNICO, CEMENTADOR, POZOS DE PETROLEO Y GAS'),
(316003, 'DESINCRUSTADOR, POZOS DE PETROLEO Y GAS'),
(316004, 'PEGADOR, POZOS DE PETROLEO Y GAS'),
(316005, 'TECNICO, ACIDIFICACION/POZOS'),
(316006, 'TECNICO, EXTRACCION/CARBON'),
(316007, 'TECNICO, EXTRACCION/GAS (SONDEO DE POZOS)'),
(316008, 'TECNICO, EXTRACCION/METALES'),
(316009, 'TECNICO, EXTRACCION/PETROLEO Y GAS NATURAL'),
(316010, 'TECNICO, METALURGIA/ENSAYADOR DE METALES'),
(316011, 'TECNICO, METALURGIA/EXTRACCION'),
(316012, 'TECNICO, METALURGIA/SIDERURGICA'),
(316013, 'TECNICO, METALURGIA/FUNDICION'),
(316014, 'TECNICO, METALURGIA/TRATAMIENTO Y/O PRODUCCION DE METALES'),
(316015, 'TECNICO, MINERIA'),
(316016, 'TECNICO, SONDEO/POZOS DE PETROLEO Y GAS'),
(317001, 'DELINEANTE'),
(317002, 'DELINEANTE, ARQUITECTURA'),
(317003, 'DELINEANTE, CARTOGRAFIA'),
(317004, 'DELINEANTE, GEOLOGIA'),
(317005, 'DELINEANTE, ILUSTRACIONES TECNICAS'),
(317006, 'DELINEANTE, INDUSTRIAL'),
(317007, 'DELINEANTE, INGENIERIA AERONAUTICA'),
(317008, 'DELINEANTE, INGENIERIA CIVIL'),
(317009, 'DELINEANTE, INGENIERIA DE EDIFICIOS'),
(317010, 'DELINEANTE, INGENIERIA DE SISTEMAS DE CALEFACCION Y VENTILA'),
(317011, 'DELINEANTE, INGENIERIA ELECTRICA'),
(317012, 'DELINEANTE, INGENIERIA ELECTRONICA'),
(317013, 'DELINEANTE, INGENIERIA MECANICA'),
(317014, 'DELINEANTE, INGENIERIA NAVAL'),
(317015, 'DELINEANTE, LITOGRAFIA'),
(317016, 'DELINEANTE, MATRICES Y HERRAMIENTAS'),
(317017, 'DELINEANTE, TECNICO'),
(317018, 'DIBUJANTE, ILUSTRACIONES TECNICAS'),
(317019, 'DIBUJANTE, PROYECTISTA/ARTES GRAFICAS'),
(317020, 'DELINEANTE, DIBUJANTES/OTROS'),
(317021, 'SUPERVISOR DE ARTES GRAFICAS'),
(318001, 'TECNICO, ALIMENTOS'),
(318002, 'TECNICO, CALCULO DE COSTOS Y CANTIDADES'),
(318003, 'TECNICO, CERAMICA'),
(318004, 'TECNICO, CUEROS Y PIELES'),
(318005, 'TECNICO, EFICIENCIA INDUSTRIAL'),
(318006, 'TECNICO, ESTUDIO DEL TRABAJO'),
(318007, 'TECNICO, INGENIERIA/ESTUDIO DE TIEMPOS Y MOVIMIENTOS'),
(318008, 'TECNICO, INGENIERIA/METODOS'),
(318009, 'TECNICO, INGENIERIA/ORGANIZACION INDUSTRIAL'),
(318010, 'TECNICO, INGENIERIA/PLANIFICACION'),
(318011, 'TECNICO, INGENIERIA/SEGURIDAD E HIGIENE INDUSTRIAL'),
(318012, 'TECNICO, INGENIERIA/PRODUCCION'),
(318013, 'TECNICO, PAPEL'),
(318014, 'TECNICO, PESQUERIA'),
(318015, 'TECNICO, SISTEMAS/EXCEPTO INFORMATICOS'),
(318016, 'TECNICO EN LA INDUSTRIA, OTROS'),
(319001, 'TECNICO EN ESTADISTICA'),
(319002, 'TECNICO, EN MATEMATICA'),
(319003, 'TECNICO EN ESTADISTICA O MATEMATICA, OTROS'),
(319004, 'PROGRAMADOR, CODIFICADOR DE LOS PROGRAMAS'),
(319005, 'PROGRAMADOR, DESARROLLO DE LA LOGICA DEL PROCESO'),
(319006, 'PROGRAMADOR, INFORMATICA/POR COMPUTADORA'),
(319007, 'PROGRAMADOR, INFORMATICA/ANALISIS DE BASE DE DATOS'),
(319008, 'PROGRAMADOR, INFORMATICA/ANALISIS DE SISTEMAS'),
(319009, 'PROGRAMADOR, PRUEBA Y EJECUCION DEL PROGRAMA EN COMPUTADORA'),
(319010, 'TECNICO, ANALISIS INFORMATICO'),
(319011, 'TECNICO, PROGRAMACION POR COMPUTADORAS'),
(319012, 'TECNICO, SERVICIOS INFORMATICOS PARA USUARIOS'),
(321001, 'OPERADOR, EQUIPOS INFORMATICOS/COMPUTADORAS'),
(321002, 'OPERADOR, EQUIPOS INFORMATICOS/UNIDADES PERIFERICAS (IMPRES'),
(321003, 'OPERADOR, ALMACENAMIENTO DE DATOS'),
(321004, 'OPERADOR, PROCESO DE APLICACIONES CATALOGADAS'),
(321005, 'TECNICO, CONTROL DE EQUIPOS INFORMATICOS'),
(322001, 'AYUDANTE DE DIRECCION, CINE'),
(322002, 'AYUDANTE, DIRECCION CINEMATOGRAFICA'),
(322003, 'CAMAROGRAFO'),
(322004, 'CAMAROGRAFO, CINEMATOGRAFO'),
(322005, 'CAMAROGRAFO, TELEVISION'),
(322006, 'CINEASTA'),
(322007, 'FOTOGRAFO'),
(322008, 'FOTOGRAFO AEREO'),
(322009, 'FOTOGRAFO COMERCIAL'),
(322010, 'FOTOGRAFO INDUSTRIAL'),
(322011, 'FOTOGRAFO MEDICO'),
(322012, 'FOTOGRAFO PUBLICITARIO'),
(322013, 'FOTOGRAFO RETRATISTA'),
(322014, 'FOTOGRAFO, ARQUITECTURA'),
(322015, 'FOTOGRAFO, ILUSTRACION COMERCIAL'),
(322016, 'FOTOGRAFO, MICROFOTOGRAFIA'),
(322017, 'FOTOGRAFO, MODAS'),
(322018, 'FOTOGRAFO, POLICIA'),
(322019, 'FOTOGRAFO, PRENSA'),
(322020, 'MONTAJISTA'),
(322021, 'OPERADOR, CAMARA DE CINE'),
(322022, 'OPERADOR, CAMARA DE TELEVISION'),
(322023, 'OPERADOR, EQUIPO AUDIO/RADIO'),
(322024, 'OPERADOR, EQUIPO AUDIO/TELEVISION'),
(322025, 'OPERADOR, EQUIPO DE SONORIZACION, CINE'),
(322026, 'OPERADOR, EQUIPO DE RADIO Y TELEVISION'),
(322027, 'OPERADOR, GRABACION DE SONIDO'),
(322028, 'OPERADOR, GRABACION DE SONIDO/DISCOS'),
(322029, 'OPERADOR, GRABACION DE SONIDO/RADIO'),
(322030, 'OPERADOR, GRABACION DE SONIDO/TELEVISION'),
(322031, 'REPORTERO GRAFICO/FOTOGRAFO REPORTERO'),
(322032, 'TECNICO EN AUDIO VISUALES'),
(322033, 'TECNICO, EFECTOS SONOROS/CINE'),
(322034, 'TECNICO, EQUIPO DE SONORIZACION/RADIO'),
(322035, 'TECNICO, EQUIPO DE SONORIZACION/TELEVISION'),
(322036, 'TECNICO, EQUIPO DE GRABACION/CINTA MAGNETICA'),
(322037, 'TECNICO, EQUIPO DE GRABACION/DISCOS DIGITALES'),
(322038, 'TECNICO, EQUIPO DE GRABACION/EFECTOS SONOROS'),
(322039, 'TECNICO, EQUIPO DE GRABACION/HILO MAGNETICO'),
(322040, 'TECNICO, EQUIPO DE GRABACION/SONIDO'),
(322041, 'TECNICO, EQUIPO DE GRABACION/VIDEO'),
(322042, 'TECNICO, EQUIPO DE RADIO Y TELEVISION'),
(322043, 'TECNICO, MATERIAL DE DOBLAJE'),
(322044, 'TECNICO, PRUEBAS DE SONIDO/SONIDISTA'),
(323001, 'LUMINOTECNICO, TELEVISION'),
(323002, 'OPERADOR, CABINA DE PROYECCION/CINEMATOGRAFIA'),
(323003, 'OPERADOR, EQUIPO DE AMPLIFICACION DE SONIDO'),
(323004, 'OPERADOR, EQUIPO DE DIFUSION/TELEFILMES'),
(323005, 'OPERADOR, EQUIPO DE DIFUSION/TELEVISION'),
(323006, 'OPERADOR, EQUIPO DE DIFUSION/VIDEO'),
(323007, 'OPERADOR, EQUIPO DE RADIODIFUSION'),
(323008, 'OPERADOR, EQUIPO DE RADIOTELEFONIA/ESTACIONES TERRESTRES'),
(323009, 'OPERADOR, EQUIPO MOVILES DE RADIODIFUSION Y TELEVISION'),
(323010, 'OPERADOR, ESTACION EMISORA DE RADIO'),
(323011, 'OPERADOR, ESTACION EMISORA DE TELEVISION'),
(323012, 'OPERADOR, ESTUDIOS DE RADIO'),
(323013, 'OPERADOR, ESTUDIOS DE TELEVISION'),
(323014, 'OPERADOR, MICROFONOS'),
(323015, 'OPERADOR, RADAR'),
(323016, 'OPERADOR, RADIO/NAVEGACION AEREA'),
(323017, 'OPERADOR, RADIO/NAVEGACION MARITIMA'),
(323018, 'OPERADOR, TELECOMUNICACIONES'),
(323019, 'OPERADOR, TRANSMISORES/RADIO'),
(323020, 'OPERADOR, TRANSMISORES/TELEVISION'),
(323021, 'OPERADOR-JEFE, TELECOMUNICACIONES/ESTACION'),
(323022, 'OPERADOR-JEFE, TELECOMUNICACIONES/TRAFICO'),
(323023, 'RADIONAVEGANTE'),
(323024, 'RADIOTELEGRAFISTA'),
(323025, 'RADIOTELEGRAFISTA, NAVEGACION MARITIMA'),
(323026, 'TECNICO SALA DE CONTROL/RADIO'),
(323027, 'TECNICO SALA DE CONTROL/TELEVISION'),
(323028, 'TELEGRAFISTA'),
(324001, 'OPERADOR DE AUDIOMETRIA'),
(324002, 'OPERADOR DE ELECTROCARDIOGRAFIA'),
(324003, 'OPERADOR DE ELECTROENCEFOLOGRAFIA'),
(324004, 'OPERADOR DE SCANER'),
(324005, 'OPERADOR DE SCANER (OPTICA)'),
(324006, 'OPERADOR DE RADIOGRAFIA'),
(324007, 'OPERADOR DE RAYOS X'),
(331001, 'CUARTO OFICIAL, MAQUINISTA/BARCO'),
(331002, 'INSPECTOR TECNICO, MARINA/MERCANTE'),
(331003, 'INSTRUCTOR NAVEGACION/VELA'),
(331004, 'JEFE DE MAQUINAS, BARCO'),
(331005, 'MOTORISTA, LANCHA/BOLICHERA'),
(331006, 'OFICIAL MAQUINISTA, BARCO'),
(331007, 'PRIMER OFICIAL, MAQUINISTA/BARCO'),
(331008, 'SEGUNDO OFICIAL, MAQUINISTA/BARCO'),
(331009, 'SUPERINTENDENTE TECNICO, MARINA MERCANTE'),
(331010, 'TERCER OFICIAL, MAQUINISTA/MARINA MERCANTE'),
(332001, 'ALFEREZ DE FRAGATA, RESERVA NAVAL/MARINA MERCANTE'),
(332002, 'CAPITAN, ALTURA'),
(332003, 'CAPITAN, BARCO/NAVEGACION FLUVIAL O LACUSTRE'),
(332004, 'CAPITAN, BARCO/NAVEGACION MARITIMA'),
(332005, 'CAPITAN, BUQUE'),
(332006, 'CAPITAN, MARINA MERCANTE/BARCO'),
(332007, 'CAPITAN, PESCA'),
(332008, 'CAPITAN, PUERTO'),
(332009, 'CAPITAN, REMOLCADOR'),
(332010, 'CAPITAN, YATE'),
(332011, 'COMANDANTE, BARCO/NAVEGACION MARITIMA'),
(332012, 'COMANDANTE, BARCO/NAVEGACION INTERIOR (LAGOS, RIOS)'),
(332013, 'OFICIAL, CUBIERTA'),
(332014, 'OFICIAL, NAVEGACION'),
(332015, 'PATRON, BOLICHERA'),
(332016, 'PATRON, BARCO/NAVEGACION INTERIOR'),
(332017, 'PATRON, BARCO/NAVEGACION MARITIMA'),
(332018, 'PATRON, PUERTO'),
(332019, 'PATRON, REMOLCADOR'),
(332020, 'PATRON, YATE'),
(332021, 'PILOTO, AERODESLIZADOR'),
(332022, 'PILOTO, COSTERO'),
(332023, 'PILOTO, DESLIZADOR'),
(332024, 'PILOTO, HIDROPLANO'),
(332025, 'PILOTO-PRACTICO NAVEGACION'),
(332026, 'PRACTICO, PUERTO'),
(332027, 'SUPERINTENDENTE, ARMAMENTO/CUBIERTA (BUQUES)'),
(333001, 'COMANDANTE, AERONAVE'),
(333002, 'COPILOTO, AERONAVE'),
(333003, 'INSTRUCTOR DE VUELO'),
(333004, 'OFICIAL MECANICO, VUELO/MECANICO NAVEGANTE'),
(333005, 'OFICIAL NAVEGANTE, AERONAVE'),
(333006, 'PILOTO, AERONAVE/TRANSPORTE AEREO'),
(333007, 'PILOTO, FUMIGACION'),
(333008, 'PILOTO, HELICOPTERO'),
(333009, 'PILOTO, HIDROAVION'),
(333010, 'PILOTO, INSTRUCTOR'),
(333011, 'PILOTO, PRUEBAS/AERONAUTICA'),
(334001, 'CONTROLADOR, TRAFICO AEREO'),
(334002, 'TECNICO, SEGURIDAD/TRAFICO AEREO'),
(335001, 'ESPECIALISTA, PREVENCION DE INCENDIOS'),
(335002, 'INSPECTOR, INCENDIOS'),
(335003, 'INSPECTOR, OBRAS Y EDIFICIOS'),
(335004, 'INVESTIGADOR, INCENDIOS'),
(335005, 'INSPECTOR, CONTROL DE CALIDAD'),
(335006, 'INSPECTOR, CONTROL DE CALIDAD/ELECTRICIDAD'),
(335007, 'INSPECTOR, CONTROL DE CALIDAD/EQUIPOS ELECTRICOS'),
(335008, 'INSPECTOR, CONTROL DE CALIDAD/EQUIPOS ELECTRONICOS'),
(335009, 'INSPECTOR, CONTROL DE CALIDAD/MAQUINAS'),
(335010, 'INSPECTOR, CONTROL DE CALIDAD/PROCESOS INDUSTRIALES'),
(335011, 'INSPECTOR, CONTROL DE CALIDAD/PRODUCTOS MECANICOS'),
(335012, 'INSPECTOR, CONTROL DE CALIDAD/SERVICIOS'),
(335013, 'INSPECTOR, CONTROL DE CALIDAD/TEJIDOS'),
(335014, 'INSPECTOR, SEGURIDAD Y SALUD'),
(335015, 'INSPECTOR, SEGURIDAD Y SALUD/CONTAMINACION DEL MEDIO AMBIEN'),
(335016, 'INSPECTOR, SEGURIDAD Y SALUD/CUIDADOS A LOS NI?OS'),
(335017, 'INSPECTOR, SEGURIDAD Y SALUD/ELECTRICIDAD'),
(335018, 'INSPECTOR, SEGURIDAD Y SALUD/ESTABLECIMIENTOS'),
(335019, 'INSPECTOR, SEGURIDAD Y SALUD/FABRICA'),
(335020, 'INSPECTOR, SEGURIDAD Y SALUD/PROTECCION DE LOS CONSUMIDORES'),
(335021, 'INSPECTOR, SEGURIDAD Y SALUD/SEGURIDAD INDUSTRIAL'),
(335022, 'INSPECTOR, SEGURIDAD Y SALUD/TIENDAS Y COMERCIOS'),
(335023, 'INSPECTOR, SEGURIDAD Y SALUD/TRABAJO'),
(335024, 'INSPECTOR, SEGURIDAD Y SALUD/TRATAMIENTO DE DESECHOS INDUST'),
(335025, 'INSPECTOR, SEGURIDAD Y SALUD/VEHICULOS'),
(335026, 'INSPECTOR, SEGURIDAD/PRODUCTOS'),
(335027, 'INSPECTOR, VEHICULOS/ESPECIFICACIONES TECNICAS'),
(335028, 'REVISOR, TEJIDOS, TECNICOS'),
(335029, 'REVISOR/TELAS'),
(335030, 'REVISOR-INSPECTOR, CALIDAD'),
(335031, 'REVISOR-PROBADOR, MAQUINA'),
(335032, 'TECNICO, PREVENCION DE INCENDIOS'),
(341001, 'DISECADOR-TAXIDERMISTA'),
(341002, 'TAXIDERMISTA (NATURALISTA-PREPARADOR)'),
(341003, 'TECNICO, ANATOMIA'),
(341004, 'TECNICO, BACTERIOLOGIA'),
(341005, 'TECNICO, BANCOS DE SANGRE'),
(341006, 'TECNICO, BIOFISICA'),
(341007, 'TECNICO, BIOLOGIA (ANALISTA)'),
(341008, 'TECNICO, BIOQUIMICA'),
(341009, 'TECNICO, BOTANICA'),
(341010, 'TECNICO, CIENCIAS BIOLOGICAS/OTROS'),
(341011, 'TECNICO, CITOLOGIA'),
(341012, 'TECNICO, ECOLOGIA'),
(341013, 'TECNICO, FARMACOLOGIA'),
(341014, 'TECNICO, FISIOLOGIA'),
(341015, 'TECNICO, HISTOLOGIA'),
(341016, 'TECNICO, LABORATORIO BIOLOGICO'),
(341017, 'TECNICO, PATOLOGIA'),
(341018, 'TECNICO, SEROLOGIA'),
(341019, 'TECNICO, TEJIDOS'),
(341020, 'TECNICO, ZOOLOGIA EN CIENCIAS BIOLOGICAS'),
(342001, 'ANIMADOR RURAL'),
(342002, 'DEMOSTRADOR, PRACTICAS AGRICOLAS'),
(342003, 'CONSEJERO, AGRICOLA'),
(342004, 'CONSEJERO, FORESTAL'),
(342005, 'EXTENSIONISTA AGRICOLA, VULGARIZADOR, AGRICOLA'),
(342006, 'PERITO AGRICOLA'),
(342007, 'TECNICO AGRONOMO'),
(342008, 'TECNICO AGRONOMO, SUELO'),
(342009, 'TECNICO, AGROPECUARIO'),
(342010, 'TECNICO, FORESTAL'),
(342011, 'TECNICO, GANADERIA (PECUARIO)'),
(342012, 'TECNICO, HORTICULTURA'),
(342013, 'TECNICO, OLEICULTURA'),
(342014, 'TECNICO, POMOLOGIA'),
(342015, 'TECNICO, SILVICULTURA'),
(342016, 'TECNICO, ZOOLOGIA EN AGRONOMIA, ZOOTECNIA Y SILVICULTURA'),
(343001, 'ASISTENTE MEDICO'),
(343002, 'ASISTENTE MEDICO, PLANIFICACION FAMILIAR'),
(343003, 'AUXILIAR MEDICO'),
(343004, 'PRACTICANTE EN MEDICINA'),
(343005, 'SANITARIO'),
(343006, 'TOPIQUERO'),
(344001, 'HIGIENISTA'),
(344002, 'INSPECTOR, SANIDAD'),
(345001, 'TECNICO BROMATOLOGO'),
(345002, 'TECNICO CONSEJERO DIETETICO, INDUSTRIA DE ALIMENTOS'),
(345003, 'TECNICO DIETISTA'),
(345004, 'TECNICO DIETISTA, DIETETICO MEDICA'),
(345005, 'TECNICO NUTRICIONISTA, SALUD PUBLICA'),
(346001, 'CONTACTOLOGO'),
(346002, 'OPTICO, ANTEOJOS'),
(346003, 'OPTICO, OFTALMOLOGIA'),
(346004, 'OPTOMETRISTA'),
(347001, 'ASISTENTE DENTISTA, ESCUELAS'),
(347002, 'AUXILIAR, DENTISTA'),
(347003, 'HIGIENISTA, BUCODENTAL'),
(347004, 'HIGIENISTA, PROFILAXIA'),
(347005, 'PRACTICANTE DE ODONTOLOGIA'),
(348001, 'BA?OS MEDICINALES, TRATAMIENTO'),
(348002, 'ELECTROTERAPEUTA'),
(348003, 'ERGOTERAPEUTA'),
(348004, 'FISIOTERAPEUTA (TERAPEUTA)'),
(348005, 'HIDROTERAPEUTA'),
(348006, 'KINESITERAPEUTA (KINESIOLOGOS)'),
(348007, 'MASAJISTA'),
(348008, 'OSTEOPATA'),
(348009, 'PODOLOGO'),
(348010, 'QUIROPODISTA'),
(348011, 'QUIROPRACTICO'),
(348012, 'TECNICO, GIMNASIA MEDICA'),
(348013, 'TECNICO, READAPTACION PROFESIONAL'),
(348014, 'TERAPEUTA, READAPTACION FISICA'),
(348015, 'TERAPEUTA, READAPTACION PROFESIONAL'),
(349001, 'ASISTENTE, VETERINARIO'),
(349002, 'AUXILIAR VETERINARIO'),
(349003, 'TECNICO VETERINARIO, INSEMINACION ARTIFICIAL'),
(349004, 'VACUNADOR, VETERINARIO'),
(349005, 'VACUNADOR, VETERINARIO/AVES DE GRANJA'),
(349006, 'VETERINARIO EN SALUD PUBLICA, TECNICO'),
(351001, 'ASISTENTE, FARMACEUTICO'),
(351002, 'AUXILIAR FARMACEUTICO'),
(351003, 'PRACTICANTE DE FARMACIA'),
(351004, 'PRACTICO EN FARMACIA'),
(352001, 'ENFERMERA, NIVEL SUPERIOR (DIPLOMADOS)'),
(352002, 'ENFERMERA, NIVEL MEDIO'),
(352003, 'ENFERMERA, NIVEL MEDIO/CLINICA, CENTRO DE SALUD, ETC.'),
(352004, 'ENFERMERA, NIVEL MEDIO/MATERNIDAD'),
(352005, 'ENFERMERA, NIVEL MEDIO/OBSTETRICIA'),
(352006, 'ENFERMERA, NIVEL MEDIO/ORTOPEDIA'),
(352007, 'ENFERMERA, NIVEL MEDIO/PEDIATRIA'),
(352008, 'ENFERMERO, NIVEL MEDIO'),
(352009, 'ENFERMERO, NIVEL MEDIO/CLINICA'),
(352010, 'ENFERMERO, NIVEL MEDIO/OBSTETRICIA'),
(352011, 'ENFERMERO, NIVEL MEDIO/ORTOPEDIA'),
(352012, 'ENFERMERO, NIVEL MEDIO/PEDIATRIA'),
(352013, 'HERMANA, ENFERMERA/NIVEL MEDIO'),
(352014, 'PARAMEDICOS'),
(353001, 'AUXILIAR DE PARTERA'),
(353002, 'COMADRONA (PARTERA PRACTICA)'),
(353003, 'MATRONA (PARTERA PRACTICA)'),
(353004, 'PARTERA PRACTICA'),
(354001, 'CURANDERO'),
(354002, 'CURANDERO-NATURISTA, ALDEA'),
(354003, 'CURANDERO, RELIGIOSO'),
(354004, 'CURANDERO, SUGESTION'),
(354005, 'ESPECIALISTA EN ORTOPTIA Y/O ORTOFONIA'),
(354006, 'HERBOLARIO'),
(354007, 'HUESERO'),
(354008, 'NATUROPATA'),
(355001, 'TECNICO ORTOPEDICO'),
(355002, 'TECNOLOGO PROTESIS'),
(355003, 'TECNICO RADIOLOGO'),
(355004, 'TECNOLOGO MEDICO'),
(356001, 'TECNICO EN LABORATORIO CLINICO'),
(356002, 'TECNICO DE SALUD'),
(361001, 'INSPECTOR JEFE, COMERCIO AL POR MAYOR'),
(361002, 'SUPERVISOR DE VENTAS, COMERCIO AL POR MAYOR'),
(362001, 'INSPECTOR JEFE, COMERCIO AL POR MENOR'),
(362002, 'SUPERVISOR DE VENTAS, COMERCIO AL POR MENOR'),
(363001, 'SUPERVISOR, COMERCIO N.E.P'),
(364001, 'ADMINISTRADOR, ABASTECIMIENTO'),
(364002, 'ADMINISTRADOR, HOGAR/ECONOMOS'),
(364003, 'ADMINISTRADOR, MATERIAL CONTABLE'),
(364004, 'ADMINISTRADOR, PERSONAL'),
(364005, 'TECNICOS ADMINISTRADORES, OTROS'),
(364006, 'TECNICOS EN RACIONALIZACION ADMINISTRATIVA'),
(365001, 'TECNICO, COMERCIO'),
(365002, 'TECNICO, COOPERATIVISMO'),
(365003, 'TECNICO, ECONOMIA'),
(365004, 'TECNICO, MERCADOTECNIA (MARKETTING)'),
(365005, 'TECNICO, PLANIFICACION'),
(366001, 'CONTADOR MERCANTIL'),
(366002, 'TECNICO CONTABLE EN COSTOS'),
(366003, 'TECNICO CONTABLE EMPRESARIAL'),
(366004, 'TECNICO CONTABLE GUBERNAMENTAL'),
(366005, 'TECNICO EN TENEDURIA DE LIBROS'),
(366006, 'TECNICOS CONTABLES, OTROS'),
(367001, 'TECNICO EN CIENCIAS SOCIALES'),
(367002, 'PROMOTOR SOCIAL (TECNICO ASIMILADO)'),
(371001, 'AGENTE, BOLSA'),
(371002, 'AGENTE, CAMBIO'),
(371003, 'ASESOR, INVERSIONES'),
(371004, 'CORREDOR, BOLSA'),
(371005, 'CORREDOR, VALORES'),
(372001, 'AGENTE, SEGUROS'),
(372002, 'ASEGURADOR'),
(372003, 'ASEGURADOR, MARITIMO'),
(372004, 'CORREDOR, SEGUROS'),
(372005, 'NEGOCIADOR, SEGUROS'),
(372006, 'VENDEDOR DE POLIZAS DE SEGUROS'),
(373001, 'ADMINISTRADOR, PROPIEDADES INMUEBLES'),
(373002, 'AGENTE INMOBILIARIO'),
(373003, 'CORREDOR, FINCAS'),
(373004, 'VENDEDOR, BIENES RAICES'),
(373005, 'VENDEDOR, PROPIEDADES INMUEBLES'),
(374001, 'AGENTE ADMINISTRATIVO, ADMINISTRACION PUBLICA/SERVICIO DE TURISMO'),
(374002, 'AGENTE ADMINISTRATIVO, CONSULADO/SERVICIO DE TURISMO'),
(374003, 'AGENTE, TURISMO'),
(374004, 'AGENTE, VIAJES'),
(374005, 'CONSEJERO, TURISMO'),
(374006, 'ORGANIZADOR, VIAJES'),
(375001, 'AGENTE DISTRIBUIDOR'),
(375002, 'AGENTE, VENTAS'),
(375003, 'AGENTE, VENTAS/COMERCIO'),
(375004, 'AGENTE, VENTAS/INDUSTRIA MANUFACTURERA'),
(375005, 'AGENTE, VENTAS/TECNICO'),
(375006, 'CONSEJERO, SERVICIO POSTVENTA'),
(375007, 'CORREDOR, FABRICA'),
(375008, 'INSPECTOR TECNICO, VENTAS'),
(375009, 'REPRESENTANTE,  COMPA?IA NACIONAL'),
(375010, 'REPRESENTANTE, FABRICA/CONCESIONARIO'),
(375011, 'REPRESENTANTE, FIRMAS EXTRANJERAS'),
(375012, 'REPRESENTANTE, INSTITUCION COMERCIAL'),
(375013, 'REPRESENTANTE, VENTAS/COMERCIO'),
(375014, 'REPRESENTANTE, VENTAS/INDUSTRIA MANUFACTURERA'),
(375015, 'REPRESENTANTE, VENTAS/TECNICO'),
(375016, 'VENDEDOR, COMERCIO'),
(375017, 'VENDEDOR, INDUSTRIA MANUFACTURERA'),
(375018, 'VENDEDOR, TECNICO'),
(375019, 'VIAJANTE, COMERCIO/AGENTE'),
(375020, 'VISITADOR MEDICO'),
(376001, 'AGENTE, COMPRAS/SUMINISTROS'),
(376002, 'AGENTE, SUMINISTROS'),
(376003, 'COMPRADOR'),
(376004, 'COMPRADOR, MERCANCIAS/COMERCIO MAYORISTA'),
(376005, 'COMPRADOR, MERCANCIAS/COMERCIO MINORISTA'),
(376006, 'EVALUADOR'),
(376007, 'INSPECTOR, SINIESTROS'),
(376008, 'LIQUIDADOR, RECLAMACIONES/SEGUROS'),
(376009, 'MARTILLERO, SUBASTAS PUBLICAS'),
(376010, 'REMATADOR'),
(376011, 'SUBASTADOR'),
(376012, 'TASADOR'),
(376013, 'TASADOR, SEGUROS'),
(376014, 'TASADOR, SINIESTROS'),
(376015, 'VERIFICADOR, SOLICITUDES DE INDEMNIZACION'),
(377001, 'ADUANERO'),
(377008, 'AGENTE, SERVICIOS DE ALMACENAMIENTO'),
(377009, 'CORREO DIPLOMATICO'),
(377010, 'FUNCIONARIO, CONSULADO'),
(378001, 'AGENTE DE VENTAS, SERVICIO DE PROTECCION  CONTRA ROBOS E IN'),
(378002, 'AGENTES DE VENTAS, SERVICIO DE ILUMINACION Y LIMPIEZA'),
(378003, 'AGENTE DE SERVICIO DE ADUANA, NO EMPLEADO PUBLICO'),
(379001, 'AGENTE TRANSPORTE Y/O MUDANZA'),
(379002, 'AGENTE, OFICINA DE COLOCACION'),
(379003, 'AGENTE, DEPORTIVO'),
(379004, 'AGENTE, LITERARIO'),
(379005, 'AGENTE, MUSICAL'),
(379006, 'AGENTE, PUBLICIDAD'),
(379007, 'AGENTE, SERVICIOS A LAS EMPRESAS'),
(379008, 'AGENTE, TEATRO'),
(379009, 'AGENTE, VENTA DE PUBLICIDAD/ESPACIOS'),
(379010, 'CONTRATISTA, MANO DE OBRA'),
(379011, 'EMPRESARIO, CIRCO'),
(379012, 'EMPRESARIO, MUSICA'),
(379013, 'EMPRESARIO, TEATRO'),
(379014, 'FUNCIONARIO, SERVICIO DEL EMPLEO'),
(379015, 'FUNCIONARIO, SERVICIO DEL EMPLEO/JOVENES'),
(379016, 'ORGANIZADOR DE ESPECTACULO, VARIOS'),
(379017, 'PROMOTOR, DEPORTES'),
(379018, 'REPRESENTANTE, SERVICIOS A LAS EMPRESAS'),
(379019, 'REPRESENTANTE, SERVICIOS A LAS EMPRESAS/ESPACIOS PUBLICITAR'),
(381001, 'AUXILIAR, ABOGACIA'),
(381002, 'AUXILIAR, ACTUARIO'),
(381003, 'AUXILIAR, AGENTE DE BOLSA'),
(381004, 'AUXILIAR, BUFETE/ABOGADO'),
(381005, 'AUXILIAR, CONTADOR'),
(381006, 'AUXILIAR ESTADISTICO (EMPLEADO ESTADISTICO)'),
(381007, 'AUXILIAR MATEMATICO'),
(381008, 'AYUDANTE, CONTABLE'),
(381009, 'EVALUADOR, SEGUROS/PRIMAS'),
(381010, 'PASANTE, ABOGADO'),
(381011, 'PASANTE, ESCRIBANO'),
(381012, 'PASANTE, NOTARIO'),
(381013, 'REDACTOR, POLIZAS/SEGUROS'),
(381014, 'SECRETARIO, JUZGADO, TECNICO'),
(381015, 'TENEDOR DE LIBROS'),
(382001, 'EMPLEADO, FISCO'),
(382002, 'INSPECTOR, HACIENDA'),
(382003, 'RECAUDADOR, IMPUESTOS'),
(383001, 'FUNCIONARIO, PRESTACIONES SOCIALES Y OTROS'),
(383002, 'FUNCIONARIO, EXPEDICION DE LICENCIAS Y PERMISOS'),
(383003, 'FUNCIONARIO, EXPEDICION DE LICENCIAS/EXPORTACION'),
(383004, 'FUNCIONARIO, EXPEDICION DE LICENCIAS/IMPORTACION'),
(383005, 'FUNCIONARIO, EXPEDICION DE PASAPORTES'),
(383006, 'FUNCIONARIO, INMIGRACION'),
(383007, 'FUNCIONARIO, PERMISOS DE CONSTRUCCION'),
(391001, 'BLASONISTAS'),
(391002, 'DECORADOR DE AMBIENTE'),
(391003, 'DECORADOR PROYECTISTA, CINE Y TEATRO'),
(391004, 'DECORADOR, ESCAPARATES'),
(391005, 'DECORADOR EXPOSICIONES'),
(391006, 'DECORADOR, INTERIORES'),
(391007, 'DIBUJANTE, CARTELES'),
(391008, 'DIBUJANTE, ILUSTRACIONES'),
(391009, 'DIBUJANTE, INTERIORES'),
(391010, 'DIBUJANTE, MODA'),
(391011, 'DISE?ADOR, ALFOMBRAS'),
(391012, 'DISE?ADOR, DECORACION DE INTERIORES'),
(391013, 'DISE?ADOR, DECORADOR'),
(391014, 'DISE?ADOR, DECORADOR/ESCENARIOS DE TEATRO'),
(391015, 'DISE?ADOR, ENVASES'),
(391016, 'DISE?ADOR, ESCAPARATISTA'),
(391017, 'DISE?ADOR, EXPOSICIONES'),
(391018, 'DISE?ADOR, GRAFICO'),
(391019, 'DISE?ADOR, HERALDISTA'),
(391020, 'DISE?ADOR, HERRERIA ARTISTICA'),
(391021, 'DISE?ADOR, INDUSTRIAL'),
(391022, 'DISE?ADOR, JOYAS'),
(391023, 'DISE?ADOR, MODA'),
(391024, 'DISE?ADOR, MUEBLES'),
(391025, 'DISE?ADOR, ORFEBRERIA'),
(391026, 'DISE?ADOR, PIEZAS DE CERAMICA'),
(391027, 'DISE?ADOR, PRENDAS DE VESTIR'),
(391028, 'DISE?ADOR, PRODUCTOS COMERCIALES'),
(391029, 'DISE?ADOR, PRODUCTOS INDUSTRIALES'),
(391030, 'DISE?ADOR, TELAS Y TEJIDOS'),
(391031, 'ESCAPARATISTA DECORADOR'),
(391032, 'HERALDISTA'),
(391033, 'PINTOR, TATUAJES'),
(392001, 'ANFITRION'),
(392002, 'COMENTARISTA-ENTREVISTADOR, TELEVISION - RADIO'),
(392003, 'CRONISTA, NOTICIARIOS'),
(392004, 'LOCUTOR, NOTICIAS'),
(392005, 'LOCUTOR, RADIO'),
(392006, 'LOCUTOR, TELEVISION'),
(392007, 'PRESENTADOR-ANIMADOR'),
(392008, 'PRESENTADOR-ANIMADOR, ESPECTACULOS PUBLICOS'),
(392009, 'TECNICO EN COMUNICACION'),
(393001, 'ACROBATA'),
(393002, 'AMAESTRADOR, ELEFANTES'),
(393003, 'AMAESTRADOR, FIERAS'),
(393004, 'ARTISTA, MARIONETAS'),
(393005, 'ARTISTA, STRIP-TEASE'),
(393006, 'ARTISTA, TRAPECIO'),
(393007, 'CABALLISTA, CIRCO'),
(393008, 'COMICO'),
(393009, 'COMICO, CIRCO'),
(393010, 'CONTORSIONISTA'),
(393011, 'DOMADOR, CIRCO'),
(393012, 'DOMADOR, FIERAS'),
(393013, 'ENCANTADOR, SERPIENTES'),
(393014, 'EQUILIBRISTA'),
(393015, 'EXTRAS, DOBLES'),
(393016, 'FUNAMBULO'),
(393017, 'HIPNOTIZADOR'),
(393018, 'ILUSIONISTA'),
(393019, 'IMITADOR'),
(393020, 'IMITADOR, RUIDOS DE ANIMALES'),
(393021, 'MAGO'),
(393022, 'MALABARISTA'),
(393023, 'PAYASO'),
(393024, 'PRESTIDIGITADOR'),
(393025, 'TITIRITERO'),
(393026, 'TRAPECISTA'),
(393027, 'VEDETTE'),
(393028, 'VENTRILOCUO'),
(393029, 'VOLATINERO'),
(393030, 'OTROS, PAYASOS, ACROBATAS Y AFINES'),
(394001, 'ARBITRO, DEPORTIVO'),
(394002, 'ATLETA'),
(394003, 'AUTOMOVILISTA, CARRERAS'),
(394004, 'BANDERILLERO'),
(394005, 'BASKETBOLISTA'),
(394006, 'BOXEADOR'),
(394007, 'CATCHASCANISTA'),
(394008, 'CORREDOR, CICLISTA'),
(394009, 'DEPORTISTA, PROFESIONAL'),
(394010, 'ENTRENADOR, ARTES MARCIALES'),
(394011, 'ENTRENADOR, ATLETISMO'),
(394012, 'ENTRENADOR, BOXEO'),
(394013, 'ENTRENADOR, GOLF'),
(394014, 'ENTRENADOR, LUCHA'),
(394015, 'ENTRENADOR, YOGA'),
(394016, 'FUTBOLISTA'),
(394017, 'JOCKEY'),
(394018, 'JUEZ, BOXEO'),
(394019, 'JUEZ, CANCHA'),
(394020, 'JUEZ, SALIDA/CARRERAS'),
(394021, 'LUCHADOR'),
(394022, 'MONITOR, CULTURA FISICO'),
(394023, 'PICADOR, TOROS'),
(394024, 'PILOTO, CARRERAS/AUTOMOVILES'),
(394025, 'PROFESOR, AJEDREZ'),
(394026, 'PROFESOR, BILLAR'),
(394027, 'TORERO'),
(394028, 'VOLEIBOLISTA'),
(394029, 'OTROS, ATLETAS, DEPORTISTAS Y AFINES'),
(395001, 'ACOLITO'),
(395002, 'AYUDANTE, CULTO'),
(395003, 'DIACONISA'),
(395004, 'DIACONO'),
(395005, 'EVANGELIZADOR'),
(395006, 'FRAILE'),
(395007, 'MIEMBRO, EJERCITO DE SALVACION'),
(395008, 'MONJA, NIVEL MEDIO'),
(395009, 'MONJE, NIVEL MEDIO'),
(395010, 'PREDICADOR, SEGLAR'),
(396001, 'BAILARIN, PE?AS, SALSODROMOS, RESTAURANTES TURISTICOS'),
(396003, 'DIRECTOR, ORQUESTA/BAILE'),
(396004, 'MUSICO, PE?AS, SALSODROMOS, RESTAURANTES TURISTICOS'),
(396005, 'MUSICO AMBULANTE'),
(396007, 'CANTOR AMBULANTE'),
(411001, 'JEFE DE ABASTECIMIENTO'),
(411002, 'JEFE DE ALMACEN'),
(411003, 'JEFE DE ARCHIVO Y CORRESPONDENCIA'),
(411004, 'JEFE DE BIENESTAR SOCIAL'),
(411005, 'JEFE DE EMPLEADOS DE OFICINA, OTROS'),
(411006, 'JEFE DE PERSONAL ADMINISTRATIVO'),
(411008, 'COORDINADOR'),
(411009, 'ENCARGADO DEL SERVICIO DE MANTENIMIENTO DE TRAMITES, ETC.'),
(412001, 'EMPLEADO DE  REGISTRO CIVIL'),
(412002, 'EMPLEADO DE REGISTRO ELECTORAL'),
(413001, 'MECANOGRAFA - DACTILOGRAFA'),
(413002, 'MECANOGRAFA, ESTADISTICAS'),
(413003, 'MECANOGRAFA, ESTENOGRAFIA'),
(413004, 'MECANOGRAFA, FACTURAS'),
(413005, 'MECANOGRAFA, MAQUINA PERFORADORA'),
(413006, 'MECANOGRAFA, TAQUIGRAFIA'),
(413007, 'MECANOGRAFA, TEXTOS'),
(413008, 'OFICINISTA-MECANOGRAFA'),
(413009, 'SECRETARIA'),
(413010, 'SECRETARIA, BILINGUE'),
(413011, 'SECRETARIA, COMERCIAL'),
(413012, 'SECRETARIA, EJECUTIVA/BILINGUE'),
(413014, 'SECRETARIA, MEDICO'),
(413015, 'SECRETARIA-MECANOGRAFA'),
(413016, 'SECRETARIA, OTROS'),
(413017, 'SECRETARIA-TAQUIGRAFA'),
(413018, 'SECRETARIA-TAQUIMECANOGRAFA'),
(413019, 'TAQUIGRAFA'),
(413020, 'TAQUIMECANOGRAFA'),
(413021, 'MECANOGRAFICA EN DOMICILIO'),
(414001, 'OPERADOR DE MAQUINA, TRATAMIENTO DE TEXTO'),
(414002, 'OPERADOR, TELEFAX'),
(414003, 'OPERADOR, TELEGRAFO'),
(414004, 'OPERADOR, TELEIMPRESORA'),
(414005, 'TELETIPISTA, TELEX'),
(415001, 'DIGITADOR'),
(415002, 'CONTROLADOR, PERFORACIONES'),
(415003, 'OPERADOR, ENTRADA DE DATOS/CLASIFICADORA'),
(415004, 'OPERADOR, ENTRADA DE DATOS/COMPUTADORAS'),
(415005, 'OPERADOR, ENTRADA DE DATOS/CONVERTIDOR (DE CINTAS A TARJETA'),
(415006, 'OPERADOR, ENTRADA DE DATOS/MAQUINA CONVERTIDORA (DE CINTAS'),
(415007, 'OPERADOR, ENTRADA DE DATOS/MAQUINA CONVERTIDORA (DE TARJETA'),
(415008, 'OPERADOR, ENTRADA DE DATOS/MAQUINA PERFORADORAS (CINTAS)'),
(415009, 'OPERADOR, ENTRADA DE DATOS/MAQUINA PERFORADORAS (TARJETAS Y'),
(415010, 'OPERADOR, ENTRADA DE DATOS/MAQUINA PERFORADORAS (TECLADO)'),
(415011, 'OPERADOR, ENTRADA DE DATOS/TABULADORA'),
(415012, 'OPERADOR, ENTRADA DE DATOS/TRANSCRIPCION DE PERFORACIONES ('),
(415013, 'VERIFICADOR DEL OPERADOR DE MAQUINA PERFORADORA DE TARJETAS'),
(415014, 'TIPEO POR COMPUTADORA'),
(416001, 'CALCULISTA A MAQUINA'),
(416002, 'OPERADOR, CALCULADORA'),
(416003, 'OPERADOR, COMPUTADORA'),
(416004, 'OPERADOR, MAQUINA DE CONTABILIDAD'),
(416005, 'OPERADOR, MAQUINA DE PREPARAR FACTURAS'),
(416006, 'OPERADOR, MAQUINA FRANQUEADORA'),
(416007, 'OPERADOR, MAQUINA CONTABLE'),
(416008, 'OPERADOR, MAQUINA DE LLEVAR LIBROS'),
(416009, 'OPERADOR, MAQUINA DE SUMAR'),
(417001, 'OPERADOR, MAQUINA CLASIFICADORA Y TABULADOS'),
(417002, 'OPERADOR,  ORDENADOR ELECTRONICO'),
(417003, 'OTROS OPERADORES DE MAQUINAS PARA EL TRATAMIENTO AUTOMATICO'),
(418001, 'EMPLEADOS DE CONTABILIDAD Y CALCULO DE COSTOS'),
(418002, 'EMPLEADO, CAJA'),
(418003, 'EMPLEADO, CALCULO DE COSTOS'),
(418004, 'EMPLEADO, CALCULO DE PRESUPUESTOS'),
(418005, 'EMPLEADO, CALCULO DE SALARIOS'),
(418006, 'EMPLEADO, CONTABILIDAD'),
(418007, 'EMPLEADO, CONTABILIDAD/CALCULO DE COSTOS'),
(418008, 'EMPLEADO, CONTABILIDAD/CALCULO DE INTERESES'),
(418009, 'EMPLEADO, CONTABILIDAD/CUENTAS CORRIENTES'),
(418010, 'EMPLEADO, CONTABILIDAD/DESCUENTOS'),
(418011, 'EMPLEADO, CONTABILIDAD/ESTIMACIONES'),
(418012, 'EMPLEADO, CONTABILIDAD/VERIFICACION'),
(418013, 'EMPLEADO, FACTURAS'),
(418014, 'EMPLEADO, PAGADOR DE PLANILLAS DE PAGO'),
(418015, 'EMPLEADO, PLANILLERO'),
(418016, 'EMPLEADO, PAGO DE NOMINAS'),
(418017, 'EMPLEADO, PAGO DE SALARIOS'),
(418018, 'EMPLEADO, SERVICIO DEL PERSONAL'),
(418019, 'EMPLEADO, SUBASTAS'),
(418020, 'EMPLEADO, TENEDURIA DE LIBROS'),
(418021, 'LISTERO'),
(419001, 'AMANUENSE, ESTADISTICA'),
(419002, 'CRITICO-CODIFICADOR'),
(419003, 'EMPLEADO ACTUARIAL'),
(419004, 'EMPLEADO, BANCOS'),
(419005, 'EMPLEADO, BANCO/PRESTAMOS'),
(419006, 'EMPLEADO, BOLSA'),
(419007, 'EMPLEADO, CREDITOS'),
(419008, 'EMPLEADO, ESTADISTICA'),
(419009, 'EMPLEADO, FINANZAS'),
(419010, 'EMPLEADO, HIPOTECAS'),
(419011, 'EMPLEADO, INVERSIONES'),
(419012, 'EMPLEADO, OFICINA DE IMPUESTOS/SELLOS Y TIMBRES'),
(419013, 'EMPLEADO, REGISTRO DE TITULOS Y ACCIONES'),
(419014, 'EMPLEADO, SERVICIOS FINANCIEROS'),
(419015, 'EMPLEADO, SEGUROS'),
(419016, 'EMPLEADO, SEGUROS/MODIFICACIONES DE COBERTURA'),
(419017, 'EMPLEADO, SEGUROS/PAGO DE SUMINISTROS'),
(419018, 'EMPLEADO, SEGUROS/POLIZAS'),
(419019, 'EMPLEADO, SERVICIOS JURIDICOS'),
(419020, 'EMPLEADO, TRANSACCIONES'),
(419021, 'EMPLEADO, VALORES'),
(421001, 'ALMACENERO'),
(421002, 'EMPLEADO, ABASTECIMIENTO'),
(421003, 'EMPLEADO, ALMACENAJE Y APROVISIONAMIENTO'),
(421004, 'EMPLEADO, CONTABILIDAD/EXISTENCIAS'),
(421005, 'EMPLEADO, CONTROL DE PESO'),
(421006, 'EMPLEADO, DEPOSITO'),
(421007, 'EMPLEADO, DESPACHO'),
(421008, 'EMPLEADO, EMBARQUE/MERCADERIA'),
(421009, 'EMPLEADO, EXISTENCIAS/REGISTRADOR'),
(421010, 'EMPLEADO, EXISTENCIAS/CONTROL'),
(421011, 'EMPLEADO, EXISTENCIAS/CONTROL (REGISTROS)'),
(421012, 'EMPLEADO, EXISTENCIAS/INVENTARIO'),
(421013, 'EMPLEADO, EXISTENCIAS/MERCADERIA'),
(421014, 'EMPLEADO, EXPEDICION Y RECEPCION DE MERCADERIA'),
(421015, 'EMPLEADO, GUARDAMUEBLES'),
(421016, 'EMPLEADO, HERRAMIENTAS/ALMACEN'),
(421017, 'EMPLEADO, INTERVENTOR ALMACENISTA'),
(421018, 'EMPLEADO, MERCADERIAS'),
(421019, 'EMPLEADO, MOVIMIENTO/MERCADERIAS'),
(421020, 'EMPLEADO, RECEPCION/MERCADERIA (ALMACEN)'),
(421021, 'EMPLEADO, REGISTRADOR/ENTRADAS Y SALIDAS DE MERCADERIAS'),
(421022, 'EMPLEADO, SERVICIO DE ALMACENAJE'),
(421023, 'EMPLEADO, SUMINISTROS'),
(421024, 'EMPLEADO, KARDISTA/TARJADOR'),
(422001, 'EMPLEADO, ABASTECIMIENTO/MATERIALES'),
(422002, 'EMPLEADO, CALCULO DE MATERIALES'),
(422003, 'EMPLEADO, PLANIFICACION DE LA PRODUCCION'),
(422004, 'EMPLEADO, PLANIFICACION DE LA PRODUCCION/COORDINACION'),
(422005, 'EMPLEADO, PLANIFICACION DE LA PRODUCCION/PROGRAMA'),
(422006, 'EMPLEADO, PLANIFICACION/MATERIALES'),
(422007, 'EMPLEADO, PROGRAMA DE ABASTECIMIENTO/MATERIALES'),
(423001, 'EMPLEADO DE AGENCIA DE SEGUROS'),
(423002, 'EMPLEADO DE CORRESPONDENCIA'),
(423003, 'EMPLEADO DE OFICINA EN GENERAL'),
(423004, 'EMPLEADO DE OFICINA PUBLICA O PARTICULAR'),
(423005, 'EMPLEADO DE SERVICIOS ADMINISTRATIVOS, OTROS'),
(423006, 'EMPLEADO DE SERVICIOS DE PERSONAL'),
(423007, 'ESCRIBIENTE DE ABOGADO'),
(423008, 'ESCRIBIENTE DE NOTARIO'),
(423009, 'ESCRIBIENTE DE PROCURADOR'),
(423010, 'ESCRIBIENTE PUBLICO'),
(423011, 'RECOPILADOR DE DIRECTORIOS Y GUIAS'),
(423012, 'SECRETARIO DE JUZGADO, EMPLEADO DE OFICINA'),
(423013, 'TRAMITADORES (REDACTAN CARTAS, LLENADOR FORMULARIOS, ETC)'),
(423014, 'CONTROLADOR DE TARJETAS DE PERSONAL'),
(423015, 'TRAMITADOR DE OFICINA'),
(431001, 'JEFE DE ESTACION DE FERROCARRIL'),
(432001, 'AGENTE DE LOS SERVICIOS DE MERCANCIAS, FERROCARRILES'),
(432002, 'AGENTE DE LOS SERVICIOS DE TRANSPORTE DE CARGA, FERROCARRIL'),
(432003, 'JEFE DE MOVIMIENTO DE TRENES'),
(432004, 'JEFE DE TRAFICO, FERROCARRILES'),
(433001, 'JEFE DE SERVICIOS DE TRANSPORTE POR CARRETERA'),
(434001, 'JEFE DE ESCALA DE TRANSPORTE AEREO'),
(434002, 'JEFE DE OPERACIONES DE VUELO TRANSPORTE AEREO'),
(435001, 'JEFE DE TREN DE PASAJEROS'),
(435002, 'CONTROLADORES DE COCHE-CAMA'),
(435003, 'CONTROLADOR DE VAGONES DE LUJO Y PULLMAN'),
(435004, 'OTROS JEFES DE TREN, COBRADORES.'),
(436001, 'AGENTE, FERROCARRIL/MERCANCIAS'),
(436002, 'CONTROLADOR ADMINISTRATIVO, FERROCARRIL/MERCANCIAS'),
(436003, 'CONTROLADOR ADMINISTRATIVO, TRAFICO AEREO'),
(436004, 'CONTROLADOR ADMINISTRATIVO, TRANSPORTE AEREO'),
(436005, 'CONTROLADOR ADMINISTRATIVO, TRANSPORTE FERROVIARIO (CARGAS)'),
(436006, 'CONTROLADOR ADMINISTRATIVO, TRANSPORTE MARITIMO'),
(436007, 'CONTROLADOR ADMINISTRATIVO, TRANSPORTE POR CARRETERA'),
(436008, 'EMPLEADO, DESPACHO/AUTOBUSES'),
(436009, 'EMPLEADO, DESPACHO/BARCOS'),
(436010, 'EMPLEADO, DESPACHO/CAMIONES'),
(436011, 'EMPLEADO, DESPACHO/FERROCARRIL'),
(436012, 'EMPLEADO, DESPACHO/GASODUCTO'),
(436013, 'EMPLEADO, DESPACHO/MUELLES'),
(436014, 'EMPLEADO, DESPACHO/OLEODUCTO'),
(436015, 'EMPLEADO, DESPACHO/TRANSPORTE AEREO'),
(436016, 'EMPLEADO, DESPACHO/TRANSPORTE CARGA'),
(436017, 'EMPLEADO, DESPACHO/TRANSPORTE FLUVIAL Y TRANSBORDADOR'),
(436018, 'EMPLEADO, DESPACHO/TRANSPORTE MARITIMO'),
(436019, 'EMPLEADO, DESPACHO/TRANSPORTE POR CARRETERA (EXCEPTO AUTOBU'),
(436020, 'EMPLEADO, FERROCARRIL/DEPOSITO'),
(436021, 'EMPLEADO, MOVIMIENTOS/TRENES'),
(436022, 'EMPLEADO, OPERACIONES/TRANSPORTE AEREO'),
(436023, 'EMPLEADO, TRANSPORTE'),
(436024, 'EMPLEADO, TRANSPORTE AEREO/EXPEDICION'),
(436025, 'EMPLEADO, TRANSPORTE AEREO/MOVIMIENTO'),
(436026, 'EMPLEADO, TRANSPORTE MARITIMO/ESTACION TERMINAL'),
(436027, 'EMPLEADO, TRANSPORTE MARITIMO/MUELLE'),
(436028, 'EMPLEADO, TRANSPORTE POR CARRETERA/TRAFICO'),
(436029, 'ENCARGADO, SERVICIOS/FERROCARRIL (DEPOSITO)'),
(436030, 'ENCARGADO, SERVICIOS/MUELLE'),
(436031, 'ENCARGADO, SERVICIOS/TRANSBORDADOR'),
(436032, 'ENCARGADO, SERVICIOS/TRANSPORTE POR CARRETERA (TRAFICO)'),
(436033, 'INSPECTOR, SERVICIOS/BARCAZA'),
(436034, 'INSPECTOR, SERVICIOS/CARGA'),
(436035, 'INSPECTOR, SERVICIOS/TRANSPORTE POR CARRETERA'),
(436036, 'INSPECTOR, SERVICIOS/TRANSPORTE POR FERROCARRIL'),
(441001, 'JEFE DE OFICINA DE CORREO'),
(441002, 'JEFE DE SERVICIOS DE CORREO'),
(441003, 'JEFE DE SERVICIOS DE POSTALES'),
(441004, 'JEFE DE SERVICIOS DE TELECOMUNICACIONES'),
(442001, 'ARCHIVERO, DE MUSEO'),
(442002, 'ASISTENTE, BIBLIOTECA'),
(442003, 'AYUDANTE DE BIBLIOTECA'),
(442004, 'EMPLEADO, ARCHIVO/SERVICIOS'),
(442005, 'EMPLEADO, BIBLIOTECA'),
(442006, 'EMPLEADO, BIBLIOTECA/ADQUISICIONES'),
(442007, 'EMPLEADO, BIBLIOTECA/CLASIFICACION'),
(442008, 'EMPLEADO, BIBLIOTECA/INDICE'),
(442009, 'EMPLEADO, BIBLIOTECA/PRESTAMO DE LIBROS'),
(443001, 'CARTERO'),
(443002, 'CLASIFICADOR, CORRESPONDENCIA'),
(443003, 'EMPLEADO DE CORREOS, CORRESPONDENCIA/CLASIFICACION'),
(443004, 'EMPLEADO, DISTRIBUCION/CORRESPONDENCIA'),
(443005, 'ENCARGADO, ENTREGA DE ENCOMIENDAS A DOMICILIO'),
(443006, 'ENCOMENDERO, REPARTO DE ENCOMIENDAS'),
(443007, 'ESTAFETERO, RECIBIDOR DE CARGAS/CORREO'),
(443008, 'MANDADERO, OFICINA/CONSERJE DE OFICINA'),
(443009, 'MENSAJERO, CORRESPONDENCIA'),
(443010, 'PORTAPLIEGO DE OFICINA'),
(443011, 'SUPERVISOR, CORREO'),
(444001, 'CORRECTOR, PRUEBAS DE IMPRENTA'),
(444002, 'EMPLEADO, CORRECCION DE PRUEBAS/IMPRENTA'),
(444003, 'EMPLEADO, ELABORACION DE LISTAS'),
(444004, 'EMPLEADO, ESCRITURAS'),
(444005, 'EMPLEADO, CLASIFICADOR DE DOCUMENTOS'),
(444006, 'EMPLEADO, MAQUINA FRANQUEADORA'),
(451001, 'CAJERO, ALMACEN/AUTOSERVICIO'),
(451002, 'CAJERO, APUESTAS'),
(451003, 'CAJERO, BANCO'),
(451004, 'CAJERO, COBRADOR DE PEAJES'),
(451005, 'CAJERO, CONTABILIDAD DE CAJA'),
(451006, 'CAJERO, EMPRESA/ALMACEN'),
(451007, 'CAJERO, HOTEL'),
(451008, 'CAJERO, MOSTRADOR'),
(451009, 'CAJERO, OFICINA'),
(451010, 'CAJERO, RESTAURANTE'),
(451011, 'CAJERO, TIENDA'),
(451012, 'CAJERO, VENTA DE BILLETES'),
(451013, 'CAMBISTA, COMPRA-VENTA  DE DOLARES'),
(451014, 'EMPLEADO, EMISION DE BILLETES/EXCEPTO DE VIAJE'),
(451015, 'EMPLEADO, OPERACIONES DE CAMBIO'),
(451016, 'EMPLEADO, VENTANILLA DE BANCO'),
(451017, 'EMPLEADO, VENTANILLA DE CORREOS'),
(451018, 'EXPENDEDOR DE GIROS POSTALES'),
(451019, 'TAQUILLERO'),
(451020, 'TESORERO'),
(451021, 'VENDEDOR DE ESTAMPILLAS'),
(452001, 'PRESTAMISTA, DINERO'),
(452002, 'PRESTAMISTA, PRENDARIO'),
(453001, 'COBRADOR A DOMICILIO, VENTAS A PLAZOS'),
(453002, 'COBRADOR, ALQUILERES'),
(453003, 'COBRADOR CONTRIBUCIONES'),
(453004, 'COBRADOR, DEUDAS'),
(453005, 'COBRADOR ESPECTACULOS'),
(453006, 'COBRADOR, FACTURAS'),
(453007, 'COBRADOR, IMPUESTOS'),
(453008, 'COBRADOR, PEAJE'),
(453009, 'COBRADOR, SEGUROS'),
(454001, 'EMPLEADO, AGENCIA DE VIAJES'),
(454002, 'EMPLEADO, AGENCIA DE VIAJES/VENTAS DE BILLETES'),
(454003, 'EMPLEADO, EMISION DE BILLETES/VIAJES'),
(454004, 'EMPLEADO, VIAJES'),
(454005, 'EMPLEADO, VIAJES/FERROCARRILES'),
(454006, 'EMPLEADO, VIAJES/LINEAS AEREAS'),
(454007, 'EMPLEADO, CONCERTACION DE ENTREVISTAS'),
(454008, 'EMPLEADO, INFORMES'),
(454009, 'RECEPCIONISTA'),
(454010, 'RECEPCIONISTA, DENTISTA'),
(454011, 'RECEPCIONISTA, HOSPITAL/CONSULTORIO MEDICO'),
(454012, 'RECEPCIONISTA, HOTEL'),
(454013, 'RECEPCIONISTA, MEDICO'),
(455001, 'OPERADORA, CENTRAL TELEFONICA'),
(455002, 'RADIO-TELEFONISTA, ESTACIONES TERRESTRES'),
(455003, 'TELEFONISTA, PUBLICA O PRIVADA'),
(456001, 'CRUPIER, SALA DE JUEGO'),
(456002, 'RECIBIDOR DE APUESTAS'),
(461001, 'ENCUESTADORES'),
(461002, 'EMPADRONADORES'),
(461003, 'RECOPILADOR DE INFORMACION ESTADISTICA'),
(461004, 'REGISTRADORES'),
(461005, 'SUPERVISOR DE CAMPO'),
(462001, 'AUXILIAR DE OFICINA'),
(462002, 'EMPLEADO, OPERADOR DE MAQUINA AUTOCOPISTA'),
(462003, 'EMPLEADO, OPERADOR DE FOTOCOPIADORA'),
(462004, 'EMPLEADO, OPERADOR DE MAQUINA REPRODUCTORA DE DOCUMENTOS'),
(462005, 'EMPLEADO, OPERADOR DE MAQUINA MULTICOPISTA'),
(462006, 'EMPLEADO DE OFICINA, OTROS'),
(462007, 'SEGMENTISTA'),
(511001, 'AYUDANTE, VUELO'),
(511002, 'AEROMOZA, CAMARERA DE AVION'),
(511003, 'AZAFATA, AEROPUERTO'),
(511004, 'AZAFATA, AVION'),
(511005, 'AZAFATA, INFORMACION/AEROPUERTO'),
(511006, 'CAMARERO, BARCO'),
(511007, 'FLY HOSTESS, AEROMOZA'),
(511008, 'PURSERS'),
(511009, 'TRIPULANTE, CABINA/PASAJEROS'),
(512001, 'GUIA, EXCURSIONES'),
(512002, 'GUIA, EXPEDICION DE CAZA'),
(512003, 'GUIA, GALERIA DE ARTE'),
(512004, 'GUIA, MUSEOS'),
(512005, 'GUIA, TURISMO'),
(512006, 'GUIA, VIAJES/ANDINISMO'),
(512007, 'GUIA, VIAJES/AUTOBUS'),
(512008, 'GUIA, VIAJES/ESTABLECIMIENTOS INDUSTRIALES'),
(512009, 'GUIA, VIAJES/GALERIA DE ARTE'),
(512010, 'GUIA, VIAJES/LOCAL'),
(512011, 'GUIA, VIAJES/MONTA?ISMO'),
(512012, 'GUIA, VIAJES/MUSEOS'),
(512013, 'GUIA, VIAJES/PARQUES NATURALES Y RESERVAS NACIONALES'),
(512014, 'GUIA, VIAJES/PESCA'),
(512015, 'GUIA, VIAJES/RESERVA DE CAZA'),
(512016, 'GUIA, VIAJES/SAFARI'),
(512017, 'GUIA, VIAJES/TEATRO Y MONUMENTOS'),
(521001, 'ECONOMO, HOSTELERIA'),
(521002, 'JEFE DE PERSONAL DE SERVIDUMBRE, BARCO'),
(521003, 'JEFE DE CAMAREROS'),
(521004, 'MAITRE'),
(521005, 'MAESTRESALA'),
(521006, 'MAYORDOMO, EXCEPTO HOGAR PARTICULAR'),
(522001, 'COCINERO, BARCO'),
(522002, 'COCINERO, CHEF'),
(522003, 'COCINERO, CONSERVACION DE ALIMENTOS'),
(522004, 'COCINERO, DIETAS ESPECIALES'),
(522005, 'COCINERO, VEGETALES'),
(523001, 'AZAFATA, SERVICIO DE COMIDAS/PERSONAL'),
(523002, 'BARMAN'),
(523003, 'MOZO'),
(531001, 'AUXILIAR, ENFERMERIA'),
(531002, 'AUXILIAR, ENFERMERIA/PRIMEROS AUXILIOS'),
(531003, 'AUXILIAR, HOSPITALARIO'),
(531004, 'AYUDANTE, AMBULANCIA'),
(531005, 'AYUDANTE, ENFERMERIA'),
(531006, 'AYUDANTE, ENFERMERIA/AMBULANCIA'),
(531007, 'AYUDANTE, ENFERMERIA/CLINICA'),
(531008, 'AYUDANTE, ENFERMERIA/HOSPITAL'),
(531009, 'CAMILLERO'),
(531010, 'ENFERMERO, AMBULANCIA'),
(531011, 'AYUDANTE, ENFERMERIA/DOMICILIO'),
(531012, 'AYUDANTE, CONSULTORIO DENTAL'),
(541001, 'CALLISTA'),
(541002, 'CAPILICULTOR'),
(541003, 'COSMETOLOGO'),
(541004, 'ESPECIALISTA, TRATAMIENTOS DE BELLEZA'),
(541005, 'ESTILISTA'),
(541006, 'MANICURISTA'),
(541007, 'MAQUILLADOR, CINE'),
(541008, 'MAQUILLADOR, SALON'),
(541009, 'MAQUILLADOR, TEATRO'),
(541010, 'MASAJISTA ESTETICO'),
(541011, 'PEDICURISTA'),
(541012, 'PEINADORA'),
(541013, 'PELUQUERO, CABALLEROS'),
(541014, 'PELUQUERO, SE?ORAS'),
(541015, 'PELUQUERO-BARBERO'),
(551001, 'AMORTAJADOR'),
(551002, 'EMBALSAMADOR'),
(551003, 'EMPLEADO, POMPAS FUNEBRES/AGENCIA FUNERARIA'),
(551004, 'EMPRESARIO, POMPAS FUNEBRES'),
(551005, 'ORGANIZADOR DE POMPAS FUNEBRES'),
(551006, 'TRAMITADOR DE DOCUMENTOS PARA SEPELIO'),
(552001, 'MANIQUI'),
(552002, 'MODELO DE FOTOGRAFIA'),
(552003, 'MODELO, ARTISTA'),
(552004, 'MODELO, ESCULTORES'),
(552005, 'MODELO, MODAS'),
(552006, 'MODELO, PINTORES'),
(552007, 'MODELO, PUBLICIDAD'),
(553001, 'ASTROLOGO'),
(553002, 'CARTOMANTICO'),
(553003, 'GEOMANTICO'),
(553004, 'NUMEROLOGO'),
(553005, 'NUMEROMANTICO'),
(553006, 'ONIROMANTICO'),
(553007, 'QUIROMANTICO'),
(561001, 'BOMBERO'),
(561002, 'BOMBERO, ACCIDENTES DE AVIACION'),
(561003, 'BOMBERO, AEROPUERTOS'),
(561004, 'BOMBERO, FORESTAL'),
(561006, 'ESPECIALISTA, SALVAMENTO/INCENDIOS (DESASTRES)'),
(562001, 'ALGUACILES'),
(562002, 'POLICIA MUNICIPAL'),
(562003, 'SERENAZGO'),
(563001, 'CARCELERO'),
(563002, 'GUARDIAN, CARCEL'),
(563003, 'GUARDIAN, PRISION, ESTABLECIMIENTO PENAL'),
(563004, 'VIGILANTE DE ESTABLECIMIENTO PENAL Y OTROS CENTROS TUTELARE'),
(564001, 'CUSTODIO'),
(564002, 'GUARDAESPALDA'),
(564003, 'GUARDIA DE SEGURIDAD (PRIVADOS)'),
(564004, 'POLICIA PARTICULAR'),
(564005, 'VIGILANTE DE SEGURIDAD (PRIVADOS)'),
(565001, 'DETECTIVE PRIVADO'),
(571001, 'COMERCIANTE, COMERCIO AL POR MAYOR'),
(571002, 'DESPACHADOR, MERCADERIAS/COMERCIO AL POR MAYOR'),
(571003, 'MAYORISTA, COMERCIO AL POR MAYOR'),
(571004, 'VENDEDOR, ABARROTES/COMERCIO AL POR MAYOR'),
(571005, 'VENDEDOR, PROVEEDOR/COMERCIO AL POR MAYOR'),
(571006, 'VENDEDOR, COMERCIO AL POR MAYOR'),
(572001, 'COMERCIANTE, ARTICULOS DEPORTIVOS'),
(572002, 'COMERCIANTE, ARTICULOS ELECTRODOMESTICOS'),
(572003, 'COMERCIANTE, BOUTIQUE'),
(572004, 'COMERCIANTE, CALZADO'),
(572005, 'COMERCIANTE, CARROS'),
(572006, 'COMERCIANTE, COMBUSTIBLE/GRIFERO (DESPACHADOR DE GASOLINA)'),
(572007, 'COMERCIANTE, JOYERIA Y RELOJERIA'),
(572008, 'COMERCIANTE, JUGUETES'),
(572009, 'COMERCIANTE, LICORES'),
(572010, 'COMERCIANTE, LOZA Y PORCELANA'),
(572011, 'COMERCIANTE, MUEBLES'),
(572012, 'COMERCIANTE, OPTICA'),
(572013, 'COMERCIANTE, PRENDAS DE VESTIR'),
(572014, 'COMERCIANTE, REPUESTOS EN GENERAL'),
(572015, 'DESPACHADOR, MERCADERIA/COMERCIO AL POR MENOR'),
(572016, 'VENDEDOR, ABARROTES/ABACERO (BODEGUERO)'),
(572017, 'VENDEDOR, ARTESANIA'),
(572018, 'VENDEDOR, CARBON'),
(572019, 'VENDEDOR, CARNE'),
(572020, 'VENDEDOR, CARTON/PAPEL'),
(572021, 'VENDEDOR, FARMACIA'),
(572022, 'VENDEDOR, CIGARRILLOS'),
(572023, 'VENDEDOR, FERRETERIA'),
(572024, 'VENDEDOR, FLORES'),
(572025, 'VENDEDOR, FRUTAS'),
(572026, 'VENDEDOR, HERBOLARIOS/HIERBAS'),
(572027, 'VENDEDOR, LECHE'),
(572028, 'VENDEDOR, LICORERIA'),
(572029, 'VENDEDOR, LIBROS/UTILES ESCOLARES'),
(572030, 'VENDEDOR, LOZA/CRISTALERIA Y PORCELANA'),
(572031, 'VENDEDOR, MADERAS/TRIPLAY'),
(572032, 'VENDEDOR, MATERIALES DE CONSTRUCCION'),
(572033, 'VENDEDOR, MUEBLERIA'),
(572034, 'VENDEDOR, PASAMANERIA/MERCERIA'),
(572035, 'VENDEDOR, PERFUMERIA'),
(572036, 'VENDEDOR, PELETERO'),
(572037, 'VENDEDOR, PRENDAS DE VESTIR'),
(572038, 'VENDEDOR, PULPA'),
(572039, 'VENDEDOR, REPUESTOS EN GENERAL'),
(572040, 'VENDEDOR, SOMBREROS'),
(572041, 'VENDEDOR, ZAPATERIA'),
(572042, 'OTROS, COMERCIANTES VENDEDORES AL POR MENOR (NO AMBULATORIO'),
(573001, 'DEMOSTRADOR (A) DE ARTICULOS'),
(573002, 'DEMOSTRADOR (A) DE PRODUCTOS PARA LA VENTA EN ESTABLECIMIEN'),
(574001, 'VENDEDOR EN PUESTO DE MERCADO'),
(574002, 'VENDEDOR EN KIOSCO'),
(575001, 'EMPLEADO, DEPENDIENTE DE TIENDA, COMERCIO NEP'),
(575002, 'VENDEDOR, COMERCIO NEP'),
(581001, 'VENDEDORES DE ARTEFACTOS ELECTRICOS'),
(581002, 'VENDEDORES DE LIBROS'),
(582001, 'COMPRADOR VENDEDOR DE ORO, PLATA'),
(582002, 'COMPRA VENTA DE MONEDAS Y BILLETES'),
(583001, 'COMERCIO N.E.'),
(611001, 'CAPATAZ FORESTAL'),
(611002, 'CAPATAZ DE CAMPO DE HACIENDA'),
(611003, 'CAPORAL, MAYORDOMO DE HACIENDA'),
(611004, 'JEFE DE MAQUINARIA AGRICOLA'),
(612001, 'AGRICULTOR'),
(612002, 'AGRICULTOR EXPLOTADOR, CULTIVO/ALFALFA'),
(612003, 'AGRICULTOR EXPLOTADOR, CULTIVO/ALGODON'),
(612004, 'AGRICULTOR EXPLOTADOR, CULTIVO/ARROZ'),
(612005, 'AGRICULTOR EXPLOTADOR, CULTIVO/CACAHUETE'),
(612006, 'AGRICULTOR EXPLOTADOR, CULTIVO/CA?A DE AZUCAR'),
(612007, 'AGRICULTOR EXPLOTADOR, CULTIVO/CEREALES'),
(612008, 'AGRICULTOR EXPLOTADOR, CULTIVO/FLORES'),
(612009, 'AGRICULTOR EXPLOTADOR, CULTIVO/GRANO'),
(612010, 'AGRICULTOR EXPLOTADOR, CULTIVO/HORTALIZAS (CULTIVO EXTENSIV'),
(612011, 'AGRICULTOR EXPLOTADOR, CULTIVO/LINO'),
(612012, 'AGRICULTOR EXPLOTADOR, CULTIVO/MAIZ'),
(612013, 'AGRICULTOR EXPLOTADOR, CULTIVO/REMOLACHA'),
(612014, 'AGRICULTOR EXPLOTADOR, CULTIVO/SISAL'),
(612015, 'AGRICULTOR EXPLOTADOR, CULTIVO/SOJA'),
(612016, 'AGRICULTOR EXPLOTADOR, CULTIVO/TABACO'),
(612017, 'AGRICULTOR EXPLOTADOR, CULTIVO/TRIGO'),
(612018, 'AGRICULTOR EXPLOTADOR, CULTIVO/YUTE'),
(612019, 'PRODUCTOR, CULTIVOS EXTENSIVOS'),
(612020, 'PRODUCTOR, HORTALIZAS/CULTIVO EXTENSIVO'),
(612021, 'PRODUCTOR, REMOLACHA AZUCARERA'),
(612022, 'PRODUCTOR, SOYA'),
(612023, 'TRABAJADOR AGRICOLA CALIFICADO, ALGODON'),
(612024, 'TRABAJADOR AGRICOLA CALIFICADO, ARROZ'),
(612025, 'TRABAJADOR AGRICOLA CALIFICADO, CACAHUETES'),
(612026, 'TRABAJADOR AGRICOLA CALIFICADO, CA?A DE AZUCAR'),
(612027, 'TRABAJADOR AGRICOLA CALIFICADO, CULTIVO EXTENSIVO'),
(612028, 'TRABAJADOR AGRICOLA CALIFICADO, HORTALIZAS'),
(612029, 'TRABAJADOR AGRICOLA CALIFICADO, IRRIGACION'),
(612030, 'TRABAJADOR AGRICOLA CALIFICADO, LINO'),
(612031, 'TRABAJADOR AGRICOLA CALIFICADO, PATATAS'),
(612032, 'TRABAJADOR AGRICOLA CALIFICADO, REMOLACHA'),
(612033, 'TRABAJADOR AGRICOLA CALIFICADO, TABACO'),
(612034, 'TRABAJADOR AGRICOLA CALIFICADO, TRIGO'),
(612035, 'TRABAJADOR AGRICOLA CALIFICADO, YUTE'),
(613001, 'AGRICULTOR EXPLOTADOR, ALMENDRAS'),
(613002, 'AGRICULTOR EXPLOTADOR, CULTIVO/CITRICOS'),
(613003, 'AGRICULTOR EXPLOTADOR, PLANTACION/CACAO'),
(613004, 'AGRICULTOR EXPLOTADOR, PLANTACION/CAFE,TE'),
(613005, 'AGRICULTOR EXPLOTADOR, PLANTACION/COCOTEROS'),
(613006, 'AGRICULTOR EXPLOTADOR, PLANTACION/HEVEA'),
(613007, 'AGRICULTOR EXPLOTADOR DE VIA'),
(613008, 'ARBORICULTOR, ALMENDROS'),
(613009, 'ARBORICULTOR, ARBUSTOS'),
(613010, 'ARBORICULTOR, CACAO'),
(613011, 'ARBORICULTOR, CAFETALES'),
(613012, 'ARBORICULTOR, COCOTEROS'),
(613013, 'ARBORICULTOR, FRUTALES EN GENERAL'),
(613014, 'ARBORICULTOR, LUPULO'),
(613015, 'ARBORICULTOR, NOGALES'),
(613016, 'ARBORICULTOR, OLEAGINOSAS'),
(613017, 'ARBORICULTOR, PLANTACIONES/COPRA'),
(613018, 'ARBORICULTOR, PLANTACIONES/HEVEA'),
(613019, 'ARBORICULTOR, PLANTACIONES/TE'),
(613020, 'CULTIVADOR, LUPULO'),
(613021, 'CULTIVADOR, PLANTACIONES/TE'),
(613022, 'CULTIVADOR EXPLOTADOR, CAUCHO'),
(613023, 'FRUTICULTOR'),
(613024, 'INJERTADOR'),
(613025, 'PODADOR, ARBOLES FRUTALES'),
(613026, 'PODADOR-INJERTADOR, ARBUSTOS'),
(613027, 'RESINERO'),
(613028, 'SANGRADOR, ARBOLES/EXCEPTO HEVEA'),
(613029, 'SANGRADOR, CAUCHO'),
(613030, 'SANGRADOR, JARABE DE ARCE'),
(613031, 'SHIVINGERO'),
(613032, 'TRABAJADOR AGRICOLA CALIFICADO, ARBOLES FRUTALES'),
(613033, 'TRABAJADOR AGRICOLA CALIFICADO, ARBUSTOS'),
(613034, 'TRABAJADOR AGRICOLA CALIFICADO, CACAO'),
(613035, 'TRABAJADOR AGRICOLA CALIFICADO, CAFE'),
(613036, 'TRABAJADOR AGRICOLA CALIFICADO, COSECHA/ARBUSTOS'),
(613037, 'TRABAJADOR AGRICOLA CALIFICADO, HEVEA'),
(613038, 'TRABAJADOR AGRICOLA CALIFICADO, HUERTOS'),
(613039, 'TRABAJADOR AGRICOLA CALIFICADO, LUPULO'),
(613040, 'TRABAJADOR AGRICOLA CALIFICADO, PLANTACIONES/ARBUSTOS'),
(613041, 'TRABAJADOR AGRICOLA CALIFICADO, PLANTACIONES/TE'),
(613042, 'TRABAJADOR AGRICOLA CALIFICADO, VITICULTURA'),
(613043, 'VINICULTOR'),
(613044, 'VITICULTOR'),
(614001, 'CULTIVADOR, HONGOS'),
(614002, 'CULTIVADOR, SETAS Y CHAMPI?ONES'),
(614003, 'CULTIVADOR, VIVEROS'),
(614004, 'CULTIVADOR, VIVEROS/BULBOS'),
(614005, 'CULTIVADOR, VIVEROS/ESPECIAS'),
(614006, 'CULTIVADOR, VIVEROS/HORTALIZAS'),
(614007, 'CULTIVADOR, VIVEROS/SEMILLAS'),
(614008, 'FLORICULTOR'),
(614009, 'FLORICULTOR, ROSAS'),
(614010, 'FLORICULTOR, TULIPANES'),
(614011, 'HORTELANO'),
(614012, 'HORTICULTOR'),
(614013, 'HORTICULTOR, VIVEROS'),
(614014, 'JARDINERO, SEMILLERO'),
(614015, 'JARDINERO, VIVEROS'),
(614016, 'TRABAJADOR AGRICOLA CALIFICADO, CESPED'),
(614017, 'TRABAJADOR AGRICOLA CALIFICADO, CULTIVO DE HONGOS'),
(614018, 'TRABAJADOR AGRICOLA CALIFICADO, HORTICULTURA'),
(614019, 'TRABAJADOR AGRICOLA CALIFICADO, VIVERO'),
(615001, 'AGRICULTOR (EXPLOTADOR), POLICULTIVOS'),
(615002, 'AGRICULTOR FORESTAL, TRABAJADOR INDEPENDIENTE'),
(615003, 'AGRICULTOR GANADERO, TRABAJADOR INDEPENDIENTE');
INSERT INTO `ocupaciones_p` (`cod_ocupacion_p`, `nombre`) VALUES
(615004, 'EXPLOTADOR AGRICOLA, TRABAJADOR INDEPENDIENTE'),
(615005, 'EXPLOTADOR AGROPECUARIO, TRABAJADOR INDEPENDIENTE'),
(615006, 'CAMPESINO, TRABAJADOR INDEPENDIENTE'),
(615007, 'GANADERO FORESTAL, TRABAJADOR INDEPENDIENTE'),
(615008, 'TRABAJADOR AGRICOLA CALIFICADO, POLICULTIVOS'),
(616001, 'EXPLOTADOR, FORESTAL O BOSQUES'),
(616002, 'ALMADIERO'),
(616003, 'ASERRADOR, MONTE'),
(616004, 'CLASIFICADOR, TRONCOS'),
(616005, 'CORTADOR DE TRAVIESAS DE FERROCARRIL Y/O POSTES'),
(616006, 'CUBICADOR, MADERA'),
(616007, 'DESCORCHADOR, ALCORNOQUES'),
(616008, 'DESCORTEZADOR, ARBOLES'),
(616009, 'ESCALADOR-PODADOR, ARBOLES'),
(616010, 'ESCUADRADOR, TRONCOS'),
(616011, 'SUPERVISOR, FORESTAL'),
(616012, 'FLOTADOR, TRONCOS'),
(616013, 'GABARRERO'),
(616014, 'GANCHERO FORESTAL'),
(616015, 'GUARDABOSQUES'),
(616016, 'MARCADOR, ARBOLES'),
(616017, 'PLANTADOR, ARBOLES/SILVICULTURA'),
(616018, 'PODADOR, SILVICULTURA'),
(616019, 'SECADOR, CORCHO'),
(616020, 'TALADOR EN GENERAL (CORTADOR DE ARBOLES)'),
(616021, 'TRABAJADOR FORESTAL CALIFICADO'),
(616022, 'TRABAJADOR FORESTAL CALIFICADO, REPOBLACION FORESTAL'),
(616023, 'TRABAJADOR FORESTAL CALIFICADO, SILVICULTURA'),
(616024, 'TROZADOR, ARBOLES'),
(616025, 'TROZADOR, TRAVIESAS DE FERROCARRIL'),
(616026, 'TROZADOR, VIGAS'),
(617001, 'CARBONERO, CARBON VEGETAL'),
(617002, 'DESTILADOR, MADERA'),
(617003, 'TRABAJADOR CARBONERO CALIFICADO, CARBON VEGETAL/TECNICAS TR'),
(617004, 'TRABAJADOR FORESTAL CALIFICADO, DESTILACION DE MADERA/TECNI'),
(621001, 'CRIADOR, AUQUENIDOS'),
(621002, 'CRIADOR, CABALLOS'),
(621003, 'CRIADOR, CONEJOS'),
(621004, 'CRIADOR, CORDEROS DE ASTRACAN'),
(621005, 'CRIADOR, CUYES'),
(621006, 'CRIADOR, GANADO VACUNO (EXCEPTO GANADO LECHERO)'),
(621007, 'CRIADOR, GANADO BOVINO'),
(621008, 'CRIADOR, GANADO CABALLAR'),
(621009, 'CRIADOR, GANADO CAPRINO/CABRAS (LANA)'),
(621010, 'CRIADOR, GANADO OVINO (LANA)'),
(621011, 'CRIADOR, GANADO PORCINO'),
(621012, 'CRIADOR, REPRODUCTORES'),
(621013, 'ESQUILADOR'),
(621014, 'JEFE DE CUADRA'),
(621015, 'GANADERO'),
(621016, 'GANADERO, AUQUENIDOS'),
(621017, 'GANADERO, CUNICULTOR/CONEJO'),
(621018, 'GANADERO, CUYES'),
(621019, 'GANADERO, TORO DE LIDIA'),
(621020, 'GANADERO VACUNO (EXECPTO GANADO LECHERO)'),
(621021, 'GANADERO CABALLO'),
(621022, 'GANADERO LANAL'),
(621023, 'GANADERO PORCINO'),
(621024, 'INSEMINADOR, GANADO'),
(621025, 'ORDE?ADOR'),
(621026, 'TRABAJADOR PECUARIO CALIFICADO'),
(621027, 'TRABAJADOR PECUARIO CALIFICADO, CRIADERO DE ANIMALES'),
(621028, 'TRABAJADOR PECUARIO CALIFICADO, GANADERIA'),
(621029, 'TRABAJADOR PECUARIO CALIFICADO, GANADO VACUNO'),
(621030, 'TRABAJADOR PECUARIO CALIFICADO, GANADO LANAR'),
(621031, 'TRABAJADOR PECUARIO CALIFICADO, GANADO PORCINO'),
(622001, 'CRIADOR DE VACAS LECHERAS'),
(622002, 'CRIADOR DE CABRAS PARA LA PRODUCCION DE LECHE'),
(623001, 'AVICULTOR'),
(623002, 'AVICULTOR, CRIA/CRIADERO'),
(623003, 'AVICULTOR, HUEVOS'),
(623004, 'AVICULTOR, INCUBACION ARTIFICIAL'),
(623005, 'AVICULTOR, OCAS'),
(623006, 'AVICULTOR, PATOS'),
(623007, 'AVICULTOR, PAVOS'),
(623008, 'AVICULTOR, POLLOS'),
(623009, 'CLASIFICADOR, POLLOS'),
(623010, 'CRIADOR, AVES DE CAZA'),
(623011, 'CRIADOR, AVES DE CORRAL'),
(623012, 'GRANJERO, AVICULTOR'),
(623013, 'INSEMINADOR, AVES'),
(623014, 'SEXADOR, POLLOS'),
(623015, 'TRABAJADOR CALIFICADO, AVICULTURA'),
(623016, 'TRABAJADOR CALIFICADO, INCUBADORAS'),
(624001, 'APICULTOR (CRIADOR DE ABEJAS)'),
(624002, 'CRIADOR, GUSANO DE SEDA'),
(624003, 'SERICICULTOR'),
(624004, 'TRABAJADOR CALIFICADO, APICULTURA'),
(624005, 'TRABAJADOR CALIFICADO, SERICICULTURA'),
(625001, 'ADIESTRADOR, PERROS'),
(625002, 'CRIADOR, ANIMALES DE LABORATORIO/COBAYOS'),
(625003, 'CRIADOR, ANIMALES NO DOMESTICOS/PIELES FINAS'),
(625004, 'CRIADOR, ANIMALES SALVAJES/PIELES FINAS'),
(625005, 'CRIADOR, ANIMALES/RESERVAS NATURALES'),
(625006, 'CUIDADOR, ANIMALES/PARQUES ZOOLOGICOS'),
(625007, 'CUIDADOR, ANIMALES/RESERVAS NATURALES'),
(625008, 'CRIADOR DE GATOS'),
(625009, 'CRIADOR DE PERROS'),
(625010, 'ENTRENADOR, CABALLOS DE CARRERA'),
(625011, 'GUARDIAN, GANADO'),
(625012, 'GUARDIAN, PAJARERA'),
(625013, 'GUARDIAN, PARQUE ZOOLOGICO'),
(625014, 'TRABAJADOR CALIFICADO, AVES Y PAJAROS SALVAJES'),
(625015, 'TRABAJADOR, ANIMALES SALVAJES/PIELES FINAS'),
(625016, 'TRABAJADOR, CRIA DE PAJAROS SALVAJES'),
(625017, 'TRABAJADOR, ZOOLOGICO'),
(631001, 'ENCARGADO DE ACUARIO'),
(631002, 'PISCICULTOR CRIADORES DE ESPECIES ACUATICAS'),
(631003, 'PISICULTOR DE TRUCHAS'),
(631004, 'TRABAJADOR DE PISCIGRANJAS'),
(631005, 'LANGOSTERO'),
(631006, 'OSTRICULTOR'),
(631007, 'MARISCADOR/MARISQUERO'),
(631008, 'MEJILLONERO'),
(631009, 'OSTRERO'),
(631010, 'LARVERO'),
(632001, 'BUZO, PESCADOR/ESPONJAS'),
(632002, 'BUZO, PESCADOR/OSTRAS'),
(632003, 'PESCADOR DE RIO'),
(632004, 'PESCADOR DE LAGO'),
(632005, 'PESCADOR, AGUA DULCE'),
(632006, 'PESCADOR, COSTERO'),
(632007, 'PESCADOR, ESPONJAS'),
(632008, 'PESCADOR, MARISCADOR'),
(632009, 'PESCADOR, MEJILLONERO'),
(632010, 'PESCADOR, OSTRAS PERLIFERAS'),
(633001, 'ALMADRABERO'),
(633002, 'ANCHOVETERO'),
(633003, 'PESCADOR DE ALTURA'),
(633004, 'PESCADOR DE BAJURA'),
(633005, 'PESCADOR DE BOLICHERA'),
(633006, 'PESCADOR, RASTRA'),
(633007, 'PESCADOR, ATUNERO'),
(633008, 'REDERO DE MAR'),
(633009, 'TRIPULACION DE BARCOS PESQUEROS, OTROS'),
(634001, 'ARPONERO'),
(634002, 'BALLENERO'),
(634003, 'CAZADOR, BALLENAS'),
(634004, 'DESCUARTIZADOR, BALLENAS'),
(635001, 'CAMARONERO'),
(635002, 'RECOLECTOR DE ALGAS, ESPONJAS O MUSGO MARINO'),
(635003, 'CARACOLERO'),
(635004, 'CAZADORES DE TORTUGAS MARINAS'),
(635005, 'CONCHERO'),
(635006, 'CAZADORES DE OTROS ANIMALES ACUATICOS (FOCAS, LOBOS MARINOS'),
(635007, 'CHORERO'),
(635008, 'CRIADOR DE OSTRAS'),
(636001, 'CAZADOR DE ANIMALES SALVAJES'),
(636002, 'CAZADOR DE VENADO, CHINCHILLA'),
(636003, 'CAZADOR DE AVES'),
(636004, 'CAZADOR DE MONOS'),
(636005, 'CAZADOR DE ANIMALES DE PIELES'),
(636006, 'CAZADOR DE SERPIENTES'),
(636007, 'CAZADOR, OTROS'),
(637008, 'TRAMPEROS'),
(641001, 'AGRICULTOR, SUBSISTENCIA'),
(641002, 'TRABAJADOR AGRICOLA CALIFICADO, CULTIVOS DE SUBSISTENCIA'),
(641003, 'PESCADOR, SUBSISTENCIA'),
(641004, 'TRABAJADOR, PESCADOR CALIFICADO, PESCA DE SUBSISTENCIA'),
(711001, 'ADORNISTAS'),
(711002, 'APIRI'),
(711003, 'APUNTALADOR, ADEMADOR, ALADERO, ENTIBADOR, MINAS'),
(711004, 'ARTILLERO, MINAS Y CANTERAS'),
(711005, 'APURADOR-LAVADOR DE MINERAL'),
(711006, 'ASERRADOR DE PIEDRA'),
(711007, 'BARRENERO, DINAMITERO'),
(711008, 'CAPATAZ O CONTRAMAESTRE DE MINAS Y CANTERAS'),
(711009, 'CLASIFICADOR DE PIEDRA'),
(711010, 'COLECTOR DE MUESTRAS,MINAS'),
(711011, 'CONDUCTOR DE MAQUINA ROZADORA, CORTADORA, PERFORADORA,ETC'),
(711012, 'CONDUCTOR DE MAQUINA CONTINUA DE ARRANQUE'),
(711013, 'CRIBADOR DE CARBON O MINERALES'),
(711014, 'DESMUESTRADOR O COLECTOR DE MUESTRAS'),
(711015, 'DINAMITERO, PEGADOR, MINAS Y CANTERAS'),
(711016, 'DOLADOR, PIEDRAS'),
(711017, 'ENGANCHADOR, MINAS'),
(711018, 'ESCOGEDOR DE MINERALES'),
(711019, 'ESCOGEDOR DE PIEDRAS'),
(711020, 'ESTRIBADOR DE MINERALES'),
(711021, 'ENTIBADOR, ENMADERADOR DE MINA O DE GALERIA'),
(711022, 'GRABADOR DE INSCRIPCIONES Y PIEDRA A MANO'),
(711023, 'GRABADOR MOTIVOS SIMPLES EN BLOQUES DE PIEDRAS'),
(711024, 'GRABADOR DE PIEDRA CON ESTARCIDORES'),
(711025, 'GRABADOR DE RELIEVE EN PIEDRA A MANO'),
(711026, 'HENDEDOR DE PIEDRAS'),
(711027, 'LAVADOR DE ORO'),
(711028, 'LAVADOR DE MINERALES'),
(711029, 'MACHACADOR, TRITURADOR, MINERALES'),
(711030, 'MANIOBRISTA, MINAS'),
(711031, 'MOLINERO DE MINERAL'),
(711032, 'OPERADOR DE APARATO DE PRECIPITACION'),
(711033, 'OPERADOR DE CONO DE SEPARACION, MINAS'),
(711034, 'OPERADOR DE CRIBAS HIDRAULICAS'),
(711035, 'OPERADOR DE INSTALACIONES DE FLOTACION'),
(711036, 'OPERADOR DE PRENSA DE PELLETS DE MINERAL'),
(711037, 'OPERADOR DE QUEBRANTADORA DE MINERAL'),
(711038, 'OPERADOR DE QUEBRANTADORA DE ROCAS'),
(711039, 'OPERADOR DE TRITURADORA DE MINERALES'),
(711040, 'PALERO, MINAS'),
(711041, 'PEGADOR, MINAS Y CANTERAS'),
(711042, 'PERFORADORES DE MINAS'),
(711043, 'PERFORADOR DE PIEDRAS'),
(711044, 'PRENSADOR DE BRIQUETAS DE CARBON'),
(711045, 'PULIDOR DE PIEDRA A MANO'),
(711046, 'PULIDOR DE PIEDRA A MAQUINA'),
(711047, 'SACAMUESTRAS, MINAS'),
(711048, 'TALLADOR DE LAMINAS'),
(711049, 'TALLADOR DE PIEDRA'),
(711050, 'TERRAPLENISTA,MINAS'),
(711051, 'TERRERISTA, MINAS'),
(711052, 'TOLVERO,MINAS Y CANTERAS'),
(711053, 'TOMADOR DE MUESTRAS,MINAS'),
(711054, 'TORNERO, LABRA  DE PIEDRA'),
(711055, 'TRAZADOR SOBRE PIEDRA'),
(711056, 'TRECHEADOR DE MINAS Y CANTERAS'),
(711057, 'TRITURADOR, MINERALES'),
(711058, 'TRONZADOR DE PIEDRAS'),
(712001, 'CEMENTADOR, POZOS DE PETROLEO Y GAS'),
(712002, 'CONDUCTORES DE PERFORADORA DE PERCUSION, POZOS DE PETROLEO'),
(712003, 'CONDUCTORES DE TREN DE SONDEO POR ROTACION, POZOS DE PETROL'),
(712004, 'DESINCRUSTADOR DE POZOS DE PETROLEO Y GAS'),
(712005, 'MECANICO DE SONDAS, POZOS DE PETROLEO Y GAS'),
(712006, 'OPERADOR DE ACIDIFICACION DE POZOS DE PETROLEO'),
(712007, 'OTROS SONDISTAS Y TRABAJADORES ASIMILADOS'),
(712008, 'PEON DE TORRE, PETROLEO'),
(712009, 'PERFORADOR CON APARATO ROTATIVO, POZOS DE PETROLEO Y GAS'),
(712010, 'PERFORADOR DE POZOS DE AGUA'),
(712011, 'PERFORADOR DE POZOS ARTESIANOS'),
(712012, 'PERFORADOR DE POZOS PETROLIFEROS'),
(712013, 'SONDISTA DE POZOS EN EXPLOTACION'),
(712014, 'SONDISTA, CONDUCTOR DE PERFORADORA DE PERCUSION, PETROLEO Y'),
(712015, 'SONDISTA, EXCEPTO POZOS DE PETROLEO Y GAS'),
(712016, 'SONDISTA, POZOS DE PETROLEO Y GAS'),
(712017, 'SONDISTA, RECUPERACION Y MANTENIMIENTO DE CILINDROS DE PETR'),
(712018, 'SONDISTA, CONDUCTORES DE TREN DE SONDEO POR ROTACION,'),
(712019, 'TUBEROS DE SONDEO'),
(713001, 'AYUDANTE, HORNO ALTO'),
(713002, 'CARGADOR DE HORNO ALTO'),
(713003, 'COLADOR DE HORNO ALTO'),
(713004, 'FUNDIDOR DE ALTO HORNO, FUSION DE MINERAL'),
(713005, 'FUNDIDOR DE CONVERTIDOR DE ACERO, AL OXIGENO'),
(713006, 'FUNDIDOR DE CONVERTIDOR BESSEMER, DE ACERO'),
(713007, 'FUNDIDOR EN EL AFINO Y REFINO DE METALES NO FERREOS'),
(713008, 'FUNDIDOR EN HORNOS'),
(713009, 'FUNDIDOR EN HORNO DE ACERO MARTIN SIEMENS'),
(713010, 'FUNDIDOR EN HORNO THOMAS'),
(713011, 'FUNDIDOR EN HORNO ELECTRICO DE ARCO, REFINO DE ACERO'),
(713012, 'FUNDIDOR EN HORNO DE CONVER. Y AFINADO DE METAL.NO FERREOS'),
(713013, 'HORNERO DE ALTO HORNO'),
(713014, 'HORNERO DE CONVERTIDOR BASSEMER'),
(713015, 'HORNERO DE CONVERSION Y AFINACION DE METALES  NO FERREOS'),
(713016, 'HORNERO DE HORNO THOMAS O ELKEM'),
(714001, 'AUXILIAR DE TREN DE LAMINACION'),
(714002, 'AYUDANTE DE TREN DE LAMINACION'),
(714003, 'LAMINADOR DE ACERO EN CALIENTE'),
(714004, 'LAMINADOR DE ACERO EN TREN CONTINUO'),
(714005, 'LAMINADOR DE ACERO EN FRIO'),
(714006, 'LAMINADOR DE METALES NO FERREOS'),
(714007, 'LAMINADOR DE PRODUCTOS SEMIACABADOS DE ACERO'),
(714008, 'LAMINADOR DE TUBOS SIN SOLDADURA'),
(714009, 'MAQUINISTA DE TREN DE LAMINACION'),
(714010, 'OPERARIO DE TREN DE LAMINACION'),
(714011, 'OPERARIO DE LAMINADO DE REVESTIMIENTO'),
(714012, 'OPERARIO DE LAMINADO REVERSIBLE'),
(715001, 'AYUDANTE DE HORNO DE SEGUNDA FUSION O DE RECALENTADO'),
(715002, 'COLADOR DE HORNO DE SEGUNDA FUSION'),
(715003, 'FUNDIDOR DE CRISOLES, SEGUNDA FUSION'),
(715004, 'FUNDIDOR DE CUBILOTE'),
(715005, 'FUNDIDOR EN HORNO DE REVERBERO, SEGUNDA FUSION'),
(715006, 'FUNDIDOR DE HORNO DE HOGAR ABIERTO, SEG. FUSION'),
(715007, 'FUNDIDOR EN HORNO ELECTRICO, SEGUNDA FUSION'),
(715008, 'FUNDIDOR EN SEGUNDA FUSION'),
(715009, 'HORNERO DE SEGUNDA FUSION'),
(715010, 'OPERADOR DE HORNO DE RECALENTAR'),
(716001, 'COLADOR DE HORNO A PRESION'),
(716002, 'COLADOR DE MOLDES A MAQUINA CENTRIFUGADORA'),
(716003, 'COLADOR EN MOLDES, PIEZAS DE METAL'),
(716004, 'FUNDIDOR DE PIEZAS DE MOLDES'),
(716005, 'OPERADOR DE MAQUINA CENTRIFUGADORA DE COLADA'),
(716006, 'OPERADOR DE MAQUINA DE COLAR DE PRESION'),
(716007, 'OPERADOR DE MAQUINA COLADA CONTINUA DE TUBOS Y VARILLAS'),
(716008, 'OPERARIO DE NAVE DE COLADA'),
(716009, 'OPERARIO DE COLADA CONTINUA'),
(717001, 'PREPARADOR DE MOLDES SOBRE BANCO'),
(717002, 'CONSTRUCTOR DE MACHOS A MANO'),
(717003, 'CONSTRUCTOR DE MACHOS A MAQUINA'),
(717004, 'MACHERO A MANO'),
(717005, 'MACHERO A MAQUINA'),
(717006, 'MOLDEADOR A MAQUINA'),
(717007, 'MOLDEADOR DE ARTESA'),
(717008, 'MOLDEADOR DE CAJA'),
(717009, 'PREPARADOR DE MOLDES EN EL SUELO Y EN FOSAS'),
(717010, 'PREPARADOR DE MOLDES A MAQUINA'),
(718001, 'BRONCEADOR'),
(718002, 'CEMENTADOR DE METALES'),
(718003, 'CEMENTADOR DE METALES POR NUTRICION'),
(718004, 'CEMENTADOR DE METALES POR CIANURIZACION'),
(718005, 'CEMENTADOR DE METALES POR CARBONIZACION'),
(718006, 'CONDUCTOR DE PRENSA DE ESTIRAR METALES'),
(718007, 'CROMADOR'),
(718008, 'ELECTROPLASTIA, GALVANIZADOR'),
(718009, 'EMENTADOR DE METALES'),
(718010, 'ESTIRADOR DE TUBOS SIN SOLDADURA'),
(718011, 'EXTRUSOR DE METALES'),
(718012, 'GALVANIZADOR EN BA?O CALIENTE'),
(718013, 'METALIZADOR A PISTOLA'),
(718014, 'METALIZADOR EN BA?O CALIENTE'),
(718015, 'NIQUELADOR'),
(718016, 'NORMALIZADOR DE METALES'),
(718017, 'OPERADOR DE MAQUINA RECUBRIDORA DE ALAMBRE'),
(718018, 'OTROS GALVANIZADORES Y RECUBRIDORES DE METALES'),
(718019, 'PLATEADOR'),
(718020, 'PULVERIZADOR DE METAL A PISTOLA'),
(718021, 'PUNTERO, METALES'),
(718022, 'RECOCEDOR DE METALES'),
(718023, 'REVESTIDOR EN BA?O CALIENTE'),
(718024, 'TEMPLADOR DE METALES'),
(718025, 'TREFILADOR A MANO'),
(718026, 'TREFILADOR A MAQUINA'),
(718027, 'ZINCADOR EN BA?O CALIENTE'),
(719001, 'DECAPADOR DE METALES'),
(719002, 'DESBASTADOR DE PIEZAS DE MOLDEO'),
(719003, 'LIMPIADOR DE METALES'),
(719004, 'LIMPIADOR DE METALES POR ONDAS ULTRASONICAS'),
(719005, 'LIMPIADOR POR CHORRO DE ARENA, METALES'),
(719006, 'OPERADOR DE SOPLADOR DE ARENA, PARA LIMPIAR METALES'),
(719007, 'PAVONADOR DE METALES'),
(719008, 'PULIDOR DE PIEZAS DE METAL COLADO'),
(719009, 'PULIDOR DE PIEZAS DE MOLDEO'),
(721001, 'IMPREGNADOR DE MADERA'),
(721002, 'OPERADOR DE HORNO DE SECADO DE MADERA'),
(721003, 'SECADOR DE MADERA'),
(722001, 'ASERRADOR EN GENERAL, SERRERIAS'),
(722002, 'CLASIFICADOR DE MADERA'),
(722003, 'CONDUCTOR DE DESCORTEZADORA'),
(722004, 'CORTADOR  DE CHAPA DE MADERA'),
(722005, 'CORTADOR DE PAJA DE MADERA'),
(722006, 'DESCORTEZADOR A MAQUINA'),
(722007, 'ENCOLADOR DE CHAPAS DE MADERA'),
(722008, 'OPERADOR DE MAQUINA PELADORA PARA CHAPAS'),
(722009, 'OPERADOR DE MAQUINA INTERCALADORA DE CHAPAS, CONTRACHAPADO'),
(722010, 'OPERADOR DE PRENSA DE CONTRACHAPADO'),
(722011, 'OPERADOR DE PRENSA DE MADERA TERCIADA'),
(722012, 'OPERADOR DE SIERRA DE CINTA'),
(722013, 'OPERADOR DE SIERRAS DE RECORTAR TABLAS'),
(722014, 'SERRUCHADOR,ASERRADERO'),
(723001, 'BLANQUEADOR DE PASTA PARA PAPEL'),
(723002, 'CONDUCTOR DE DESFIBRADORA DE MADERA'),
(723003, 'CONDUCTOR DE MOJADORAS, PASTA DE PAPEL'),
(723004, 'CONDUCTOR DE TRITURADORAS, PULPA DE MADERA'),
(723005, 'CORTADOR DE TRAPOS, PASTA DE PAPEL'),
(723006, 'CORTADOR DE VIRUTA PARA PULPA DE MADERA'),
(723007, 'DESFIBRADOR RASPADOR DE MADERA'),
(723008, 'LEJIADOR, PASTA PARA PAPEL'),
(723009, 'OPERADOR DE BATIDORA, PULPA DE MADERA'),
(723010, 'OPERADOR DE CALDERA, PASTA PARA PAPEL'),
(723011, 'OPERADOR DE MAQUINA DE TRITURAR MADERA'),
(723012, 'OPERADOR DE PASTA PARA PAPEL EN GENERAL'),
(723013, 'PASTA DE PAPEL LAURENTE'),
(723014, 'REFINADOR DE PASTA DE PAPEL'),
(723015, 'TRAPERO,PREPARACION DE PASTA PARA PAPEL'),
(724001, 'CONDUCTOR DE CHAROLADORA, PAPEL'),
(724002, 'CONDUCTOR DE ENGOMADORA, PAPEL'),
(724003, 'CONDUCTOR DE GOFRADORA, PAPEL'),
(724004, 'CONDUCTOR DE ONDULADORA, PAPEL'),
(724005, 'CONDUCTOR DE PARAFINADORA, PAPEL'),
(724006, 'OPERADOR DE CALANDRIA DE PAPEL'),
(724007, 'OPERADOR MAQUINA DE FABRICAR PAPEL, FASE HUMEDA, FASE SECA'),
(724008, 'OPERADOR DE MAQUINA DE APRESTAR PAPEL'),
(724009, 'OPERADOR DE MAQUINA PARA SECADO Y ENROLLADO, PAPEL'),
(724010, 'PAPELERO, FABRICACION A MANO'),
(724011, 'PLISADOR DE PAPEL'),
(724012, 'SATINADOR-CALANDRADOR DE PAPEL'),
(731001, 'MOLEDOR, PROCEDIMIENTOS QUIMICOS AFINES'),
(731002, 'MOLINERO, TRATAMIENTO DE PRODUCTOS QUIMICOS AFINES'),
(731003, 'OPERADOR DE BATIDORA DE HELICE'),
(731004, 'OPERADOR DE MAQUINA MEZCLADORA, TRATAMIENTO QUIMICO AFINES'),
(731005, 'OPERADOR DE QUEBRANTADORA, TRATAMIENTO QUIMICOS AFINES'),
(731006, 'TRITURADOR-PULPERIZADOR, PROCEDIMIENTOS QUIMICOS Y AFINES'),
(732001, 'CALCINADOR, TRATAMIENTOS QUIMICOS Y AFINES'),
(732002, 'COCEDOR, TRATAMIENTOS QUIMICOS Y AFINES'),
(732003, 'CUADRISTA (DE SISTESIS, GAS)'),
(732004, 'DESHIDRATADOR DE DISOLUCIONES QUIMICOS POR PULVERIZACION'),
(732005, 'HORNERO, FABRICACION DE ELECTRODOS'),
(732006, 'HORNERO, HORNOS CALCINACION, TRATAMIENTOS QUIMICOS Y AFINES'),
(732007, 'OPERADOR DE AUTOCLAVE, TRATAMIENTOS QUIMICOS Y AFINES'),
(732008, 'OPERADOR DE CALDERA, TRATAMIENTOS QUIMICOS Y AFINES'),
(732009, 'OPERADOR HORNOS CALCINACION, TRATAMIENTOS QUIMICOS Y AFINES'),
(732010, 'OPERADOR DE MARMITA, TRATAMIENTOS QUIMICOS Y AFINES'),
(732011, 'OPERADOR DE SECADOR, TRATAMIENTOS QUIMICOS Y AFINES'),
(732012, 'PULVERIZADOR,DESHIDRATADOR DE DISOLUCIONES QUIMICAS'),
(732013, 'SECADOR PRODUCTOS QUIMICOS, SECADOR CINTA TRANSPORTADORA'),
(732014, 'TOSTADOR, TRATAMIENTOS QUIMICOS Y AFINES'),
(733001, 'CRIBADOR DE PRODUCTOS QUIMICOS'),
(733002, 'DESHIDRATADOR PETROLEO CRUDO, CAMPOS EXTRACCION'),
(733003, 'OBRERO TRATAM. PETROLEO CRUDO, CAMPOS EXTRACCION'),
(733004, 'OPERADOR DE CENTRIFUGADORA'),
(733005, 'OPERADOR DE FILTRO-PRENSA'),
(733006, 'OPERADOR DE FILTRO DE TAMBOR GIRATORIO'),
(733007, 'OPERAD SEPARADORA CENTRIFUGADORA, TRATAMIENTO QUIMICO Y AFI'),
(733008, 'TAMIZADOR, TRATAMIENTOS QUIMICOS Y AFINES'),
(734001, 'DESTILADOR PRODUCTOS QUIMICOS, EXCEPTO PETROLEO'),
(734002, 'DESTILADOR PRODUCTOS QUIMICOS, EXCEPTO PETROLEO, ALAMBIQUE'),
(734003, 'DESTILADOR DE MADERA'),
(734004, 'DESTILADOR DE TREMENTINA DE MADERA'),
(734005, 'DESTILADOR DE RESINA DE TREMENTINA'),
(734006, 'DESTILADOR, BEBIDAS ALCOHOL, PERFUMERIA, GLICERINA'),
(734007, 'LICORISTA, DESTILACION'),
(734008, 'OPERADOR DE APARATOS REACCION, CONVERSION PRODUCTOS QUIMICO'),
(734009, 'OPERADOR DE EVAPORADOR'),
(734010, 'REFINADOR DE TREMENTINA'),
(735001, 'BOMBERO, REFINO DEL PETROLEO'),
(735002, 'DESTILADOR DEL PETROLEO'),
(735003, 'DESULFURADOR, REFINO DEL PETROLEO'),
(735004, 'DESULFURADOR HIDROCABUROS'),
(735005, 'MEZCLADOR, REFINO DEL PETROLEO'),
(735006, 'OPERADOR DE CUADRO DE CONTROL REFINO DEL PETROLEO'),
(735007, 'OPERADOR DE FILTROS DE PARAFINA'),
(735008, 'OPERADOR DE TURBINAS, REFINO DEL PETROLEO'),
(735009, 'REFINO DEL PETROLEO,BOMBERO'),
(736001, 'HILADOR DE NYLON'),
(736002, 'HILADOR DE RAYON Y SIMILARES'),
(737001, 'AHUMADOR DE LATEX'),
(737003, 'HORNERO, COQUERIA'),
(737004, 'LAVADOR DE MATERIAS QUIMICAS'),
(737005, 'OBREROS DE LA COAGULACION DE LATEX'),
(737006, 'OBREROS TRATAMIENTO QUIMICO DE MATERIALES RADIACTIVOS'),
(737007, 'OBREROS DEL TRATAMIENTO DE DESECHOS RADIACTIVOS'),
(737008, 'OBREROS EN LA FABRICACION DE ABONOS'),
(737009, 'OBREROS EN LA FABRICACION DE ACIDOS'),
(737010, 'OBRERO, FABRICACION COLORANTES, TINTES, PINTURAS, BARNICES'),
(737011, 'OBRERO, FABRICACION DE CARUSA'),
(737012, 'OBRERO, FABRICACION DE MINIO'),
(737013, 'OBRERO, FABRICACION HIDROGENO, OXIGENO, ACETILENO, OTROS'),
(737014, 'OBRERO, FABRICACION DE EXPLOSIVOS'),
(737015, 'OBRERO, FABRICACION DE COMPRIMIDOS Y GRAGEAS'),
(737016, 'OPERADOR DE BATERIA DE GAS DE HULLA'),
(737017, 'OPERADOR DE COQUERIA, CARBON DE COQUE'),
(737018, 'OPERADOR DE EQUIPO ELECTRONICO,TRATAMIENTOS QUIMICOS'),
(737019, 'OPERADOR DE PLANTA PARA LICUEFACCION DE GAS'),
(737020, 'PREPARADOR DE ALMIDON'),
(737021, 'PREPARADOR DE GLUCOSA'),
(737022, 'PREPARADOR DE PIGMENTOS'),
(741001, 'ALIMENTADORES DE CARDAS'),
(741002, 'BATIDOR DE FIBRA'),
(741003, 'CANALERO TEXTIL'),
(741004, 'CARDADOR DE FIBRAS'),
(741005, 'CLASIFICADOR DE FIBRA'),
(741006, 'DESFIBRADOR DE LINO O YUTE'),
(741007, 'DESMOTADOR, TEXTIL'),
(741008, 'DESPEPITADOR, ALGODON'),
(741009, 'DIABLERO'),
(741010, 'EMBORRADOR DE LANA'),
(741011, 'ESCOGEDOR DE FIBRA'),
(741012, 'ESPAPADOR'),
(741013, 'ESTIRADOR DE FIBRA'),
(741014, 'LAVADOR DE LANA'),
(741015, 'MANUARERA'),
(741016, 'MEZCLADOR DE FIBRA'),
(741017, 'MOTOSA O RAPARADORA, SEDA'),
(741018, 'NAPADOR DE FIBRA'),
(741019, 'PEINADOR DE FIBRA'),
(741020, 'RASTRILLADOR DE LINO'),
(741021, 'TORCEDOR DE MECHAS'),
(741022, 'TRIADOR DE FIBRA'),
(742001, 'ASPEADOR, TEXTIL'),
(742002, 'BOBINADOR, TEXTIL'),
(742003, 'DEVANADOR, TEXTIL'),
(742004, 'ENCARRETADOR, TEXTIL'),
(742005, 'HILADOR DE TORNO'),
(742006, 'HILANDERO, HILO E HILAZA'),
(742007, 'OVILLADOR, TEXTIL'),
(742008, 'PELOTERO, TEXTIL'),
(742009, 'PLEGADOR DE HILOS'),
(742010, 'RETORCEDOR DE HILO O HILAZA'),
(742011, 'RODETERO, TEXTIL'),
(742012, 'TORCEDOR DE HILO O HILAZA'),
(742013, 'TRASCANADOR DE MADEJAS'),
(742014, 'OBRERO TEXTIL'),
(743001, 'AJUSTADOR DE MAQUINA PARA TEJIDOS DE PUNTO'),
(743002, 'AJUSTADOR DE PEINES, TELARES'),
(743003, 'AJUSTADOR DE TELARES'),
(743004, 'AJUSTADOR DE TELAR JACQUARD'),
(743005, 'COPISTA DE DISE?OS PARA CARTONES JACQUARD'),
(743006, 'ENLAZADOR DE CARTONES JACQUARD'),
(743007, 'OPERADOR DE MAQUINAS DE REPRODUCCION CARTONES PARA TEJIDOS'),
(743008, 'PICADOR DE CARTONES JACQUARD'),
(744001, 'TEJEDOR DE ALFOMBRAS A MANO'),
(744002, 'TEJEDOR DE ALFOMBRAS EN TELAR ACCIONADO A MANO'),
(744003, 'TEJEDOR DE TAPICES,EN TELAR ACCIONADO A MANO'),
(744004, 'TEJEDOR DE TELAR A MANO'),
(744005, 'TEJEDOR PONCHOS O MANTAS TELAR ACCIONADO A MANO'),
(745001, 'CONFECCIONADOR DE VELOS Y MANTILLAS A MAQUINA'),
(745002, 'COMPROBADOR DE TEJIDOS'),
(745003, 'CONTROLADOR DE TEJIDOS'),
(745004, 'CONTROLADOR DE MAQUINA LECTORA TEJEDORA(ALFOMBRAS)'),
(745005, 'RECONTADORA DE ALFOMBRAS'),
(745006, 'REMENDADOR DE TEJIDOS'),
(745007, 'REPARADORA DE ALFOMBRAS'),
(745008, 'REVISOR DE TEJIDOS, OBREROS'),
(745009, 'TEJEDOR DE ALFOMBRA A MAQUINA'),
(745010, 'TEJEDOR DE REDES'),
(745011, 'TEJEDOR DE TUL'),
(745012, 'TEJEDOR DE TELAR MECANICO'),
(745013, 'TEJEDOR DE TELAR JACQUARD'),
(745014, 'URDIDOR'),
(745015, 'ZURCIDOR DE TEJIDOS'),
(746001, 'CALCETERO,TEJEDOR A MAQUINA'),
(746002, 'CONFECCIONADOR DE TEJIDOS DE PUNTO'),
(746003, 'OPERADOR DE MAQUINA DE TRICOT'),
(746004, 'TEJEDOR A MAQUINA, GENEROS DE PUNTO'),
(746005, 'TEJEDOR A MAQUINA, CALCETERIA'),
(746006, 'TEJEDOR DE CALCETERIA, CON BASTIDOR MECANICO'),
(746007, 'TEJEDOR DE PUNTO EN MAQUINA HILAN O RASCHEL'),
(747001, 'CALCETERO A MANO'),
(747002, 'TEJEDOR DE PUNTO EN BASTIDOR MANUAL'),
(747003, 'TEJEDOR DE PUNTO EN MAQUINA ACCIONADA A MANO'),
(747004, 'TEJEDOR DE PUNTO A MANO'),
(748001, 'ACABADOR DE TEJIDOS'),
(748002, 'ADEREZADOR DE SEDA'),
(748003, 'APRESTADOR DE TEJIDOS'),
(748004, 'BLANQUEADOR'),
(748005, 'CARBONIZADOR DE LANA'),
(748006, 'CARGADOR DE SEDA'),
(748007, 'CEPILLADOR DE PANA'),
(748008, 'DESBORRADOR DE TEXTILES'),
(748009, 'DESCRUDADOR DE PRODUCTOS TEXTILES'),
(748010, 'DESGOMADOR DE SEDA'),
(748011, 'ENCOGEDOR DE PRODUCTOS TEXTILES'),
(748012, 'ENCOLADOR, TEXTILES'),
(748013, 'GASEADOR, TEXTILES'),
(748014, 'IMPERMEABILIZADOR DE PRODUCTOS TEXTILES'),
(748015, 'IMPREGNADOR DE PRODUCTOS TEXTILES'),
(748016, 'LAVADOR DE HILADOS Y PRODUCTOS TEXTILES'),
(748017, 'OPERADOR DE CALANDRIAS,TEJIDOS'),
(748018, 'PERCHADOR DE TEXTILES'),
(748019, 'PILATERO O BATANERO'),
(748020, 'PLANCHADOR DE GENEROS ACABADOS'),
(748021, 'PREPARADOR DE APRESTOS TEXTILES'),
(748022, 'PULIDOR,TEXTILES'),
(748023, 'SANFORIZADOR'),
(748024, 'SECADOR,FABRICACION DE TEXTILES'),
(748025, 'TINTORERO DE FIBRAS'),
(748026, 'TINTORERO DE HILADOS'),
(748027, 'TINTORERO DE ROPAS'),
(748028, 'TINTORERO DE TEJIDOS'),
(749001, 'CONFECCIONADOR DE CONOS DE FIELTRO PARA SOMBREROS'),
(749002, 'CORDONERO A MANO'),
(749003, 'CORDONERO A MAQUINA'),
(749004, 'ENCAJADERO A MANO'),
(749005, 'FLEQUERO A MAQUINA'),
(749006, 'FLEQUERO A MANO'),
(749007, 'GALONERO A MAQUINA'),
(749008, 'GANCHILLERO A MANO'),
(749009, 'HORMADOR DE BOINAS'),
(749010, 'MALLERO'),
(749011, 'MONTADOR DE REDES A MANO'),
(749012, 'HILANDEROS, TEJEDORES, TINTOREROS, TRABAJADORES ASIMILADOS'),
(749013, 'PASAMANERO A MANO'),
(749014, 'PASAMANERO A MAQUINA'),
(749015, 'PREPARADOR DE FIELTRO, A MAQUINA'),
(749016, 'FEDERO A MANO'),
(749017, 'TEJEDOR DE REDES A MANO'),
(749018, 'TEJE PULSERAS'),
(751001, 'ADOBADOR DE CUEROS'),
(751002, 'CLASIFICADOR DE CUEROS Y PELLEJOS'),
(751003, 'CORTADOR DE CUEROS,CURTIDORES'),
(751004, 'CURTIDOR DE CUEROS'),
(751005, 'DESCARNADOR DE CUEROS A MANO'),
(751006, 'DESCARNADOR DE CUEROS A MAQUINA'),
(751007, 'HENDEDOR DE CUEROS O CORTADOR DE CUEROS'),
(751008, 'LAVADOR DE CUEROS'),
(751009, 'LUSTRADOR DE CUEROS'),
(751010, 'OPERADOR DE MAQUINAS DE DIVIDIR CUEROS'),
(751011, 'OPERADOR DE REBANADORA DE CUEROS'),
(751012, 'PELADOR DE CUEROS A MANO'),
(751013, 'PELADOR DE CUEROS Y PELLEJOS A MAQUINA'),
(751014, 'PELAMBRERO'),
(751015, 'PELLEJERO, CURTIDOR'),
(751016, 'TE?IDOR DE CUEROS'),
(751017, 'TINTORERO DE CUEROS'),
(752001, 'ADOBADOR DE PIELES'),
(752002, 'CLASIFICADOR DE PIELES'),
(752003, 'DEPILADOR DE PIELES'),
(752004, 'DESCARNADOR DE PIELES'),
(752005, 'ESCOGEDOR DE PIELES SIN TRATAR'),
(752006, 'ESTIRADOR DE PIELES'),
(752007, 'IGUALADOR DE PELO,PIELES'),
(752008, 'RASURADOR DE PIELES'),
(752009, 'SUAVIZADOR DE PIELES'),
(752010, 'TE?IDOR DE PIELES A MANO'),
(752011, 'TINTORERO DE PIELES A MANO'),
(761001, 'AVENTADOR DE GRANOS,MOLINO'),
(761002, 'DESPOLVADOR DE GRANOS'),
(761003, 'MOLINERO DE ARROZ'),
(761004, 'MOLINERO DE CEREALES'),
(761005, 'MOLINERO DE ESPECIAS'),
(761006, 'MOLINERO DE GRANOS'),
(761007, 'OPERADOR DE PILON DE MAIZ'),
(761008, 'PESADOR DE GRANOS'),
(761009, 'PULIDOR DE ARROZ'),
(761010, 'REVOLVEDOR DE GRANOS'),
(761011, 'SALVADERO'),
(761012, 'SECADOR DE ARROZ'),
(761013, 'SEMOLERO'),
(762001, 'CARBONADOR, REFINACION DE AZUCAR'),
(762002, 'COCEDOR, REFINACION DE AZUCAR'),
(762003, 'COMPORTERO, REFINACION DE AZUCAR'),
(762004, 'MACERADOR DE REMOLACHA'),
(762005, 'OPERADOR DE CRISTALIZADORA, REFINACION DE AZUCAR'),
(762006, 'OPERADOR DE DIFUSOR, AZUCAR DE REMOLACHA'),
(762007, 'OPERAD. INSTALACIONES PROCESO CONTINUO, REFIN. AZUCAR'),
(762008, 'OPERADOR DE MAQUINA PULVERIZADORA DE AZUCAR'),
(762009, 'TRAPICHERO, CA?A DE AZUCAR'),
(763001, 'CAMALERO, MATARIFE'),
(763002, 'CHACINERO'),
(763003, 'CHARCUTERO'),
(763004, 'CHORICERO'),
(763005, 'CORTADOR DE CARNE'),
(763006, 'DEGOLLADOR DE RESES'),
(763007, 'DESCUARTIZADOR DE RESES, MATARIFE'),
(763008, 'DESHUESADOR'),
(763009, 'DESPOSTADOR, CARNES'),
(763010, 'DESPOJERO, MATADEROS'),
(763011, 'ESCARGADO DE MATADERO'),
(763012, 'FIAMBRERO, CARNES'),
(763013, 'MANTEQUERO (MANTECA)'),
(763014, 'MATANCERO'),
(763015, 'MATANCERO EN GENERAL'),
(763016, 'MATARIFE'),
(763017, 'PUNTILLERO,MATADEROS'),
(763018, 'TABLAJERO, CARNES'),
(763019, 'TRIPERO'),
(764001, 'ACECINADOR'),
(764002, 'ACEITADOR DE LLENO Y VACIO, CONSERVAS DE PESCADO'),
(764003, 'ADEREZADOR DE ACEITUNAS'),
(764004, 'AHUMADOR DE CARNES Y PESCADO'),
(764005, 'CAPATAZ O CONTRAMAESTRE DE LA CONSERVACION DE ALIMENTOS'),
(764006, 'COCEDOR-CONSERVERO, EN GENERAL'),
(764007, 'COCEDOR DE SALSAS Y CONDIMENTOS'),
(764008, 'COCEDOR-ESTERILIZADOR'),
(764009, 'CONGELADOR DE ALIMENTOS'),
(764010, 'CURADOR DE CARNE O PESCADO'),
(764011, 'DESHIDRATADOR DE ALIMENTOS'),
(764012, 'ENLATADOR DE PESCADO'),
(764013, 'ESCABECHERO'),
(764014, 'LIMPIADOR DE FRUTAS Y HORTALIZAS,PARA CONSERVAS'),
(764015, 'OBRERO DE LA PREPAC. Y CONSERV.  DE FRUTAS SECAS'),
(764016, 'OPERADOR DE EVAPORADORA, EXTRACTOS ALIMENTICIOS'),
(764017, 'PELADOR DE FRUTAS Y HORTALIZAS,PARA CONSERVAS'),
(764018, 'PREPARADOR DE MERMELADAS'),
(764019, 'PREPARADOR DE JAMONES O JAMONERO'),
(764020, 'PREPARADOR DE BOCADITOS ENVASADOS(PAPA FRITA,CAMOTE,ETC)'),
(764021, 'PREPARADOR DE ALIMENTOS CONCENTRADOS'),
(764022, 'PREPARADOR DE CHARQUI'),
(764023, 'RELLENADOR DE ACEITUNAS'),
(764024, 'SALADOR DE ALIMENTOS,CARNES Y PESCADO'),
(764025, 'SALAZONERO'),
(764026, 'SALCHICHERO'),
(764027, 'SECADOR DE PESCADO AL SOL'),
(764028, 'TONELERO-SALADOR, PESCA'),
(765001, 'CULTIVADOR DE FERMENTOS LACTEOS'),
(765002, 'DESECADOR-PULVERIZADOR DE LECHE EN POLVO'),
(765003, 'ESTERILIZADOR DE PRODUCTOS LACTEOS'),
(765004, 'HELADERO,FABRICACION'),
(765005, 'HIGIENIZADOR DE LECHE'),
(765006, 'HORCHATERO'),
(765007, 'LECHE CONDENSADA, PREPARADOR'),
(765008, 'MANTEQUILLERO O MAZADOR'),
(765009, 'MOLDEADOR DE MANTEQUILLA'),
(765010, 'OPERADOR DE BATIDORA DE HELADOS'),
(765011, 'OPERADOR DE MAQUINA DE HOMOGENIZACION DE LA LECHE'),
(765012, 'PASTEURIZADOR DE LECHE Y PRODUCTOS LACTEOS'),
(765013, 'PREPARADOR DE MANJARBLANCO Y NATILLAS'),
(765014, 'PREPARADOR DE LECHE CONDENSADA'),
(765015, 'PREPARADOR DE YOUGURT Y CREMAS'),
(765016, 'QUESERO'),
(765017, 'REFRIGERADOR DE LECHE O PRODUCTOS LACTEOS'),
(765018, 'REQUESONERO'),
(765019, 'SALADOR DE QUESO'),
(766001, 'AMASADOR DE PAN'),
(766002, 'ARROPIERO'),
(766003, 'CATADOR DE CAFE O DE TE'),
(766004, 'CLASIFICADOR DE CAFE O DE TE'),
(766005, 'CHANCAQUERO, ELABORADOR DE CHANCACA'),
(766006, 'CHOCOLATERO, PREPARADOR'),
(766007, 'CHURRERO, PREPARADOR'),
(766008, 'COLOCADOR DE TABLAS, PANADERIA'),
(766009, 'CONFITERO, PREPARADOR'),
(766010, 'DULCERO, PREPARADOR'),
(766011, 'ESCARCHADOR DE FRUTAS'),
(766012, 'FIDERO'),
(766013, 'GALLETAS, FABRICACION, OPERADOR MAQUINAS SOBADORA DE MASA'),
(766014, 'GALLETAS, OPERADOR DE TROQUEL'),
(766015, 'GOMA MASCAR, CHICLE, OPERADOR MAQUINAS DE FABRICAR'),
(766016, 'HOJALDRISTA'),
(766017, 'HORNERO DE PAN'),
(766018, 'LAMINADOR DE CHOCOLATES'),
(766019, 'LAMINADOR DE GALLETAS'),
(766020, 'MAZAPAN, CONFECCIONADOR'),
(766021, 'MEZCLADOR DE INGREDIENTES, FABRICACION CHOCOLATE'),
(766022, 'MELCOCHERO, PREPARADOR'),
(766023, 'MEZCLADOR DE CAFE'),
(766024, 'MEZCLADOR DE TE'),
(766025, 'MOLINERO DE CAFE'),
(766026, 'MOLINERO DE CACAO'),
(766027, 'MOLINERO DE CACAO,FABRICACION DE CHOCOLATES'),
(766028, 'OFICIAL DE MASA O DE PALA,PANADERIA'),
(766029, 'OPERADOR DE MAQUINA DE FABRICAR PASTAS ALIMENTICIAS'),
(766030, 'OPERADOR DE MAQUINA DE GOMA DE MASCAR,CHICLE'),
(766031, 'OPERADOR MAQ.CALIBRADORA-CORTADORA MASA, FABRIC. DE GALLETA'),
(766032, 'OPERADOR MAQ.SOBADORA MASA, FABRICACION GALLETAS'),
(766033, 'OPERADOR DE TROQUEL DE GALLETAS'),
(766034, 'PANADERO-PASTELERO,EN GENERAL'),
(766035, 'PASTELERO, PREPARADOR'),
(766036, 'PRENSADOR DE CACAO, FABRICACION DE CHOCOLATE'),
(766037, 'PREPARADOR PASTAS PASTELERIA EN MOLDES A MAQUINA'),
(766038, 'PREPARADOR DE PASTAS ALIMENTICIAS'),
(766039, 'REPOSTERO,ELABORACION DE PASTELES Y OTROS'),
(766040, 'TORREFACTOR DE CAFE'),
(766041, 'TORREFACTOR DE ACHICORIA Y OTROS SUCEDANEOS'),
(766042, 'TOSTADOR DE CAFE'),
(766043, 'TOSTADOR DE CACAO'),
(766044, 'TURRONERO, PREPARADOR'),
(767001, 'ACETIFICADOR'),
(767002, 'CAPATAZ O CONTRAMAESTRE DE ELABORACION DE BEBIDAS'),
(767003, 'CATADOR DE VINOS Y LICORES'),
(767004, 'CERVECERO, GERMINACION'),
(767005, 'CLASIFICADOR DE VINOS'),
(767006, 'ENFRASCADOR DE VINOS'),
(767007, 'COCEDOR DE MALTA'),
(767008, 'COCEDOR DE MOSTO, CERVEZA'),
(767009, 'DESECADOR DE MALTA'),
(767010, 'FERMENTADOR'),
(767011, 'FERMENTADOR DE VINOS'),
(767012, 'FILTRADOR DE CERVEZA'),
(767013, 'GASEADOR DE SIDRA'),
(767014, 'LAGARERO, VINOS'),
(767015, 'LAVADOR DE PASTA,SIDRA'),
(767016, 'MALTERO, GERMINACION'),
(767017, 'MEZCLADOR DE VINOS'),
(767018, 'OBRERO DE LA ELABORACION DE VINOS'),
(767019, 'OBRERO DE LA FABRICACION DE LEVADURA'),
(767020, 'OBRERO DE LA GERMINACION DE GRANOS,CERVEZA'),
(767021, 'OBRERO DE VINOS ACHAMPANADOS'),
(767022, 'OBRERO ELABORACION SODAS, GASEOSAS Y OTRAS BEBIDAS NO ALCOH'),
(767023, 'OPERADOR DE PRENSAS DE FRUTAS'),
(767024, 'PISADOR DE UVA'),
(767025, 'PRENSADOR DE UVA'),
(767026, 'PREPARADOR DE BEBIDAS CARBONICAS Y JARABES'),
(767027, 'SECADOR DE MALTA'),
(767028, 'SIDRERO'),
(767029, 'TRASEGADOR DE VINOS'),
(767030, 'VINAGRERO'),
(768001, 'ALMAZARERO'),
(768002, 'DESCASCARADOR O TOSTADOR DE MANI'),
(768003, 'DESCASCARADOR DE FRUTAS SECAS'),
(768004, 'DESCASCARADOR DE NUECES'),
(768005, 'DESPINADOR DE PEJERREYES Y OTROS PESCADOS'),
(768006, 'EXTRACTOR DE ACEITE DE ORUJO'),
(768007, 'HIDROGENADOR DE ACEITES Y GRASAS'),
(768008, 'LIMPIADOR DE CAMARONES'),
(768009, 'LIMPIADOR DE PEJERREYES Y OTROS PESCADOS'),
(768010, 'OPERADOR DE DESDOBLADORA, ACEITE Y DERIVADOS'),
(768011, 'OPERADOR DE HIDROGENADORA, ACEITE Y DERIVADOS'),
(768012, 'OPERADOR DE MAQ. COAGULADORA, GRASA VEGETALES'),
(768013, 'PELADOR DE CAMARONES'),
(768014, 'PELADOR DE MANI'),
(768015, 'PESCADERO, LIMPIADOR DE PESCADO'),
(768016, 'PREPARADOR DE MARGARINA'),
(768017, 'REFINADOR DE ACEITES Y GRASAS'),
(768018, 'TOSTADOR DE CACAHUATES O ALMENDRAS'),
(768019, 'PREPARADOR DE TAMALES'),
(769001, 'ABRIDOR DE CAPA Y CAPILLOS,ELABORACION CIGARRO'),
(769002, 'ACONDICIONADOR DE TABACO'),
(769003, 'CIGARRERO A MANO'),
(769004, 'CIGARRERO A MAQUINA'),
(769005, 'CLASIFICADOR DE CIGARROS'),
(769006, 'CLASIFICADOR DE TABACO'),
(769007, 'DESPALILLADOR DE TABACO A MANO'),
(769008, 'DESPALILLADOR DE TABACO A MAQUINA'),
(769009, 'DESVENADOR DE TABACO A MANO'),
(769010, 'DESVENADOR DE TABACO A MAQUINA'),
(769011, 'ENFRIADOR DE TABACO'),
(769012, 'ESCOGEDOR DE TABACO'),
(769013, 'HUMECTADOR DE TABACO'),
(769014, 'LAMINADOR DE VENA,TABACO'),
(769015, 'LIGADOR DE TABACO'),
(769016, 'MEZCLADOR DE TABACO'),
(769017, 'MOJADOR DE TABACO'),
(769018, 'OPERADOR DE MAQUINA DE PICAR TABACO'),
(769019, 'OPERADOR DE MAQUINA SECADORA DE TABACO'),
(769020, 'OPERADOR DE MAQUINA DE HACER CIGARRILLOS'),
(769021, 'OPERADOR DE MAQUINA DE HACER FILTROS CIGARRILLOS'),
(769022, 'OPERADOR MAQ. ESTAMPAR MARCAS DE LOS CIGARRILLOS'),
(769023, 'OPERADOR DE MAQUINA DE EMBOLSAR CIGARRILLOS'),
(769024, 'OREADOR DE TABACO'),
(769025, 'PICADOR DE TABACO'),
(769026, 'PRENSADOR DE CIGARRILLOS'),
(769027, 'PRENSADOR DE TABACO DE MASCAR'),
(769028, 'PREPARADOR DE RAPE'),
(769029, 'PREPARADOR DE PICADURA DE TABACO PARA PIPA'),
(769030, 'PURERO A MANO'),
(769031, 'REFRESCADOR DE TABACO'),
(769032, 'REZAGADOR, FERMENTADO DEL TABACO'),
(769033, 'REZAGADOR DE CAPOTE, ELABORACION DE CIGARRILLOS'),
(769034, 'REZAGADOR DE CAPA, ELABORACION DE CIGARROS'),
(769035, 'TENDEDOR DE TABACO'),
(769036, 'TERREFACTOR DE TABACO'),
(769037, 'TORCEDOR DE TABACO A MANO,ELABORACION CIGARROS'),
(769038, 'TORCEDOR DE TABACO A MAQ. ELABORACION DE CIGARROS'),
(771001, 'CAMISERA'),
(771002, 'CORSETERA'),
(771003, 'COSTURERA-MODISTA'),
(771004, 'CHALEQUERO,CONFECCION EN SERIE'),
(771005, 'MAESTRO DE AGUJA Y MESA,SASTRE'),
(771006, 'MODISTA DE TEATRO'),
(771007, 'MODISTON, MODISTO'),
(771008, 'PANTALONERO, CONFECCION EN SERIE'),
(771009, 'SASTRE, CONFECCION EN SERIE'),
(771010, 'SASTRE, A MEDIDA'),
(771011, 'SASTRE, CORTADOR'),
(772001, 'ACABADOR DE TRABAJOS DE PELETERIA'),
(772002, 'BORDADORES A MANO O A MAQUINA EN GENERAL'),
(772003, 'CLAVADOR DE PIELES'),
(772004, 'COMBINADOR DE PIELES VALIOSAS'),
(772005, 'COSEDOR A MANO Y A MAQUINA, EN GENERAL'),
(772006, 'COSEDOR A MANO PRENDAS VESTIR,EXCEPTO CALZADO CUERO'),
(772007, 'COSEDOR A MANO DE PRENDAS DE PELETERIA'),
(772008, 'COSEDOR A MAQUINA-REMALLADORES'),
(772009, 'ESCOGEDOR Y COMBINADOR DE PIELES VALIOSAS'),
(772010, 'MANGUITERO O PELETERO'),
(772011, 'PELETERO'),
(773001, 'ACABADOR Y ADORNADOR DE SOMBREROS'),
(773002, 'OPERADOR DE MAQUINAS DE SOMBREROS DE FIELTRO'),
(773003, 'SOMBRERERO,INCLUSIVE DE SOMBREROS DE PAJA'),
(774001, 'CORTADOR DE GUANTES'),
(774002, 'CORTADOR PRENDAS VESTIR,INCLUSIVE CUERO Y PIEL'),
(774003, 'CORTADOR ROPA BLANCA, TAPICERIA, TELAS PARAGUAS'),
(774004, 'CORTADOR DE TOLDOS Y SOMBRILLAS, TIENDAS CAMPA?A'),
(774005, 'CORTADOR DE VESTIDOS, INCLUSIVE DE CUERO Y PIEL'),
(774006, 'CORTADOR DE VELAS DE EMBARCACIONES'),
(774007, 'CORTADOR, SASTRERIA'),
(774008, 'PATRONISTA PRENDAS VESTIR, LENCERIA, SOMBREROS, GORROS'),
(774009, 'PATRONISTA DE ROPA BLANCA'),
(774010, 'PATRONISTA TIENDAS CAMPA?A,TOLDOS,SOMBRILLAS'),
(774011, 'PATRONISTA DE VELAS DE EMBARCACIONES'),
(774012, 'PATRONISTA DE TELA DE PARAGUAS'),
(774013, 'TRAZADOR DE PRENDAS DE VESTIR, LENCERIA'),
(775001, 'COLCHONERO'),
(775002, 'CONFECCIONADOR DE COLCHAS'),
(775003, 'CONFECCIONADOR DE CORTINAS'),
(775004, 'CONFECCIONADOR DE ROPA DE TAPICERIA'),
(775005, 'CONFECCIONADOR DE EDREDONES'),
(775006, 'TAPICERO DE MUEBLES'),
(775007, 'TAPICERO DE VEHICULOS'),
(776001, 'ABORNADOR DE CUEROS'),
(776002, 'ARTESANO DEL CUERO, EN GENERAL'),
(776003, 'COSEDOR DE CUERO (MALETAS, CARTERAS, BOLSAS)'),
(776004, 'CORTADOR DE CUEROS, CONFECCIONES DE ARTICULOS'),
(776005, 'GUARNICIONERO'),
(776006, 'MALETERO, CUERO O MARROQUIN'),
(776008, 'MARROQUINERO, FABRICACION DE ARTICULOS DE CUERO'),
(776009, 'MONTADOR DE ARTICULOS DE CUERO'),
(776010, 'REPUJADOR DE CUEROS'),
(776011, 'TALABARTERO'),
(776012, 'TROQUILADOR DE CUEROS'),
(777001, 'ACABADOR DE CALZADO'),
(777002, 'APARADOR DE CALZADO'),
(777003, 'ARMADOR DE CALZADO'),
(777004, 'CORTADOR EMPEINES CALZADO, A MAQUINA O A MANO'),
(777005, 'CORTADOR DE PALAS DE CALZADO, A MAQUINA O A MANO'),
(777006, 'CORTADOR DE SUELAS'),
(777007, 'COSEDOR DE CALZADO, A MAQUINA'),
(777008, 'DESPUNTADOR DE SUELAS'),
(777009, 'GUARNECEDOR DE CALZADO'),
(777010, 'HORMERO, ARMADOR DE CALZADO'),
(777011, 'LIJADOR DE CANTOS, CALZADO'),
(777012, 'MONTADOR DE PALAS DE CALZADO'),
(777013, 'MONTADOR DE SUELAS'),
(777014, 'PATRONISTA DEL CALZADO'),
(777015, 'PREPARADOR DE PALAS DE CALZADO'),
(777016, 'PREPARADOR DE SUELAS'),
(777017, 'ZAPATERO ORTOPEDISTA'),
(778001, 'AJUSTADOR-OPERADOR DE CEPILLADORA, LABRA MADERA'),
(778002, 'AJUSTADOR-OPERADOR MOLDURADORA, LABRA DE MADERA'),
(778003, 'AJUSTADOR-OPERADOR RANURADORA, LABRA DE MADERA'),
(778004, 'AJUSTADOR-OPERADOR TORNO, LABRA DE MADERA'),
(778005, 'AJUSTADOR-OPERADOR DE MAQ. LABRAR MADERA EN GRAL'),
(778006, 'AJUSTADOR-OPERADOR DE SIERRA MECANICA DE PRECISION'),
(778007, 'AJUSTADOR-OPERADOR TORNO AUTOMATICO, LABRA MADERA'),
(778008, 'AJUST-OPERAD FRESADORA-GRABADORA, LABRA DE MADERA'),
(778009, 'AJUSTADOR DE MAQ. DE LABRAR MADERA EN GENERAL'),
(778010, 'ACABADOR DE MUEBLES DE MADERA'),
(778011, 'CARROCERO, CARROCERIAS DE MADERA'),
(778012, 'CEPILLADOR DE MADERA'),
(778013, 'CHAPEADOR DE MUEBLES DE MADERA'),
(778014, 'CHAROLADOR'),
(778015, 'CONFECCIONADOR MUEBLES MADERA PARA EL HOGAR U OFICINA'),
(778016, 'CONFECCIONADOR DE ARTICULOS MADERA PARA DEPORTE'),
(778017, 'CONSTRUCTOR DE CARRETAS O CARRETILLAS(MADERA)'),
(778018, 'CONSTRUCTOR DE ATAUDES'),
(778019, 'CONSTRUCTOR DE KIOSCOS DE MADERA'),
(778020, 'CURVADOR DE MADERA'),
(778021, 'EBANISTA, MARQUETERIA'),
(778022, 'EBANISTA DE MESA DE BILLAR'),
(778023, 'EBANISTA DE PIANOS'),
(778024, 'EBANISTAS DE ESTUCHES PARA INSTRUMENTOS'),
(778025, 'EBANISTA O CARPINTERO EN MADERA, EXCEPTO CONSTRUCCION'),
(778026, 'LAQUEADOR DE MUEBLES DE MADERA'),
(778027, 'MAQUETISTA EN MADERA'),
(778028, 'MODELISTA EN MADERA'),
(778029, 'MUEBLISTA DE MADERA EN GENERAL'),
(778030, 'OPERADOR DE MAQ. DE LABRAR MADERA,EN GENERAL'),
(778031, 'OPERADOR DE MAQUINAS DE LABRAR, EN GENERAL'),
(778032, 'PIPERO, PIPAS DE FUMAR'),
(778033, 'RESTAURADOR DE ARTICULOS DE MADERA'),
(778034, 'TALLADOR DE MADERA'),
(778035, 'TALLISTA, MADERA'),
(778036, 'TONELERO'),
(778037, 'TORNERO,LABRA DE MADERA'),
(778038, 'TRAZADOR DE EBANISTERIA'),
(778039, 'TRAZADOR, LABRADO DE MADERA'),
(778040, 'TUPISTA, LABRA DE MADERA'),
(779001, 'CONFECCIONADOR DE VELAS,CARPAS Y TOLDOS'),
(779002, 'CONFECCIONADOR DE ALFOMBRAS DE NUDOS A MANO'),
(779003, 'CONFECCIONADOR DE BOLSAS DE HILO'),
(779004, 'CONFECCIONADOR DE CALZADO DE CA?AMO'),
(779005, 'CONFECCIONADOR DE CALZADO DE LONA'),
(779006, 'CONFECCIONADOR DE FLORES ARTIFICIALES(DE TELA)'),
(779007, 'CONFECCIONADOR DE PLUMEROS DE TELA'),
(779008, 'GUARNECEDOR CON PLUMAS DE ADORNO'),
(779009, 'PARAGUERO'),
(781001, 'AJUSTADOR-MODELISTA,FUNDICION'),
(781002, 'AJUSTADOR DE MANDRILES Y CALIBRADORES'),
(781003, 'AJUSTADOR-MODELISTAS Y TRAZADORES MATRICES EN METAL'),
(781004, 'AJUSTADOR-OPERADOR MAQ. HERRAMIENTAS, EN GENERAL'),
(781005, 'AJUSTADOR-OPERADOR DE TORNO'),
(781006, 'AJUSTADOR-OPERADOR DE FRESADORA,INCLUYE DE METAL'),
(781007, 'AJUSTADOR-OPERADOR CEPILLADORA, INCLUYE METALES'),
(781008, 'AJUSTADOR-OPERADOR MANDRILADORA DE METALES'),
(781009, 'AJUSTADOR-OPERADOR DE TALADRADORA'),
(781010, 'AJUSTADOR-OPERADOR RECTIFICADORA, INCLUYE CILINDROS Y METAL'),
(781011, 'AJUSTADOR-OPERADOR DE ESMERILADORA DE METALES'),
(781012, 'AJUSTADOR-OPERADOR DE MAQUINA DE LAPIDAR'),
(781013, 'AJUSTADOR-OPERADOR DE ESCOPLEADORA DE METALES'),
(781014, 'AJUSTADOR-OPERADOR DE TORNO DE ROSCAR'),
(781015, 'AJUSTADOR-OPERADOR DE MAQ. DE TALLAR ENGRANAJES'),
(781016, 'AJUSTADOR-OPERADOR DE MAQUINA MORTAJADORA'),
(781017, 'AJUSTADOR-OPERADOR DE MAQUINAS DE MECANISMO NUMERICO DE CON'),
(781018, 'AYUDANTE DE HERRERO'),
(781019, 'AFILADOR EN GENERAL'),
(781020, 'AMOLADOR DE SIERRAS'),
(781021, 'ARMERO'),
(781022, 'CARPINTERIA METALICA'),
(781023, 'CEPILLADOR DE METALES'),
(781024, 'CERRAJERO'),
(781025, 'COMBERO'),
(781026, 'CONFECCIONADOR A MANO DE PIEZAS DE METAL'),
(781027, 'ESCOPETERO'),
(781028, 'FRESADOR'),
(781029, 'FORJADOR'),
(781030, 'HERRAMENTISTA'),
(781031, 'HERRADOR,HERRERO'),
(781032, 'HERRERO,EN GENERAL'),
(781033, 'LLAVERERO'),
(781034, 'MANDRILADOR'),
(781035, 'MANDRILERO'),
(781036, 'MARTILLADOR-HERRERIA'),
(781037, 'MECANICO-AJUSTADOR'),
(781038, 'MECANICO ESPECIALISTA EN HERRAMIENTAS Y MATRICES'),
(781039, 'MODELISTA-AJUSTADOR, FUNDICION'),
(781040, 'OPERADOR MAQUINAS HERRAMIENTA AUTOMATICA MANDO NUMERICO'),
(781041, 'OPERADOR DE ESMERILADORA'),
(781042, 'OPERADOR DE ESCOPLEADORA'),
(781043, 'OPERADOR DE MAQUINAS HERRAMIENTAS EN GENERAL'),
(781044, 'OPERADOR DE MAQUINA DE FUNCION MULTIPLE'),
(781045, 'OPERADOR DE MAQUINA DE TRANSFERENCIA AUTOMATICA'),
(781046, 'OPERADOR DE MAQUINA DE TALLAR ENGRANAJES'),
(781047, 'OPERADOR DE MAQUINA LAPIADORA DE METALES'),
(781048, 'OPERADOR DE SIERRA MECANICA DE METALES'),
(781049, 'OPERADOR DE TALADRADORA DE METAL'),
(781050, 'OPERADOR DE MAQUINAS PARA FABRICAR TORNILLOS'),
(781051, 'OBREROS DE LA MANUFACTURA A MANO DE PZAS METAL'),
(781052, 'OBREROS FCION MUELLES, CLAVOS, TORNILLOS, CABLES'),
(781053, 'OPERADOR DE CIZALLA MECANICA'),
(781054, 'OPERADOR DE MAQUINA DE CURVAR METALES'),
(781055, 'OPERADOR DE PRENSA MECANICA,DE METALES'),
(781056, 'OPERADOR DE TIJERA MECANICA'),
(781057, 'OPERADOR DE TORNO DE EMBUTIR'),
(781058, 'PULIDOR DE METALES, A MAQUINA'),
(781059, 'PULIDOR DE METALES, A MANO'),
(781060, 'RECTIFICADOR DE METALES'),
(781061, 'RECTIFICADOR DE CILINDROS,TRABAJO DE METALES'),
(781062, 'REGULADORES DE MAQUINA HERRAMIENTAS, EN GENERAL'),
(781063, 'REGUL-OPERAD REVOLVERES PARA EL TRABAJO DE METALES'),
(781064, 'REGULADOR-OPERADOR DE TORNO AUTOMATICO DE METAL'),
(781065, 'TALADRISTA'),
(781066, 'TRAZADOR EN METALES'),
(781067, 'TORNERO,LABRA DE METALES'),
(781068, 'TORNERO DE EMBUTIR'),
(781069, 'CARPINTERO MECANICO'),
(782001, 'AYUDANTE DE MECANICO DE VEHICULOS DE MOTOR'),
(782002, 'MECANICO AUTOMOVILES, CAMIONES, MOTOCICLETAS, AUTOBUS, TRAC'),
(782003, 'MECANICO DE DIRECCION Y FRENOS DE AUTOMOVILES'),
(782004, 'MECANICO DE MOTORES DE AVION,EN GENERAL'),
(782005, 'MECANICO DE MOTORES DE BARCOS,EN GENERAL'),
(782006, 'MECANICO NAVAL'),
(782007, 'MECANICO DE SALA DE MAQUINAS DE BARCOS'),
(782008, 'MECANICO DE MAQUINAS EN GENERAL: AGRICULTURA, OFICINA, TEXT'),
(782009, 'MECANICO MOTORES DIESEL,EXCEPTO MOTOR AUTOMOVILES Y CAMIONE'),
(782010, 'MECANICO DE TURBINAS,EXCEPTO TURBINAS DE AVION'),
(782011, 'MECANICO ENGRASADOR,EXCEPTO BARCOS'),
(782012, 'MECANICO REPARADOR DE BICICLETAS'),
(782013, 'MONTADOR DE MANUFACTURAS METALICAS'),
(782014, 'PROBADOR DE AUTOMOVILES,REPARACIONES'),
(782015, 'REPARADOR DE BICICLETAS'),
(782016, 'REVISOR Y PROBADOR DE MAQUINARIA'),
(782017, 'SAMUELLES-MUELLERO'),
(783001, 'AJUSTADOR ELECTRICISTA EN GENERAL'),
(783002, 'AJUSTADORES ELECTRICISTAS DE MOTORES Y DINAMOS'),
(783003, 'AJUSTADORES ELECTRICISTAS DE TRANSFORMADORES'),
(783004, 'AJUSTADORES ELECTRICISTAS EQUIPOS CENTRALES ELECTRICOS'),
(783005, 'AJUSTADORES ELECTRICISTAS ASCENSORES Y SIMILARES'),
(783006, 'AJUSTADOR ELECTRONICISTA'),
(783007, 'BOBINADOR ELECTRICISTA'),
(783008, 'CONTROLADOR CALIDAD APARAT. ELECTRIC. Y ELECTRONICOS'),
(783009, 'DEBANADOR, ELECTRICISTA'),
(783010, 'ELECTRICISTA BOBINADOR'),
(783011, 'ELECTRICISTA-MONTADOR,AIRE ACONDICIONADO'),
(783012, 'ELECTRICISTAS GRAL., CONSTRUC. INSTAL. ELEC., CINE'),
(783013, 'ELECTRICISTA DE BARCOS Y AVIONES'),
(783014, 'ELECTRICISTA DE VEHICULOS'),
(783015, 'EMPALMADOR DE CABLES ELECTRICOS'),
(783016, 'INSPECTOR CONTROL CALIDAD, EQUIPO. ELECTRIC. Y ELECTRONICOS'),
(783017, 'INSPECTOR CALIDAD APARAT. ELECTRIC. Y ELECTRONICOS'),
(783018, 'INSPECTOR DE DISTINTIVO DE CALIDAD'),
(783019, 'INSTALADOR ELECTRICISTA,ASCENSORES Y EQUIPO SIMILAR'),
(783020, 'INSTALADOR DE ANTENAS DE RADIO Y TELEVISION'),
(783021, 'INSTALADOR DE TELEFONOS Y TELEGRAFOS'),
(783022, 'INSTALADOR CABLES PARA LA ELECTRIFICACION FERROCARRILES'),
(783023, 'INSTALADOR LINEAS ENERGIA ELECTRICA, TENDIDO AEREO'),
(783024, 'INSTALADOR DE CABLES DE ENERGIA ELECTRICA'),
(783025, 'INSTALADOR DE LINEAS ELECTRICAS PARA TRACCION'),
(783026, 'INSTALADOR DE CABLES'),
(783027, 'INSTALADOR CABLES PARA TRACCION VEHICULOS ELECT.'),
(783029, 'INSTALADOR DE CABLES DE TELEFONOS Y TELEGRAFOS'),
(783030, 'INSTALADOR DE LINEAS SUBTERRANEOS'),
(783031, 'INSTALADOR LINEAS ELECTRICAS Y TELECOMUNICACIONES'),
(783032, 'INSTALADOR DE LINEAS DE TELECOMUNICACIONES'),
(783033, 'MECANICO-REPARADOR DE RECEPTORES RADIO Y TV'),
(783034, 'MECANICO DE TELEFONO Y TELEGRAFOS'),
(783035, 'MECANICO REPARADOR DE TELEFONOS Y TELEGRAFOS'),
(783036, 'MONTADOR DE INSTALACIONES TELEFONICAS Y TELEGRAFO'),
(783037, 'MONTADOR ELECTRICISTA, AJUSTADOR EN GENERAL'),
(783038, 'MONTADOR, ASCENSORES Y EQUIPO SIMILAR'),
(783039, 'MONTADOR O ENSAMBLADOR APARATOS ELECT. Y ELECTRO.'),
(783040, 'MONTADOR DE RADIOS'),
(783041, 'MONTADOR DE TUBOS ELECTRONICOS'),
(783042, 'MONTADOR CABLES DE TRANSPORTE DE ENERGIA ELECTRICA'),
(783043, 'MONTADOR DE CABLES SUBTERRANEAS'),
(783044, 'MONTADOR LINEAS AEREAS PARA TRANSPORTE DE CORRIENTE'),
(783045, 'MONTADOR DE LINEAS CATENARIAS'),
(783046, 'MONTADOR DE LINEAS TELEFONICAS Y TELEGRAFICAS'),
(783047, 'MONTADOR DE LINEAS SUBTERRANEOS'),
(783048, 'REPARADOR DE RECEPTORES DE RADIO Y TV'),
(783049, 'RADIO TECNICO REPARACIONES DE RADIO Y TV'),
(783050, 'REPARADOR DE APARATOS ELECTRODOMESTICOS'),
(783051, 'REPARADOR ELECTRICISTA DE APARATOS ELECTRODOMESTICOS'),
(783052, 'REPARADOR INSTALACIONES DE TELEFONICOS Y TELEGRAFOS'),
(784001, 'CONTROLADOR DE SONIDO,ESTUDIOS DE RADIO Y TV'),
(784002, 'OPERADOR DE APARATOS DE ESTUDIOS DE RADIO Y TV'),
(784003, 'OPERADOR DE EQUIPO DE TRANSMISION DE RADIO Y TV'),
(784004, 'OPERADOR EQUIPO ESTUDIOS RADIODIFUSION O TV'),
(784005, 'OPERADOR ESTACION EMISORA DE RADIO Y TV'),
(784006, 'OPERADOR DE ESTACION EMISORA RADIO Y TV,DE EQUIPO'),
(784007, 'OPERADOR DE IMAGEN DE TELEVISION'),
(784008, 'OPERADOR DE RADIO Y TELEVISION'),
(784009, 'OPERADOR DE VIDEO'),
(784010, 'OPERADOR DE APARATO DE PROYECCION,CINE'),
(784011, 'OPERADOR DE CABINA, CINEMATOGRAFICA, SALAS CINE'),
(784012, 'OPERADOR DE EQUIPO DE GRABACION O REG. DE SONIDO'),
(784013, 'OPERADOR EQUIPO DE AMPLIFICACION DE SONIDO'),
(784014, 'OPERADOR DE VIDEO O BETAMAX'),
(785001, 'AJUSTADOR DE TUBERIAS EN GENERAL, DE GAS, EN AVIONES'),
(785002, 'ARMADOR DE CAJAS DE ACERO EN TALLER'),
(785003, 'ARMADOR DE ESTRUCTURAS DE ACERO'),
(785004, 'ARMADOR HIERRO Y ACERO, BLINDAJE, CONSTRUC NAVALES'),
(785005, 'ARMADOR DE BARCOS'),
(785006, 'AYUDANTE DE HOJALATERIA'),
(785007, 'AYUDANTE DE REMACHADOR DE ESTRUCTURAS METALICAS'),
(785008, 'CALDERERO, COBRE Y ALEACIONES LIGERAS CHAPAS ACERO'),
(785009, 'CALENTADOR AL ROJO DE REMACHES'),
(785010, 'CARROCERO, AUTOMOVILES, AVIONES Y OTROS'),
(785011, 'CORROCERO DE AUTOMOVILES'),
(785012, 'CONDUCTOR DE MAQUINA DE SOLDAR POR ARCO ELECTRICO'),
(785013, 'CORTADOR DE METALES CON SOPLETE'),
(785014, 'CHAPISTA EN GRAL., CALDERO, HOJALATERO, DECORACION'),
(785015, 'FONTANERO,EN GENERAL'),
(785016, 'GASFITERO'),
(785017, 'HOJALATERO O CHAPISTA'),
(785018, 'INSTALADOR TUBERIAS,EN GRAL,GAS,BARCOS,AVIONES'),
(785019, 'MONTADOR DE CALDERAS'),
(785020, 'MONTADOR CONSTRUCC. METALICAS, EXCEPTO BUQUES'),
(785021, 'MONTADOR ESTRUCTURAS DE ACERO,EXCEPTO BUQUES'),
(785022, 'MONTADOR DE PLANCHAS,ASTILLEROS'),
(785023, 'OPERADOR DE GASOMETRO'),
(785024, 'OXICORTADOR EN GENERAL, A MANO O A MAQUINA'),
(785025, 'OPERARIO DE MESA DE CORTE, OXICORTADOR'),
(785026, 'OPERARIO DE OXICORTE'),
(785027, 'PLANCHADOR DE CARROCERIAS DE VEHICULOS'),
(785028, 'PLOMERO'),
(785029, 'PREPARADOR DE ESTRUCTURAS DE ACERO EN TALLER'),
(785030, 'REBLONADOR PLANCHAS METAL, A MANO O MAQ., PLANCHA'),
(785031, 'REMACHADOR, MANO O MAQ. PLANCHAS MET., MARTILLO NEU.'),
(785032, 'REPLANTEADOR DE ESTRUCTURAS, METALICAS'),
(785033, 'SOLDADOR-PLOMERO'),
(785034, 'SOLDADOR CON SOPLETE Y POR ARCO ELECTRICO,GRAL'),
(785035, 'SOPLETISTA DE CORTE, A MANO'),
(785036, 'SOPLETISTA SOLDADOR'),
(785037, 'SOLDADOR N.E.O.P.'),
(785038, 'SOLDADOR DE CAUTIN (CAUTIL)'),
(785039, 'TRAZADOR DE CALDERERIA Y CHAPAS'),
(785040, 'TRAZADOR DE PLANCHAS Y CHAPAS METALICAS'),
(785041, 'TRAZADOR DE ESTRUCTURAS METALICAS'),
(785042, 'TRAZADOR DE GALIBOS, ASTILLEROS'),
(785043, 'TUBERO EN GENERAL, DISTRIBUCION GAS, AIRE A PRESION, VAPOR'),
(791001, 'ARREGLO DE MAQUINA DE ESCRIBIR, CALCULADORAS, ETC.'),
(791002, 'AJUSTADOR, MONTADOR DE MOTORES A GASOLINA'),
(791003, 'AJUSTADOR, MONTADOR DE MOTORES DIESEL'),
(791004, 'AJUSTADOR, MONTADOR DE MOTORES DE COMBUST.INT.(EX.MOT.AVION'),
(791005, 'AJUSTADOR-MONTADOR DE MOTORES MARINOS'),
(791006, 'AJUSTADOR-MONTADOR DE MOTORES AVION,REACCION'),
(791007, 'AJUSTADOR-MONTADOR EXCEPTO MOTORES COMBUS. INTERNA'),
(791008, 'CONSTRUCTOR DE BRUJULAS'),
(791009, 'CONSTRUCTOR DE BALANZAS'),
(791010, 'CONSTRUCTOR DE BAROMETROS, TERMOMETROS'),
(791011, 'INSTRUMENTISTA, INSTRUMENTOS DE PRECISION'),
(791012, 'MECANICO-MONTADOR MAQUINA, EQUIPO INDUSTRIAL, AIRE ACONDICI'),
(791013, 'MECANICO, AJUSTADOR DE MAQUINARIA EN GENERAL'),
(791014, 'MECANICO DE BALANZAS'),
(791015, 'MECANICO DE CAMARAS FOTOGRAFICAS'),
(791016, 'MECANICO DE INSTRUMENTOS DE OPTICA'),
(791017, 'MECANICO DE INSTRUMENTOS DE LABORATORIO'),
(791018, 'MECANICO DE INSTRUMENTOS DE ODONTOLOGIA'),
(791019, 'MECANICO DE INSTRUMENTO QUIRURGICOS'),
(791020, 'MECANICO DE PROTESIS ORTOPEDICAS'),
(791021, 'MECANICO DE PROTESIS DENTALES'),
(791022, 'MECANICO DENTISTA'),
(791023, 'MECANICO ORTOPEDISTA'),
(791024, 'MECANICOS DE INSTRUMENTOS DE PRECISION'),
(791025, 'MONTADOR DE APARATOS FOTOGRAFICOS'),
(791026, 'MONTADOR DE INSTRUMENTOS DE PRECISION'),
(791027, 'RELOJERO'),
(791028, 'REPARADOR DE RELOJES'),
(792001, 'BATIHOJA,JOYERO O PLATERO'),
(792002, 'CINCELADOR-ORFEBRE'),
(792003, 'DIAMANTISTA-PULIDOR Y TALLADOR DE PIEDRAS PRECIOSAS'),
(792004, 'ENGASTADOR'),
(792005, 'ESMALTADOR DE METALES PRECIOSOS'),
(792006, 'FILIGRANISTA,JOYERO O PLATERO'),
(792007, 'GRABADOR DE METALES PRECIOSOS'),
(792008, 'GRABADOR DE PLATERIA Y JOYERIA'),
(792009, 'LAMINADOR DE METALES PRECIOSOS'),
(792010, 'LAPIDARIO, TALLADOR Y PULIDOR DE PIEDRAS PRECIOSAS'),
(792011, 'MARTILLADOR DE METALES PRECIOSOS'),
(792012, 'MONTADOR DE PIEDRAS PRECIOSAS'),
(792013, 'MONTADOR, ORFEBRERIA'),
(792014, 'ORFEBRE, JOYERO O PLATERO'),
(792015, 'ORFEBRERIA, CINCELADOR (JOYERO O PLATERO)'),
(792016, 'PLATERIA, GRABADOR'),
(792017, 'PLATERO Y ORFEBRE'),
(792018, 'RECALCADOR DE METALES PRECIOSOS'),
(792019, 'REPARADOR, DE JOYAS'),
(792020, 'REPUJADOR, OTRO JOYERO O PLATERO'),
(792021, 'TALLADOR Y PULIDOR DE PIEDRAS PRECIOSAS'),
(792022, 'TORNERO-REPUJADOR ORFEBRERIA'),
(792023, 'TREFILADOR DE METALES PRECIOSOS'),
(793001, 'ACABADOR DE BORDES,CRISTAL'),
(793002, 'AFINADOR A MAQUINA DE CRISTALES DE OPTICA'),
(793003, 'AFINADOR DE VIDRIO,OPTICA DE ANTEOJERIA'),
(793004, 'BISELADOR DE CRISTALES'),
(793005, 'CONDUCTOR DE MAQUINA DE ESTIRAR VIDRIO PLANO'),
(793006, 'CORTADOR, TALLADOR DE CRISTALES DE OPTICA'),
(793007, 'CORTADOR DE VIDRIO'),
(793008, 'CURVADOR DE TUBOS DE VIDRIO'),
(793009, 'DESBASTADOR, OPTICA EN ANTEOJERIA'),
(793010, 'ESMERILADOR DE BORDES,VIDRIO'),
(793011, 'ESMERILADOR DE LENTES A MAQUINA'),
(793012, 'LAMINADOR DE LUNAS DE VIDRIO'),
(793013, 'MODELADOR DE LENTES'),
(793014, 'OPERADOR DE BANO METALICO POR FLOTACION VIDRIO'),
(793015, 'OPERADOR DE MAQUINA DE MOLDEAR O SOPLAR VIDRIO'),
(793016, 'OPERADOR MAQUINA ESTIRAR VIDRIO PLANO,VARILLAS O TUBO'),
(793017, 'OPERADOR EN PRENSA DE MOLDEAR VIDRIO'),
(793018, 'OPERADOR VERTIDO VIDRIO FUNDIDO/VERTIDOR VIDRIO FUNDIDO'),
(793019, 'PULIDOR A MAQUINA DE CRISTALES DE OPTICA'),
(793020, 'PULIDOR DE CRISTALES');
INSERT INTO `ocupaciones_p` (`cod_ocupacion_p`, `nombre`) VALUES
(793021, 'PULIDOR DE LENTES'),
(793022, 'SOPLADOR VIDRIO,MATERIAL LABORATORIO A MAQUINA'),
(793023, 'TALLADOR DE CRISTALES DE OPTICA'),
(794001, 'ALFARERO,EN GRAL,EXCEPTO LADRILLOS,ADOBES,TEJAS'),
(794002, 'AMASADOR DE CAOLIN,PORCELANA'),
(794003, 'CERAMISTA MOLDES, A MANO EXCEPTO LADRILLOS, ADOBES, TEJAS'),
(794004, 'CRIBADOR DE TIERRA, CERAMICA'),
(794005, 'CERAMISTA EN GRAL,EXCEPTO ADOBES,LADRILLOS,TEJAS'),
(794006, 'CINCELADOR DE PIEZAS DE CERAMICA'),
(794007, 'COLADOR DE CERAMICA,EXCEPTO DE ADOBE Y LADRILLO'),
(794008, 'EXTRUSOR DE ARCILLA,CERAMICA'),
(794009, 'MACHERO-MOLDEADOR,CERAMICA'),
(794010, 'MEZCLADOR DE PASTA DE ABRASIVOS'),
(794011, 'MODELADOR AL TORNO CON TERRAJA,CERAMICA'),
(794012, 'MODELISTA DE CERAMICA'),
(794013, 'MOLDEADOR DE MUELAS ABRASIVAS'),
(794014, 'MOLDEADOR MACHERO DE CERAMICA'),
(794015, 'MOLINERO,TIERRA DE LOZA'),
(794016, 'OPERADOR DE FILTRO PRENSA PARA ARCILLA(CERAMICA)'),
(794017, 'OPERADOR DE PRENSA DE CERAMICA'),
(794018, 'OPERADOR DE PRENSA GALLETERA, CERAMICA'),
(794019, 'PRENSADOR DE CERAMICA, CON TROQUEL'),
(794020, 'PREPARADOR DE BARBOTIN'),
(794021, 'PREPARADOR DE MOLDES, CERAMICA, LOZA Y PORCELANA'),
(794022, 'PREPARADOR CERAMICA EN MOLDES, PASTA DE ARCILLA'),
(794023, 'TALADRADOR DE PIEZAS DE CERAMICA'),
(794024, 'TAMIZADOR DE TIERRAS, CERAMICA'),
(794025, 'TORNERO-ALFARERO EN TORNO DE PEDAL'),
(794026, 'TORNERO EN TORNO DE PEDAL, LOZA Y PORCELANA'),
(794027, 'VACIADOR DE CERAMICA EN MOLDES'),
(795001, 'ADOBERO'),
(795002, 'COLADOR DE LADRILLOS Y TEJAS'),
(795003, 'MOLDEADOR DE LADRILLOS Y BALDOSAS'),
(795004, 'OPERADOR DE MAQUINA DE CORTAR LADRILLOS Y TEJAS'),
(795005, 'OPERADOR PRENSA ALTA PRESION PARA LADRILLOS ESPECIALES'),
(795006, 'PREPARADOR DE ADOBES'),
(795007, 'PRENSADOR DE ADOBES CON TROQUEL'),
(795008, 'TEJERO Y ADOBERO A MANO'),
(796001, 'AYUDANTE DE HORNO DE CERAMICA,ENCENDIDO'),
(796002, 'CARGADOR-DESCARGADOR DE HORNO,DE CERAMICA'),
(796003, 'FUNDIDOR VIDRIERO'),
(796004, 'HORNERO,BRIQUETAS'),
(796005, 'HORNERO,CERAMICA'),
(796006, 'HORNERO,FABRICACION DE VIDRIO'),
(796007, 'HORNERO,LOZA Y PORCELANA'),
(796008, 'HORNERO,MATERIAL REFRACTARIO EXCEPTO TEJAS Y LADRILLOS'),
(796009, 'HORNERO,PORCELANA'),
(796010, 'HORNERO,RECOCIDO DEL VIDRIO'),
(796011, 'HORNERO,TEJAS Y LADRILLOS'),
(796012, 'HORNERO,TEMPLADO DEL VIDRIO'),
(796013, 'MOLDEADOR DE CRISOLES'),
(796014, 'OPERADOR DE SECADOR DE BRIQUETAS'),
(796015, 'PREPARADOR DE CAJA DE SECADO,HORNO DE CERAMICA'),
(796016, 'TEMPLADOR DE VIDRIO'),
(797001, 'ESMERILADOR CON CHORROS DE ARENA,VIDRIO'),
(797002, 'ESMERILADOR VIDRIO O CRISTAL CON CHORRO DE ARENA'),
(797003, 'GRABADOR DE AGUA FUERTE,CRISTAL'),
(797004, 'GRABADOR DE CERAMICA VIDRIADA'),
(797005, 'GRABADOR DE CRISTAL EN GENERAL'),
(797006, 'GRABADOR DE VIDRIO EN GENERAL'),
(797007, 'PULIDOR DE VIDRIO O CRISTAL EN BA?O DE ACIDO'),
(797008, 'TALLADOR DE CRISTALES-VIDRIOS,TALLA DECORATIVA'),
(797009, 'TALLADOR DE VIDRIO O CRISTAL'),
(798001, 'AZOGADOR'),
(798002, 'DECORADOR DE CERAMICA'),
(798003, 'DECORADOR DE VIDRIO'),
(798004, 'ESMALTADOR DE VIDRIO'),
(798005, 'ESMALTADOR DE CERAMICA'),
(798006, 'FILETERO, DECORADO DE CERAMICA'),
(798007, 'ILUMINADOR DE LOZA Y PORCELANA'),
(798008, 'PINTOR A PISTOLA,DE LOZA Y PORCELANA'),
(798009, 'PULIDOR DE CERAMICA DORADA'),
(798010, 'RETOCADOR, DECORADO DE CERAMICA'),
(798011, 'TRAZADOR, DECORADO DE CERAMICA'),
(798012, 'VIDRIADOR DE CERAMICA'),
(799001, 'EXTRUSOR DE HILOS DE FIBRA DE VIDRIO'),
(799002, 'HILADOR DE VIDRIO'),
(799003, 'MEZCLADOR DE MATERIALES,FABRICACION DE VIDRIO'),
(799004, 'OPERADOR DE MAQUINA PARA FABRICAR FIBRA VIDRIO'),
(799005, 'OPERADOR DE MAQUINA PARA FABRICAR LANA DE VIDRIO'),
(799006, 'PREPARADOR DE FIBRA DE VIDRIO'),
(811001, 'ABARQUERO'),
(811002, 'ALISADOR DE PRODUCTOS DE CAUCHO'),
(811003, 'AMASADOR DE CAUCHO'),
(811004, 'ARMADOR DE PRODUCTOS DE CAUCHO'),
(811005, 'CALANDRADOR DE CAUCHO'),
(811006, 'CAPATAZ O CONTRAMAESTRE DE LA FAB. DE PRODUCTOS DE CAUCHO'),
(811007, 'CONDUCTOR DE MAQUINA DE ESTIRADO DE CAUCHO'),
(811008, 'CONFECCIONADOR-MONTADOR DE ARTICULOS DE CAUCHO'),
(811009, 'CORTADOR DE CAUCHO'),
(811010, 'ENGOMADOR DE TEJIDOS DE CAUCHO'),
(811011, 'ENSAMBLADOR DE PRODUCTOS DE CAUCHO'),
(811012, 'EXTRUSOR DE CAUCHO'),
(811013, 'IMPREGNADOR DE CAUCHO'),
(811014, 'LUSTRADOR DE CAUCHO'),
(811015, 'MEZCLADOR DE CAUCHO'),
(811016, 'MONTADOR DE PRODUCTOS DE CAUCHO'),
(811017, 'OBRERO DEL APOMAZADO DEL CAUCHO'),
(811018, 'OBRERO EN LA FABRIC. DE ARTICULOS DE CAUCHO'),
(811019, 'OPERADOR DE CALANDRIA DE CAUCHO'),
(811020, 'OPERADOR DE MAQUINA AMASADORA DE CAUCHO'),
(811021, 'OPERADOR DE MAQUINA CALANDRADORA DE CAUCHO'),
(811022, 'OPERADOR DE MAQUINA ESTIRADORA DE CAUCHO'),
(811023, 'OPERADOR DE PRENSA DE MOLDEAR CAUCHO'),
(811024, 'VULCANIZADOR ARTIC. CAUCHO, EXCEPTO NEUMATICOS'),
(812001, 'ARMADOR DE PRODUCTOS DE PLASTICO'),
(812002, 'CONFECCIONADOR DE PRODUCTOS DE PLASTICO'),
(812003, 'ENSAMBLADOR DE PRODUCTOS DE PLASTICO'),
(812004, 'EXTRUSOR DE PLASTICO'),
(812005, 'MOLDEADOR DE PLASTICO POR INYECCION'),
(812006, 'MOLDEADOR DE PLASTICO POR COMPRESION'),
(812007, 'MONTADOR DE PRODUCTOS DE PLASTICO'),
(812008, 'OPERAD MAQ. DE MOLDEAR MATERIAS PLASTICAS POR INYECCION'),
(812009, 'OPERAR MAQ. DE MOLDEAR MATERIAS PLASTICAS POR COMPRESION'),
(812010, 'OPERADOR DE MAQUINA DE FABRICAR BOLSAS PLASTICO'),
(812011, 'OPERADOR MAQUINA ESTIRADORA DE PLASTICO'),
(812012, 'OPERADOR DE MAQUINA DE SELLAR PLASTICOS'),
(812013, 'PREPARADOR DE PANELES DE PLASTICO'),
(812014, 'PULIDOR DE PRODUCTOS DE PLASTICO'),
(812015, 'RECORTADOR A MAQUINA DE PROD. DE PLASTICO'),
(812016, 'TALADRADORA DE PRODUCTOS DE PLASTICO'),
(813001, 'AYUDANTE DE REENCAUCHADOR DE NEUMATICOS'),
(813002, 'CONFECCIONADOR DE NEUMATICOS,PRIMERA FASE'),
(813003, 'CORTADOR DE ACANALADURAS EN NEUMATICOS'),
(813004, 'CORTADOR DE ESTUAS EN NEUMATICOS'),
(813005, 'FABRICANTE DE NEUMATICOS,PRIMERA FASE'),
(813006, 'MOLDEADOR DE NEUMATICOS'),
(813007, 'MOLDEADOR Y VULCANIZADOR DE NEUMATICOS'),
(813008, 'RENCAUCHADOR DE NEUMATICOS'),
(813009, 'VULCANIZADOR Y MOLDEADOR DE NEUMATICOS'),
(821001, 'ARMADOR DE CAJAS DE CARTON A MAQUINA'),
(821002, 'CAPATAZ O CONTAMESTRE DE LA CONFECCION DE PRODUCTOS DE PAPE'),
(821003, 'CARTONERO A MAQUINA'),
(821004, 'CONDUCTOR DE MAQUINAS DE FABRICAR TUBOS PAPEL'),
(821005, 'CONDUCTOR DE PRENSA DE EMBUTIR EL CARTON'),
(821006, 'CONFECCIONADOR DE CAJAS DE CARTON'),
(821007, 'CONFECCIONADOR A MAQ. DE BOLSAS Y SOBRES DE PAPEL'),
(821008, 'CONFECCIONADOR DE BOLSAS DE CELOFAN'),
(821009, 'CONFECCIONADOR DE SOBRES A MANO'),
(821010, 'CONFECC. ARTIC. ADORNOS Y FANTASIA EN PAPEL'),
(821011, 'CONFECCIONADOR DE MALETAS DE CARTON'),
(821012, 'CONFECCIONADOR DE PAPEL'),
(821013, 'EMSAMBLADOR DE NAIPES'),
(821014, 'MONTADOR DE CAJAS DE CARTON A MANO O A MAQUINA'),
(821015, 'OPERADOR DE MAQUINA DE FORRAR CARTON'),
(821016, 'OPERADOR DE MAQUINA PEGADORA DE PAPEL EN CARTON'),
(821017, 'OPERADOR DE MAQUINA DE CORTAR Y PEGAR CARTON'),
(821018, 'OPERADOR DE MAQUINA PRENSADORA DE CARTON'),
(821019, 'OPERAD MAQ. PEGADORA Y CERRADORA BOLSAS Y SOBRES'),
(821020, 'OPERADOR MAQ. CONFECCIONAR BOLSAS Y SOBRES PAPEL'),
(821021, 'OPERADOR DE PRENSA DE EMBUTIR CARTON'),
(831001, 'ARMADOR DE PAGINAS, IMPOSICION'),
(831002, 'CAJISTA, IMPRENTA'),
(831003, 'COMPAGINADOR DE FOTO-COMPOSICION'),
(831004, 'COMPOSITOR,IMPOSICION'),
(831005, 'FUNDIDOR DE MONOTIPIA Y TIPOS SUELTOS'),
(831006, 'IMPONEDOR'),
(831007, 'IMPRESOR DE PRUEBAS'),
(831008, 'IMPRESOR EN GENERAL'),
(831009, 'LINOTIPISTA'),
(831010, 'MAQUINISTA DE FOTO-COMPOSICION'),
(831011, 'MINERVISTA'),
(831012, 'MONOTIPISTA'),
(831013, 'OPERADOR DE MAQUINA FUNDIDORA DE TIPOS'),
(831014, 'OPERADOR DE MAQUINA DE FOTOTIPIA, IMPRENTA'),
(831015, 'OPERADOR DE MONOTIPIA DE FUNDIR'),
(831016, 'OPERADOR DE TECLADO DE MONOTIPIA'),
(831017, 'PLATINERO, COMPAGINACION'),
(831018, 'PREPARADOR DE BRAILLE, PLANCHAS DE IMPRENTA'),
(831019, 'PREPARADOR DE PLANCHAS DE IMPRENTA BRAILLE'),
(831020, 'TECLISTA MONOTIPISTA'),
(831021, 'TIPOGRAFO EN GENERAL'),
(831022, 'EMPLEADO O AYUDANTE DE IMPRENTA EN GENERAL'),
(832001, 'CONDUCTOR DE PRENSA DE HELIOGRABADO'),
(832002, 'IMPRESOR DE PAPELES'),
(832003, 'MAQUINISTA DE ROTATIVA A COLORES,IMPRENTA'),
(832004, 'MAQUINISTA DE OFFSET'),
(832005, 'MAQUINISTA PLATINERO'),
(832006, 'MARCADOR, INTRODUC. HOJAS EN MAQ. DE IMPRIMIR'),
(832007, 'OPERAD PRENSA ROTATIVA, OFFSET, CILINDRO, PLATINA, LITOGRAF'),
(832008, 'OTROS OPERADORES DE PRENSA DE IMPRIMIR'),
(832009, 'TIPOGRAFO OPERADOR DE PRENSAS DE IMPRIMIR'),
(833001, 'CLISADOR-ELECTROTIPISTA'),
(833002, 'ELECTROTIPISTA, IMPRENTA'),
(833003, 'ESTEREOTIPADOR, IMPRENTA'),
(833004, 'ESTEREOTIPISTA, IMPRENTA'),
(833005, 'FUNDIDOR ESTEREOTIPISTA'),
(833006, 'GALVANOPLASTISTA O CLISADOR'),
(833007, 'MATRICEROS, IMPRENTA'),
(833008, 'MOLDEADOR DE CLISES POR GALVANOPLASTIA, IMPRENTA'),
(833009, 'REPRODUCTOR DE CLISES, REPRODUCCION EN PLASTICO'),
(834001, 'GRABADOR A MANO CLISES MADERA, CAUCHO O LINOLEO'),
(834002, 'GRABADOR CON PANTOGRAFO'),
(834003, 'GRABADOR DE IMPRENTA'),
(834004, 'GRABADOR DE PIEDRAS LITOGRAFICAS'),
(834005, 'GRABADOR PLANCHAS, CILINDROS Y MATRICES METALICO'),
(834006, 'GRABADOR, BURILISTA, LITOGRAFISTA, GRABADO IMPRENTA'),
(834007, 'PANTOGRAFISTA, IMPRENTA'),
(834008, 'TRANSPORTADOR, LITOGRAFIA'),
(834009, 'XILOGRAFO'),
(835001, 'CLISADOR, FOTOGRABADOR'),
(835002, 'FOTO-IMPRESOR PLANCHAS IMPRESION, FOTOGRABADO'),
(835003, 'FOTOGRABADOR EN GENERAL'),
(835004, 'FOTOGRAFO, FOTOGRAB., IMPRESION O REPROD. EN OFFSET'),
(835005, 'FOTOMECANICO, FOTOGRABADO EN GENERAL'),
(835006, 'GRABADOR, FOTOGRABADO'),
(835007, 'GRANEADOR DE PLANCHAS PARA CLISES'),
(835008, 'HUECOGRABADORES'),
(835009, 'INSOLADOR DE FOTOGRABADO'),
(835010, 'MONTADOR DE CLISES SOBRE SOPORTE'),
(835011, 'PASADOR, IMPRENTA'),
(835012, 'RETOCADOR DE NEGATIVOS,FOTOGRABADO'),
(835013, 'RETOCADOR DE PLANCHAS DE IMPRESION,FOTOGRABADO'),
(835014, 'TIRADOR DE PRUEBAS DE CLISES GRABADOS'),
(835015, 'TRANSPORTADOR,FOTOGRABADO'),
(836001, 'COSEDOR DE PLEIGOS A MAQUINA, ENCUADERNACION'),
(836002, 'DORADOR A MANO,ENCUADERNACION'),
(836003, 'ENCOLADOR,ENCUADERNACION'),
(836004, 'ENCUADERNADOR'),
(836005, 'GRABADOR A MANO O A MAQUINA,ENCUADERNACION'),
(836006, 'GUILLOTINERO, ENCUADERNACION'),
(836007, 'RECORTADOR, ENCUADERNACION'),
(836008, 'REPUJADOR O GRABADOR A MANO O A MAQ,ENCUADERNACION'),
(837001, 'AMPLIADOR DE FOTOGRAFIAS'),
(837002, 'CONDUCTOR MAQ DE REVELAR Y SECAR PELICULA CINEMATOGRAFICA'),
(837003, 'COPIADOR DE FOTOGRAFIAS'),
(837004, 'FOTOGRAFO-AMPLIADOR'),
(837005, 'FOTOGRAFO-REVELADOR'),
(837006, 'FOTOGRAFO-SACADOR DE COPIAS'),
(837007, 'REDUCTOR DE FOTOGRAFIAS'),
(837008, 'REVELADOR DE PELICULAS FOTOGRAFICAS'),
(837009, 'REVELADOR DE RADIOGRAFIAS'),
(837010, 'SACADOR DE COPIAS DE FOTOGRAFIAS'),
(837011, 'SECADOR DE PELICULAS CINEMATOGRAFICAS'),
(839001, 'ESTAMPADOR TEXTILES Y PAPELES PINTADOS MEDIANTE PLANCHAS'),
(839002, 'IMPRESOR A LA PLANCHA,DE TELAS Y PAPELES PINTADOS'),
(839003, 'IMPRESOR DE TELAS A MAQUINA'),
(839004, 'IMPRESOR,SERICIGRAFIA'),
(839005, 'OPERADOR DE PRENSA ESTAMPAR EN RELIEVE O SECO'),
(839006, 'PICADOR DE ESTARCIDORES,SERICIGRAFIA'),
(839007, 'PREPARADOR DE ESTARCIDORES,SERICIGRAFIA'),
(839008, 'SERICIGRAFO,IMPRESOR'),
(841001, 'ACORDEONERO,CONSTRUCTOR'),
(841002, 'AFINADOR DE INSTRUM. MUSICALES, PIANOS, ORGANOS, ACORDEONES'),
(841003, 'CONST INSTRUM VIENTO DE MADERA O DE METAL'),
(841004, 'FABRICANTES DE INSTRUMENTOS MUSIC., ARPAS, GUITARRA, VIENTO'),
(841005, 'GUITARRERO, FABRICANTE DE INSTRUMENTOS DE CUERDA'),
(841006, 'ORGANERO,CONSTRUCTOR Y AFINADOR'),
(841007, 'VIOLENERO,CONSTRUCTOR Y AFINADOR'),
(842001, 'BRUCEROS'),
(842002, 'CONFECCIONADOR A MANO DE CEPILLO'),
(842003, 'CONFECCIONADOR DE BROCHAS'),
(842004, 'CONFECCIONADOR DE PINCELES FINOS'),
(842005, 'CONFECCIONADOR DE ESCOBAS A MANO'),
(842006, 'CONFECCIONADOR DE ESTERAS,ESTERONES'),
(842007, 'CONFECCIONADOR DE MUEBLES DE CANA,JUNCO,MIMBRE'),
(842008, 'CONFECC ALFOMBRAS JUNCO,PITA,ESPARTO,FIBRA COCO'),
(842009, 'CONFECCIONADOR A MAQUINA DE BROCHAS Y CEPILLOS'),
(842010, 'CONFECCIONADOR DE TAPIAS DE JUNCO FINO'),
(842011, 'COSEDOR DE ESCOBAS'),
(842012, 'ESCOBERO'),
(842013, 'ESTERERO EN JUNCO,PITA Y FIBRA DE COCO'),
(842014, 'TEJEDOR DE CAPAZOS'),
(842015, 'TEJEDOR DE CAPAZOS DE JUNCO O ESPARTO'),
(842016, 'TEJEDOR DE CESTOS'),
(842017, 'TEJEDOR DE SERAS Y SERONES'),
(842018, 'TEJEDOR MUEBLES DE MIMBRE'),
(842019, 'TRENZADOR DE CESTAS,DE SARRIAS'),
(842020, 'TEJEDORES DE ESTERAS Y FUNCOS'),
(843001, 'FABRICANTE DE PIEZAS EN HORMIGON ARMADO'),
(843002, 'FABRICANTE DE PRODUCTOS DE ASBESTOS-CEMENTO'),
(843003, 'FABRICANTE DE PRODUCTOS DE PIEDRA ARTIFICIAL'),
(843004, 'OBRERO DE LA ELABOR. DE PREFABRICADOS DE HORMIGON ARMADO'),
(843005, 'OBRERO DE LA ELABORACION DE PROD.HORMIGON ARMADO'),
(843006, 'OBRERO DE LA ELABORACION DE FIBROCEMENTO DE AMIANTO'),
(843007, 'OBRERO DE LA FABRICACION DE PIEDRA ARTIFICIAL'),
(843008, 'OBRERO DE LA FABRIC. DE AGLOMERADOS DE PIEDRA ARTIFICIAL'),
(843009, 'OBRERO DE LA FABRICACION DE PAPEL Y TELA DE ESMERIL(LIJA)'),
(843010, 'OBRERO DE LA FAB. DE TELAS Y PAPELES PREVESTIDOS'),
(843011, 'LOSETERO FABRICACION DE LOCETAS Y MOSAICOS'),
(843012, 'OBRERO DE LA PREPARACION DE ARENAS SILICEAS PARA FILTROS'),
(843013, 'OTROS OBREROS DE LA FABRICACION DE PROD. DERIVADOS'),
(844001, 'ABANIQUERO,CONFECCIONADOR DE ABANICOS'),
(844002, 'CANDELERO'),
(844003, 'CERERO'),
(844004, 'CONFECCIONADOR DE MUNECOS Y JUGUETES DE TRAPO'),
(844005, 'CONFECCIONADOR DE SELLOS DE CAUCHO'),
(844006, 'CONFECCIONADOR DE VELAS Y BUJIAS'),
(844007, 'CONFECCIONADOR DE PELUCAS'),
(844008, 'CONFECC.DE ZAPATOS DE RAFIA Y FIBRAS SEMEJANTES'),
(844009, 'CONFECCIONADOR DE OJOTAS O LLANQUES'),
(844010, 'CONFECCIONADOR DE FELPUDOS DE JEBE O LLANTA'),
(844011, 'CONFECCIONADOR DE ARTESANIA CON FIBRA ACRILICA'),
(844012, 'CONFECCIONADOR DE POSTIZOS'),
(844013, 'CONFECCIONADOR DE DIENTES ARTIFICIALES'),
(844014, 'CONFECCIONADOR DE CIERRES'),
(844015, 'CORTADOR DE CORCHO, FABRICACION DE ARTICULOS'),
(844016, 'GRABADOR DE MARFIL, HUESO Y PLASTICO'),
(844017, 'GRABADOR DE HIERRO, MARFIL,PLASTICO O HUESO'),
(844018, 'OBRERO DE IMPERMEABILIZACION DE TELAS AL ACEITE'),
(844019, 'OBRERO DE LA ELABORACION DE PRODUCTOS DE CORCHO'),
(844020, 'OBRERO DE LA ELABORACION DE CUERDAS DE TRIPA'),
(844021, 'OBRERO DE LA FABRICACION DE LINOLEO'),
(844022, 'OBRERO DE LA FABRIC.DE PELICULAS Y PAPEL FOTOGRAFICO'),
(844023, 'OBRERO DE LA FABRICACION DE JUGUETES DE MADERA'),
(844024, 'OBRERO DE FABRICACION DE JUGUETE METALICOS'),
(844025, 'OBRERO DE TRAT. Y REVEST. DE ALQUITRAN O ASFALTO DEL PAPEL'),
(844026, 'OBRERO EN LA ELABORACION DE TELAS ACEITADAS'),
(844027, 'OBRERO EN LA FABRICACION DE BOTONES'),
(844028, 'OBRERO EN LA FABRICACION DE ADORNOS ARTIFICIALES'),
(844029, 'OPERADOR DE MAQUINA DE FABRICAR LAPICES'),
(844030, 'OPERADOR DE PRENSA DE FAB. TIZAS BLANCAS Y COLOR'),
(844031, 'PREPARADOR DE PLACAS FOTOGRAFICAS'),
(844032, 'MAQUINISTA EN LA FABRICACION DE CABLES'),
(844033, 'TEJEDOR DE DISFRACES'),
(851001, 'BARNIZADOR, CONSTRUCCION'),
(851002, 'DECORADOR DE ABORDO, BARCOS'),
(851003, 'ENCALLADOR'),
(851004, 'PINTOR DE COCHES DE VIAJEROS Y VAGONES, FERROCARRILES'),
(851005, 'PINTOR DE CONSTRUCCION, CONSERVACION'),
(851006, 'PINTOR DE CONSTRUC.METALICAS Y CASCOS Y BUQUES'),
(851007, 'PINTOR DE CONSTRUCCION ESCENICAS,CINEMATOGRAFIA'),
(851008, 'BARNIZADOR,CONSTRUCCION'),
(851009, 'PINTOR DE DECORADOR DE FONDO,TEATRO,CINE'),
(852001, 'PINTOR A PINCEL Y RODILLO,EXCEPTO EDIFICIO Y CONSTRUC.'),
(852002, 'PINTOR A PISTOLA,EXCEPTO DE EDIF.Y CONSTRUCION'),
(852003, 'PINTOR DE AUTOMOVILES'),
(852004, 'PINTOR DE LETREROS Y ROTULOS'),
(852005, 'PINTOR DE ROTULOS'),
(852006, 'PINTOR POR INMERSION'),
(852007, 'PINTOR-PULVERIZADOR,FABRICACION DE AUTOMOVILES'),
(852008, 'PINTOR RETOCADOR DE AUTOMOV., CARROC. DE PRODUCTOS EN SERIE'),
(852009, 'REPARACION DE AUTOMOVILES,PINTOR RETOCADOR'),
(852010, 'RETOCADOR DE AUTOMOVILES,CARROCERIA'),
(852011, 'BARNIZADOR,EXCEPTO CONSTRUCCION'),
(852012, 'LAQUEADOR,EXCEPTO CONSTRUCCION'),
(861001, 'ADOQUINEROS'),
(861002, 'ADOQUINADOR-PAVIMENTADOR'),
(861003, 'ALBA?IL'),
(861004, 'ALBA?ILERO'),
(861005, 'ALBA?IL EN GENERAL'),
(861006, 'COLOCACION DE LOSAS,SUELO, SOLADOR'),
(861007, 'COLOCADOR DE LABRILLOS EN GENERAL'),
(861008, 'CONSTRUCTOR DE CASAS, ALBANIL'),
(861009, 'CONSTRUCTOR DE ALCANTARILLAS, ALBA?IL'),
(861010, 'ENLOSADOR'),
(861011, 'ESTUFISTA,FUMISTA ALBA?IL EN LA INDUSTRIA'),
(861012, 'MAMPOSTERO'),
(861013, 'MARMOLISTA, CONSTRUCCION'),
(861014, 'MOSAISTA,COLOCADOR DE MOSAICOS'),
(861015, 'PAVIMENTADOR'),
(861016, 'REJUNTADOR DE MAMPOSTERIA CAREADA Y CONCERTADA'),
(861017, 'RESTAURADOR DE MAMPOSTERIA DE CONSTRUC.HISTORIC.,ALBA?IL'),
(861018, 'SOLADOR EN MOSAICO'),
(861019, 'SOLADOR DE LABRILLOS O BALDOSAS'),
(861020, 'SOLADOR EN MATERIALES PLASTICAS, SINTASOL'),
(862001, 'ARMADOR DE HORMIGON'),
(862002, 'CARPINTERO DE ARMA, TRABAJO DE ENCOFRADO'),
(862003, 'CEMENTERO DE HORMIGON ARMADO,EN GENERAL'),
(862004, 'CEMENTERO,TRABAJO DE ACABADO'),
(862005, 'ENCOFRADOR EN MADERA'),
(862006, 'ENFOSCADOR'),
(862007, 'EN TERRAZO'),
(862008, 'OBRERO DEL CURADO DEL HORMIGON'),
(862009, 'OPERADOR DE MAQ DE AIRE COMPRIM PARA REVEST. CON HORMIGON'),
(862010, 'SOLADOR EN TERRAZO, PAVIMENTO CONTINUO'),
(862011, 'VESTIMIENTOS CON HORMIGON'),
(863001, 'COLOCADOR DE CUBIERTAS DE ASFALTO, DE JUNCO DE METAL'),
(863002, 'COLOCADOR DE TEJAS, TECHADOR'),
(863003, 'OTROS TECHADORES'),
(863004, 'TECHADOR EN GENERAL, PIZARRA, TEJA, ASFALTO, MATERIALES SIN'),
(863005, 'EN METAL DE PAJA Y SIMILARES'),
(864001, 'CARPINTERO EN CONSTRUC EN GRAL,EXC:ARMA,TRAB.DE ENCOFRADO'),
(864002, 'CALAFATERO,CARPINTERO'),
(864003, 'CARPINTERO-EBANISTA DE CONSTRUCCION'),
(864004, 'CARPINTERO DE AVIACION'),
(864005, 'CARPINTERO EBANISTA, CONSTRUCCION DE EDIFICIOS'),
(864006, 'CARPINTERO EBANISTA, CONSTRUCCION DE BARCOS'),
(864007, 'CARPINTERO-ARMADOR DE EMBARCACIONES'),
(864008, 'CARPINTERO NAVAL O CALAFATERO'),
(864009, 'CARPINTERO DE RIVERA'),
(864010, 'CARPINTERO DE PUERTA Y VENTANAS'),
(864011, 'COLOCADOR DE PARQUET'),
(864012, 'ENTARUGADOR DE PAVIMENTOS'),
(864013, 'MONTADOR DE EBANISTERIA, EDIFICACION'),
(864014, 'PARQUETERO, COLOCA PISOS DE PARQUET'),
(864015, 'PORTAVENTANERO'),
(865001, 'DECORADOR EN YESO FIBROSO'),
(865002, 'ENLISTONADOR'),
(865003, 'ENLUCIDOR EN YESO, EN GENERAL'),
(865004, 'ESCAYOLISTA-DECORADOR, ESCAYOLISTA'),
(865005, 'ESTUQUISTA-DECORADOR,ESCOYOLISTA'),
(865006, 'LISTONERO'),
(865007, 'REVOCADOR'),
(865008, 'YESERO EN GENERAL'),
(866001, 'AISLADOR DE EDIFICIO'),
(866002, 'AISLADOR DE INST.DE REFRIG. Y DE CLIMATIZACION'),
(866003, 'AISLADOR DE TURBINA'),
(866004, 'INSTALADOR DE MATER.AISLANTE,EN EDIFIC,DE INSONORIZACION'),
(866005, 'SONIDOS;EN CALDERAS Y TUBERIAS, DE AIRE ACONDICIONADO'),
(866006, 'IONADO, EQUIPOS DE REGRIGERACION, ETC.'),
(866007, 'INSTALADOR DE MATERIAL DE INSONORIZACION'),
(866008, 'OTROS INSTALADORES DE MATER.AISLANTES DE INSONORIZACION'),
(867001, 'CRISTALERO DE EDIFICIO'),
(867002, 'CRISTALERO DE CLAROBOYAS'),
(867003, 'COLOCADOR DE VIDRIOS EN VENTANAS'),
(867004, 'COLOCADOR DE LUNAS DE VEHICULOS'),
(867005, 'VIDRIERO, COLOCADOR DE VIDRIOS'),
(868001, 'ASFALTO, GRANO DE ARENA Y MATERIALES SIMILARES'),
(868002, 'BUZO (CONSTR. Y REPARA CIMIENTO DE LOS PUENTES, Y DIQUES, M'),
(868004, 'COLOCADOR DE BALDOSAS SINTETICAS'),
(868005, 'COLOCADOR DE CA?ERIAS PRINCIPALES DE AGUA'),
(868006, 'COLOCADOR DE CABLES GRUESOS SUBTERRANEOS'),
(868007, 'COLOCADOR DE TUBOS, CONDUCCIONES'),
(868008, 'CONSTRUCTOR DE CANALIZACION POR TUBOS'),
(868009, 'MAESTRO DE OBRAS EN GENERAL'),
(868010, 'MONTADOR DE ANDAMIOS'),
(868011, 'MONTADOR DE ELEMENTOS PREFABRIC.DE LA EDIFICAC.'),
(868012, 'MONTADOR,EDIFICACION CON ELEMENTOS PREFABRICADO'),
(868013, 'OBRERO DE CONSERVACION, REPARACION Y MANTENIMIENTO DE EDIFI'),
(868014, 'OBRERO DE REVEST.DE SUELOS DE BALDOSAS SINTETICAS'),
(868015, 'OBRERO ESPECIALIZADO EN SUELO REVESTIDOS CON ASFALTO'),
(868016, 'OBRERO ESPECIALIZADO EN APEOS'),
(868017, 'POCERO'),
(868018, 'REPARADOR DE CHIMINEAS Y TORRES'),
(868019, 'SOLADOR,LADRILLOS Y BALDOSAS DE MATERIAL SINTETICO'),
(868020, 'TRABAJADOR EN LA CONSTRUCCION Y REPACIONES'),
(871001, 'CARGAS DE ENERGIA ELECTRICA'),
(871002, 'DISPATCHER DE ENERGIA ELECTRICA,REPARTIDOR DE CARGAS'),
(871003, 'ELECTRICO,DE GENERADOR'),
(871004, 'OPERADOR DE CENTRAL TERMOELECTRICA E HIDROELECTRICAS'),
(871005, 'OPERADOR DE CUADRO DE DISTRIBUCION DE CONTROL'),
(871006, 'OPERADOR DE EQUIPO ELECTROGENO PARTICULAR'),
(871007, 'OPERADOR DE GENERADOR DE ENERGIA ELECTRICA, INST. PARTICULA'),
(871008, 'OPERADOR DE INSTALACION DE CENTRAL TERMOELECTRICA E HIDROEL'),
(871009, 'OPERADOR DE PLANTA DE FUERZA ENERGIA ELECTRICA'),
(871010, 'OPERADOR DE REACTOR NUCLEAR'),
(871011, 'OPERADOR DE TURBINA DE CENTRAL ELECTRICA, PLANTA DE FUERZA'),
(871012, 'OPERADOR DE PLANTA TERMOELECTRICA E HIDROELECTRICAS'),
(871013, 'OTROS OPERADORES DE INSTALACIONES DE PRODUCCION DE ENERGIA'),
(871014, 'REPARTIDOR DE CARGAS,ENERGIA ELECTRICA'),
(872001, 'CONDUCTOR - CHOFER DE MAQUINARIA AGRICOLA'),
(872002, 'FUNIGADOR - CONDUCTOR'),
(872003, 'OPERADOR DE MAQUINARIA DE IRRIGACION ARTIFICIAL'),
(872004, 'TRACTORISTA'),
(872006, 'OPERADOR - COSECHADORA'),
(873001, 'CONDUCTOR DE COMPRESAS DE AIRE, DE GAS'),
(873002, 'CONDUCTOR DE INSTALACIONES DEPURADORA DE AGUA'),
(873003, 'FOGONERO DE CALDERA DE VAPOR, EXCEPTO FOGONERO DE BARCO O L'),
(873004, 'GUARDA DE PRENSA DE EMBALSE'),
(873005, 'GUARDA DE VALVULAS DE DESAGUE, EMBALSE'),
(873006, 'OPERADOR DE COMPRESOR DE AIRE, DE GAS'),
(873007, 'OPERADOR DE ESTACION DE BOMBEO'),
(873008, 'OPERADOR DE INSTALACIONES DE BOMBEO,EXC REFINO DE PETROLEO'),
(873009, 'OPERADOR DE INSTALACIONES DE TRATAMIENTO DEL AGUA,ABASTECIM'),
(873010, 'OPERADOR DE INSTALACIONES DE INCINERACION DE RESIDUOS'),
(873011, 'OPERADOR DE INSTALACIONES DE REFRIGERACION'),
(873012, 'OPERADOR DE INSTALACIONES DE CALEF.Y VENTILACION'),
(873013, 'OPERADOR DE MAQUINAS FIJAS N.E.O.P'),
(873014, 'OTROS OPERADOR DE MAQUINAS FIJAS Y DE INSTALACIONES SIMILAR'),
(873015, 'VIGILANTES DE COMPUERTAS,SERVICIOS DE AGUA'),
(873016, 'MAQUINISTAS DE MAQUINAS FIJAS N.E.O.P'),
(874001, 'APAREJADOR DE APARATOS DE ELEVACION'),
(874002, 'APAREJADOR DE BARCOS'),
(874003, 'APAREJADOR DE AVIONES'),
(874004, 'APAREJADOR, FONDEOS DE PETROLEO Y DE GAS'),
(874005, 'APAREJADOR, PERFORACION DE POZOS DE PETROL.Y GAS'),
(874006, 'APAREJADOR, SONDEOS DE PETROLEO Y DE GAS'),
(874007, 'EMPALMADOR DE CUERDAS Y CABLES EN GRAL, EN EXCEPTO ELECTRIC'),
(874008, 'EMPALMADOR DE ESTROBOS'),
(874009, 'MONTADOR DE APARATOS DE ELEVACION(FUNICULAR)'),
(874010, 'MONTADOR DE CABLES DE AVIACION'),
(874011, 'MONTADOR DE CABLES,PERFOR.DE POZOS DE PETR.GAS'),
(874012, 'MONTADOR DE CABLES DE PUENTES COLGANTES'),
(874013, 'MONTADOR DE CABLES DE GUAROS AEREOS'),
(874014, 'MONTADOR DE CABLES DE TRANSPORTE AEREO'),
(874015, 'OTROS APAREJADORES Y EMPALMADORES DE CABLES,EXCEPTO DE TELE'),
(875001, 'CONDUCTOR DE GRUA APILADORA'),
(875002, 'CONDUCTOR DE GRUA FIJA'),
(875003, 'CONDUCTOR DE GRUA MOVIL'),
(875004, 'CONDUCTOR DE GRUA LOCOMOVIL'),
(875005, 'CONDUCTOR DE GRUA FLOTANTE'),
(875006, 'CONDUCTOR DE GRUA SOBRE PLATAFORMA MOVIL.FERRC.'),
(875007, 'CONDUCTOR DE JAULAS,MINAS'),
(875008, 'CHOFER DE MONTACARGAS(CONSTRUCCION)'),
(875009, 'CONDUCTOR DE PUENTE GRUA O GRUA DE PORTICO'),
(875010, 'CONDUCTOR DE TORRE GRUA'),
(875011, 'CONDUCTOR DE GRUA,SOBRE VAGON DE FERROCARRILES'),
(875012, 'GRUISTA,CONDUCTOR DE GRUA DE PORTICO O PTE GRUA'),
(875013, 'MAQUINISTA DE TORRE GRUA'),
(875014, 'MAQUINISTA DE EXTRACCION,MINAS'),
(875015, 'MAQUINISTAS DE PUENTE GIRATORIO'),
(875016, 'OPERADOR DE CABRESTANTE'),
(875017, 'OPERADOR DE GRUA DE CUBIERTA'),
(875018, 'OPERADOR DE MONTACARGAS,CONSTRUCCION'),
(875019, 'OPERADOR DE PONTON DE GRUA'),
(875020, 'OPERADOR DE PUENTE LEVADIZO'),
(875021, 'OPERADOR DE PUENTE GIRATORIO'),
(875022, 'OPERADOR DE TORNO DE VAPOR, CABRESTANTE'),
(875023, 'OPERADOR DE CABRESTANTE DE VAPOR'),
(875024, 'CONDUCTORES DE GRUAS Y OPERADORES DE INSTALACIONES DE ELEVA'),
(875025, 'MANIOBRISTA DE MUELLE'),
(876001, 'CONDUCTOR DE APLANADORA DE CAMINOS'),
(876002, 'CONDUCTOR DE APISONADORA'),
(876003, 'CONDUCTOR DE ASFALTADORA'),
(876004, 'CONDUCTOR DE ALQUITRANADORA ASFALTADORA'),
(876005, 'CONDUCTOR DE ATACADOR MECANICO CONSTRUCCION'),
(876006, 'CONDUCTOR DE BULLDOZER'),
(876007, 'CONDUCTOR DE CANGILON DE ARRASTRE'),
(876008, 'CONDUCTOR DE DRAGALINA'),
(876009, 'CONDUCTOR DE DRAGA'),
(876010, 'CONDUCTOR DE EXCAVADORA'),
(876011, 'CONDUCTOR DE EXPLANADORA Y DE ESCRAPER'),
(876012, 'CONDUCTOR DE ESPARCIDORA ACABADORA PARA CAMINO'),
(876013, 'CONDUCTOR DE HORMIGONERA'),
(876014, 'CONDUCTOR DE INSTALACION DISTRIBUIDORA PARA LA PREPARACION'),
(876015, 'CONDUCTOR DE MAQUINAS DE ABRIR ZANJAS'),
(876016, 'CONDUCTOR DE MAQUINAS DE EXCAVAR ZANJAS'),
(876017, 'CONDUCTOR DE MARTINETE'),
(876018, 'CONDUCTOR DE MAQUINA HINCADORA DE PILOTES'),
(876019, 'CONDUCTOR DE MAQUINA DE ABRIR TUNELES'),
(876020, 'CONDUCTOR DE MAQUINA DE ABRIR HOYOS'),
(876021, 'CONDUCTOR DE NIVELADORA CON CUCHILLA FRONTAL,BULLDOZER'),
(876022, 'CONDUCTOR DE NIVELADORA Y ESCRAPER'),
(876023, 'CONDUCTOR DE PALA MECANICA'),
(876024, 'CONDUCTOR DE PAVIMENTADORA EN HORMIGON'),
(876025, 'CONDUCTOR DE PERFORAD.DE AIRE COMPRIMIDO,CONST.'),
(876026, 'OPERADOR DE INSTALCIONES PARA MEZCLAR HORMIGON'),
(876027, 'OPERADOR DE ZANJADORA DE CANGILONES'),
(876028, 'OTROS CONDUCTORES DE MAQUINA PARA EL MOVIMIENTO DE TIERRAS'),
(876029, 'PICADOR CON MARTILLO NEUMATICO, CONSTRUCCION'),
(877001, 'CONDUCTOR DE CARRETILLA ELEVADORA'),
(877002, 'CONDUCTOR DE CARRETON DE HORQUILLA ELEVADORA'),
(877003, 'CONDUCTOR DE CAMION VOLQUETE'),
(877004, 'CONDUCTOR DE CARRETA DE TRANSPORTE TRONCOS, ROLLIZOS Y FUST'),
(877005, 'CONDUCTOR DE CINTA TRANSPORTADORA'),
(877006, 'CONDUCTOR DE ELEVADOR  DE CARGA'),
(877007, 'CONDUCTOR DE VAGONERA LANZADERA,MINAS'),
(877008, 'OBREROS DE LA MANIPULACION DE MERCANCIA Y MATERIALES O DE M'),
(877009, 'CHOFER DE MONTACARGAS(EXCEPTO CONSTRUCCION)'),
(877010, 'ELEVADORISTA DE CARGA'),
(877011, 'VOLQUETERO'),
(881001, 'BALSEROS'),
(881002, 'CONTRAMAESTRE DE BARCO'),
(881003, 'GRUMETE'),
(881004, 'LANCHERO'),
(881005, 'MARINERO EN GRAL, DE PRIMERA,SGDA,DE REMOLCADOR DE YATE,DE'),
(881006, 'PANOLERO DE CUBIERTA'),
(881007, 'TIMONEL DE BARCO'),
(881008, 'MANIOBRISTA DE BARCO'),
(881009, 'MARINERO(MARINERO MERCANTE)'),
(881010, 'VAPORINO'),
(882001, 'AUXILIAR DE LA CAMARA DE MAQUINAS,BARCOS'),
(882002, 'ENGRASADOR DE BARCOS'),
(882003, 'FOGONERO DE BARCO'),
(882004, 'LIMPIADOR DE MAQUINAS.BARCOS'),
(882005, 'MECANICOS ENGRASADOR,BARCOS'),
(883001, 'AYUDANTE DE MAQUINISTAS DE TREN'),
(883002, 'CONDUCTOR DE LOCOMOTORA EN MINAS Y CANTERAS'),
(883003, 'CONDUCTOR DE LOCOMOTORAS DE MANIOBRAS'),
(883004, 'FOGONERO DE LOCOMOTORA DE VAPOR'),
(883005, 'MAQUINISTA DE TREN O LOCOMOTORA'),
(883006, 'MAQUINISTA DE TREN DE MINA O CANTERA'),
(884001, 'AGENTES DE MANIOBRAS'),
(884002, 'BREQUERO DE FERROCARRIL'),
(884003, 'CLASIFICADOR DE TRENES'),
(884004, 'CONDUCTOR,AGENTE DE MANIOBRAS'),
(884005, 'DERIVADOR, FERROCARRILES'),
(884006, 'ENGANCHADOR DE VAGONES,FERROCARRILES'),
(884007, 'GUARDAFRENOS,TREN DE MERCANCIA'),
(884008, 'GUARDAGUJAS/CONTROLADOR DE TRAFICO FERROVIARIO'),
(884009, 'GUARDAGUJAS-ENGANCHADOR,(MINAS Y CANTERAS)'),
(884010, 'JEFE DE TREN DE MERCANCIAS'),
(885001, 'CHOFER DE TAXI'),
(885002, 'CHOFER DE ENTREGA DE COCHES NUEVOS'),
(885003, 'CHOFER PARTICULAR'),
(885004, 'CONDUCTOR DE MOTOCICLETA'),
(885005, 'CONDUCTOR DE AUTOBUS, AUTOMOVIL, CAMIONETA, CAMION O FURGON'),
(885006, 'MICROBUSERO/CONDUCTOR DE MICROBUS'),
(885007, 'TAXISTA'),
(885008, 'CONDUCTORES DE CAMIONES PESADOS'),
(886001, 'GUARDA BARRERA,FERROCARRILES'),
(886002, 'GUARDA DE ESCLUSA,CANALES O PUERTOS'),
(886003, 'JEFE DE DIQUE O VARADERO'),
(886004, 'JEFE DE PUERTO.DIQUE SECO'),
(886005, 'OBRERO DE COMPUERTAS DE EVACUACION,EXCLUSAS EN DIQUE SECO'),
(886006, 'PATRON DE PUERTO,DIQUE SECO'),
(886007, 'TORRERO DE FARO,AEROPUERTO Y PUERTOS'),
(911001, 'VENDEDOR AMBULANTE, CEREALES: AVENA, CEBADA, TRIGO, ETC.'),
(911002, 'VENDEDOR AMBULANTE, ESPECERIAS: CANELA, CLAVO DE OLOR, PIMI'),
(911003, 'VENDEDOR AMBULANTE, FRUTA FRESCA'),
(911004, 'VENDEDOR AMBULANTE, HORTALIZAS: AJO, CEBOLLA, CHOCLO, VAINI'),
(911005, 'VENDEDOR AMBULANTE, MENESTRAS: FRIJOLES, GARBANZOS, LENTEJA'),
(911006, 'VENDEDOR AMBULANTE, TUBERCULOS: CAMOTE, PAPA, YUCA, ETC.'),
(912001, 'VENDEDOR AMBULANTE, ANTICUCHOS'),
(912002, 'VENDEDOR AMBULANTE, CEBICHES Y DERIVADOS'),
(912003, 'VENDEDOR AMBULANTE, CHURROS'),
(912004, 'VENDEDOR AMBULANTE, EMOLIENTE'),
(912005, 'VENDEDOR AMBULANTE, JUGOS Y REFRESCOS'),
(912006, 'VENDEDOR AMBULANTE, PICANTES'),
(912007, 'VENDEDOR AMBULANTE, RASPADILLAS'),
(912008, 'VENDEDOR AMBULANTE, SALCHIPAPAS'),
(912009, 'VENDEDOR AMBULANTE, SANDWICH'),
(912010, 'VENDEDOR AMBULANTE, COMIDAS PREPARADAS EN LA CALLE, OTROS'),
(913001, 'VENDEDOR AMBULANTE, ALFALFA Y FORRAJE'),
(913002, 'VENDEDOR AMBULANTE, COCA'),
(913003, 'VENDEDOR AMBULANTE, FLORES'),
(913004, 'VENDEDOR AMBULANTE, PLANTAS Y SEMILLAS'),
(913005, 'VENDEDOR AMBULANTE, COCHINILLA'),
(914001, 'VENDEDOR AMBULANTE, CAMARONES Y LANGOSTINOS'),
(914002, 'VENDEDOR AMBULANTE, CARNE DE: BALLENA, LOBO MARINO, TORTUGA'),
(914003, 'VENDEDOR AMBULANTE, MARISCOS: CHOROS, CONCHAS, ETC.'),
(914004, 'VENDEDOR AMBULANTE, PESCADOS: BONITO, JUREL, PEJERREY, TRUC'),
(915001, 'VENDEDOR AMBULANTE, ANIMALES VIVOS: CONEJOS, GATOS, PERROS,'),
(915002, 'VENDEDOR AMBULANTE, AVES VIVOS Y/O SUS CARNES'),
(915003, 'VENDEDOR AMBULANTE, CARNES: PORCINO, VACUNO, ETC.'),
(915004, 'VENDEDOR AMBULANTE, REPARTIDOR DE LECHE'),
(916001, 'VENDEDOR AMBULANTE, PRODUCTOS FARMACEUTICOS: ALCOHOL, ALGOD'),
(916002, 'VENDEDOR AMBULANTE, CORTEZAS Y HIERBAS/ USO MEDICINAL'),
(916003, 'VENDEDOR AMBULANTE, RAICES DE PLANTAS/ USO MEDICINAL'),
(917001, 'VENDEDOR AMBULANTE, ACEITE COMESTIBLE'),
(917002, 'VENDEDOR AMBULANTE, CAFE TOSTADO, MOLIDO, ENVASADO Y/O GRAN'),
(917003, 'VENDEDOR AMBULANTE, CARAMELOS, CONFITES, CHOCOLATES, GALLET'),
(917004, 'VENDEDOR AMBULANTE, HELADOS, HIELO, MARCIANOS, ETC.'),
(917005, 'VENDEDOR AMBULANTE, PAN, PASTELES'),
(917006, 'VENDEDOR AMBULANTE, PRODUCTOS LACTEOS, FIDEOS, HARINAS, AZU'),
(917007, 'VENDEDOR AMBULANTE, PRODUCTOS ALIMENTICIOS PARA ANIMALES/ A'),
(917008, 'VENDEDOR AMBULANTE, ABARROTES'),
(918001, 'VENDEDOR AMBULANTE, CIGARRO, TABACO, PIPAS E IMPLEMENTOS PA'),
(918002, 'VENDEDOR AMBULANTE, AGUA MINERAL, GASEOSAS, VINO, ETC.'),
(919001, 'VENDEDOR AMBULANTE; COSMETICOS, PERFUMES, LOCION, ETC.'),
(919002, 'VENDEDOR AMBULANTE; ESCOBAS, ESCOBILLAS, ESCOBILLONES, ETC.'),
(919003, 'VENDEDOR AMBULANTE; JABONES, DETERGENTES, ETC.'),
(919004, 'VENDEDOR AMBULANTE; PASTA DENTRIFICA, PAPEL HIGIENICO, ETC.'),
(919005, 'VENDEDOR AMBULANTE; PRODUCTOS DE: ORNELLA, UNIQUE, YAMBAL,'),
(921001, 'VENDEDOR AMBULANTE; ACEITE PARA AUTOS, LUBRICANTES (ENVASAD'),
(921002, 'VENDEDOR AMBULANTE; GAS / REPARTIDOR EN CAMIONETA O TRICICL'),
(921003, 'VENDEDOR AMBULANTE, LE?A O CARBON'),
(922001, 'VENDEDOR AMBULANTE, CALZADOS, ZAPATILLAS, SANDALIAS, SLAPS,'),
(922002, 'VENDEDOR AMBULANTE, MERCERIA: AGUJAS, ADORNOS DE VESTIDO, B'),
(922003, 'VENDEDOR AMBULANTE, PRENDAS DE VESTIR: CAMISAS, CARTERAS, P'),
(922004, 'VENDEDOR AMBULANTE, TELAS Y/O TEJIDOS'),
(922005, 'VENDEDOR AMBULANTE, SOMBREROS'),
(922006, 'VENDEDOR AMBULANTE PASAMANERIA, LENCERIA, MERCERIA'),
(923001, 'VENDEDOR AMBULANTE, ALFOMBRAS. CORTINAS, TAPICES Y ARTICULO'),
(923002, 'VENDEDOR AMBULANTE, ART. DOMEST.: COCINA, LAVADORA, REFRIGE'),
(923003, 'VENDEDOR AMBULANTE, CATRES Y COLCHONES/ CAMAS'),
(923004, 'VENDEDOR AMBULANTE, MUEBLES PARA EL HOGAR'),
(923005, 'VENDEDOR AMBULANTE, UTENSILIOS DE COCINA: CACEROLAS, CUCHIL'),
(923006, 'VENDEDOR AMBULANTE, ART. DE MESA: MANTELES, INDIVIDUALES, P'),
(924001, 'VENDEDOR AMBULANTE, DIARIOS Y REVISTAS / CANILLITAS'),
(924002, 'VENDEDOR AMBULANTE, LIBROS Y NOVELAS'),
(924003, 'VENDEDOR AMBULANTE, UTLES DE ESCRITORIO: BORRADORES, CUADER'),
(925001, 'VENDEDOR AMBULANTE, ANTIGUEDADES'),
(925002, 'VENDEDOR AMBULANTE, ARTICULOS ARTESANALES'),
(925003, 'VENDEDOR AMBULANTE, ARTICULOS DE PLATA'),
(925004, 'VENDEDOR AMBULANTE, ARTICULOS RELIGIOSOS'),
(925005, 'VENDEDOR AMBULANTE, ARTICULOS PARA FIESTAS Y DISFRACES'),
(925006, 'VENDEDOR AMBULANTE, CUADROS Y ESCULTURAS'),
(926001, 'VENDEDOR AMBULANTE, ARTICULOS DEPORTIVOS'),
(926002, 'VENDEDOR AMBULANTE, JUGUETES'),
(927001, 'VENDEDOR AMBULANTE, ANTEOJOS Y LUNAS'),
(927002, 'VENDEDOR AMBULANTE, CASSETTES (BLANCOS Y GRABADOS) Y DISCOS'),
(927003, 'VENDEDOR AMBULANTE, HULES Y/O MARROQUINES'),
(927004, 'VENDEDOR AMBULANTE, MALETAS Y MALETINES / CARTERAS'),
(927005, 'VENDEDOR AMBULANTE, RELOJES'),
(927006, 'VENDEDOR AMBULANTE, REPUESTO Y/O ART. DE FERRETERIA'),
(927007, 'VENDEDOR AMBULANTE, OTROS'),
(931001, 'COBRADOR, AUTOBUSES Y MICROBUSES'),
(931002, 'COBRADOR, PASAJE/ MICROBUS Y OMNIBUS'),
(931003, 'COBRADOR, PASAJE/ CAMIONETA RURAL (COMBI)'),
(931004, 'COBRADOR, PASAJE/ FERROCARRIL'),
(931005, 'COBRADOR, TRANSPORTE POR CARRETERA'),
(931006, 'VENDEDOR DE BOLETOS, CAMIONETA RURAL, MICROBUSES, OMNIBUS,'),
(931007, 'VENDEDOR DE BOLETOS Y PASAJES DE VIAJE AEREO'),
(941001, 'AMA DE CRIA O SECA O LECHE O NI?OS'),
(941002, 'AMA DE LLAVES'),
(941003, 'AYA MAMA'),
(941004, 'AYUDA DE CAMARA'),
(941005, 'CANTINERO'),
(941006, 'CAMARERO'),
(941007, 'COCINERO'),
(941008, 'CRIADO'),
(941009, 'DAMA DE COMPA?IA'),
(941011, 'LAVANDERO'),
(941014, 'MESERO'),
(941015, 'MOZO (PERSONAL DOMESTICO)'),
(941016, 'MUCAMA'),
(941017, 'NANA'),
(941018, 'NI?ERA'),
(941019, 'SIRVIENTA (E)'),
(941020, 'SIRVIENTA (E), COCINA'),
(941021, 'SIRVIENTA (E), SALON'),
(941022, 'SIRVIENTE (A), COCINA'),
(941023, 'SIRVIENTE (A), SALON'),
(942001, 'ALMIDONADOR, LAVANDERIA'),
(942002, 'CAMARERO, HOTELERIA'),
(942003, 'CLASIFICADOR, ROPA/LAVANDERIA'),
(942004, 'LAVANDERO, A MANO/LAVANDERIA'),
(942005, 'LAVAPISOS'),
(942006, 'LAVAPLATOS DE: CANTINA, HOTEL, RESTAURANTE'),
(942007, 'LIMPIADOR, EN SECO/A MANO'),
(942008, 'LIMPIADOR DE: FABRICAS, HOTELES, OFICINAS Y RESTAURANTES'),
(942009, 'MUJER DE LIMPIEZA DE: HOTELES, OFICINAS ETC.'),
(942010, 'PEON DE LIMPIEZA DE: AERONAVES, AUTOBUSES, FABRICAS ETC.'),
(942011, 'PLANCHADOR, A MANO'),
(942012, 'QUITAMANCHAS, A MANO'),
(943001, 'BEDEL'),
(943002, 'CONSERJE'),
(943003, 'CONSERJE, EDIFICIO/APARTAMENTOS'),
(943004, 'EMPLEADO, EDIFICIO/APARTAMENTOS(LIMPIEZA)'),
(943005, 'ENCARGADO, INMUEBLE'),
(943006, 'GUARDIAN, EDIFICIO'),
(943007, 'PORTERO-CUIDADOR'),
(943008, 'PORTERO-CUIDADOR, ESTABLECIMIENTO RELIGIOSO'),
(943009, 'SACRISTAN'),
(944001, 'LAVADOR AMBULANTE DE AUTOS'),
(944002, 'LIMPIABOTAS'),
(944003, 'LIMPIADOR DE VENTANAS'),
(944004, 'LUSTRABOTAS'),
(944005, 'PEGADOR DE CARTELES'),
(944006, 'RECADERO'),
(945001, 'ACOMODADOR, SALA, CINE, TEATRO ETC.'),
(945002, 'ANOTADOR DE APUESTAS'),
(945003, 'ARMADOR DE CAJAS DE CARTON A MANO'),
(945004, 'AYUDANTE DE CAMION'),
(945005, 'AYUDANTE, BA?OS TURCOS'),
(945006, 'AYUDANTE, BA?OS SAUNA'),
(945008, 'CARTONERO A MANO'),
(945009, 'COMPRADOR, VENDEDOR AMBULANTE DE MONEDAS Y BILLETES'),
(945010, 'DECORADOR DE IGLESIAS'),
(945011, 'DESCARGADOR DE AVIONES'),
(945012, 'DESCARGADOR DE BARCOS'),
(945013, 'EMBALADOR A MANO Y/O MAQUINA'),
(945014, 'EMPAQUETADOR A MANO Y/O MAQUINA'),
(945015, 'ENSACADOR A MANO'),
(945016, 'ESCOGEDOR DE BOTELLAS'),
(945017, 'ENVASADOR A MANO O Y/O MAQUINA'),
(945018, 'ESTIBADOR CARGADOR DE BARCOS'),
(945019, 'FOTOGRAFO AMBULANTE'),
(945020, 'JARDINERO'),
(945021, 'LLENADO O ENVASADOR DE PRODUCTOS'),
(945022, 'MECANOGRAFOS AMBULANTES'),
(945023, 'MERETRICES, PROSTITUTAS, COPETINERAS'),
(945024, 'MOZO DE MUDANZA'),
(945025, 'MOZO DE MERCADOS DE ABASTOS'),
(945026, 'MOZO DE TRANSPORTE DE MUEBLES'),
(945027, 'MOZO DE ALMACEN'),
(945028, 'MOZO DE CUERDA, EXCEPTO EN LOS HOTELES'),
(945029, 'MOZO DE EQUIPAJES, EXCEPTO EN LOS HOTELES'),
(945031, 'OBRERO PORTUARIO'),
(945032, 'PAREJA DE BAILE'),
(945033, 'PELADOR DE POLLOS, GALLINAS Y OTRAS AVES'),
(945034, 'PINTOR DE BANDAS SOBRE CALLES Y CAMINOS'),
(945035, 'PROMOTORES DE JUEGO EN LA CALLE (AJEDREZ, DAMAS, ETC.)'),
(945036, 'RECEPCIONISTA-ACOMPA?ANTE, CABARET, CLUB ETC.'),
(945037, 'RECOGEDOR DE PELOTAS'),
(945038, 'SERVICIO DE ALQUILER DE VEHICULOS'),
(945039, 'SERVICIO DE ALQUILER DE VIDEOS, EQUIPOS DE SONIDO'),
(945040, 'TINTERILLERO'),
(945041, 'TRABAJADOR EN FERIAS Y PARQUES MECANICOS DE DIVERSIONES'),
(945042, 'TRABAJADOR DE CASINO, PIN-BALL, BOWLING, BINGO Y SALAS DE J'),
(945043, 'TRAMITADOR AMBULANTE'),
(945044, 'VENDEDORES POR TELEFONO'),
(945045, 'COBRADOR DE AUTOS'),
(945046, 'ZAPATERO REMENDON (AMBULANTE)'),
(945047, 'CUIDADO DE NI?OS EN VIVIENDAS PARTICULARES'),
(951001, 'ASENSORISTA'),
(951002, 'BOTONES'),
(951003, 'CADDIE, O PORTEADOR DE PALOS DE GOLF'),
(951004, 'MALETERO, HOTEL'),
(951005, 'MANDADERO'),
(951006, 'MENSAJERO'),
(951007, 'MENSAJERO, TELEGRAMAS'),
(951008, 'MOZO DE CUERDA'),
(951009, 'REPARTIDOR'),
(951010, 'REPARTIDOR, DIARIOS'),
(951011, 'REPARTIDOR, PERIODICOS'),
(952001, 'ACOMODADOR'),
(952002, 'CONSERJE, HOTEL'),
(952003, 'ENCARGADO, LOCAL DE ASEO'),
(952004, 'GUARDIAN'),
(952005, 'GUARDIAN, ESTACIONAMIENTO'),
(952006, 'GUARDIAN, FERIA'),
(952007, 'GUARDIAN, GALERIA DE ARTE'),
(952008, 'GUARDIAN, GUARDARROPA'),
(952009, 'GUARDIAN, MUSEO'),
(952010, 'GUARDIAN, PARQUE DE ATRACCIONES'),
(952011, 'GUARDIAN, PARQUES Y JARDINES PUBLICOS'),
(952012, 'GUARDIAN, SALON DE DESCANSO'),
(952013, 'GUARDIAN, VESTUARIO'),
(952014, 'PORTERO'),
(952015, 'PORTERO, HOTEL'),
(952016, 'PORTERO, HOTEL/VESTIBULO DE RECEPCION'),
(952017, 'SERENO'),
(952018, 'UJIER'),
(952019, 'VIGILANTE'),
(952020, 'VIGILANTE, HORARIOS DE TRABAJO'),
(952021, 'VIGILANTE, MUSEO'),
(952022, 'VIGILANTE, NOCTURNO'),
(953001, 'LECTOR DE MEDIDORES'),
(961001, 'BASURERO'),
(961002, 'BARRENDERO'),
(961003, 'BARRENDERO, CALLES'),
(961004, 'BARRENDERO, FABRICAS'),
(961005, 'BARRENDERO, PLAZAS Y PARQUES/JARDINES'),
(961006, 'PEON CARBONERO'),
(961007, 'PEON GENERAL'),
(961008, 'PEON, RECOLECCION DE DESECHOS'),
(961009, 'RECOGEDOR, BASURAS/CAMION O TRICICLO'),
(971001, 'AGRICULTOR, AYUDANTE'),
(971002, 'APANADOR/COSECHADOR DE ALGODON'),
(971003, 'ARBORICULTOR'),
(971004, 'ARRIERO'),
(971005, 'BOYERO'),
(971006, 'BRACERO AGRICOLA'),
(971007, 'CABALLERIZO (OBRERO)'),
(971008, 'CAMPESINO'),
(971009, 'CAPADOR (OBRERO)'),
(971010, 'CONDUCTOR, BOVINOS'),
(971011, 'CORTADOR DE CA?A DE AZUCAR'),
(971012, 'COSECHADOR: MANI, ALGODON, PAJAS, ETC.'),
(971013, 'CRIADOR DE RANAS, PAJAROS (OBRERO)'),
(971014, 'CRIADOR DE GUSANOS DE SEDA (OBRERO)'),
(971015, 'CULTIVADOR: ALGODON, CA?A, AZUCAR, ETC.'),
(971016, 'DIMIDOR'),
(971017, 'ENGANCHADOR AGRICOLA'),
(971018, 'ESQUILADOR (OBRERO)'),
(971019, 'ESTABLERO, CABALLOS REPRODUCTORES'),
(971020, 'GA?AN'),
(971021, 'GOLONDRINO'),
(971022, 'INJERTADOR DE ARBOLES FRUTALES (OBRERO)'),
(971023, 'INSEMINADOR (OBRERO)'),
(971024, 'JARDINERO (OBRERO)'),
(971025, 'JORNALERO AGRICOLA'),
(971026, 'LE?ADOR'),
(971027, 'MARRONERO (OBRERO)'),
(971028, 'MOZO DE CUADRA (OBRERO)'),
(971029, 'OBRERO GANADERO, AYUDANTE'),
(971030, 'OBRERO CRIADOR, AYUDANTE'),
(971031, 'OBRERO AVICULTOR, AYUDANTE'),
(971032, 'OBRERO AGRICOLA DE ARBOLES FRUTALES'),
(971033, 'OBRERO AGRICOLA, AYUDANTE'),
(971034, 'OBRERO FORESTAL, AYUDANTE'),
(971035, 'PALMERO, OBRERO AGRICOLA'),
(971036, 'PASTOR MOCHILERO'),
(971037, 'PEON AGROPECUARIO'),
(971038, 'PEON AGROPECUARIO, ANIMALES DE PELETERIA'),
(971039, 'PEON AGROPECUARIO, CRIA DE ANIMALES DE PIEL'),
(971040, 'PEON AGRICOLA, PAPERO'),
(971041, 'PEON AGRICOLA, HORTALIZAS'),
(971042, 'PEON AGRICOLA, COSECHADOR/FRUTAS'),
(971043, 'PEON AGRICOLA, COSECHADOR/TE'),
(971044, 'PEON AGRICOLA, CULTIVO EXTENSIVO'),
(971045, 'PEON AGROPECUARIO, ESTACIONAL'),
(971046, 'PEON AGROPECUARIO, GANADO'),
(971047, 'PEON AGROPECUARIO, TEMPORERO'),
(971048, 'PEON DE ESTANCIA O HACIENDA'),
(971049, 'PEON DE LABRANZA, ARBORICULTOR'),
(971050, 'PEON AGROPECUARIO, ORDE?ADOR/GANADO LECHERO'),
(971051, 'PEON AGROPECUARIO, MIGRANTE'),
(971052, 'PEON AGROPECUARIO, GANADO EQUINO'),
(971053, 'PEON AGROPECUARIO, GUSANOS DE SEDA'),
(971054, 'PEON AGRICOLA, COSECHADOR/ALGODON'),
(971055, 'PEON AGRICOLA EN GENERAL'),
(971056, 'PEON DE LABRANZA, COSECHADOR/FRUTOS'),
(971057, 'PEON DE LABRANZA, COSECHADOR/HUERTOS'),
(971058, 'PEON DE LABRANZA, COSECHADOR/ALGODON'),
(971059, 'PEON DE LABRANZA, COSECHADOR'),
(971060, 'PEON DE LABRANZA, CITRICOS'),
(971061, 'PEON DE LABRANZA, COSECHADOR/TE'),
(971062, 'PEON DE LABRANZA, CRIA DE GANADO'),
(971063, 'PEON DE LABRANZA, GANADO OVINO'),
(971064, 'PEON DE LABRANZA, GANADO BOVINO'),
(971065, 'PEON DE LABRANZA, GANADO'),
(971066, 'PEON DE LABRANZA, CULTIVO EXTENSIVO'),
(971067, 'PEON DE LABRANZA'),
(971068, 'PORQUERIZO'),
(971069, 'RECOGEDOR DE FRUTAS (OBRERO)'),
(971070, 'RECOLECTOR DE MIEL'),
(971071, 'RECOLECTOR DE FRUTOS, HOJAS DE TE, CAFE, ETC.'),
(971072, 'RESINERO (OBRERO)'),
(971073, 'REZADOR'),
(971074, 'TORNERO'),
(971075, 'TRABAJADOR AGRICOLA'),
(971076, 'TROPERO'),
(971077, 'VAREADOR'),
(971078, 'VIGILANTE DE MONTE'),
(972001, 'DESCUAJADOR'),
(972002, 'PEON FORESTAL'),
(973001, 'BATIDOR DE CAZA'),
(973002, 'ENCEBADOR, CAZA CON TRAMPA'),
(973003, 'PEON CAZADOR'),
(973004, 'PEON TRAMPERO'),
(973005, 'RASTRILLADOR, PLAYAS'),
(973006, 'PESCADOR ARTESANAL'),
(981001, 'AHOYADOR, CANTERAS'),
(981002, 'PE?N, LAVADOR DE ORO'),
(981003, 'PE?N, LAVADOR DE MINERALES'),
(981004, 'MINERO EN GENERAL'),
(981005, 'OBRERO DE MINERIA DE LAVADO'),
(981006, 'PEDRERO'),
(981007, 'PEON, SUMINISTRO DE ELECTRICIDAD, GAS Y AGUA'),
(981008, 'PEON, MINAS O CANTERAS'),
(981009, 'PEON, CANTERAS'),
(981010, 'PICADOR, MINAS'),
(981011, 'PICAPEDRERO'),
(982001, 'CAVADOR, ZANJAS Y ACEQUIAS'),
(982002, 'DESBROZADOR DE TIERRA'),
(982003, 'LIMPIABARROS'),
(982004, 'OBREROS DEL BALASTO, FERROCARRIL'),
(982005, 'PEON BRACERO'),
(982006, 'PEON CAMINERO'),
(982007, 'PEON CAVADOR, FOSOS'),
(982008, 'PEON CAVADOR, POZOS DE AGUA'),
(982009, 'PEON CAVADOR, SEPULTURAS, SEPULTURERO, ENTERRADOR'),
(982010, 'PEON FERROCARRILLERO, BALASTO'),
(982011, 'PEON CONSTRUCCION'),
(982012, 'PEON CONSTRUCCION/CARRETERAS'),
(982013, 'PEON CONSTRUCCION/DIQUES'),
(982014, 'PEON, DE BREGA'),
(982015, 'PEON, DE BRIGADA FERROCARRILES'),
(982016, 'PEON EN GENERAL'),
(982017, 'PORTAMIRAS, TOPOGRAFIA'),
(982018, 'VACIADOR DE POZOS  NEGROS'),
(983001, 'APILADOR DE MATERIAL, CONSTRUCCION/EDIFICIOS, A MANO'),
(983002, 'EMPAPELADOR DE PAREDES'),
(983003, 'PEON, ALBA?ILERIA Y AYUDANTE DE ALBA?IL'),
(983004, 'PEON, DEMOLICION'),
(983005, 'PEON, TAREAS DIVERSAS'),
(984001, 'COSEDOR A MANO, ENCUADERNACION'),
(984002, 'DESCABEZADOS DE PESCADO'),
(984003, 'EMBALADOR, A MANO'),
(984004, 'EMBALADOR, A MANO/CAJAS'),
(984005, 'EMBALADOR, INDUSTRIA CONSERVERA/ENLATADO'),
(984006, 'EMBOTELLADOR MANUAL'),
(984007, 'EMPAQUETADOR, MANUAL'),
(984008, 'ENSACADOR, A MANO'),
(984009, 'ENVASADOR, A MANO'),
(984010, 'ESCAMADOR DE PESCADO'),
(984011, 'ETIQUETADOR, A MANO'),
(984012, 'LAVADOR, ARTICULOS TEXTILES/A MANO'),
(984013, 'LAVADOR, CUEROS Y PIELES/A MANO'),
(984014, 'LAVADOR, RESES/CARNICERIA(A MANO)'),
(984015, 'LAVADOR, TALLER DE FABRICACION/A MANO'),
(984016, 'PEON, ARMADO'),
(984017, 'PEON, CLASIFICACION/BOTELLAS'),
(984018, 'PE?N, LIMPIADOR DE PESCADO'),
(984019, 'PEON, ENROLLADOR DE BOBINAS/A MANO'),
(984020, 'PEON, ENROLLADOR DE FILAMENTOS/A MANO'),
(984021, 'PEON, ENROLLADOR DE RESORTES/A MANO'),
(984022, 'PEON, INDUSTRIA VINICOLA'),
(984023, 'PEON, INDUSTRIAS MANUFACTURERAS'),
(984024, 'PEON, OPERACIONES DE MONTAJE MANUAL'),
(985001, 'CARRETILLERO, CARGADOR AMBULANTE DE MERCANCIAS'),
(985002, 'CONDUCTOR, BICICLETA'),
(985003, 'CONDUCTOR, CARRO DE MANO'),
(985004, 'CONDUCTOR, SILLA DE MANOS'),
(985005, 'CONDUCTOR, TRICICLO/NO MOTORIZADO'),
(985006, 'CONDUCTOR, VEHICULO A PEDALES'),
(985007, 'CONDUCTOR, VELOCIPEDO DE TRANSPORTE'),
(986001, 'ARRIERO, CONDUCTOR DE VEHICULOS DE TRACCION ANIMAL'),
(986002, 'BURRERO, TRANSPORTE'),
(986003, 'CABALLISTA, ARRASTRE DE VAZONETAS EN MINAS Y CANTERAS'),
(986004, 'CARAVANERO'),
(986005, 'CARRETERO, CONDUCTOR DE VEHICULOS DE TRACCION'),
(986006, 'COCHERO DE PUNTO'),
(986007, 'CONDUCTOR, ANIMALES/CANTERAS, CARRETERAS'),
(986008, 'CONDUCTOR, ANIMALES/MINAS'),
(986009, 'CONDUCTOR DE ANIMALES DE CARGA'),
(986010, 'CONDUCTOR, MAQUINARIA AGRICOLA/NO MOTORIZADA'),
(986011, 'CONDUCTOR, MULAS, ASEMILEROS; MULERO, TRANSPORTES'),
(986012, 'CONDUCTOR, RECUAS'),
(986013, 'CONDUCTOR, VEHICULO DE TRACCION ANIMAL/CANTERAS'),
(986014, 'CONDUCTOR, VEHICULO DE TRACCION ANIMAL/CARRETERAS'),
(986015, 'CONDUCTOR, VEHICULO DE TRACCION ANIMAL/MINAS'),
(986016, 'YUGUERO DE BUEYES'),
(986017, 'YUGUERO DE MULAS'),
(986018, 'YUGUERO DE MULAS Y BUEYES'),
(986019, 'YUNTERO DE MULAS Y BUEYES'),
(987001, 'CARGADOR'),
(987002, 'CARGADOR DE BULTOS'),
(987003, 'CARGADOR, BUQUES'),
(987004, 'CARGADOR, BUQUES CISTERNA/GASES'),
(987005, 'CARGADOR, BUQUES CISTERNA/LIQUIDO'),
(987006, 'CARGADOR, CAMIONES'),
(987007, 'CARGADOR, MUEBLES'),
(987008, 'CARGADOR, VEHICULOS/TRANSPORTE FERROVIARIO'),
(987009, 'CARGADOR, VEHICULOS/TRANSPORTE POR CARRETERA'),
(987010, 'ESTIBADOR, MANUAL'),
(987011, 'MANIPULADOR, ALMACENES FRIGORIFICOS'),
(987012, 'MANIPULADOR, CARGA'),
(987013, 'MANIPULADOR, CARNE'),
(987014, 'MANIPULADOR, FRUTA'),
(987015, 'MANIPULADOR, GRANDES ALMACENES'),
(987016, 'MANIPULADOR, MERCADO DE ALIMENTOS'),
(987017, 'MANIPULADOR, MERCANCIAS'),
(987018, 'MANIPULADOR, PESCADO'),
(987019, 'MANIPULADOR, TIENDA'),
(987020, 'PEON DE CARGA, AVIONES'),
(987021, 'PEON DE CARGA, BUQUES'),
(987022, 'PEON DE CARGA, BUQUES CISTERNA/GASES'),
(987023, 'PEON DE CARGA, BUQUES CISTERNA/LIQUIDOS'),
(987024, 'PEON DE CARGA, EMPRESAS DE MUDANZAS'),
(987025, 'PEON PORTUARIO'),
(999001, 'OCUPACI?N NO ESPECIFICADA.');

-- --------------------------------------------------------

--
-- Table structure for table `ocupacion_2`
--

CREATE TABLE IF NOT EXISTS `ocupacion_2` (
  `id_ocupacion_2` char(6) NOT NULL,
  `descripcion` varchar(200) DEFAULT NULL,
  PRIMARY KEY (`id_ocupacion_2`)
) ENGINE=InnoDB DEFAULT CHARSET=latin1 COMMENT='''TABLA 10: "OCUPACIÓN ADMINISTRACIÓN PÚBLICA Y PS MODALIDAD ';

--
-- Dumping data for table `ocupacion_2`
--

INSERT INTO `ocupacion_2` (`id_ocupacion_2`, `descripcion`) VALUES
('0', '-'),
('011001', 'MARINA, OFICIALES'),
('011002', 'EJERCITO,OFICIALES'),
('011003', 'AVIACION, OFICIAL'),
('012001', 'MARINA, TECNICOS'),
('012002', 'EJERCITO, TECNICOS'),
('012003', 'AVIACION, TECNICOS'),
('013001', 'MARINA, SUB OFICIALES'),
('013002', 'EJERCITO, SUB OFICIALES'),
('013003', 'AVIACION, SUB OFICIALES'),
('014001', 'MARINA, PERSONAL DE SERVICIO MILITAR'),
('014002', 'EJERCITO, PERSONAL DE SERVICIO MILITAR'),
('014003', 'AVIACION, PERSONAL DE SERVICIO MILITAR'),
('015001', 'MILITAR NO ESPECIFICADO'),
('021001', 'POLICIA NACIONAL, OFICIALES'),
('022001', 'POLICIA NACIONAL, TECNICOS'),
('023001', 'POLICIA NACIONAL, SUB OFICIALES'),
('024001', 'POLICIA NO ESPECIFICADO'),
('111001', 'CANCILLER'),
('111002', 'CONGRESISTA'),
('111003', 'CONSEJERO, GOBIERNO'),
('111004', 'CONSULES EN FUNCION (PERUANOS)'),
('111005', 'CONTRALOR GENERAL'),
('111006', 'DIPUTADO'),
('111007', 'EMBAJADORES EN FUNCION (PERUANOS)'),
('111008', 'FISCAL DE LA NACION'),
('111009', 'PRESIDENTE DE GOBIERNO REGIONAL'),
('111010', 'JEFE DE ORGANISMO DE DESARROLLO'),
('111011', 'LEGISLADOR'),
('111012', 'MINISTRO, DE ESTADO'),
('111013', 'MINISTRO PLENIPOTENCIARIO'),
('111014', 'PREFECTO'),
('111015', 'PRESIDENTE DE LA REPUBLICA'),
('111016', 'PRESIDENTE, CAMARA DE DIPUTADOS'),
('111017', 'PRESIDENTE, CAMARA DE SENADORES'),
('111018', 'PRESIDENTE, CONGRESO CONSTITUYENTE DEMOCRATICO (CCD)'),
('111019', 'PRESIDENTE DE LA CORTE SUPREMA'),
('111020', 'PRIMER MINISTRO'),
('111021', 'PROCURADOR GENERAL'),
('111022', 'SECRETARIO DE ESTADO'),
('111023', 'SENADOR'),
('111024', 'SUB-PREFECTO'),
('111025', 'VICE-MINISTRO (DIRECTOR SUPERIOR)'),
('111026', 'VICE-PRESIDENTE DE LA REPUBLICA'),
('111027', 'VICE-PRESIDENTE DEL CONGRESO CONSTITUYENTE DEMOCRATICO (CCD'),
('112001', 'ADMINISTRADOR, ADMINISTRACION PUBLICA'),
('112002', 'ALCALDE'),
('112003', 'AUDITOR GENERAL, ADMINISTRACION PUBLICA'),
('112004', 'DIRECTOR'),
('112005', 'DIRECTOR DE LA ADMINISTRACION PUBLICA'),
('112006', 'DIRECTOR EJECUTIVO DE LA ADMINISTRACION PUBLICA'),
('112007', 'DIRECTOR GENERAL, ADMINISTRACION DE CORREOS'),
('112008', 'DIRECTOR GENERAL, ADMINISTRACION PENITENCIARIA'),
('112009', 'DIRECTOR GENERAL, ADMINISTRACION PUBLICA'),
('112010', 'DIRECTOR GENERAL, ADMINISTRACION PUBLICA/MINISTERIO'),
('112011', 'DIRECTOR GENERAL, ADMINISTRACION PUBLICA/REGION'),
('112012', 'DIRECTOR GENERAL, CANCILLERIA'),
('112013', 'ENCARGADO DE NEGOCIOS, EMBAJADA'),
('112014', 'INTENDENTE GENERAL DE LA ADMINISTRACION PUBLICA'),
('112015', 'INTERVENTOR GENERAL DE ECONOMIA DE LA ADMINISTRACION P?BLICA'),
('112016', 'JEFE DE ORGANISMO PUBLICO'),
('112017', 'PAGADOR GENERAL, ADMINISTRACION PUBLICA'),
('112018', 'SECRETARIO DE EMBAJADA'),
('112019', 'SECRETARIO GENERAL ADJUNTO, ADMINISTRACION PUBLICA'),
('112020', 'SECRETARIO GENERAL, ADMINISTRACION PUBLICA'),
('112021', 'SUB DIRECTOR DE LA ADMINISTRACION PUBLICA'),
('113001', 'JEFE DE PUEBLO'),
('113002', 'JEFE TRADICIONAL, PEQUE?A POBLACION'),
('114001', 'DIRIGENTE, PARTIDO POLITICO'),
('114002', 'SECRETARIO GENERAL, PARTIDO POLITICO'),
('114003', 'SECRETARIO, PARTIDO POLITICO'),
('115001', 'DIRIGENTE, ORGANIZACION DE EMPLEADORES'),
('115002', 'DIRIGENTE, SINDICATO DE TRABAJADORES'),
('115003', 'SECRETARIO GENERAL, ORGANIZACION DE EMPLEADORES'),
('115004', 'SECRETARIO GENERAL, SINDICATO DE TRABAJADORES'),
('116001', 'DIRIGENTE, ORGANIZACION ESPECIALIZADA'),
('116002', 'SECRETARIO GENERAL, ORGANIZACION DE PROTECCION DE LA FAUNA'),
('116003', 'SECRETARIO GENERAL, ORGANIZACION DE PROTECCION DEL MEDIO AM'),
('121001', 'DIRECTOR DE EMPRESAS, DE AGRICULTURA, CAZA, SILVICULTURA Y'),
('121002', 'DIRECTOR EJECUTIVO, EMPRESA, AGRICULTURA, CAZA, SILVICULTUR'),
('121003', 'DIRECTOR GENERAL, EMPRESA/AGRICULTURA'),
('121004', 'DIRECTOR GENERAL, EMPRESA/CAZA'),
('121005', 'DIRECTOR GENERAL, EMPRESA/EXPLOTACION: AGRICOLA, FORESTAL Y'),
('121006', 'DIRECTOR GENERAL, EMPRESA/PESCA'),
('121007', 'DIRECTOR GENERAL, EMPRESA/SILVICULTURA'),
('121008', 'DIRECTOR GENERAL, ORGANIZACION/ CAZA'),
('121009', 'DIRECTOR GENERAL, ORGANIZACION/PESCA'),
('121010', 'DIRECTOR GENERAL, ORGANIZACION/SILVICULTURA'),
('121011', 'GERENTE GENERAL, EMPRESA/AGRICULTURA'),
('121012', 'GERENTE GENERAL, EMPRESA/CAZA'),
('121013', 'GERENTE GENERAL, EMPRESA/PESCA'),
('121014', 'GERENTE GENERAL, EMPRESA/SILVICULTURA'),
('121015', 'GERENTE GENERAL, ORGANIZACION/CAZA'),
('121016', 'GERENTE GENERAL, ORGANIZACION/PESCA'),
('121017', 'GERENTE GENERAL, ORGANIZACION/SILVICULTURA'),
('121018', 'MIEMBRO DEL DIRECTORIO, ASESOR TECNICO/EXPLOTACION: AGRICOL'),
('121019', 'MIEMBRO DEL DIRECTORIO, CONSEJO ADMINISTRATIVO/COOP. AGRARI'),
('121020', 'PRESIDENTE DEL DIRECTORIO, AGRICULTURA, CAZA, SILVICULTURA'),
('121021', 'SUB DIRECTOR DE EMPRESA, AGRICULTURA, CAZA, SILVICULTURA Y'),
('122001', 'DIRECTOR DE EMPRESAS, DE INDUSTRIAS MANUFACTURERAS, MINAS Y'),
('122002', 'DIRECTOR EJECUTIVO, EMPRESA, INDUSTRIA MANUFACTURERA, MINAS'),
('122003', 'DIRECTOR GENERAL, EMPRESA/INDUSTRIA MANUFACTURERA'),
('122004', 'DIRECTOR GENERAL, EMPRESA/SUMINISTRO DE ELECTRICIDAD, GAS Y'),
('122005', 'GERENTE GENERAL, EMPRESA/INDUSTRIA MANUFACTURERA'),
('122006', 'GERENTE GENERAL, EMPRESA/SUMINISTRO DE ELECTRICIDAD, GAS Y'),
('122007', 'MIEMBRO DEL DIRECTORIO, INDUSTRIAS MANUFACTURERAS, MINAS Y'),
('122008', 'PRESIDENTE DEL DIRECTORIO, INDUSTRIAS MANUFACTURERAS, MINAS'),
('122009', 'SUB DIRECTOR DE EMPRESA, INDUSTRIAS MANUFACTURERAS, MINAS Y'),
('123001', 'DIRECTOR DE EMPRESAS, DE CONSTRUCCION Y OBRAS PUBLICAS'),
('123002', 'DIRECTOR EJECUTIVO, EMPRESA, DE CONSTRUCCION Y OBRAS PUBLIC'),
('123003', 'DIRECTOR GENERAL, EMPRESA/CONSTRUCCION Y OBRAS PUBLICAS'),
('123004', 'GERENTE GENERAL, EMPRESA/CONSTRUCCION Y OBRAS PUBLICAS'),
('123005', 'MIEMBRO DEL DIRECTORIO, CONSTRUCCION Y OBRAS PUBLICAS'),
('123006', 'PRESIDENTE DEL DIRECTORIO, CONTRUCCION Y OBRAS PUBLICAS'),
('123007', 'SUB DIRECTOR DE EMPRESA, CONSTRUCCION Y OBRAS PUBLICAS'),
('124001', 'DIRECTOR DE EMPRESAS, DE COMERCIO MAYORISTA Y MINORISTA, RE'),
('124002', 'DIRECTOR EJECUTIVO, EMPRESA, DE COMERCIO MAYORISTA Y MINORI'),
('124003', 'DIRECTOR GENERAL, EMPRESA/COMERCIO MAYORISTA'),
('124004', 'DIRECTOR GENERAL, EMPRESA/COMERCIO MINORISTA'),
('124005', 'DIRECTOR GENERAL, ORGANIZACION/COMERCIO MAYORISTA'),
('124006', 'DIRECTOR GENERAL, ORGANIZACION/COMERCIO MINORISTA'),
('124007', 'DIRECTOR GENERAL, REPARACION/VEHICULOS, AUTOMOTORES, ETC.'),
('124008', 'GERENTE GENERAL, EMPRESA/COMERCIO MAYORISTA'),
('124009', 'GERENTE GENERAL, EMPRESA/COMERCIO MINORISTA'),
('124010', 'GERENTE ORGANIZACION, EMPRESA/COMERCIO MAYORISTA'),
('124011', 'GERENTE ORGANIZACION, EMPRESA/COMERCIO MINORISTA'),
('124012', 'MIEMBRO DEL DIRECTORIO, COMERCIO MAYORISTA Y MINORISTA, REP'),
('124013', 'PRESIDENTE DEL DIRECTORIO, COMERCIO MAYORISTA Y MINORISTA,'),
('124014', 'SUB DIRECTOR DE EMPRESA, COIMERCIO MAYORISTA Y MINORISTA, R'),
('125001', 'DIRECTOR DE EMPRESAS, DE RESTAURANTES Y HOTELERIA'),
('125002', 'DIRECTOR EJECUTIVO, EMPRESA, DE RESTAURANTES Y HOTELERIA'),
('125003', 'DIRECTOR GENERAL, EMPRESA/HOTELERIA'),
('125004', 'DIRECTOR GENERAL, EMPRESA/RESTAURANTE'),
('125005', 'DIRECTOR GENERAL, ORGANIZACION/HOTELERIA'),
('125006', 'DIRECTOR GENERAL, ORGANIZACION/RESTAURANTE'),
('125007', 'GERENTE GENERAL, EMPRESA/HOTELERIA'),
('125008', 'GERENTE GENERAL, EMPRESA/RESTAURANTE'),
('125009', 'GERENTE GENERAL, ORGANIZACION/HOTELERIA'),
('125010', 'GERENTE GENERAL, ORGANIZACION/RESTAURANTES'),
('125011', 'MIEMBRO DEL DIRECTORIO, RESTAURANTES Y HOTELERIA'),
('125012', 'PRESIDENTE DEL DIRECTORIO, RESTAURANTES Y HOTELERIA'),
('125013', 'SUB DIRECTOR DE EMPRESA, RESTAURANTES Y HOTELERIA'),
('126001', 'DIRECTOR DE EMPRESAS, DE TRANSPORTE, ALMACENAMIENTO Y COMUN'),
('126002', 'DIRECTOR EJECUTIVO, EMPRESA, DE TRANSPORTE, ALMACENAMIENTO'),
('126003', 'DIRECTOR GENERAL, EMPRESA/ALMACENAMIENTO'),
('126004', 'DIRECTOR GENERAL, EMPRESA/COMUNICACIONES'),
('126005', 'DIRECTOR GENERAL, EMPRESA/TRANSPORTE'),
('126006', 'DIRECTOR GENERAL, ORGANIZACION/TRANSPORTE'),
('126007', 'GERENTE GENERAL, EMPRESA/ALMACENAMIENTO'),
('126008', 'GERENTE GENERAL, EMPRESA/COMUNICACIONES'),
('126009', 'GERENTE GENERAL, EMPRESA/TRANSPORTE'),
('126010', 'GERENTE GENERAL, ORGANIZACION/TRANSPORTE'),
('126011', 'MIEMBRO DEL DIRECTORIO, TRANSPORTE, ALMACENAMIENTO Y COMUNI'),
('126012', 'PRESIDENTE DEL DIRECTORIO, TRANSPORTE, ALMACENAMIENTO Y COM'),
('126013', 'SUB DIRECTOR DE EMPRESA, TRANSPORTE, ALMACENAMIENTO Y COMUN'),
('127001', 'DIRECTOR DE EMPRESAS, DE SERVICIOS PUBLICOS Y FINANCIEROS'),
('127002', 'DIRECTOR EJECUTIVO, EMPRESA, DE SERVICIOS PUBLICOS Y FINANC'),
('127003', 'DIRECTOR GENERAL, EMPRESA/ACTIVIDADES CULTURALES'),
('127004', 'DIRECTOR GENERAL, EMPRESA/ACTIVIDADES DEPORTIVAS'),
('127005', 'DIRECTOR GENERAL, EMPRESA/ACTIVIDADES RECREATIVAS'),
('127006', 'DIRECTOR GENERAL, EMPRESA/AGENCIA DE VIAJES'),
('127007', 'DIRECTOR GENERAL, EMPRESA/INTERMEDIACION FINANCIERA'),
('127008', 'DIRECTOR GENERAL, EMPRESA/LIMPIEZA'),
('127009', 'DIRECTOR GENERAL, EMPRESA/SERVICIO DE EMPRESA'),
('127010', 'DIRECTOR GENERAL, EMPRESA/SERVICIO DE SANIDAD'),
('127011', 'DIRECTOR GENERAL, EMPRESA/TRABAJO SOCIAL'),
('127012', 'DIRECTOR GENERAL, ORGANIZACION/ACTIVIDADES CULTURALES'),
('127013', 'DIRECTOR GENERAL, ORGANIZACION/ACTIVIDADES DEPORTIVAS'),
('127014', 'DIRECTOR GENERAL, ORGANIZACION/ACTIVIDADES RECREATIVAS'),
('127015', 'DIRECTOR GENERAL, ORGANIZACION/AGENCIA DE VIAJES'),
('127016', 'DIRECTOR GENERAL, ORGANIZACION/INTERMEDIACION FINANCIERA'),
('127017', 'DIRECTOR GENERAL, ORGANIZACION/LIMPIEZA'),
('127018', 'DIRECTOR GENERAL, ORGANIZACION/SERVICIO DE EMPRESA'),
('127019', 'DIRECTOR GENERAL, ORGANIZACION/SERVICIO DE SANIDAD'),
('127020', 'DIRECTOR GENERAL, ORGANIZACION/TRABAJO SOCIAL'),
('127021', 'GERENTE GENERAL, EMPRESA/ACTIVIDADES CULTURALES'),
('127022', 'GERENTE GENERAL, EMPRESA/ACTIVIDADES DEPORTIVAS'),
('127023', 'GERENTE GENERAL, EMPRESA/ACTIVIDADES RECREATIVAS'),
('127024', 'GERENTE GENERAL, EMPRESA/AGENCIA DE VIAJES'),
('127025', 'GERENTE GENERAL, EMPRESA/INTERMEDIACION FINANCIERA'),
('127026', 'GERENTE GENERAL, EMPRESA/LIMPIEZA'),
('127027', 'GERENTE GENERAL, EMPRESA/SERVICIO DE EMPRESA'),
('127028', 'GERENTE GENERAL, EMPRESA/SERVICIO DE SANIDAD'),
('127029', 'GERENTE GENERAL, EMPRESA/TRABAJO SOCIAL'),
('127030', 'GERENTE GENERAL, ORGANIZACION/ACTIVIDADES CULTURALES'),
('127031', 'GERENTE GENERAL, ORGANIZACION/ACTIVIDADES DEPORTIVAS'),
('127032', 'GERENTE GENERAL, ORGANIZACION/ACTIVIDADES RECREATIVAS'),
('127033', 'GERENTE GENERAL, ORGANIZACION/AGENCIA DE VIAJES'),
('127034', 'GERENTE GENERAL, ORGANIZACION/INTERMEDIACION FINANCIERA'),
('127035', 'GERENTE GENERAL, ORGANIZACION/LIMPIEZA'),
('127036', 'GERENTE GENERAL, ORGANIZACION/SERVICIO DE EMPRESA'),
('127037', 'GERENTE GENERAL, ORGANIZACION/SERVICIO DE SANIDAD'),
('127038', 'GERENTE GENERAL, ORGANIZACION/TRABAJO SOCIAL'),
('127039', 'MIEMBRO DEL DIRECTORIO, SERVICIOS PUBLICOS Y FINANCIEROS'),
('127040', 'PRESIDENTE DEL DIRECTORIO, SERVICIOS PUBLICOS Y FINANCIEROS'),
('127041', 'SUB DIRECTOR DE EMPRESA, SERVICIOS PUBLICOS Y FINANCIEROS'),
('128001', 'DIRECTOR DE DEPARTAMENTO, PRODUCCION Y OPERACIONES/AGRICULT'),
('128002', 'DIRECTOR DE DEPARTAMENTO, PRODUCCION Y OPERACIONES/PESCA'),
('128003', 'DIRECTOR DE DEPARTAMENTO, PRODUCCION Y OPERACIONES/SILVICUL'),
('129001', 'DIRECTOR DE DEPARTAMENTO, PRODUCCION Y OPERACIONES/INDUSTRI'),
('129003', 'DIRECTOR DE EXPLOTACION DE MINAS Y CANTERAS'),
('129004', 'GERENTE DE PLANTA'),
('129005', 'GERENTE DE PRODUCCION'),
('129006', 'GERENTE INDUSTRIAL'),
('129007', 'SUPER INTENDENTE DE PLANTA'),
('129008', 'SUPER INTENDENTE DE PRODUCCION'),
('129009', 'SUPERVISOR DE PRODUCCION'),
('131001', 'DIRECTOR DE DEPARTAMENTO, PRODUCCION Y OPERACIONES/CONSTRUC'),
('132001', 'DIRECTOR DE DEPARTAMENTO, PRODUCCION Y OPERACIONES/COMERCIO MAYORISTA'),
('132002', 'DIRECTOR DE DEPARTAMENTO, PRODUCCION Y OPERACIONES/COMERCIO MAYORISTA EXPORTACI'),
('132003', 'DIRECTOR DE DEPARTAMENTO, PRODUCCION Y OPERACIONES/COMERCIO MAYORISTA IMPORTACI'),
('132004', 'DIRECTOR DE DEPARTAMENTO, PRODUCCION Y OPERACIONES/COMERCIO MINORISTA'),
('132005', 'DIRECTOR DE DEPARTAMENTO, PRODUCCION Y OPERACIONES/COMERCIO MINORISTA SUPERMERCADOS'),
('132006', 'DIRECTOR DE DEPARTAMENTO, PRODUCCION Y OPERACIONES/COMERCIO MINORISTA TIENDAS'),
('132007', 'DIRECTOR DE DEPARTAMENTO, PRODUCCION Y OPERACIONES/REPARAC.'),
('133001', 'DIRECTOR DE DEPARTAMENTO, PRODUCCION Y OPERACIONES/HOTELES'),
('133002', 'DIRECTOR DE DEPARTAMENTO, PRODUCCION Y OPERACIONES/RESTAURA'),
('134001', 'DIRECTOR DE DEPARTAMENTO, PRODUCCION Y OPERACIONES/ALMACENA'),
('134002', 'DIRECTOR DE DEPARTAMENTO, PRODUCCION Y OPERACIONES/COMUNICACIONES'),
('134003', 'DIRECTOR DE DEPARTAMENTO, PRODUCCION Y OPERACIONES/COMUNICACIONES CORREOS'),
('134004', 'DIRECTOR DE DEPARTAMENTO, PRODUCCION Y OPERACIONES/COMUNICACIONES TELECOMUNICACIONES'),
('134005', 'DIRECTOR DE DEPARTAMENTO, PRODUCCION Y OPERACIONES/TRANSPORTE'),
('134006', 'DIRECTOR DE DEPARTAMENTO, PRODUCCION Y OPERACIONES/TRANSPORTE GASODUCTOS Y OLEODUCTOS'),
('134007', 'DIRECTOR DE DEPARTAMENTO, PRODUCCION Y OPERACIONES/TRANSPORTE MERCANC?AS'),
('134008', 'DIRECTOR DE DEPARTAMENTO, PRODUCCION Y OPERACIONES/TRANSPORTE PASAJEROS'),
('135001', 'DIRECTOR DE DEPARTAMENTO, PRODUCCION Y OPERACIONES/ACTIVIDADES CULTURALES'),
('135002', 'DIRECTOR DE DEPARTAMENTO, PRODUCCION Y OPERACIONES/ACTIVIDADES DEPORTIVAS'),
('135003', 'DIRECTOR DE DEPARTAMENTO, PRODUCCION Y OPERACIONES/ACTIVIDADES RECREATIVAS'),
('135004', 'DIRECTOR DE DEPARTAMENTO, PRODUCCION Y OPERACIONES/ADMINIST'),
('135005', 'DIRECTOR DE DEPARTAMENTO, PRODUCCION Y OPERACIONES/AGENCIAS'),
('135006', 'DIRECTOR DE DEPARTAMENTO, PRODUCCION Y OPERACIONES/ESPECTAC'),
('135007', 'DIRECTOR DE DEPARTAMENTO, PRODUCCION Y OPERACIONES/INSTITUC'),
('135008', 'DIRECTOR DE DEPARTAMENTO, PRODUCCION Y OPERACIONES/SALUD'),
('135009', 'DIRECTOR DE DEPARTAMENTO, PRODUCCION Y OPERACIONES/SERVICIO'),
('135010', 'DIRECTOR DE DEPARTAMENTO, PRODUCCION Y OPERACIONES/TRABAJO'),
('135011', 'DIRECTOR DE PLATO, CINE'),
('135012', 'DIRECTOR TEATRAL'),
('135013', 'DIRECTOR, MUSICAL'),
('135014', 'PRODUCTOR, CINE'),
('135015', 'PRODUCTOR, RADIO'),
('135016', 'PRODUCTOR, TEATRO'),
('135017', 'PRODUCTOR, TELEVISION'),
('135018', 'REGIDOR, TEATRO'),
('136001', 'DECANO'),
('136002', 'DECANO DE FACULTAD'),
('136003', 'DIRECTOR DE CENTRO EDUCATIVO'),
('136004', 'DIRECTOR DE ESCUELA PROFESIONAL'),
('136005', 'DIRECTOR DE ESEP/SENATI, ETC.'),
('136006', 'DIRECTOR DE ESTUDIOS'),
('136007', 'DIRECTOR DE INSTITUTO ACADEMICO'),
('136008', 'DIRECTOR DE NUCLEOS EDUCATIVOS COMUNALES'),
('136009', 'DIRECTOR DE LA UNIDAD DE SERVICIOS EDUCATIVOS'),
('136010', 'DIRECTOR DEPARTAMENTAL DE EDUCACION'),
('136011', 'DIRECTOR UNIVERSITARIO'),
('136012', 'RECTOR'),
('136013', 'VICE-RECTOR'),
('137001', 'DIRECTOR DE DEPARTAMENTO, ADMINISTRACION'),
('137002', 'DIRECTOR DE DEPARTAMENTO, CONTABILIDAD'),
('137003', 'DIRECTOR DE DEPARTAMENTO, FINANZAS/GERENTE'),
('137004', 'DIRECTOR DE DEPARTAMENTO, PRESUPUESTO'),
('137005', 'GERENTE DE ADMINISTRACION'),
('137006', 'GERENTE DE CREDITOS'),
('138001', 'DIRECTOR DE DEPARTAMENTO, PERSONAL'),
('138002', 'DIRECTOR DE DEPARTAMENTO, PUBLICIDAD'),
('138003', 'DIRECTOR DE DEPARTAMENTO, RELACIONES INDUSTRIALES'),
('138004', 'DIRECTOR DE DEPARTAMENTO, RELACIONES LABORALES'),
('138005', 'DIRECTOR DE DEPARTAMENTO, RELACIONES PUBLICAS'),
('139001', 'DIRECTOR DE DEPARTAMENTO, ABASTECIMIENTO/SUMINISTRO'),
('139002', 'DIRECTOR DE DEPARTAMENTO, ALMACENAMIENTO'),
('139003', 'DIRECTOR DE DEPARTAMENTO, COMERCIALIZACION'),
('139004', 'DIRECTOR DE DEPARTAMENTO, COMPRAS/ADQUISICION'),
('139005', 'DIRECTOR DE DEPARTAMENTO, DISTRIBUCION'),
('139006', 'DIRECTOR DE DEPARTAMENTO, INFORMATICA'),
('139007', 'DIRECTOR DE DEPARTAMENTO, INVESTIGACION Y DESARROLLO'),
('139008', 'DIRECTOR DE DEPARTAMENTO, VENTAS'),
('139009', 'DIRECTOR DE DEPARTAMENTO, VENTAS/ ORGANIZACION'),
('139010', 'GERENTE DE COMERCIALIZACION'),
('139011', 'GERENTE DE VENTAS'),
('141001', 'GERENTE, AGRICULTURA'),
('141002', 'GERENTE, CAZA'),
('141003', 'GERENTE, EXPLOTACION: AGRICOLA, FORESTAL Y PECUARIA'),
('141004', 'GERENTE, PESCA'),
('141005', 'GERENTE, SILVICULTURA'),
('142001', 'GERENTE, EXPLOTACION DE MINAS Y CANTERAS'),
('142002', 'GERENTE, INDUSTRIA MANUFACTURERA'),
('142003', 'GERENTE, SUMINISTRO DE ELECTRICIDAD, GAS Y AGUA'),
('143001', 'GERENTE, CONSTRUCCION'),
('144001', 'COMERCIANTE, MAYORISTA'),
('144002', 'COMERCIANTE, MINORISTA'),
('144003', 'GERENTE, COMERCIO MAYORISTA'),
('144004', 'GERENTE, COMERCIO MAYORISTA/ EXPORTACION'),
('144005', 'GERENTE, COMERCIO MAYORISTA/ IMPORTACION'),
('144006', 'GERENTE, COMERCIO MINORISTA'),
('144007', 'GERENTE, COMERCIO MINORISTA/ CADENA DE ALMACENES'),
('144008', 'GERENTE, COMERCIO MINORISTA/ TIENDAS'),
('144009', 'GERENTE, COMERCIO MINORISTA/ TIENDAS (AUTOSERVICIO)'),
('144010', 'GERENTE, COMERCIO MINORISTA/ TIENDAS (VENTAS CON DESCUENTOS'),
('144011', 'GERENTE, COMERCIO MINORISTA/ TIENDAS (VENTAS POR CORREO)'),
('144012', 'GERENTE REPARACION DE VEHICULOS, AUTO MOTORES, MOTOCICLETAS'),
('144013', 'GERENTE, TIENDA'),
('145001', 'ADMINISTRADOR, COMERCIO NEP'),
('145002', 'DIRECTOR, COMERCIO NEP'),
('145003', 'CONCESIONARIO-ADM., REST. Y CAFETERIA (FAB. Y OFIC.)'),
('145004', 'CONCESIONARIO-ADM., REST. Y BAR/CAFETERIA (TREN, BARCO, AVI'),
('145005', 'GERENTE, COMERCIO NEP'),
('146001', 'GERENTE, ALBERGUE/ JOVENES'),
('146002', 'GERENTE, BAR/DISCOTECA Y SNACK BAR'),
('146003', 'GERENTE, CAFE-TEATRO'),
('146004', 'GERENTE, CAFETERIA'),
('146005', 'GERENTE, CAMPAMENTO/ VACACIONES'),
('146006', 'GERENTE, CANTINA/ EMPRESA'),
('146007', 'GERENTE, CASA DE HUESPEDES'),
('146008', 'GERENTE, FONDA'),
('146009', 'GERENTE, HOSTELERIA'),
('146010', 'GERENTE, HOTEL'),
('146011', 'GERENTE, MOTEL'),
('146012', 'GERENTE, PARQUE DE CARAVANAS'),
('146013', 'GERENTE, PENSION'),
('146014', 'GERENTE, PE?A'),
('146015', 'GERENTE, RESTAURANTE'),
('146016', 'GERENTE, RESTAURANTE-BAR'),
('146017', 'GERENTE, RESTAURANTE/ AUTOSERVICIO'),
('146018', 'GERENTE, SNACK-BAR'),
('146019', 'GERENTE, TABERNA'),
('147001', 'GERENTE, ALMACENAMIENTO'),
('147002', 'GERENTE, COMUNICACIONES'),
('147003', 'GERENTE, TRANSPORTE'),
('148001', 'GEREN.-ADM., AGENCIA DE LIMPIEZA Y DESINFECCION'),
('148002', 'GEREN.-ADM., AGENCIA DE POMPAS FUNEBRES'),
('148003', 'GEREN.-ADM., AGENCIA DE PROTECCION Y SEGURIDAD'),
('148004', 'GEREN.-ADM., AGENCIA DE TURISMO/EXCURSIONES'),
('148005', 'GEREN.-ADM., AGENCIA DE SERVICIOS/EXCEPTO:BARES, HOTEL Y SI'),
('148006', 'GEREN.-ADM., CENTRO DE ESTETICA'),
('148007', 'GEREN.-ADM., CENTRO DE RECREACION'),
('148008', 'GEREN.-ADM., GIMNASIO'),
('148009', 'GEREN.-ADM., LAVANDERIA'),
('148010', 'GEREN.-ADM., TALLERES/MEDIANOS Y PEQUE?OS'),
('211001', 'ASTROFISICO'),
('211002', 'ASTRONOMO'),
('211003', 'FISICO'),
('211004', 'FISICO, ACUSTICA'),
('211005', 'FISICO, ELECTRICIDAD Y MAGNETISMO'),
('211006', 'FISICO, ELECTRONICA'),
('211007', 'FISICO, ESTATICA'),
('211008', 'FISICO, ENERGIA SOLAR (NO CONVENCIONAL)'),
('211009', 'FISICO, ENERGIA NUCLEAR'),
('211010', 'FISICO, FISICA NUCLEAR'),
('211011', 'FISICO, FISICA TEORICA'),
('211012', 'FISICO, MATEMATICO'),
('211013', 'FISICO, MECANICA'),
('211014', 'FISICO, OPTICA'),
('211015', 'FISICO, SONIDO'),
('211016', 'FISICO, TERMODINAMICA'),
('211017', 'FISICO, OTRO'),
('212001', 'COSMOGRAFO'),
('212002', 'COSMOLOGO'),
('212003', 'CLIMATOLOGO'),
('212004', 'METEOROLOGO'),
('212005', 'METEOROLOGO, CLIMATOLOGIA'),
('212006', 'METEOROLOGO, PREVISION DEL TIEMPO'),
('213001', 'QUIMICO'),
('213002', 'QUIMICO ANALISTA'),
('213003', 'QUIMICO, COLORANTES'),
('213004', 'QUIMICO, CONTROL DE CALIDAD'),
('213005', 'QUIMICO, CORROSION'),
('213006', 'QUIMICO, CUEROS Y PIELES'),
('213007', 'QUIMICO, DETERGENTES'),
('213008', 'QUIMICO, ELECTROQUIMICA'),
('213009', 'QUIMICO, FARMACIA'),
('213010', 'QUIMICO, FARMACIA/ INDUSTRIA'),
('213011', 'QUIMICO, FISICA/OTROS'),
('213012', 'QUIMICO, INDUSTRIA DEL VIDRIO'),
('213013', 'QUIMICO, INDUSTRIA METALURGICA'),
('213014', 'QUIMICO, QUIMICA ANALITICA'),
('213015', 'QUIMICO, QUIMICA INORGANICA'),
('213016', 'QUIMICO, QUIMICA MINERAL'),
('213017', 'QUIMICO, QUIMICA ORGANICA'),
('213018', 'QUIMICO, TEXTILES'),
('213019', 'QUIMICO, TINTURAS'),
('213020', 'QUIMICO, OTROS (NO INCLUYE ING. QUIMICO)'),
('214001', 'ESTRATIGRAFISTA'),
('214002', 'GEODESIA'),
('214003', 'GEOFISICO (INCLUYE INGENIEROS)'),
('214004', 'GEOFISICO, GEOMORFOLOGIA'),
('214005', 'GEOFISICO, HIDROLOGIA'),
('214006', 'GEOFISICO, OCEANOGRAFIA'),
('214007', 'GEOFISICO, SISMOLOGIA'),
('214008', 'GEOFISICO, VULCANOLOGIA'),
('214009', 'GEOLOGO (INCLUYE INGENIEROS)'),
('214010', 'GEOLOGO, ESTRATIGRAFIA'),
('214011', 'GEOLOGO, MINAS'),
('214012', 'GEOLOGO, OCEANOGRAFIA'),
('214013', 'GEOLOGO, PALEONTOLOGIA'),
('214014', 'GEOLOGO, PETROLEO'),
('214015', 'GEOMORFOLOGO'),
('214016', 'HIDROLOGO'),
('214017', 'MICROPALEONTOLOGO'),
('214018', 'MINERALOGISTA'),
('214019', 'OCEANOGRAFO, GEOFISICA'),
('214020', 'OCEANOGRAFO, GEOLOGIA'),
('214021', 'PALEONTOLOGO'),
('214022', 'PETROLOGO'),
('214023', 'SISMOLOGO'),
('214024', 'VULCANOLOGO'),
('215001', 'ACTUARIO'),
('215002', 'MATEMATICO, ANALISIS ACTUARIAL'),
('215003', 'MATEMATICO, MATEMATICA APLICADA'),
('215004', 'MATEMATICO, MATEMATICA PURA'),
('215005', 'MATEMATICO-ANALISTA, INVESTIGACION OPERATIVA'),
('216001', 'BIOESTADISTICO'),
('216002', 'BIOMETRISTA'),
('216003', 'DEMOGRAFO'),
('216004', 'ESTADISTICO'),
('216005', 'ESTADISTICO, AGRICULTURA'),
('216006', 'ESTADISTICO, BIOESTADISTICA'),
('216007', 'ESTADISTICO, BIOMETRIA'),
('216008', 'ESTADISTICO, ECONOMIA'),
('216009', 'ESTADISTICO, ENCUESTAS'),
('216010', 'ESTADISTICO, ENCUESTAS POR SONDEO'),
('216011', 'ESTADISTICO, ESTADISTICA APLICADA'),
('216012', 'ESTADISTICO, FINANZAS'),
('216013', 'ESTADISTICO, INVESTIGACION'),
('216014', 'ESTADISTICO, MATEMATICO'),
('216015', 'ESTADISTICO, MUESTRISTA'),
('216016', 'INGENIERO, ESTADISTICO'),
('217001', 'ADMINISTRADOR, BANCO DE DATOS'),
('217002', 'ANALISTA, SISTEMAS INFORMATICOS'),
('217003', 'ANALISTA, SISTEMAS INFORMATICOS/BANCO DE DATOS'),
('217004', 'ANALISTA, SISTEMAS INFORMATICOS/COMPUTADORAS'),
('217005', 'ANALISTA, SISTEMAS INFORMATICOS/TELECOMUNICACIONES'),
('217006', 'ANALISTAS, TRANSMISIONES/SISTEMAS INFORMATICOS'),
('217007', 'INGENIERO, SISTEMAS INFORMATICOS'),
('217008', 'INGENIERO, APLICACIONES DE LA INFORMATICA'),
('218001', 'ARQUITECTO, EDIFICIOS'),
('218002', 'ARQUITECTO, INTERIORES DE EDIFICIOS'),
('218003', 'INGENIERO, DE TRANSPORTE'),
('218004', 'PLANIFICADOR, TRANSITO'),
('218005', 'URBANISTA'),
('219001', 'INGENIERO CIVIL'),
('219002', 'INGENIERO CIVIL, CONSTRUCCION'),
('219003', 'INGENIERO CIVIL, CONSTRUCCION Y OBRAS PUBLICAS'),
('219004', 'INGENIERO CIVIL, CONSTRUCCION/AERODROMOS'),
('219005', 'INGENIERO CIVIL, CONSTRUCCION/AEROPUERTOS'),
('219006', 'INGENIERO CIVIL, CONSTRUCCION/CALLES'),
('219007', 'INGENIERO CIVIL, CONSTRUCCION/CARRETERAS Y AUTOPISTAS'),
('219008', 'INGENIERO CIVIL, CONSTRUCCION/CHIMENEAS DE FABRICAS'),
('219009', 'INGENIERO CIVIL, CONSTRUCCION/EDIFICIOS Y/O VIVIENDAS'),
('219010', 'INGENIERO CIVIL, CONSTRUCCION/ESTRUCTURAS DE EDIFICIOS'),
('219011', 'INGENIERO CIVIL, CONSTRUCCION/ESTRUCTURAS METALICAS'),
('219012', 'INGENIERO CIVIL, CONSTRUCCION/VIAS FERREAS'),
('219013', 'INGENIERO CIVIL, CONSTRUCCION/INSTALACIONES PORTUARIAS'),
('219014', 'INGENIERO CIVIL, CONSTRUCCION/MUELLES Y PUERTOS'),
('219015', 'INGENIERO CIVIL, CONSTRUCCION/PUENTES'),
('219016', 'INGENIERO CIVIL, CONSTRUCCION/TORRES'),
('219017', 'INGENIERO CIVIL, CONSTRUCCION/TUNELES'),
('219018', 'INGENIERO CIVIL, CONTRATISTAS DE OBRAS'),
('219019', 'INGENIERO CIVIL, INSPECTOR DE OBRAS'),
('219020', 'INGENIERO CIVIL, IRRIGACION'),
('219021', 'INGENIERO CIVIL, MECANICA/SUELOS'),
('219022', 'INGENIERO CIVIL, TRABAJOS MARITIMOS'),
('219023', 'INGENIERO, CANALES Y PUERTOS'),
('219024', 'INGENIERO, HIDRAULICO'),
('219025', 'INGENIERO, HIDROLOGIA'),
('219026', 'INGENIERO, IRRIGACION'),
('219027', 'INGENIERO, SANITARIO'),
('221001', 'ELECTROTECNICO SUPERIOR'),
('221002', 'INGENIERO ELECTRICISTA'),
('221003', 'INGENIERO ELECTRICISTA, ALTO VOLTAJE'),
('221004', 'INGENIERO ELECTRICISTA, EQUIPO ELECTROMECANICO'),
('221005', 'INGENIERO ELECTRICISTA, EQUIPO ELECTROMECANICO DE BAJA POTE'),
('221006', 'INGENIERO ELECTRICISTA, ILUMINACION'),
('221007', 'INGENIERO ELECTRICISTA, LINEAS ELECTRICAS'),
('221008', 'INGENIERO ELECTRICISTA, PRODUCCION DE ENERGIA'),
('221009', 'INGENIERO ELECTRICISTA, PRODUCCION DE ENERGIA ELECTRICA'),
('221010', 'INGENIERO ELECTRICISTA, TRACCION ELECTRICA'),
('221011', 'INGENIERO ELECTRICISTA, TRANSPORTE DE CORRIENTE ELECTRICA'),
('221012', 'INGENIERO ELECTRICISTA, TRANSPORTE Y DISTRIBUCION ENERGIA'),
('221013', 'TECNOLOGO ELECTRICIDAD'),
('221014', 'INGENIERO ELECTRONICO, CONSTRUCCION DE COMPUTADORAS'),
('221015', 'INGENIERO DE ORDENADORES ELECTRONICOS'),
('221016', 'INGENIERO DE CONTROLES INDUSTRIALES Y ELECTRONICA'),
('221017', 'INGENIERO ELECTRONICO, SEMICONDUCTORES'),
('221018', 'INGENIERO DE CALCULADORAS ELECTRONICAS'),
('221019', 'INGENIERO ELECTRONICO'),
('221020', 'INGENIERO TELECOMUNICACIONES'),
('221021', 'INGENIERO TELECOMUNICACIONES/RADAR'),
('221022', 'INGENIERO TELECOMUNICACIONES/RADIO'),
('221023', 'INGENIERO TELECOMUNICACIONES/SISTEMAS DE SE?ALES'),
('221024', 'INGENIERO TELECOMUNICACIONES/TELEFONOS'),
('221025', 'INGENIERO TELECOMUNICACIONES/TELEGRAFOS'),
('221026', 'INGENIERO TELECOMUNICACIONES/TELEVISION'),
('222001', 'INGENIERO MECANICO'),
('222002', 'INGENIERO MECANICO, AERONAUTICA'),
('222003', 'INGENIERO MECANICO, AGRICULTURA (ING. AGRICOLA)'),
('222004', 'INGENIERO MECANICO, AUTOMOTORES'),
('222005', 'INGENIERO MECANICO, AUTOMOVILES'),
('222006', 'INGENIERO MECANICO, CALEFACCION, VENTILACION Y REFRIGERACIO'),
('222007', 'INGENIERO MECANICO, CLIMATIZACION'),
('222008', 'INGENIERO MECANICO, CONSTRUCCION NAVAL'),
('222009', 'INGENIERO MECANICO, ENERGIA NUCLEAR'),
('222010', 'INGENIERO MECANICO Y ELECTRICISTA'),
('222011', 'INGENIERO MECANICO, MAQUINARIA Y HERRAMIENTAS INDUSTRIALES'),
('222012', 'INGENIERO MECANICO, MOTORES A REACCION'),
('222013', 'INGENIERO MECANICO, MOTORES DIESEL Y/O PROPULSION A CHORRO'),
('222014', 'INGENIERO MECANICO, MOTORES DE COMBUSTION INTERNA'),
('222015', 'INGENIERO MECANICO, MOTORES MARINOS'),
('222016', 'INGENIERO MECANICO, MOTORES/EQUIPO PARA BARCOS'),
('222017', 'INGENIERO MECANICO, MOTORES/EXCEPTO LOS MARINOS'),
('222018', 'INGENIERO MECANICO, MOTORES/LOCOMOTORAS A VAPOR'),
('222019', 'INGENIERO MECANICO, DE FLUIDOS'),
('222020', 'INGENIERO MECANICO, TURBINAS DE GAS'),
('222021', 'INGENIERO, CALEFACCION, VENTILACION Y REFRIGERACION'),
('222022', 'INGENIERO, CLIMATIZACION'),
('222023', 'INGENIERO, CONSTRUCCION AERONAUTICA'),
('222024', 'INGENIERO, CONSTRUCCION DE AUTOMOVILES'),
('222025', 'INGENIERO, CONSTRUCCION NAVAL'),
('222026', 'INGENIERO, FRIO INDUSTRIAL'),
('222027', 'INGENIERO, MAQUINARIA Y HERRAMIENTAS INDUSTRIALES'),
('223001', 'INGENIERO BIOQUIMICO INDUSTRIAL'),
('223002', 'INGENIERO QUIMICO EN INDUSTRIA QUIMICA'),
('223003', 'INGENIERO QUIMICO, ALIMENTOS Y BEBIDAS'),
('223004', 'INGENIERO QUIMICO, ANTIBIOTICOS'),
('223005', 'INGENIERO QUIMICO, EXPLOSIVOS'),
('223006', 'INGENIERO QUIMICO, CARBURANTES/REFINERIA DE PETROLEO'),
('223007', 'INGENIERO QUIMICO, CAUCHO'),
('223008', 'INGENIERO QUIMICO, COLORES Y PINTURAS'),
('223009', 'INGENIERO QUIMICO, FABRICACION'),
('223010', 'INGENIERO QUIMICO, FIBRAS TEXTILES (ING. TEXTIL)'),
('223011', 'INGENIERO QUIMICO, GAS/PRODUCCION Y DISTRIBUCION'),
('223012', 'INGENIERO QUIMICO, MATERIAL PLASTICO'),
('223013', 'INGENIERO QUIMICO, PAPEL'),
('223014', 'INGENIERO QUIMICO, PERFUMISTA'),
('223015', 'INGENIERO QUIMICO, PETROLEO Y GAS NATURAL'),
('223016', 'INGENIERO QUIMICO, TECNOLOGIA DE LOS COMBUSTIBLES'),
('223017', 'INGENIERO QUIMICO, OTROS'),
('223018', 'INGENIERO, PETROQUIMICO'),
('224001', 'INGENIERO METALURGICO'),
('224002', 'INGENIERO METALURGICO, MINERALES RADIACTIVOS Y FUNDICION'),
('224003', 'INGENIERO METALURGICO, PRODUCCION Y AFINO/METALES'),
('224004', 'INGENIERO METALURGICO, TRATAMIENTO DE LOS METALES'),
('224005', 'INGENIERO, METALURGICO/OTROS'),
('225001', 'INGENIERO, MINAS'),
('225002', 'INGENIERO, MINAS/CARBON'),
('225003', 'INGENIERO, MINAS/MINERALES METALICOS'),
('225004', 'INGENIERO, MINAS/MINERALES NO METALICOS'),
('225005', 'INGENIERO, MINAS/PETROLEO Y GAS NATURAL'),
('225006', 'INGENIERO, PERFORACION/POZOS DE PETROLEO Y DE GAS'),
('225007', 'INGENIERO, SIDERURGICO'),
('225008', 'INGENIERO DE MINAS, OTROS'),
('226001', 'AGRIMENSOR'),
('226002', 'AGRIMENSOR, AEROFOTOGRAFO'),
('226003', 'AGRIMENSOR, MARINA'),
('226004', 'AGRIMENSOR, GEODESICO'),
('226005', 'AGRIMENSOR, HIDROGRAFICO'),
('226006', 'AGRIMENSOR, MINAS'),
('226007', 'AGRIMENSOR, TOPOGRAFIA'),
('226008', 'AGRIMENSOR, TOPOGRAFIA AEREA'),
('226009', 'CARTOGRAFO'),
('226010', 'CARTOGRAFO, MARINA'),
('226011', 'FOTOGRAMETRISTA Y AEROFOTOGRAMETISTA'),
('226012', 'TOPOGRAFO, FOTOGEOMETRIA'),
('226013', 'TOPOGRAFO, HIDROGRAFICO'),
('226014', 'TOPOGRAFO, (SUELOS)'),
('227001', 'INGENIERO, ADMINISTRATIVO'),
('227002', 'INGENIERO, SISTEMAS/EXCEPTO INFORMATICOS'),
('227003', 'CREADOR, SISTEMAS/EXCEPTO INFORMATICOS'),
('227004', 'INGENIERO CONSULTOR, ORGANIZACION INDUSTRIAL'),
('227005', 'INGENIERO INDUSTRIAL'),
('227006', 'INGENIERO INDUSTRIAL, HIGIENE Y SEGURIDAD INDUSTRIAL'),
('227007', 'INGENIERO, ORGANIZACION DE ESTUDIO DE TIEMPOS Y MOVIMIENTOS'),
('227008', 'INGENIERO, ORGANIZACION INDUSTRIAL'),
('227009', 'INGENIERO, ORGANIZACION Y METODOS'),
('227010', 'INGENIERO, ORGANIZACION CALCULO DE COSTOS'),
('227011', 'INGENIERO, ORGANIZACION Y PLANIFICACION DE EMPRESAS'),
('228001', 'INGENIERO PESQUERO'),
('229001', 'INGENIERO, CUERO Y CALZADO'),
('229002', 'INGENIERO, CERAMICA Y VIDRIOS'),
('229003', 'INGENIERO, CONTROL DE CALIDAD'),
('229004', 'INGENIERO, INDUSTRIAS ALIMENTARIAS'),
('229005', 'INGENIERO, INDUSTRIAS DE PAPEL'),
('229006', 'INGENIERO, MEDIO AMBIENTE'),
('229007', 'INGENIERO, PRODUCCION'),
('229008', 'INGENIERO, PLANIFICADOR DE TRAFICO'),
('229009', 'INGENIERO, TOPOGRAFO'),
('229010', 'INGENIERO, DE VUELO'),
('229011', 'INGENIERO (NO CLASIFICADO EN OTRAS CLASIFICACIONES)'),
('231001', 'BACTERIOLOGO'),
('231002', 'BACTERIOLOGO, AGRICULTURA'),
('231003', 'BACTERIOLOGO, ALIMENTACION'),
('231004', 'BACTERIOLOGO, FARMACIA'),
('231005', 'BACTERIOLOGO, INDUSTRIA'),
('231006', 'BACTERIOLOGO, INDUSTRIA, LACTEAS'),
('231007', 'BACTERIOLOGO, MEDICINA'),
('231008', 'BACTERIOLOGO, MEDICINA/VETERINARIA'),
('231009', 'BACTERIOLOGO, PESCA'),
('231010', 'BACTERIOLOGO, SUELOS'),
('231011', 'BIOLOGO'),
('231012', 'BIOLOGO MOLECULAR'),
('231013', 'BIOLOGO, FAUNA DE AGUA DULCE'),
('231014', 'BIOLOGO, FAUNA MARINA'),
('231015', 'BIOLOGO, GENETICA'),
('231016', 'BIOLOGO, HIDROBIOLOGIA'),
('231017', 'BOTANICO'),
('231018', 'BOTANICO, ECOLOGIA'),
('231019', 'BOTANICO, ECONOMISTA'),
('231020', 'BOTANICO, GENETICA'),
('231021', 'BOTANICO, HISTOLOGIA'),
('231022', 'BOTANICO, MICOLOGIA'),
('231023', 'BOTANICO, SUELOS'),
('231024', 'BOTANICO, TAXONOMIA'),
('231025', 'CITOLOGO'),
('231026', 'CITOLOGO, BOTANICA'),
('231027', 'CITOLOGO, ZOOLOGIA'),
('231028', 'ECOLOGISTA'),
('231029', 'ECOLOGISTA, BOTANICA'),
('231030', 'ECOLOGISTA, ZOOLOGIA'),
('231031', 'EMBRIOLOGO'),
('231032', 'ENTOMOLOGO'),
('231033', 'GENETISTA'),
('231034', 'GENETISTA, BOTANICA'),
('231035', 'GENETISTA, ZOOLOGO'),
('231036', 'HIDROBIOLOGO'),
('231037', 'HISTOLOGO'),
('231038', 'HISTOLOGO, ANIMALES'),
('231039', 'HISTOLOGO, PLANTAS'),
('231040', 'ICTIOLOGO'),
('231041', 'MICOLOGO'),
('231042', 'MICROBIOLOGO'),
('231043', 'ORNITOLOGO'),
('231044', 'PARASITOLOGO'),
('231045', 'PISCICULTOR DE LAS CIENCIAS BIOLOGICAS'),
('231046', 'TAXONOMISTA'),
('231047', 'TAXONOMISTA, ANIMALES'),
('231048', 'TAXONOMISTA, PLANTAS'),
('231049', 'ZOOLOGO'),
('231050', 'ZOOLOGO, EMBRIOLOGIA'),
('231051', 'ZOOLOGO, ENTOMOLOGIA'),
('231052', 'ZOOLOGO, HISTOLOGIA'),
('231053', 'ZOOLOGO, ICTIOLOGIA'),
('231054', 'ZOOLOGO, MAMALOGISTA'),
('231055', 'ZOOLOGO, ORNITOLOGIA'),
('231056', 'ZOOLOGO, PARASITOLOGIA'),
('231057', 'ZOOLOGO, PISCICULTURA'),
('231058', 'ZOOLOGO, TAXONOMIA'),
('232001', 'ANATOMISTA'),
('232002', 'BIOFISICO'),
('232003', 'BIOQUIMICO'),
('232004', 'EPIDEMIOLOGO'),
('232005', 'FARMACOLOGO'),
('232006', 'FISIOLOGO'),
('232007', 'FISIOLOGO, ANIMALES'),
('232008', 'FISIOLOGO, ENDOCRINOLOGIA'),
('232009', 'FISIOLOGO, EPIDEMIOLOGIA'),
('232010', 'FISIOLOGO, OTROS'),
('232011', 'HISTOPATOLOGO'),
('232012', 'NEUROPATOLOGO'),
('233001', 'BROMATOLOGOS'),
('233002', 'DIETISTAS-NUTRICIONISTAS'),
('234001', 'AGROLOGO'),
('234002', 'AGRONOMO'),
('234003', 'AGRONOMO, ARBORICULTOR'),
('234004', 'AGRONOMO, CONSERVACION DE LA NATURALEZA'),
('234005', 'AGRONOMO, ECOLOGO'),
('234006', 'AGRONOMO, EDAFOLOGIA'),
('234007', 'AGRONOMO, FLORICULTOR'),
('234008', 'AGRONOMO, HORTICULTURA'),
('234009', 'AGRONOMO, OLEICULTOR'),
('234010', 'AGRONOMO, SILVICULTURA'),
('234011', 'INGENIERO AGROINDUSTRIAL'),
('234012', 'INGENIERO AGRONOMO'),
('234013', 'INGENIERO EDAFOLOGO'),
('234014', 'INGENIERO FORESTAL'),
('234015', 'ZOOTECNICO (INCLUYE INGENIEROS)'),
('235001', 'ALIENISTA'),
('235002', 'ALOPATA'),
('235003', 'ANESTESISTA'),
('235004', 'CARDIOLOGO'),
('235005', 'CIRUJANO'),
('235006', 'CIRUJANO, CARDIOLOGIA'),
('235007', 'CIRUJANO, CIRUGIA GENERAL'),
('235008', 'CIRUJANO, CIRUGIA PLASTICA'),
('235009', 'CIRUJANO, NEUROCIRUGIA'),
('235010', 'CIRUJANO, ORTOPEDIA'),
('235011', 'CIRUJANO, OSTEOPATA'),
('235012', 'CIRUJANO PLASTICO'),
('235013', 'CIRUJANO, TORAX'),
('235014', 'DERMATOLOGO'),
('235015', 'GINECOLOGO'),
('235016', 'MEDICO'),
('235017', 'MEDICO, ACUPUNTURA'),
('235018', 'MEDICO, ANESTESIA'),
('235019', 'MEDICO, CARDIOLOGIA'),
('235020', 'MEDICO, DERMATOLOGIA'),
('235021', 'MEDICO, ENDOCRINOLOGO'),
('235022', 'MEDICO, ESTOMATOLOGIA'),
('235023', 'MEDICO FORENSE'),
('235024', 'MEDICO, GASTROENTEROLOGO'),
('235025', 'MEDICO, GERIATRA'),
('235026', 'MEDICO, GINECOLOGIA'),
('235027', 'MEDICO, LARINGOLOGO'),
('235028', 'MEDICO, MEDICINA GENERAL'),
('235029', 'MEDICO, NEFROLOGO'),
('235030', 'MEDICO, NEUMOLOGO'),
('235031', 'MEDICO, NEUROLOGO'),
('235032', 'MEDICO, OBSTETRA/OBSTETRICES'),
('235033', 'MEDICO, OFTALMOLOGIA (OCULISTA)'),
('235034', 'MEDICO, OSTEOPATIA'),
('235035', 'MEDICO, OTORRINOLARINGOLOGIA'),
('235036', 'MEDICO, PATOLOGO'),
('235037', 'MEDICO, PEDIATRIA'),
('235038', 'MEDICO, PSIQUIATRIA'),
('235039', 'MEDICO, PUERICULTOR'),
('235040', 'MEDICO, RADIOLOGIA'),
('235041', 'MEDICO, UROLOGO'),
('235042', 'MEDICO, VENEREOLOGO'),
('235043', 'NEUROCIRUJANO'),
('235044', 'OFTALMOLOGO'),
('235045', 'ORTOFONIA, ESPECIALISTA'),
('235046', 'ORTOPTIA, ESPECIALISTA'),
('235047', 'OTORRINOLARINGOLOGO'),
('235048', 'PEDIATRA'),
('235049', 'PSIQUIATRA'),
('236001', 'CIRUJANO, BUCODENTAL'),
('236002', 'CIRUJANO, DENTISTA'),
('236003', 'DENTISTA'),
('236004', 'DENTISTA, PROTESIS DENTALES'),
('236005', 'MEDICO, ODONTOLOGO'),
('236006', 'ODONTOLOGO'),
('236007', 'ODONTOLOGO, ENDODONCIA'),
('236008', 'ODONTOLOGO, ORTODONCIA'),
('236009', 'ODONTOLOGO, PEDODONCIA'),
('236010', 'ODONTOLOGO, PERIODONCIA'),
('237001', 'VETERINARIO'),
('237002', 'VETERINARIO, CIRUGIA'),
('237003', 'VETERINARIO, EPIDEMIOLOGIA'),
('237004', 'VETERINARIO, SALUD PUBLICA, PROFESIONAL'),
('237005', 'VETERINARIO, OTROS'),
('238001', 'FARMACEUTICO'),
('238002', 'FARMACEUTICO, COMERCIO'),
('238003', 'FARMACEUTICO, HOSPITAL'),
('238004', 'QUIMICO-FARMACEUTICO'),
('239001', 'ENFERMERA, TECNICO'),
('239002', 'ENFERMERA, TECMICO'),
('239003', 'ENFERMERA, NIVEL SUPERIOR/CLINICA'),
('239004', 'ENFERMERA, NIVEL SUPERIOR/CONSULTORIO'),
('239005', 'ENFERMERA, NIVEL SUPERIOR/HOSPITAL'),
('239006', 'ENFERMERA, NIVEL SUPERIOR/MATERNIDAD'),
('239007', 'ENFERMERA, NIVEL SUPERIOR/OBSTETRICIA'),
('239008', 'ENFERMERO, NIVEL SUPERIOR (DIPLOMADOS)'),
('239009', 'ENFERMERO, NIVEL SUPERIOR'),
('239010', 'ENFERMERO, NIVEL SUPERIOR/CLINICA'),
('239011', 'ENFERMERO, NIVEL SUPERIOR/HOSPITAL'),
('241001', 'PROFESOR, EDUCACION SUPERIOR'),
('241002', 'PROFESOR, EDUCACION SUPERIOR/ADMINISTRACION'),
('241003', 'PROFESOR, EDUCACION SUPERIOR/AGRICULTURA'),
('241004', 'PROFESOR, EDUCACION SUPERIOR/AGRONOMIA'),
('241005', 'PROFESOR, EDUCACION SUPERIOR/ANATOMIA'),
('241006', 'PROFESOR, EDUCACION SUPERIOR/ANTROPOLOGIA'),
('241007', 'PROFESOR, EDUCACION SUPERIOR/ARQUEOLOGIA'),
('241008', 'PROFESOR, EDUCACION SUPERIOR/ARQUITECTURA'),
('241009', 'PROFESOR, EDUCACION SUPERIOR/ARTE DRAMATICO'),
('241010', 'PROFESOR, EDUCACION SUPERIOR/ARTES INDUSTRIALES'),
('241011', 'PROFESOR, EDUCACION SUPERIOR/ASTRONOMIA'),
('241012', 'PROFESOR, EDUCACION SUPERIOR/BACTERIOLOGIA'),
('241013', 'PROFESOR, EDUCACION SUPERIOR/BELLAS ARTES'),
('241014', 'PROFESOR, EDUCACION SUPERIOR/BIBLIOTECONOMIA'),
('241015', 'PROFESOR, EDUCACION SUPERIOR/BIOLOGIA'),
('241016', 'PROFESOR, EDUCACION SUPERIOR/BIOQUIMICA'),
('241017', 'PROFESOR, EDUCACION SUPERIOR/BOTANICA'),
('241018', 'PROFESOR, EDUCACION SUPERIOR/CIENCIAS AGRONOMICAS'),
('241019', 'PROFESOR, EDUCACION SUPERIOR/CIENCIAS BIOLOGICAS'),
('241020', 'PROFESOR, EDUCACION SUPERIOR/CIENCIAS ECONOMICAS'),
('241021', 'PROFESOR, EDUCACION SUPERIOR/CIENCIAS FISICAS Y QUIMICAS'),
('241022', 'PROFESOR, EDUCACION SUPERIOR/CIENCIAS FORENSES'),
('241023', 'PROFESOR, EDUCACION SUPERIOR/CIENCIAS MATEMATICAS'),
('241024', 'PROFESOR, EDUCACION SUPERIOR/CIENCIAS MECANICAS'),
('241025', 'PROFESOR, EDUCACION SUPERIOR/CIENCIAS MEDICAS'),
('241026', 'PROFESOR, EDUCACION SUPERIOR/CIENCIAS MILITARES'),
('241027', 'PROFESOR, EDUCACION SUPERIOR/CIENCIAS POLITICAS'),
('241028', 'PROFESOR, EDUCACION SUPERIOR/CIENCIAS SOCIALES'),
('241029', 'PROFESOR, EDUCACION SUPERIOR/CIENCIAS TECNICAS'),
('241030', 'PROFESOR, EDUCACION SUPERIOR/CIENCIAS TECNICAS (ELECTRICIDA'),
('241031', 'PROFESOR, EDUCACION SUPERIOR/CIENCIAS TECNICAS (ELECTRONICA'),
('241032', 'PROFESOR, EDUCACION SUPERIOR/CIENCIAS TECNICAS (INGENIERIA'),
('241033', 'PROFESOR, EDUCACION SUPERIOR/CIENCIAS TECNICAS (QUIMICA)'),
('241034', 'PROFESOR, EDUCACION SUPERIOR/CIENCIAS TECNICAS (TECNOLOGIA'),
('241035', 'PROFESOR, EDUCACION SUPERIOR/CIENCIAS TECNICAS (TECNOLOGIA)'),
('241036', 'PROFESOR, EDUCACION SUPERIOR/CIENCIAS TECNICAS (TELECOMUNIC'),
('241037', 'PROFESOR, EDUCACION SUPERIOR/COMERCIALIZACION'),
('241038', 'PROFESOR, EDUCACION SUPERIOR/CONSERVATORIO'),
('241039', 'PROFESOR, EDUCACION SUPERIOR/CONTABILIDAD'),
('241040', 'PROFESOR, EDUCACION SUPERIOR/COOPERATIVISMO'),
('241041', 'PROFESOR, EDUCACION SUPERIOR/CRIA DE GANADO'),
('241042', 'PROFESOR, EDUCACION SUPERIOR/DEMOGRAFIA'),
('241043', 'PROFESOR, EDUCACION SUPERIOR/DERECHO'),
('241044', 'PROFESOR, EDUCACION SUPERIOR/DIBUJO INDUSTRIAL'),
('241045', 'PROFESOR, EDUCACION SUPERIOR/DIETETICA'),
('241046', 'PROFESOR, EDUCACION SUPERIOR/ECONOMIA'),
('241047', 'PROFESOR, EDUCACION SUPERIOR/ECONOMIA DOMESTICA'),
('241048', 'PROFESOR, EDUCACION SUPERIOR/ECONOMIA Y COMERCIO'),
('241049', 'PROFESOR, EDUCACION SUPERIOR/EDUCACION FISICA'),
('241050', 'PROFESOR, EDUCACION SUPERIOR/ELABORACION DE ALIMENTOS'),
('241051', 'PROFESOR, EDUCACION SUPERIOR/ENFERMERIA'),
('241052', 'PROFESOR, EDUCACION SUPERIOR/ENTOMOLOGIA'),
('241053', 'PROFESOR, EDUCACION SUPERIOR/ERGOTERAPIA'),
('241054', 'PROFESOR, EDUCACION SUPERIOR/ESCUELA DE POLICIA'),
('241055', 'PROFESOR, EDUCACION SUPERIOR/ESCULTURA'),
('241056', 'PROFESOR, EDUCACION SUPERIOR/ESPECIALIZADO EN COOP.AGRARIA,'),
('241057', 'PROFESOR, EDUCACION SUPERIOR/ESTADISTICA'),
('241058', 'PROFESOR, EDUCACION SUPERIOR/ESTUDIOS COMERCIALES'),
('241059', 'PROFESOR, EDUCACION SUPERIOR/ESTUDIOS INTERNACIONALES'),
('241060', 'PROFESOR, EDUCACION SUPERIOR/FARMACIA'),
('241061', 'PROFESOR, EDUCACION SUPERIOR/FARMACOLOGIA'),
('241062', 'PROFESOR, EDUCACION SUPERIOR/FILOLOGIA'),
('241063', 'PROFESOR, EDUCACION SUPERIOR/FILOSOFIA'),
('241064', 'PROFESOR, EDUCACION SUPERIOR/FINANZAS'),
('241065', 'PROFESOR, EDUCACION SUPERIOR/FISICA'),
('241066', 'PROFESOR, EDUCACION SUPERIOR/FISIOTERAPIA'),
('241067', 'PROFESOR, EDUCACION SUPERIOR/GEODESIA'),
('241068', 'PROFESOR, EDUCACION SUPERIOR/GEOFISICA'),
('241069', 'PROFESOR, EDUCACION SUPERIOR/GEOGRAFIA'),
('241070', 'PROFESOR, EDUCACION SUPERIOR/GEOLOGIA'),
('241071', 'PROFESOR, EDUCACION SUPERIOR/HISTORIA'),
('241072', 'PROFESOR, EDUCACION SUPERIOR/HISTORIA DEL ARTE'),
('241073', 'PROFESOR, EDUCACION SUPERIOR/HORTICULTURA'),
('241074', 'PROFESOR, EDUCACION SUPERIOR/IDIOMAS Y LINGUISTICA'),
('241075', 'PROFESOR, EDUCACION SUPERIOR/INFORMATICA'),
('241076', 'PROFESOR, EDUCACION SUPERIOR/INGENIERIA Y ARQUITECTURA'),
('241077', 'PROFESOR, EDUCACION SUPERIOR/LENGUA Y LITERATURA'),
('241078', 'PROFESOR, EDUCACION SUPERIOR/LETRAS'),
('241079', 'PROFESOR, EDUCACION SUPERIOR/LINGUISTICA'),
('241080', 'PROFESOR, EDUCACION SUPERIOR/LITERATURA'),
('241081', 'PROFESOR, EDUCACION SUPERIOR/MATEMATICAS'),
('241082', 'PROFESOR, EDUCACION SUPERIOR/MEDICINA'),
('241083', 'PROFESOR, EDUCACION SUPERIOR/MEDICINA FORENSE'),
('241084', 'PROFESOR, EDUCACION SUPERIOR/MEDICINA VETERINARIA'),
('241085', 'PROFESOR, EDUCACION SUPERIOR/METALURGIA'),
('241086', 'PROFESOR, EDUCACION SUPERIOR/METEOROLOGIA'),
('241087', 'PROFESOR, EDUCACION SUPERIOR/METODOS DE VENTA'),
('241088', 'PROFESOR, EDUCACION SUPERIOR/MINERIA'),
('241089', 'PROFESOR, EDUCACION SUPERIOR/MUSICA'),
('241090', 'PROFESOR, EDUCACION SUPERIOR/NAVEGACION AEREA'),
('241091', 'PROFESOR, EDUCACION SUPERIOR/NAVEGACION MARITIMA'),
('241092', 'PROFESOR, EDUCACION SUPERIOR/OBSERVACION METEOROLOGICA'),
('241093', 'PROFESOR, EDUCACION SUPERIOR/OBSTETRICIA'),
('241094', 'PROFESOR, EDUCACION SUPERIOR/ODONTOLOGIA'),
('241095', 'PROFESOR, EDUCACION SUPERIOR/OPTOMETRIA'),
('241096', 'PROFESOR, EDUCACION SUPERIOR/OSTEOPATIA'),
('241097', 'PROFESOR, EDUCACION SUPERIOR/PATOLOGIA'),
('241098', 'PROFESOR, EDUCACION SUPERIOR/PEDAGOGIA'),
('241099', 'PROFESOR, EDUCACION SUPERIOR/PERIODISMO'),
('241100', 'PROFESOR, EDUCACION SUPERIOR/PESCA'),
('241101', 'PROFESOR, EDUCACION SUPERIOR/PINTURA ARTISTICA'),
('241102', 'PROFESOR, EDUCACION SUPERIOR/PLANIFICACION FAMILIAR'),
('241103', 'PROFESOR, EDUCACION SUPERIOR/PLANIFICACION INDUSTRIAL'),
('241104', 'PROFESOR, EDUCACION SUPERIOR/PREHISTORIA'),
('241105', 'PROFESOR, EDUCACION SUPERIOR/PROGRAMA DE URBANISMO'),
('241106', 'PROFESOR, EDUCACION SUPERIOR/PROGRAMACION DE COMPUTADORAS'),
('241107', 'PROFESOR, EDUCACION SUPERIOR/PSICOLOGIA'),
('241108', 'PROFESOR, EDUCACION SUPERIOR/PUBLICIDAD E INFORMACION PUBLI'),
('241109', 'PROFESOR, EDUCACION SUPERIOR/QUIMICA'),
('241110', 'PROFESOR, EDUCACION SUPERIOR/QUIROPRACTICA'),
('241111', 'PROFESOR, EDUCACION SUPERIOR/RADIOLOGIA'),
('241112', 'PROFESOR, EDUCACION SUPERIOR/RELACIONES PUBLICAS'),
('241113', 'PROFESOR, EDUCACION SUPERIOR/SERVICIOS DE TELECOMUNICACIONE'),
('241114', 'PROFESOR, EDUCACION SUPERIOR/SILVICULTURA'),
('241115', 'PROFESOR, EDUCACION SUPERIOR/SOCIOLOGIA'),
('241116', 'PROFESOR, EDUCACION SUPERIOR/TEOLOGIA'),
('241117', 'PROFESOR, EDUCACION SUPERIOR/TEORIA Y PRACTICA BANCARIA'),
('241118', 'PROFESOR, EDUCACION SUPERIOR/TERAPEUTICA PARAMEDICA'),
('241119', 'PROFESOR, EDUCACION SUPERIOR/TRATAMIENTOS MEDICOS'),
('241120', 'PROFESOR, EDUCACION SUPERIOR/TURISMO (ESCUELA DE TURISMO)'),
('241121', 'PROFESOR, EDUCACION SUPERIOR/ZOOLOGIA'),
('241122', 'PROFESOR, UNIVERSIDAD, OTROS'),
('242001', 'PROFESOR, EDUCACION SECUNDARIA'),
('242002', 'PROFESOR, EDUCACION SECUNDARIA/AGRICULTURA'),
('242003', 'PROFESOR, EDUCACION SECUNDARIA/ALFABETIZACION DE ADULTOS'),
('242004', 'PROFESOR, EDUCACION SECUNDARIA/ARTES MANUALES'),
('242005', 'PROFESOR, EDUCACION SECUNDARIA/ARTE-OFICIOS'),
('242006', 'PROFESOR, EDUCACION SECUNDARIA/ARTESANIA'),
('242007', 'PROFESOR, EDUCACION SECUNDARIA/BELLAS ARTES'),
('242008', 'PROFESOR, EDUCACION SECUNDARIA/BIOLOGIA'),
('242009', 'PROFESOR, EDUCACION SECUNDARIA/BOTANICA'),
('242010', 'PROFESOR, EDUCACION SECUNDARIA/CIENCIAS NATURALES'),
('242011', 'PROFESOR, EDUCACION SECUNDARIA/CIENCIAS SOCIALES'),
('242012', 'PROFESOR, EDUCACION SECUNDARIA/COMERCIO Y SECRETARIADO'),
('242013', 'PROFESOR, EDUCACION SECUNDARIA/CONTABILIDAD MERCANTIL'),
('242014', 'PROFESOR, EDUCACION SECUNDARIA/COSTURA'),
('242015', 'PROFESOR, EDUCACION SECUNDARIA/DIBUJO TECNICO'),
('242016', 'PROFESOR, EDUCACION SECUNDARIA/EBANISTERIA'),
('242017', 'PROFESOR, EDUCACION SECUNDARIA/ECONOMIA DOMESTICA'),
('242018', 'PROFESOR, EDUCACION SECUNDARIA/EDUCACION CIVICA'),
('242019', 'PROFESOR, EDUCACION SECUNDARIA/EDUCACION FISICA'),
('242020', 'PROFESOR, EDUCACION SECUNDARIA/ENFERMERIA BASICA'),
('242021', 'PROFESOR, EDUCACION SECUNDARIA/FILOSOFIA'),
('242022', 'PROFESOR, EDUCACION SECUNDARIA/FISICA'),
('242023', 'PROFESOR, EDUCACION SECUNDARIA/FORMACION PROFESIONAL'),
('242024', 'PROFESOR, EDUCACION SECUNDARIA/GEOGRAFIA'),
('242025', 'PROFESOR, EDUCACION SECUNDARIA/GEOLOGIA'),
('242026', 'PROFESOR, EDUCACION SECUNDARIA/HISTORIA'),
('242027', 'PROFESOR, EDUCACION SECUNDARIA/HISTORIA DEL ARTE'),
('242028', 'PROFESOR, EDUCACION SECUNDARIA/LABORES'),
('242029', 'PROFESOR, EDUCACION SECUNDARIA/LABRA (METALES)'),
('242030', 'PROFESOR, EDUCACION SECUNDARIA/LENGUA Y LITERATURA'),
('242031', 'PROFESOR, EDUCACION SECUNDARIA/LITERATURA'),
('242032', 'PROFESOR, ENSE?ANZA SECUNDARIA/MATEMATICAS'),
('242033', 'PROFESOR, EDUCACION SECUNDARIA/MECANICA'),
('242034', 'PROFESOR, EDUCACION SECUNDARIA/MECANOGRAFIA'),
('242035', 'PROFESOR, EDUCACION SECUNDARIA/MUSICA'),
('242036', 'PROFESOR, EDUCACION SECUNDARIA/PEDAGOGIA'),
('242037', 'PROFESOR, EDUCACION SECUNDARIA/PROGRAMACION DE COMPUTADORAS'),
('242038', 'PROFESOR, EDUCACION SECUNDARIA/QUIMICA'),
('242039', 'PROFESOR, EDUCACION SECUNDARIA/RELIGION'),
('242040', 'PROFESOR, EDUCACION SECUNDARIA/SECRETARIADO'),
('242041', 'PROFESOR, EDUCACION SECUNDARIA/SOCIOLOGIA'),
('242042', 'PROFESOR, EDUCACION SECUNDARIA/TALLA (MADERA)'),
('242043', 'PROFESOR, EDUCACION SECUNDARIA/TAQUIGRAFIA'),
('242044', 'PROFESOR, EDUCACION SECUNDARIA/TECNICA'),
('242045', 'PROFESOR, EDUCACION SECUNDARIA/TECNOLOGICA'),
('242046', 'PROFESOR, EDUCACION SECUNDARIA/ZOOLOGIA'),
('242047', 'PROFESOR, EDUCACION SECUNDARIA/OTROS'),
('243001', 'MAESTRO DE ENSE?ANZA PRIMARIA'),
('243002', 'MAESTRO DE ESCUELA'),
('243003', 'NORMALISTA'),
('243004', 'PROFESOR DE ENSE?ANZA PRIMARIA'),
('244001', 'PROFESOR(A) DE ESCUELA MATERNAL O CUNA (GUARDERIA)'),
('244002', 'PROFESOR(A) DE JARDIN DE INFANCIA'),
('244003', 'PROFESOR(A) DE PARVULOS'),
('244004', 'PROFESOR DE EDUCACION INICIAL (PRE-ESCOLAR)'),
('245001', 'PROFESOR DE ALUMNOS FISICAMENTE DEFICIENTES'),
('245002', 'PROFESOR DE ALUMNOS MENTALMENTE DEFICIENTES'),
('245003', 'PROFESOR DE CIEGOS'),
('245004', 'PROFESOR DE MUDOS'),
('245005', 'PROFESOR DE NI?OS EXCEPCIONALES'),
('245006', 'PROFESOR DE SORDOS'),
('246001', 'PROFESOR DE ACADEMIA'),
('246002', 'PROFESOR DE CENECAPE'),
('246003', 'PROFESOR DE SENATI Y TECSUP'),
('246004', 'PROFESOR DE TALLERES, OTROS'),
('247001', 'ASESOR, METODOS DE ENSE?ANZA'),
('247002', 'AUXILIAR DE EDUCACION (ENCARGADO DE CURSO)'),
('247003', 'CONSEJERO DE EDUCACION'),
('247004', 'CONSEJERO VOCACIONAL'),
('247005', 'ESPECIALISTA, ENSE?ANZA/METODOS AUDIOVISUALES'),
('247006', 'INSPECTOR, ESCUELAS'),
('247007', 'INSTITUTRIZ'),
('247008', 'INSTRUCTOR DE MANEJO DE APARATOS ELECTRICOS, ELECTRONICOS,'),
('247009', 'PROFESOR ALFABETIZADOR'),
('247010', 'PROFESOR DE BAILE'),
('247011', 'PROFESOR DE IDIOMAS'),
('247012', 'PROFESORES, OTROS'),
('251001', 'ASESOR CONTABLE'),
('251002', 'AUDITOR'),
('251003', 'CONTADOR'),
('251004', 'CONTADOR, AUDITORIA DE EMPRESAS'),
('251005', 'CONTADOR, CONTABILIDAD MUNICIPAL'),
('251006', 'CONTADOR, COSTOS'),
('251007', 'CONTADOR, COSTOS Y PRECIOS'),
('251008', 'CONTADOR, EMPRESA'),
('251009', 'INTERVENTOR, CUENTAS'),
('251010', 'PERITO CONTABLE'),
('252001', 'ADMINISTRADOR DE EMPRESAS'),
('252002', 'ESPECIALISTA EN COOPERATIVAS'),
('252003', 'ADMINISTRADORES, OTROS'),
('253001', 'ANALISTA, OCUPACIONES'),
('253002', 'ANALISTA, PROFESIONES'),
('253003', 'ANALISTA, PUESTOS DE TRABAJO'),
('253004', 'CONCILIADOR, LABORAL'),
('253005', 'CONCILIADOR, RELACIONES LABORALES'),
('253006', 'CONSEJERO, EMPLEO'),
('253007', 'CONSEJERO, ORIENTACION PROFESIONAL'),
('253008', 'CONSEJERO, PERSPECTIVAS DE CARRERA'),
('253009', 'ENTREVISTADOR, COLOCACION'),
('253010', 'ESPECIALISTA CUESTIONES DE PERSONAL'),
('253011', 'ESPECIALISTA, FORMACION DEL PERSONAL'),
('253012', 'ESPECIALISTA, RELACIONES PROFESIONALES'),
('253013', 'ESPECIALISTA, SEGURIDAD EN EL TRABAJO'),
('254001', 'ABOGADO'),
('254002', 'ABOGADO PATROCINANTE'),
('254003', 'ABOGADO PENALISTA'),
('254004', 'ABOGADO, CIVIL-LABORAL/DERECHO PRIVADO'),
('254005', 'ABOGADO, CRIMINALISTA/DERECHO PUBLICO (CONSTIT.PENAL, ADMIN'),
('254006', 'APODERADO'),
('254007', 'ABOGADO, DERECHO INTERNACIONAL'),
('254008', 'ABOGADOS Y OTROS'),
('254009', 'ASESOR, LEGAL O JURIDICO'),
('255001', 'JUEZ'),
('255002', 'JUEZ CIVIL'),
('255003', 'JUEZ DE LA CORTE SUPERIOR'),
('255004', 'JUEZ DE LA CORTE SUPREMA'),
('255005', 'JUEZ INSTRUCTOR'),
('255006', 'JUEZ DE PAZ LETRADO'),
('255007', 'JUEZ, PENAL'),
('255008', 'JUEZ, PRIMERA INSTANCIA/TIERRAS, MENORES, OTROS'),
('255009', 'JUEZ, TRABAJO'),
('255010', 'JUEZ SIN ROSTRO'),
('255011', 'PRESIDENTE, TRIBUNAL DE JUSTICIA'),
('255012', 'VOCAL DE LA CORTE SUPERIOR O SUPREMA'),
('256001', 'AGENTE FISCAL'),
('256002', 'FISCAL DE LA CORTE SUPERIOR O SUPREMA'),
('257001', 'NOTARIO PUBLICO'),
('258001', 'CONSEJERO JURIDICO, EMPRESA'),
('258002', 'CONSEJERO JURIDICO, IMPUESTOS'),
('258003', 'ESCRIBANO DE ESTADO'),
('258004', 'JUECES NO LETRADOS'),
('258005', 'PROCURADOR'),
('258006', 'REDACTOR PARLAMENTARIO'),
('258007', 'RELATORES'),
('258008', 'SECRETARIO DE CORTE'),
('258009', 'SECRETARIO DE JUZGADO, PROFESIONAL'),
('258010', 'TRABAJADORES Y PRACTICANTES DE DERECHO, OTROS'),
('259001', 'ARCHIVERO, DE BIBLIOTECA Y SERVICIOS DE ARCHIVOS'),
('259002', 'ARCHIVERO, PALEOLOGO'),
('259003', 'CONSERVADOR, GALERIA DE ARTE'),
('259004', 'CONSERVADOR, MUSEO'),
('261001', 'BIBLIOTECARIO'),
('261002', 'DOCUMENTALISTA'),
('261003', 'DOCUMENTALISTA, MATERIAS ECONOMICAS'),
('261004', 'DOCUMENTALISTA, MATERIAS TECNICAS'),
('261005', 'ESPECIALISTA, BIBLIOTECONOMIA'),
('262001', 'ECONOMETRISTA'),
('262002', 'ECONOMISTA (INGENIERO)'),
('262003', 'ECONOMISTA, AGRICULTURA'),
('262004', 'ECONOMISTA, COMERCIO INTERNACIONAL'),
('262005', 'ECONOMISTA, DESARROLLO'),
('262006', 'ECONOMISTA, ECONOMETRIA'),
('262007', 'ECONOMISTA, ESPECIALISTA EN MERCADOTECNIA'),
('262008', 'ECONOMISTA, OTROS'),
('262009', 'PLANIFICADORES'),
('263001', 'ANTROPOLOGO'),
('263002', 'ARQUEOLOGO'),
('263003', 'ETNOGRAFO'),
('263004', 'ETNOLOGO'),
('263005', 'GENEOLOGISTA'),
('263006', 'HISTORIADOR'),
('263007', 'HISTORIADOR, CIENCIAS SOCIALES'),
('263008', 'HISTORIADOR, HISTORIA ECONOMICA'),
('263009', 'HISTORIADOR, HISTORIA POLITICA'),
('263010', 'POLITOLOGO'),
('263011', 'SOCIOLOGO, CRIMINOLOGIA'),
('263012', 'SOCIOLOGO, INDUSTRIA'),
('263013', 'SOCIOLOGO, PATOLOGIA SOCIAL'),
('264001', 'GEOGRAFO, GEOGRAFIA ECONOMICA'),
('264002', 'GEOGRAFO, GEOGRAFIA FISICA'),
('264003', 'GEOGRAFO, GEOGRAFIA POLITICO'),
('265001', 'CIENTIFICO, CIENCIAS POLITICAS'),
('265002', 'ESPECIALISTA, CIENCIAS POLITICAS'),
('265003', 'FILOSOFO'),
('265004', 'FILOSOFO, CIENCIAS POLITICAS'),
('266001', 'ARGUMENTISTA, TEATRO O CINE'),
('266002', 'AUTOR'),
('266003', 'AUTOR, DRAMA'),
('266004', 'AUTOR, LETRA DE CANCIONES'),
('266005', 'AUTOR, TEATRO'),
('266006', 'BIOGRAFO'),
('266007', 'COMENTARISTA, ACTUALIDADES'),
('266008', 'COMENTARISTA, DEPORTES'),
('266009', 'COMENTARISTA, RADIO Y TELEVISION'),
('266010', 'CORRESPONSAL, MEDIOS DE INFORMACION'),
('266011', 'CRITICO'),
('266012', 'CRITICO, ARTE'),
('266013', 'CRITICO, ARTES PLASTICAS'),
('266014', 'CRITICO, CINEMATOGRAFICO'),
('266015', 'CRITICO, LITERARIO'),
('266016', 'CRITICO, MUSICA'),
('266017', 'CRITICO, RADIO'),
('266018', 'CRITICO, TEATRO'),
('266019', 'CRITICO, TELEVISION'),
('266020', 'CRONISTA'),
('266021', 'CRONISTA, DEPORTES'),
('266022', 'CRONISTA, TRIBUNALES'),
('266023', 'DIALOGUISTA'),
('266024', 'EDITOR, LIBROS/REVISTAS'),
('266025', 'EDITORIALISTA'),
('266026', 'ENSAYISTA'),
('266027', 'ESCRITOR'),
('266028', 'ESCRITOR, LIBRETOS');
INSERT INTO `ocupacion_2` (`id_ocupacion_2`, `descripcion`) VALUES
('266029', 'ESCRITOR, NOVELAS'),
('266030', 'ESCRITOR, POESIA'),
('266031', 'ESCRITOR, TEATRO'),
('266032', 'FOLLETINISTA'),
('266033', 'GACETILLERO'),
('266034', 'GUIONISTA'),
('266035', 'HOMBRES DE LETRAS'),
('266036', 'LIBRETISTA'),
('266037', 'LITERATO'),
('266038', 'NOVELISTA'),
('266039', 'PERIODISTA'),
('266040', 'PERIODISTA REPORTERO'),
('266041', 'PERIODISTA, RADIO'),
('266042', 'PERIODISTA, TELEVISION'),
('266043', 'POETA'),
('266044', 'REDACTOR'),
('266045', 'REDACTOR JEFE, DIARIOS'),
('266046', 'REDACTOR JEFE, FINANZAS'),
('266047', 'REDACTOR JEFE, GUIONES/RADIO Y TELEVISION'),
('266048', 'REDACTOR JEFE, REVISTAS'),
('266049', 'REDACTOR, ARTICULOS DE FONDO'),
('266050', 'REDACTOR, INFORMACION PUBLICA'),
('266051', 'REDACTOR, MODAS'),
('266052', 'REDACTOR, PRENSA/T.V.'),
('266053', 'REDACTOR, PRENSA/EXTRANJERO'),
('266054', 'REDACTOR, PUBLICIDAD'),
('266055', 'REDACTOR, REVISTAS'),
('266056', 'REDACTOR, TECNICO'),
('266057', 'REDACTOR, TECNICO/MANUALES'),
('266058', 'REPORTERO'),
('266059', 'REPORTERO, MODA'),
('266060', 'REPORTERO, PRENSA/T.V. O RADIO'),
('266061', 'JEFE DE REDACCION/DIARIO'),
('266062', 'JEFE DE REDACCION/REVISTA'),
('267001', 'ESPECIALISTA, FONETICA'),
('267002', 'ESPECIALISTA, SEMANTICA'),
('267003', 'ETIMOLOGISTA'),
('267004', 'FILOLOGO'),
('267005', 'FILOLOGO, ETIMOLOGIA'),
('267006', 'FILOLOGO, FONETICA'),
('267007', 'FILOLOGO, FONOLOGIA'),
('267008', 'FILOLOGO, GRAFOLOGIA'),
('267009', 'FILOLOGO, LEXICOGRAFIA'),
('267010', 'FILOLOGO, LINGUISTICA'),
('267011', 'FILOLOGO, MORFOLOGIA'),
('267012', 'FILOLOGO, SEMANTICA'),
('267013', 'GRAFOLOGO'),
('267014', 'INTERPRETE'),
('267015', 'LEXICOGRAFO'),
('267016', 'LINGUISTA'),
('267017', 'MORFOLOGO'),
('267018', 'TRADUCTOR'),
('268001', 'PSICOLOGO'),
('268002', 'PSICOLOGO CLINICO'),
('268003', 'PSICOLOGO, EXPERIMENTOS'),
('268004', 'PSICOLOGO, INDUSTRIAS'),
('268005', 'PSICOLOGO, OCUPACIONES'),
('268006', 'PSICOLOGO, PEDAGOGIA'),
('268007', 'PSICOLOGO, PROBLEMAS SOCIALES'),
('268008', 'PSICOLOGO, TRABAJO'),
('269001', 'ASISTENTE MEDICO SOCIAL'),
('269002', 'ASISTENTE SOCIAL'),
('269003', 'ASISTENTE SOCIAL, BIENESTAR SOCIAL'),
('269004', 'ASISTENTE SOCIAL, DELINCUENCIA'),
('269005', 'ASISTENTE SOCIAL, DELINCUENCIA/LIBERTAD CONDICIONAL'),
('269006', 'ASISTENTE SOCIAL, DELINCUENCIA/PREVENCION Y REHABILITACION'),
('269007', 'ASISTENTE SOCIAL, EMPRESA'),
('269008', 'ASISTENTE SOCIAL, HOSPITAL'),
('269009', 'ASISTENTE SOCIAL, PRISIONES'),
('269010', 'ASISTENTE SOCIAL, PROTECCION DE LA FAMILIA'),
('269011', 'ASISTENTE SOCIAL, PROTECCION DE LA INFANCIA'),
('269012', 'ASISTENTE SOCIAL, PSIQUIATRIA'),
('269013', 'ASISTENTE SOCIAL, REHABILITACION/INCAPACITADOS FISICOS'),
('269014', 'ASISTENTE SOCIAL, SERVICIOS COMUNITARIOS'),
('269015', 'ASISTENTE SOCIAL, SERVICIOS CULTURALES'),
('269016', 'ASISTENTE SOCIAL, SERVICIOS DE AYUDA FAMILIAR'),
('269017', 'ASISTENTE SOCIAL, SERVICIOS SOCIALES'),
('269018', 'VISITADOR SOCIAL'),
('269019', 'VISITADOR, PRISIONES'),
('271001', 'ACUARELISTA'),
('271002', 'ARTISTA COMERCIAL'),
('271003', 'ARTISTA CREATIVO'),
('271004', 'ARTISTA PINTOR'),
('271005', 'CARICATURISTA'),
('271006', 'CERAMISTA ARTISTICO'),
('271007', 'CREADOR, DIBUJOS ANIMADOS'),
('271008', 'CREADOR, MODELOS/JOYERIA Y ORFEBRERIA'),
('271009', 'DIBUJANTE, CARICATURISTA'),
('271010', 'DIBUJANTE, DIBUJOS ANIMADOS'),
('271011', 'DIBUJANTE, DISE?O INDUSTRIAL'),
('271012', 'DIBUJANTE, JOYERIA Y ORFEBRERIA'),
('271013', 'DIBUJANTE, PUBLICIDAD'),
('271014', 'ESCULTOR'),
('271015', 'ESTATUARIO'),
('271016', 'GRABADOR ARTISTICO'),
('271017', 'IMAGINERO'),
('271018', 'MAQUETISTA'),
('271019', 'MINIATURISTA'),
('271020', 'ORFEBRE ARTISTA'),
('271021', 'PAISAJISTA'),
('271022', 'PASTELISTA'),
('271023', 'PINTOR, AGUA FUERTE'),
('271024', 'PINTOR, PINTURA ABSTRACTA'),
('271025', 'PINTOR, PINTURA FIGURATIVA'),
('271026', 'PUBLICISTA, RESPONSABLE DE CAMPA?A PUBLICITARIA'),
('271027', 'RESTAURADOR, CUADROS'),
('271028', 'RESTAURADOR, OBRAS DE ARTE'),
('271029', 'RETRATISTA'),
('272001', 'ADAPTADOR MUSICAL'),
('272002', 'ARMONISTA'),
('272003', 'ARPISTA'),
('272004', 'ARTISTA LIRICO'),
('272005', 'BAJO'),
('272006', 'BAJONISTA'),
('272007', 'BARITONO'),
('272008', 'BATERISTA'),
('272009', 'CANTANTE'),
('272010', 'CANTANTE, CONCIERTO'),
('272011', 'CANTANTE, CORAL'),
('272012', 'CANTANTE, JAZZ'),
('272013', 'CANTANTE, MUSICA POPULAR'),
('272014', 'CANTANTE, OPERA'),
('272015', 'CITARISTA'),
('272016', 'CLARINETISTA'),
('272017', 'CLAVECINISTA'),
('272018', 'COMPOSITOR'),
('272019', 'CONCERTADOR, COROS'),
('272020', 'CONCERTISTA CANTANTE'),
('272021', 'CONCERTISTA INSTRUMENTISTA'),
('272022', 'CONTRABAJO'),
('272023', 'CONTRALTO'),
('272024', 'COPISTA, MUSICA'),
('272025', 'CORISTA'),
('272026', 'DIRECTOR, COROS'),
('272027', 'DIRECTOR, ORQUESTA SINFONICA'),
('272028', 'EJECUTANTE, MUSICO'),
('272029', 'FAGOTISTA'),
('272030', 'FLAUTISTA'),
('272031', 'GUITARRISTA'),
('272032', 'INSTRUMENTISTA'),
('272033', 'MEZZO-SOPRANO'),
('272034', 'OBOISTA'),
('272035', 'ORGANISTA'),
('272036', 'ORQUESTADOR'),
('272037', 'PERCUSIONISTA'),
('272038', 'PIANISTA'),
('272039', 'SAXOFONISTA'),
('272040', 'SOPRANO'),
('272041', 'TAMBORILERO'),
('272042', 'TENOR'),
('272043', 'TROMBONISTA'),
('272044', 'TROMPETISTA'),
('272045', 'VIOLINISTA'),
('272046', 'VIOLONCHELISTA'),
('272047', 'OTROS, COMPOSITORES, MUSICOS Y CANTANTES'),
('273001', 'BAILARIN'),
('273002', 'BAILARINES DE DANZA CLASICA Y MODERNA'),
('273003', 'BAILARIN, BALLET'),
('273004', 'BAILARIN, SOLISTA'),
('273005', 'BAILARINA'),
('273006', 'COREOGRAFO'),
('273007', 'DIRECTOR, DANZA'),
('273008', 'DIRECTOR, COREOGRAFIA'),
('273009', 'MAESTRO DE BALLET'),
('274001', 'ACTOR'),
('274002', 'ACTOR, CINE'),
('274003', 'ACTOR, TEATRO'),
('274004', 'ACTRIZ'),
('274005', 'ACTRIZ, CINE'),
('274006', 'ACTRIZ, TEATRO'),
('274007', 'CARICATO'),
('274008', 'COMEDIANTE'),
('274009', 'DIRECTOR ARTISTICO, CINE'),
('274010', 'DIRECTOR ARTISTICO, TEATRO'),
('274011', 'DIRECTOR DE PRODUCCION (RADIO Y T.V.)'),
('274012', 'DIRECTOR, ESCENA/CINE'),
('274013', 'DIRECTOR, ESCENA/TEATRO'),
('274014', 'DIRECTOR, FOTOGRAFIA/CINE'),
('274015', 'DIRECTOR, TEATRO'),
('274016', 'EMPRESARIO, CINE'),
('274017', 'IMITADOR, CABARET'),
('274018', 'LECTOR, RADIO O TELEVISION'),
('274019', 'MIMO'),
('274020', 'REALIZADOR, RADIODIFUSION O TELEVISION'),
('274021', 'RECITADOR, EXCEPTO RADIO O TELEVISION'),
('274022', 'RECITADOR, RADIO O TELEVISION'),
('274023', 'REGENTE, ESCENA'),
('274024', 'TRAGICO'),
('274025', 'OTROS, ACTORES Y DIRECTORES DE CINE, RADIO, TEATRO, TELEVIS'),
('281001', 'PROFESIONAL EN HOTELERIA'),
('281002', 'PROFESIONAL EN TURISMO'),
('282001', 'RELACIONISTA, INDUSTRIAL'),
('282002', 'RELACIONISTA, LABORAL'),
('282003', 'RELACIONISTA, PUBLICO'),
('282004', 'RELACIONISTA, OTROS'),
('283001', 'DIPLOMATICOS, EXTRANJEROS'),
('283002', 'DIPLOMATICOS, PERUANOS (EXCEPTO EMBAJADORES Y CONSULES EN F'),
('283003', 'REPRESENTANTES DE ORGANISMOS INTERNACIONALES'),
('284001', 'ARCIPRESTE'),
('284002', 'ARZOBISPO'),
('284003', 'BONZO'),
('284004', 'CANONIGO'),
('284005', 'CAPELLAN'),
('284006', 'CURA'),
('284007', 'IMAN'),
('284008', 'MINISTRO DEL CULTO'),
('284009', 'MISIONERO'),
('284010', 'MONJA'),
('284011', 'MONJE'),
('284012', 'OBISPO'),
('284013', 'PARROCO'),
('284014', 'PASTOR PROTESTANTE'),
('284015', 'POOJARI'),
('284016', 'PRIOR'),
('284017', 'RABINO'),
('284018', 'SACERDOTE'),
('284019', 'SACERDOTE BUDISTA'),
('284020', 'TEOLOGO'),
('284021', 'VICARIO'),
('311001', 'TECNICO, ANALISTA QUIMICO'),
('311002', 'TECNICO, ASTRONOMIA'),
('311003', 'TECNICO, FISICA/INVESTIGACION (CIENCIAS FISICAS)'),
('311004', 'TECNICO, GEOFISICA'),
('311005', 'TECNICO, GEOLOGIA'),
('311006', 'TECNICO, LABORATORISTA FISICO O QUIMICO'),
('311007', 'TECNICO, METEOROLOGIA'),
('311008', 'TECNICO, OCEANOGRAFIA'),
('311009', 'TECNICO, QUIMICA/INVESTIGACION (CIENCIAS QUIMICAS)'),
('311010', 'TECNICO, ESPECIALISTA EN FISICO-QUIMICA'),
('312001', 'APAREJADOR, INGENIERIA CIVIL'),
('312002', 'TECNICO CALCULISTA, INGENIERIA CIVIL/COSTO DE CONSTRUCCION'),
('312003', 'TECNICO, AGRIMENSOR'),
('312004', 'TECNICO, AUXILIAR DE ARQUITECTURA'),
('312005', 'TECNICO, CARTOGRAFO'),
('312006', 'TECNICO, FOTOGRAMETRISTA Y AEROFOTOGRAMETRISTA'),
('312007', 'TECNICO, INGENIERIA CIVIL'),
('312008', 'TECNICO, INGENIERIA CIVIL/CONSTRUCCION DE VIVIENDAS Y EDIFI'),
('312009', 'TECNICO, INGENIERIA CIVIL/CONTRATISTA (CONSTRUCCION)'),
('312010', 'TECNICO, INGENIERIA CIVIL/ESTRUCTURAS'),
('312011', 'TECNICO, INGENIERIA CIVIL/HIDRAULICA'),
('312012', 'TECNICO, INGENIERIA CIVIL/IRRIGACION'),
('312013', 'TECNICO, INGENIERIA CIVIL/MECANICA DE SUELOS'),
('312014', 'TECNICO, INGENIERIA CIVIL/SANITARIA'),
('313001', 'TECNICO, ELECTRICISTA'),
('313002', 'TECNICO ELECTRICISTA, ALTA TENSION'),
('313003', 'TECNICO ELECTRICISTA, ENERGIA ELECTRICA/DISTRIBUCION'),
('313004', 'TECNICO ELECTRICISTA, RADIO Y/O T.V.'),
('313005', 'TECNICO ELECTRICISTA, ILUMINACION'),
('313006', 'TECNICO ELECTRICISTA, SONIDO'),
('313007', 'TECNICO, INGENIERIA ELECTRICA'),
('313008', 'TECNICO CALCULISTA, INGENIERIA ELECTRONICA'),
('313009', 'TECNICO, INGENIERIA ELECTRONICA'),
('313010', 'TECNICO, SISTEMAS ELECTRICOS DE AERONAVES'),
('313011', 'TECNICO, TELECOMUNICACIONES'),
('313012', 'TECNICO, OPERADOR DE RADAR'),
('313013', 'TECNICO, TELECOMUNICACIONES/RADIO'),
('313014', 'TECNICO, TELECOMUNICACIONES/SISTEMAS DE SE?ALES'),
('313015', 'TECNICO, TELECOMUNICACIONES/TELEFONO'),
('313016', 'TECNICO, TELECOMUNICACIONES/TELEGRAFO'),
('313017', 'TECNICO, TELECOMUNICACIONES/TELEVISION'),
('314001', 'TECNICO CALCULISTA, CONSTRUCCION MECANICA'),
('314002', 'TECNICO AERONAUTICO'),
('314003', 'TECNICO INSPECTOR, NAVAL'),
('314004', 'TECNICO INSPECTOR, NAVAL/BUQUES'),
('314005', 'TECNICO MECANICO'),
('314006', 'TECNICO MECANICO, ACONDICIONAMIENTO DE AIRE'),
('314007', 'TECNICO MECANICO, AERONAUTICA'),
('314008', 'TECNICO MECANICO, AGRICULTURA'),
('314009', 'TECNICO MECANICO, AUTOMOVILES'),
('314010', 'TECNICO MECANICO, CALEFACCION, REFRIGERACION Y VENTILACION'),
('314011', 'TECNICO MECANICO, CONSTRUCCION NAVAL'),
('314012', 'TECNICO MECANICO, ENERGIA NUCLEAR'),
('314013', 'TECNICO MECANICO, INSTRUCTOR DE VEHICULOS AUTOMOTORES'),
('314014', 'TECNICO MECANICO, INSTRUMENTOS'),
('314015', 'TECNICO MECANICO, LUBRICACION'),
('314016', 'TECNICO MECANICO, MAQUINARIA Y HERRAMIENTAS INDUSTRIALES'),
('314017', 'TECNICO MECANICO, MANTENIMIENTO DE AVION'),
('314018', 'TECNICO MECANICO, MOTORES'),
('314019', 'TECNICO MECANICO, MOTORES DE COMBUSTION INTERNA'),
('314020', 'TECNICO MECANICO, MOTORES DE LOCOMOTORAS'),
('314021', 'TECNICO MECANICO, MOTORES DE PROPULSION A CHORRO'),
('314022', 'TECNICO MECANICO, MOTORES DIESEL'),
('314023', 'TECNICO MECANICO, SISTEMAS HIDRAULICOS'),
('314024', 'TECNICO MECANICO, TURBINAS DE GAS'),
('314025', 'TECNICO, ACONDICIONAMIENTO DE AIRE'),
('314026', 'VERIFICADOR, NAVAL'),
('315001', 'ESTIMADOR, QUIMICA INDUSTRIAL'),
('315002', 'TECNICO, FIBRA TEXTIL (DE ING. TEXTIL)'),
('315003', 'TECNICO, PETROQUIMICA'),
('315004', 'TECNICO, QUIMICA INDUSTRIAL'),
('315005', 'TECNICO, QUIMICO INDUSTRIAL/CAUCHO'),
('315006', 'TECNICO, QUIMICA INDUSTRIAL/GAS'),
('315007', 'TECNICO, QUIMICA INDUSTRIAL/PLASTICOS'),
('315008', 'TECNICO, QUIMICA INDUSTRIAL/PETROLEO'),
('315009', 'TECNICO, QUIMICA INDUSTRIAL/PROCESOS QUIMICOS'),
('315010', 'TECNICO, QUIMICA INDUSTRIAL/PRODUCCION Y DISTRIBUCION DE GA'),
('315011', 'TECNICO, QUIMICA INDUSTRIAL/REFINACION DEL PETROLEO'),
('316001', 'ACIDIFICADOR, POZOS DE PETROLEO Y GAS'),
('316002', 'T?CNICO, CEMENTADOR, POZOS DE PETROLEO Y GAS'),
('316003', 'DESINCRUSTADOR, POZOS DE PETROLEO Y GAS'),
('316004', 'PEGADOR, POZOS DE PETROLEO Y GAS'),
('316005', 'TECNICO, ACIDIFICACION/POZOS'),
('316006', 'TECNICO, EXTRACCION/CARBON'),
('316007', 'TECNICO, EXTRACCION/GAS (SONDEO DE POZOS)'),
('316008', 'TECNICO, EXTRACCION/METALES'),
('316009', 'TECNICO, EXTRACCION/PETROLEO Y GAS NATURAL'),
('316010', 'TECNICO, METALURGIA/ENSAYADOR DE METALES'),
('316011', 'TECNICO, METALURGIA/EXTRACCION'),
('316012', 'TECNICO, METALURGIA/SIDERURGICA'),
('316013', 'TECNICO, METALURGIA/FUNDICION'),
('316014', 'TECNICO, METALURGIA/TRATAMIENTO Y/O PRODUCCION DE METALES'),
('316015', 'TECNICO, MINERIA'),
('316016', 'TECNICO, SONDEO/POZOS DE PETROLEO Y GAS'),
('317001', 'DELINEANTE'),
('317002', 'DELINEANTE, ARQUITECTURA'),
('317003', 'DELINEANTE, CARTOGRAFIA'),
('317004', 'DELINEANTE, GEOLOGIA'),
('317005', 'DELINEANTE, ILUSTRACIONES TECNICAS'),
('317006', 'DELINEANTE, INDUSTRIAL'),
('317007', 'DELINEANTE, INGENIERIA AERONAUTICA'),
('317008', 'DELINEANTE, INGENIERIA CIVIL'),
('317009', 'DELINEANTE, INGENIERIA DE EDIFICIOS'),
('317010', 'DELINEANTE, INGENIERIA DE SISTEMAS DE CALEFACCION Y VENTILA'),
('317011', 'DELINEANTE, INGENIERIA ELECTRICA'),
('317012', 'DELINEANTE, INGENIERIA ELECTRONICA'),
('317013', 'DELINEANTE, INGENIERIA MECANICA'),
('317014', 'DELINEANTE, INGENIERIA NAVAL'),
('317015', 'DELINEANTE, LITOGRAFIA'),
('317016', 'DELINEANTE, MATRICES Y HERRAMIENTAS'),
('317017', 'DELINEANTE, TECNICO'),
('317018', 'DIBUJANTE, ILUSTRACIONES TECNICAS'),
('317019', 'DIBUJANTE, PROYECTISTA/ARTES GRAFICAS'),
('317020', 'DELINEANTE, DIBUJANTES/OTROS'),
('317021', 'SUPERVISOR DE ARTES GRAFICAS'),
('318001', 'TECNICO, ALIMENTOS'),
('318002', 'TECNICO, CALCULO DE COSTOS Y CANTIDADES'),
('318003', 'TECNICO, CERAMICA'),
('318004', 'TECNICO, CUEROS Y PIELES'),
('318005', 'TECNICO, EFICIENCIA INDUSTRIAL'),
('318006', 'TECNICO, ESTUDIO DEL TRABAJO'),
('318007', 'TECNICO, INGENIERIA/ESTUDIO DE TIEMPOS Y MOVIMIENTOS'),
('318008', 'TECNICO, INGENIERIA/METODOS'),
('318009', 'TECNICO, INGENIERIA/ORGANIZACION INDUSTRIAL'),
('318010', 'TECNICO, INGENIERIA/PLANIFICACION'),
('318011', 'TECNICO, INGENIERIA/SEGURIDAD E HIGIENE INDUSTRIAL'),
('318012', 'TECNICO, INGENIERIA/PRODUCCION'),
('318013', 'TECNICO, PAPEL'),
('318014', 'TECNICO, PESQUERIA'),
('318015', 'TECNICO, SISTEMAS/EXCEPTO INFORMATICOS'),
('318016', 'TECNICO EN LA INDUSTRIA, OTROS'),
('319001', 'TECNICO EN ESTADISTICA'),
('319002', 'TECNICO, EN MATEMATICA'),
('319003', 'TECNICO EN ESTADISTICA O MATEMATICA, OTROS'),
('319004', 'PROGRAMADOR, CODIFICADOR DE LOS PROGRAMAS'),
('319005', 'PROGRAMADOR, DESARROLLO DE LA LOGICA DEL PROCESO'),
('319006', 'PROGRAMADOR, INFORMATICA/POR COMPUTADORA'),
('319007', 'PROGRAMADOR, INFORMATICA/ANALISIS DE BASE DE DATOS'),
('319008', 'PROGRAMADOR, INFORMATICA/ANALISIS DE SISTEMAS'),
('319009', 'PROGRAMADOR, PRUEBA Y EJECUCION DEL PROGRAMA EN COMPUTADORA'),
('319010', 'TECNICO, ANALISIS INFORMATICO'),
('319011', 'TECNICO, PROGRAMACION POR COMPUTADORAS'),
('319012', 'TECNICO, SERVICIOS INFORMATICOS PARA USUARIOS'),
('321001', 'OPERADOR, EQUIPOS INFORMATICOS/COMPUTADORAS'),
('321002', 'OPERADOR, EQUIPOS INFORMATICOS/UNIDADES PERIFERICAS (IMPRES'),
('321003', 'OPERADOR, ALMACENAMIENTO DE DATOS'),
('321004', 'OPERADOR, PROCESO DE APLICACIONES CATALOGADAS'),
('321005', 'TECNICO, CONTROL DE EQUIPOS INFORMATICOS'),
('322001', 'AYUDANTE DE DIRECCION, CINE'),
('322002', 'AYUDANTE, DIRECCION CINEMATOGRAFICA'),
('322003', 'CAMAROGRAFO'),
('322004', 'CAMAROGRAFO, CINEMATOGRAFO'),
('322005', 'CAMAROGRAFO, TELEVISION'),
('322006', 'CINEASTA'),
('322007', 'FOTOGRAFO'),
('322008', 'FOTOGRAFO AEREO'),
('322009', 'FOTOGRAFO COMERCIAL'),
('322010', 'FOTOGRAFO INDUSTRIAL'),
('322011', 'FOTOGRAFO MEDICO'),
('322012', 'FOTOGRAFO PUBLICITARIO'),
('322013', 'FOTOGRAFO RETRATISTA'),
('322014', 'FOTOGRAFO, ARQUITECTURA'),
('322015', 'FOTOGRAFO, ILUSTRACION COMERCIAL'),
('322016', 'FOTOGRAFO, MICROFOTOGRAFIA'),
('322017', 'FOTOGRAFO, MODAS'),
('322018', 'FOTOGRAFO, POLICIA'),
('322019', 'FOTOGRAFO, PRENSA'),
('322020', 'MONTAJISTA'),
('322021', 'OPERADOR, CAMARA DE CINE'),
('322022', 'OPERADOR, CAMARA DE TELEVISION'),
('322023', 'OPERADOR, EQUIPO AUDIO/RADIO'),
('322024', 'OPERADOR, EQUIPO AUDIO/TELEVISION'),
('322025', 'OPERADOR, EQUIPO DE SONORIZACION, CINE'),
('322026', 'OPERADOR, EQUIPO DE RADIO Y TELEVISION'),
('322027', 'OPERADOR, GRABACION DE SONIDO'),
('322028', 'OPERADOR, GRABACION DE SONIDO/DISCOS'),
('322029', 'OPERADOR, GRABACION DE SONIDO/RADIO'),
('322030', 'OPERADOR, GRABACION DE SONIDO/TELEVISION'),
('322031', 'REPORTERO GRAFICO/FOTOGRAFO REPORTERO'),
('322032', 'TECNICO EN AUDIO VISUALES'),
('322033', 'TECNICO, EFECTOS SONOROS/CINE'),
('322034', 'TECNICO, EQUIPO DE SONORIZACION/RADIO'),
('322035', 'TECNICO, EQUIPO DE SONORIZACION/TELEVISION'),
('322036', 'TECNICO, EQUIPO DE GRABACION/CINTA MAGNETICA'),
('322037', 'TECNICO, EQUIPO DE GRABACION/DISCOS DIGITALES'),
('322038', 'TECNICO, EQUIPO DE GRABACION/EFECTOS SONOROS'),
('322039', 'TECNICO, EQUIPO DE GRABACION/HILO MAGNETICO'),
('322040', 'TECNICO, EQUIPO DE GRABACION/SONIDO'),
('322041', 'TECNICO, EQUIPO DE GRABACION/VIDEO'),
('322042', 'TECNICO, EQUIPO DE RADIO Y TELEVISION'),
('322043', 'TECNICO, MATERIAL DE DOBLAJE'),
('322044', 'TECNICO, PRUEBAS DE SONIDO/SONIDISTA'),
('323001', 'LUMINOTECNICO, TELEVISION'),
('323002', 'OPERADOR, CABINA DE PROYECCION/CINEMATOGRAFIA'),
('323003', 'OPERADOR, EQUIPO DE AMPLIFICACION DE SONIDO'),
('323004', 'OPERADOR, EQUIPO DE DIFUSION/TELEFILMES'),
('323005', 'OPERADOR, EQUIPO DE DIFUSION/TELEVISION'),
('323006', 'OPERADOR, EQUIPO DE DIFUSION/VIDEO'),
('323007', 'OPERADOR, EQUIPO DE RADIODIFUSION'),
('323008', 'OPERADOR, EQUIPO DE RADIOTELEFONIA/ESTACIONES TERRESTRES'),
('323009', 'OPERADOR, EQUIPO MOVILES DE RADIODIFUSION Y TELEVISION'),
('323010', 'OPERADOR, ESTACION EMISORA DE RADIO'),
('323011', 'OPERADOR, ESTACION EMISORA DE TELEVISION'),
('323012', 'OPERADOR, ESTUDIOS DE RADIO'),
('323013', 'OPERADOR, ESTUDIOS DE TELEVISION'),
('323014', 'OPERADOR, MICROFONOS'),
('323015', 'OPERADOR, RADAR'),
('323016', 'OPERADOR, RADIO/NAVEGACION AEREA'),
('323017', 'OPERADOR, RADIO/NAVEGACION MARITIMA'),
('323018', 'OPERADOR, TELECOMUNICACIONES'),
('323019', 'OPERADOR, TRANSMISORES/RADIO'),
('323020', 'OPERADOR, TRANSMISORES/TELEVISION'),
('323021', 'OPERADOR-JEFE, TELECOMUNICACIONES/ESTACION'),
('323022', 'OPERADOR-JEFE, TELECOMUNICACIONES/TRAFICO'),
('323023', 'RADIONAVEGANTE'),
('323024', 'RADIOTELEGRAFISTA'),
('323025', 'RADIOTELEGRAFISTA, NAVEGACION MARITIMA'),
('323026', 'TECNICO SALA DE CONTROL/RADIO'),
('323027', 'TECNICO SALA DE CONTROL/TELEVISION'),
('323028', 'TELEGRAFISTA'),
('324001', 'OPERADOR DE AUDIOMETRIA'),
('324002', 'OPERADOR DE ELECTROCARDIOGRAFIA'),
('324003', 'OPERADOR DE ELECTROENCEFOLOGRAFIA'),
('324004', 'OPERADOR DE SCANER'),
('324005', 'OPERADOR DE SCANER (OPTICA)'),
('324006', 'OPERADOR DE RADIOGRAFIA'),
('324007', 'OPERADOR DE RAYOS X'),
('331001', 'CUARTO OFICIAL, MAQUINISTA/BARCO'),
('331002', 'INSPECTOR TECNICO, MARINA/MERCANTE'),
('331003', 'INSTRUCTOR NAVEGACION/VELA'),
('331004', 'JEFE DE MAQUINAS, BARCO'),
('331005', 'MOTORISTA, LANCHA/BOLICHERA'),
('331006', 'OFICIAL MAQUINISTA, BARCO'),
('331007', 'PRIMER OFICIAL, MAQUINISTA/BARCO'),
('331008', 'SEGUNDO OFICIAL, MAQUINISTA/BARCO'),
('331009', 'SUPERINTENDENTE TECNICO, MARINA MERCANTE'),
('331010', 'TERCER OFICIAL, MAQUINISTA/MARINA MERCANTE'),
('332001', 'ALFEREZ DE FRAGATA, RESERVA NAVAL/MARINA MERCANTE'),
('332002', 'CAPITAN, ALTURA'),
('332003', 'CAPITAN, BARCO/NAVEGACION FLUVIAL O LACUSTRE'),
('332004', 'CAPITAN, BARCO/NAVEGACION MARITIMA'),
('332005', 'CAPITAN, BUQUE'),
('332006', 'CAPITAN, MARINA MERCANTE/BARCO'),
('332007', 'CAPITAN, PESCA'),
('332008', 'CAPITAN, PUERTO'),
('332009', 'CAPITAN, REMOLCADOR'),
('332010', 'CAPITAN, YATE'),
('332011', 'COMANDANTE, BARCO/NAVEGACION MARITIMA'),
('332012', 'COMANDANTE, BARCO/NAVEGACION INTERIOR (LAGOS, RIOS)'),
('332013', 'OFICIAL, CUBIERTA'),
('332014', 'OFICIAL, NAVEGACION'),
('332015', 'PATRON, BOLICHERA'),
('332016', 'PATRON, BARCO/NAVEGACION INTERIOR'),
('332017', 'PATRON, BARCO/NAVEGACION MARITIMA'),
('332018', 'PATRON, PUERTO'),
('332019', 'PATRON, REMOLCADOR'),
('332020', 'PATRON, YATE'),
('332021', 'PILOTO, AERODESLIZADOR'),
('332022', 'PILOTO, COSTERO'),
('332023', 'PILOTO, DESLIZADOR'),
('332024', 'PILOTO, HIDROPLANO'),
('332025', 'PILOTO-PRACTICO NAVEGACION'),
('332026', 'PRACTICO, PUERTO'),
('332027', 'SUPERINTENDENTE, ARMAMENTO/CUBIERTA (BUQUES)'),
('333001', 'COMANDANTE, AERONAVE'),
('333002', 'COPILOTO, AERONAVE'),
('333003', 'INSTRUCTOR DE VUELO'),
('333004', 'OFICIAL MECANICO, VUELO/MECANICO NAVEGANTE'),
('333005', 'OFICIAL NAVEGANTE, AERONAVE'),
('333006', 'PILOTO, AERONAVE/TRANSPORTE AEREO'),
('333007', 'PILOTO, FUMIGACION'),
('333008', 'PILOTO, HELICOPTERO'),
('333009', 'PILOTO, HIDROAVION'),
('333010', 'PILOTO, INSTRUCTOR'),
('333011', 'PILOTO, PRUEBAS/AERONAUTICA'),
('334001', 'CONTROLADOR, TRAFICO AEREO'),
('334002', 'TECNICO, SEGURIDAD/TRAFICO AEREO'),
('335001', 'ESPECIALISTA, PREVENCION DE INCENDIOS'),
('335002', 'INSPECTOR, INCENDIOS'),
('335003', 'INSPECTOR, OBRAS Y EDIFICIOS'),
('335004', 'INVESTIGADOR, INCENDIOS'),
('335005', 'INSPECTOR, CONTROL DE CALIDAD'),
('335006', 'INSPECTOR, CONTROL DE CALIDAD/ELECTRICIDAD'),
('335007', 'INSPECTOR, CONTROL DE CALIDAD/EQUIPOS ELECTRICOS'),
('335008', 'INSPECTOR, CONTROL DE CALIDAD/EQUIPOS ELECTRONICOS'),
('335009', 'INSPECTOR, CONTROL DE CALIDAD/MAQUINAS'),
('335010', 'INSPECTOR, CONTROL DE CALIDAD/PROCESOS INDUSTRIALES'),
('335011', 'INSPECTOR, CONTROL DE CALIDAD/PRODUCTOS MECANICOS'),
('335012', 'INSPECTOR, CONTROL DE CALIDAD/SERVICIOS'),
('335013', 'INSPECTOR, CONTROL DE CALIDAD/TEJIDOS'),
('335014', 'INSPECTOR, SEGURIDAD Y SALUD'),
('335015', 'INSPECTOR, SEGURIDAD Y SALUD/CONTAMINACION DEL MEDIO AMBIEN'),
('335016', 'INSPECTOR, SEGURIDAD Y SALUD/CUIDADOS A LOS NI?OS'),
('335017', 'INSPECTOR, SEGURIDAD Y SALUD/ELECTRICIDAD'),
('335018', 'INSPECTOR, SEGURIDAD Y SALUD/ESTABLECIMIENTOS'),
('335019', 'INSPECTOR, SEGURIDAD Y SALUD/FABRICA'),
('335020', 'INSPECTOR, SEGURIDAD Y SALUD/PROTECCION DE LOS CONSUMIDORES'),
('335021', 'INSPECTOR, SEGURIDAD Y SALUD/SEGURIDAD INDUSTRIAL'),
('335022', 'INSPECTOR, SEGURIDAD Y SALUD/TIENDAS Y COMERCIOS'),
('335023', 'INSPECTOR, SEGURIDAD Y SALUD/TRABAJO'),
('335024', 'INSPECTOR, SEGURIDAD Y SALUD/TRATAMIENTO DE DESECHOS INDUST'),
('335025', 'INSPECTOR, SEGURIDAD Y SALUD/VEHICULOS'),
('335026', 'INSPECTOR, SEGURIDAD/PRODUCTOS'),
('335027', 'INSPECTOR, VEHICULOS/ESPECIFICACIONES TECNICAS'),
('335028', 'REVISOR, TEJIDOS, TECNICOS'),
('335029', 'REVISOR/TELAS'),
('335030', 'REVISOR-INSPECTOR, CALIDAD'),
('335031', 'REVISOR-PROBADOR, MAQUINA'),
('335032', 'TECNICO, PREVENCION DE INCENDIOS'),
('341001', 'DISECADOR-TAXIDERMISTA'),
('341002', 'TAXIDERMISTA (NATURALISTA-PREPARADOR)'),
('341003', 'TECNICO, ANATOMIA'),
('341004', 'TECNICO, BACTERIOLOGIA'),
('341005', 'TECNICO, BANCOS DE SANGRE'),
('341006', 'TECNICO, BIOFISICA'),
('341007', 'TECNICO, BIOLOGIA (ANALISTA)'),
('341008', 'TECNICO, BIOQUIMICA'),
('341009', 'TECNICO, BOTANICA'),
('341010', 'TECNICO, CIENCIAS BIOLOGICAS/OTROS'),
('341011', 'TECNICO, CITOLOGIA'),
('341012', 'TECNICO, ECOLOGIA'),
('341013', 'TECNICO, FARMACOLOGIA'),
('341014', 'TECNICO, FISIOLOGIA'),
('341015', 'TECNICO, HISTOLOGIA'),
('341016', 'TECNICO, LABORATORIO BIOLOGICO'),
('341017', 'TECNICO, PATOLOGIA'),
('341018', 'TECNICO, SEROLOGIA'),
('341019', 'TECNICO, TEJIDOS'),
('341020', 'TECNICO, ZOOLOGIA EN CIENCIAS BIOLOGICAS'),
('342001', 'ANIMADOR RURAL'),
('342002', 'DEMOSTRADOR, PRACTICAS AGRICOLAS'),
('342003', 'CONSEJERO, AGRICOLA'),
('342004', 'CONSEJERO, FORESTAL'),
('342005', 'EXTENSIONISTA AGRICOLA, VULGARIZADOR, AGRICOLA'),
('342006', 'PERITO AGRICOLA'),
('342007', 'TECNICO AGRONOMO'),
('342008', 'TECNICO AGRONOMO, SUELO'),
('342009', 'TECNICO, AGROPECUARIO'),
('342010', 'TECNICO, FORESTAL'),
('342011', 'TECNICO, GANADERIA (PECUARIO)'),
('342012', 'TECNICO, HORTICULTURA'),
('342013', 'TECNICO, OLEICULTURA'),
('342014', 'TECNICO, POMOLOGIA'),
('342015', 'TECNICO, SILVICULTURA'),
('342016', 'TECNICO, ZOOLOGIA EN AGRONOMIA, ZOOTECNIA Y SILVICULTURA'),
('343001', 'ASISTENTE MEDICO'),
('343002', 'ASISTENTE MEDICO, PLANIFICACION FAMILIAR'),
('343003', 'AUXILIAR MEDICO'),
('343004', 'PRACTICANTE EN MEDICINA'),
('343005', 'SANITARIO'),
('343006', 'TOPIQUERO'),
('344001', 'HIGIENISTA'),
('344002', 'INSPECTOR, SANIDAD'),
('345001', 'TECNICO BROMATOLOGO'),
('345002', 'TECNICO CONSEJERO DIETETICO, INDUSTRIA DE ALIMENTOS'),
('345003', 'TECNICO DIETISTA'),
('345004', 'TECNICO DIETISTA, DIETETICO MEDICA'),
('345005', 'TECNICO NUTRICIONISTA, SALUD PUBLICA'),
('346001', 'CONTACTOLOGO'),
('346002', 'OPTICO, ANTEOJOS'),
('346003', 'OPTICO, OFTALMOLOGIA'),
('346004', 'OPTOMETRISTA'),
('347001', 'ASISTENTE DENTISTA, ESCUELAS'),
('347002', 'AUXILIAR, DENTISTA'),
('347003', 'HIGIENISTA, BUCODENTAL'),
('347004', 'HIGIENISTA, PROFILAXIA'),
('347005', 'PRACTICANTE DE ODONTOLOGIA'),
('348001', 'BA?OS MEDICINALES, TRATAMIENTO'),
('348002', 'ELECTROTERAPEUTA'),
('348003', 'ERGOTERAPEUTA'),
('348004', 'FISIOTERAPEUTA (TERAPEUTA)'),
('348005', 'HIDROTERAPEUTA'),
('348006', 'KINESITERAPEUTA (KINESIOLOGOS)'),
('348007', 'MASAJISTA'),
('348008', 'OSTEOPATA'),
('348009', 'PODOLOGO'),
('348010', 'QUIROPODISTA'),
('348011', 'QUIROPRACTICO'),
('348012', 'TECNICO, GIMNASIA MEDICA'),
('348013', 'TECNICO, READAPTACION PROFESIONAL'),
('348014', 'TERAPEUTA, READAPTACION FISICA'),
('348015', 'TERAPEUTA, READAPTACION PROFESIONAL'),
('349001', 'ASISTENTE, VETERINARIO'),
('349002', 'AUXILIAR VETERINARIO'),
('349003', 'TECNICO VETERINARIO, INSEMINACION ARTIFICIAL'),
('349004', 'VACUNADOR, VETERINARIO'),
('349005', 'VACUNADOR, VETERINARIO/AVES DE GRANJA'),
('349006', 'VETERINARIO EN SALUD PUBLICA, TECNICO'),
('351001', 'ASISTENTE, FARMACEUTICO'),
('351002', 'AUXILIAR FARMACEUTICO'),
('351003', 'PRACTICANTE DE FARMACIA'),
('351004', 'PRACTICO EN FARMACIA'),
('352001', 'ENFERMERA, NIVEL SUPERIOR (DIPLOMADOS)'),
('352002', 'ENFERMERA, NIVEL MEDIO'),
('352003', 'ENFERMERA, NIVEL MEDIO/CLINICA, CENTRO DE SALUD, ETC.'),
('352004', 'ENFERMERA, NIVEL MEDIO/MATERNIDAD'),
('352005', 'ENFERMERA, NIVEL MEDIO/OBSTETRICIA'),
('352006', 'ENFERMERA, NIVEL MEDIO/ORTOPEDIA'),
('352007', 'ENFERMERA, NIVEL MEDIO/PEDIATRIA'),
('352008', 'ENFERMERO, NIVEL MEDIO'),
('352009', 'ENFERMERO, NIVEL MEDIO/CLINICA'),
('352010', 'ENFERMERO, NIVEL MEDIO/OBSTETRICIA'),
('352011', 'ENFERMERO, NIVEL MEDIO/ORTOPEDIA'),
('352012', 'ENFERMERO, NIVEL MEDIO/PEDIATRIA'),
('352013', 'HERMANA, ENFERMERA/NIVEL MEDIO'),
('352014', 'PARAMEDICOS'),
('353001', 'AUXILIAR DE PARTERA'),
('353002', 'COMADRONA (PARTERA PRACTICA)'),
('353003', 'MATRONA (PARTERA PRACTICA)'),
('353004', 'PARTERA PRACTICA'),
('354001', 'CURANDERO'),
('354002', 'CURANDERO-NATURISTA, ALDEA'),
('354003', 'CURANDERO, RELIGIOSO'),
('354004', 'CURANDERO, SUGESTION'),
('354005', 'ESPECIALISTA EN ORTOPTIA Y/O ORTOFONIA'),
('354006', 'HERBOLARIO'),
('354007', 'HUESERO'),
('354008', 'NATUROPATA'),
('355001', 'TECNICO ORTOPEDICO'),
('355002', 'TECNOLOGO PROTESIS'),
('355003', 'TECNICO RADIOLOGO'),
('355004', 'TECNOLOGO MEDICO'),
('356001', 'TECNICO EN LABORATORIO CLINICO'),
('356002', 'TECNICO DE SALUD'),
('361001', 'INSPECTOR JEFE, COMERCIO AL POR MAYOR'),
('361002', 'SUPERVISOR DE VENTAS, COMERCIO AL POR MAYOR'),
('362001', 'INSPECTOR JEFE, COMERCIO AL POR MENOR'),
('362002', 'SUPERVISOR DE VENTAS, COMERCIO AL POR MENOR'),
('363001', 'SUPERVISOR, COMERCIO N.E.P'),
('364001', 'ADMINISTRADOR, ABASTECIMIENTO'),
('364002', 'ADMINISTRADOR, HOGAR/ECONOMOS'),
('364003', 'ADMINISTRADOR, MATERIAL CONTABLE'),
('364004', 'ADMINISTRADOR, PERSONAL'),
('364005', 'TECNICOS ADMINISTRADORES, OTROS'),
('364006', 'TECNICOS EN RACIONALIZACION ADMINISTRATIVA'),
('365001', 'TECNICO, COMERCIO'),
('365002', 'TECNICO, COOPERATIVISMO'),
('365003', 'TECNICO, ECONOMIA'),
('365004', 'TECNICO, MERCADOTECNIA (MARKETTING)'),
('365005', 'TECNICO, PLANIFICACION'),
('366001', 'CONTADOR MERCANTIL'),
('366002', 'TECNICO CONTABLE EN COSTOS'),
('366003', 'TECNICO CONTABLE EMPRESARIAL'),
('366004', 'TECNICO CONTABLE GUBERNAMENTAL'),
('366005', 'TECNICO EN TENEDURIA DE LIBROS'),
('366006', 'TECNICOS CONTABLES, OTROS'),
('367001', 'TECNICO EN CIENCIAS SOCIALES'),
('367002', 'PROMOTOR SOCIAL (TECNICO ASIMILADO)'),
('371001', 'AGENTE, BOLSA'),
('371002', 'AGENTE, CAMBIO'),
('371003', 'ASESOR, INVERSIONES'),
('371004', 'CORREDOR, BOLSA'),
('371005', 'CORREDOR, VALORES'),
('372001', 'AGENTE, SEGUROS'),
('372002', 'ASEGURADOR'),
('372003', 'ASEGURADOR, MARITIMO'),
('372004', 'CORREDOR, SEGUROS'),
('372005', 'NEGOCIADOR, SEGUROS'),
('372006', 'VENDEDOR DE POLIZAS DE SEGUROS'),
('373001', 'ADMINISTRADOR, PROPIEDADES INMUEBLES'),
('373002', 'AGENTE INMOBILIARIO'),
('373003', 'CORREDOR, FINCAS'),
('373004', 'VENDEDOR, BIENES RAICES'),
('373005', 'VENDEDOR, PROPIEDADES INMUEBLES'),
('374001', 'AGENTE ADMINISTRATIVO, ADMINISTRACION PUBLICA/SERVICIO DE TURISMO'),
('374002', 'AGENTE ADMINISTRATIVO, CONSULADO/SERVICIO DE TURISMO'),
('374003', 'AGENTE, TURISMO'),
('374004', 'AGENTE, VIAJES'),
('374005', 'CONSEJERO, TURISMO'),
('374006', 'ORGANIZADOR, VIAJES'),
('375001', 'AGENTE DISTRIBUIDOR'),
('375002', 'AGENTE, VENTAS'),
('375003', 'AGENTE, VENTAS/COMERCIO'),
('375004', 'AGENTE, VENTAS/INDUSTRIA MANUFACTURERA'),
('375005', 'AGENTE, VENTAS/TECNICO'),
('375006', 'CONSEJERO, SERVICIO POSTVENTA'),
('375007', 'CORREDOR, FABRICA'),
('375008', 'INSPECTOR TECNICO, VENTAS'),
('375009', 'REPRESENTANTE,  COMPA?IA NACIONAL'),
('375010', 'REPRESENTANTE, FABRICA/CONCESIONARIO'),
('375011', 'REPRESENTANTE, FIRMAS EXTRANJERAS'),
('375012', 'REPRESENTANTE, INSTITUCION COMERCIAL'),
('375013', 'REPRESENTANTE, VENTAS/COMERCIO'),
('375014', 'REPRESENTANTE, VENTAS/INDUSTRIA MANUFACTURERA'),
('375015', 'REPRESENTANTE, VENTAS/TECNICO'),
('375016', 'VENDEDOR, COMERCIO'),
('375017', 'VENDEDOR, INDUSTRIA MANUFACTURERA'),
('375018', 'VENDEDOR, TECNICO'),
('375019', 'VIAJANTE, COMERCIO/AGENTE'),
('375020', 'VISITADOR MEDICO'),
('376001', 'AGENTE, COMPRAS/SUMINISTROS'),
('376002', 'AGENTE, SUMINISTROS'),
('376003', 'COMPRADOR'),
('376004', 'COMPRADOR, MERCANCIAS/COMERCIO MAYORISTA'),
('376005', 'COMPRADOR, MERCANCIAS/COMERCIO MINORISTA'),
('376006', 'EVALUADOR'),
('376007', 'INSPECTOR, SINIESTROS'),
('376008', 'LIQUIDADOR, RECLAMACIONES/SEGUROS'),
('376009', 'MARTILLERO, SUBASTAS PUBLICAS'),
('376010', 'REMATADOR'),
('376011', 'SUBASTADOR'),
('376012', 'TASADOR'),
('376013', 'TASADOR, SEGUROS'),
('376014', 'TASADOR, SINIESTROS'),
('376015', 'VERIFICADOR, SOLICITUDES DE INDEMNIZACION'),
('377001', 'ADUANERO'),
('377002', 'AGENTE ADMINISTRATIVO, ADMINISTRACION PUBLICA/IMPUESTOS'),
('377003', 'AGENTE ADMINISTRATIVO, CONSULADO/ADUANAS'),
('377004', 'AGENTES DE ADUANAS E INSPECTORES DE FRONTERA'),
('377005', 'AGENTE, ADUANA'),
('377006', 'AGENTE, FISCAL/ARANCELES'),
('377007', 'AGENTE, INMIGRACION Y MIGRACION'),
('377008', 'AGENTE, SERVICIOS DE ALMACENAMIENTO'),
('377009', 'CORREO DIPLOMATICO'),
('377010', 'FUNCIONARIO, CONSULADO'),
('377011', 'INSPECTOR, PASAPORTES'),
('377012', 'INSPECTOR, POLICIA DE FRONTERAS'),
('377013', 'OFICIAL DE RESGUARDO DE ADUANA'),
('377014', 'VISTA DE ADUANAS'),
('378001', 'AGENTE DE VENTAS, SERVICIO DE PROTECCION  CONTRA ROBOS E IN'),
('378002', 'AGENTES DE VENTAS, SERVICIO DE ILUMINACION Y LIMPIEZA'),
('378003', 'AGENTE DE SERVICIO DE ADUANA, NO EMPLEADO PUBLICO'),
('379001', 'AGENTE TRANSPORTE Y/O MUDANZA'),
('379002', 'AGENTE, OFICINA DE COLOCACION'),
('379003', 'AGENTE, DEPORTIVO'),
('379004', 'AGENTE, LITERARIO'),
('379005', 'AGENTE, MUSICAL'),
('379006', 'AGENTE, PUBLICIDAD'),
('379007', 'AGENTE, SERVICIOS A LAS EMPRESAS'),
('379008', 'AGENTE, TEATRO'),
('379009', 'AGENTE, VENTA DE PUBLICIDAD/ESPACIOS'),
('379010', 'CONTRATISTA, MANO DE OBRA'),
('379011', 'EMPRESARIO, CIRCO'),
('379012', 'EMPRESARIO, MUSICA'),
('379013', 'EMPRESARIO, TEATRO'),
('379014', 'FUNCIONARIO, SERVICIO DEL EMPLEO'),
('379015', 'FUNCIONARIO, SERVICIO DEL EMPLEO/JOVENES'),
('379016', 'ORGANIZADOR DE ESPECTACULO, VARIOS'),
('379017', 'PROMOTOR, DEPORTES'),
('379018', 'REPRESENTANTE, SERVICIOS A LAS EMPRESAS'),
('379019', 'REPRESENTANTE, SERVICIOS A LAS EMPRESAS/ESPACIOS PUBLICITAR'),
('381001', 'AUXILIAR, ABOGACIA'),
('381002', 'AUXILIAR, ACTUARIO'),
('381003', 'AUXILIAR, AGENTE DE BOLSA'),
('381004', 'AUXILIAR, BUFETE/ABOGADO'),
('381005', 'AUXILIAR, CONTADOR'),
('381006', 'AUXILIAR ESTADISTICO (EMPLEADO ESTADISTICO)'),
('381007', 'AUXILIAR MATEMATICO'),
('381008', 'AYUDANTE, CONTABLE'),
('381009', 'EVALUADOR, SEGUROS/PRIMAS'),
('381010', 'PASANTE, ABOGADO'),
('381011', 'PASANTE, ESCRIBANO'),
('381012', 'PASANTE, NOTARIO'),
('381013', 'REDACTOR, POLIZAS/SEGUROS'),
('381014', 'SECRETARIO, JUZGADO, TECNICO'),
('381015', 'TENEDOR DE LIBROS'),
('382001', 'EMPLEADO, FISCO'),
('382002', 'INSPECTOR, HACIENDA'),
('382003', 'RECAUDADOR, IMPUESTOS'),
('383001', 'FUNCIONARIO, PRESTACIONES SOCIALES Y OTROS'),
('383002', 'FUNCIONARIO, EXPEDICION DE LICENCIAS Y PERMISOS'),
('383003', 'FUNCIONARIO, EXPEDICION DE LICENCIAS/EXPORTACION'),
('383004', 'FUNCIONARIO, EXPEDICION DE LICENCIAS/IMPORTACION'),
('383005', 'FUNCIONARIO, EXPEDICION DE PASAPORTES'),
('383006', 'FUNCIONARIO, INMIGRACION'),
('383007', 'FUNCIONARIO, PERMISOS DE CONSTRUCCION'),
('391001', 'BLASONISTAS'),
('391002', 'DECORADOR DE AMBIENTE'),
('391003', 'DECORADOR PROYECTISTA, CINE Y TEATRO'),
('391004', 'DECORADOR, ESCAPARATES'),
('391005', 'DECORADOR EXPOSICIONES'),
('391006', 'DECORADOR, INTERIORES'),
('391007', 'DIBUJANTE, CARTELES'),
('391008', 'DIBUJANTE, ILUSTRACIONES'),
('391009', 'DIBUJANTE, INTERIORES'),
('391010', 'DIBUJANTE, MODA'),
('391011', 'DISE?ADOR, ALFOMBRAS'),
('391012', 'DISE?ADOR, DECORACION DE INTERIORES'),
('391013', 'DISE?ADOR, DECORADOR'),
('391014', 'DISE?ADOR, DECORADOR/ESCENARIOS DE TEATRO'),
('391015', 'DISE?ADOR, ENVASES'),
('391016', 'DISE?ADOR, ESCAPARATISTA'),
('391017', 'DISE?ADOR, EXPOSICIONES'),
('391018', 'DISE?ADOR, GRAFICO'),
('391019', 'DISE?ADOR, HERALDISTA'),
('391020', 'DISE?ADOR, HERRERIA ARTISTICA'),
('391021', 'DISE?ADOR, INDUSTRIAL'),
('391022', 'DISE?ADOR, JOYAS'),
('391023', 'DISE?ADOR, MODA'),
('391024', 'DISE?ADOR, MUEBLES'),
('391025', 'DISE?ADOR, ORFEBRERIA'),
('391026', 'DISE?ADOR, PIEZAS DE CERAMICA'),
('391027', 'DISE?ADOR, PRENDAS DE VESTIR'),
('391028', 'DISE?ADOR, PRODUCTOS COMERCIALES'),
('391029', 'DISE?ADOR, PRODUCTOS INDUSTRIALES'),
('391030', 'DISE?ADOR, TELAS Y TEJIDOS'),
('391031', 'ESCAPARATISTA DECORADOR'),
('391032', 'HERALDISTA'),
('391033', 'PINTOR, TATUAJES'),
('392001', 'ANFITRION'),
('392002', 'COMENTARISTA-ENTREVISTADOR, TELEVISION - RADIO'),
('392003', 'CRONISTA, NOTICIARIOS'),
('392004', 'LOCUTOR, NOTICIAS'),
('392005', 'LOCUTOR, RADIO'),
('392006', 'LOCUTOR, TELEVISION'),
('392007', 'PRESENTADOR-ANIMADOR'),
('392008', 'PRESENTADOR-ANIMADOR, ESPECTACULOS PUBLICOS'),
('392009', 'TECNICO EN COMUNICACION'),
('393001', 'ACROBATA'),
('393002', 'AMAESTRADOR, ELEFANTES'),
('393003', 'AMAESTRADOR, FIERAS'),
('393004', 'ARTISTA, MARIONETAS'),
('393005', 'ARTISTA, STRIP-TEASE'),
('393006', 'ARTISTA, TRAPECIO'),
('393007', 'CABALLISTA, CIRCO'),
('393008', 'COMICO'),
('393009', 'COMICO, CIRCO'),
('393010', 'CONTORSIONISTA'),
('393011', 'DOMADOR, CIRCO'),
('393012', 'DOMADOR, FIERAS'),
('393013', 'ENCANTADOR, SERPIENTES'),
('393014', 'EQUILIBRISTA'),
('393015', 'EXTRAS, DOBLES'),
('393016', 'FUNAMBULO'),
('393017', 'HIPNOTIZADOR'),
('393018', 'ILUSIONISTA'),
('393019', 'IMITADOR'),
('393020', 'IMITADOR, RUIDOS DE ANIMALES'),
('393021', 'MAGO'),
('393022', 'MALABARISTA'),
('393023', 'PAYASO'),
('393024', 'PRESTIDIGITADOR'),
('393025', 'TITIRITERO'),
('393026', 'TRAPECISTA'),
('393027', 'VEDETTE'),
('393028', 'VENTRILOCUO'),
('393029', 'VOLATINERO'),
('393030', 'OTROS, PAYASOS, ACROBATAS Y AFINES'),
('394001', 'ARBITRO, DEPORTIVO'),
('394002', 'ATLETA'),
('394003', 'AUTOMOVILISTA, CARRERAS'),
('394004', 'BANDERILLERO'),
('394005', 'BASKETBOLISTA'),
('394006', 'BOXEADOR'),
('394007', 'CATCHASCANISTA'),
('394008', 'CORREDOR, CICLISTA'),
('394009', 'DEPORTISTA, PROFESIONAL'),
('394010', 'ENTRENADOR, ARTES MARCIALES'),
('394011', 'ENTRENADOR, ATLETISMO'),
('394012', 'ENTRENADOR, BOXEO'),
('394013', 'ENTRENADOR, GOLF'),
('394014', 'ENTRENADOR, LUCHA'),
('394015', 'ENTRENADOR, YOGA'),
('394016', 'FUTBOLISTA'),
('394017', 'JOCKEY'),
('394018', 'JUEZ, BOXEO'),
('394019', 'JUEZ, CANCHA'),
('394020', 'JUEZ, SALIDA/CARRERAS'),
('394021', 'LUCHADOR'),
('394022', 'MONITOR, CULTURA FISICO'),
('394023', 'PICADOR, TOROS'),
('394024', 'PILOTO, CARRERAS/AUTOMOVILES'),
('394025', 'PROFESOR, AJEDREZ'),
('394026', 'PROFESOR, BILLAR'),
('394027', 'TORERO'),
('394028', 'VOLEIBOLISTA'),
('394029', 'OTROS, ATLETAS, DEPORTISTAS Y AFINES'),
('395001', 'ACOLITO'),
('395002', 'AYUDANTE, CULTO'),
('395003', 'DIACONISA'),
('395004', 'DIACONO'),
('395005', 'EVANGELIZADOR'),
('395006', 'FRAILE'),
('395007', 'MIEMBRO, EJERCITO DE SALVACION'),
('395008', 'MONJA, NIVEL MEDIO'),
('395009', 'MONJE, NIVEL MEDIO'),
('395010', 'PREDICADOR, SEGLAR'),
('396001', 'BAILARIN, PE?AS, SALSODROMOS, RESTAURANTES TURISTICOS'),
('396003', 'DIRECTOR, ORQUESTA/BAILE'),
('396004', 'MUSICO, PE?AS, SALSODROMOS, RESTAURANTES TURISTICOS'),
('396005', 'MUSICO AMBULANTE'),
('396007', 'CANTOR AMBULANTE'),
('411001', 'JEFE DE ABASTECIMIENTO'),
('411002', 'JEFE DE ALMACEN'),
('411003', 'JEFE DE ARCHIVO Y CORRESPONDENCIA'),
('411004', 'JEFE DE BIENESTAR SOCIAL'),
('411005', 'JEFE DE EMPLEADOS DE OFICINA, OTROS'),
('411006', 'JEFE DE PERSONAL ADMINISTRATIVO'),
('411007', 'JEFE DE REGISTROS PUBLICOS'),
('411008', 'COORDINADOR'),
('411009', 'ENCARGADO DEL SERVICIO DE MANTENIMIENTO DE TRAMITES, ETC.'),
('412001', 'EMPLEADO DE  REGISTRO CIVIL'),
('412002', 'EMPLEADO DE REGISTRO ELECTORAL'),
('412003', 'EMPLEADO DE REGISTRO PUBLICOS'),
('412004', 'EMPLEADO DE OTROS REGISTROS (ADM. PUBLICA)'),
('413001', 'MECANOGRAFA - DACTILOGRAFA'),
('413002', 'MECANOGRAFA, ESTADISTICAS'),
('413003', 'MECANOGRAFA, ESTENOGRAFIA'),
('413004', 'MECANOGRAFA, FACTURAS'),
('413005', 'MECANOGRAFA, MAQUINA PERFORADORA'),
('413006', 'MECANOGRAFA, TAQUIGRAFIA'),
('413007', 'MECANOGRAFA, TEXTOS'),
('413008', 'OFICINISTA-MECANOGRAFA'),
('413009', 'SECRETARIA'),
('413010', 'SECRETARIA, BILINGUE'),
('413011', 'SECRETARIA, COMERCIAL'),
('413012', 'SECRETARIA, EJECUTIVA/BILINGUE'),
('413014', 'SECRETARIA, MEDICO'),
('413015', 'SECRETARIA-MECANOGRAFA'),
('413016', 'SECRETARIA, OTROS'),
('413017', 'SECRETARIA-TAQUIGRAFA'),
('413018', 'SECRETARIA-TAQUIMECANOGRAFA'),
('413019', 'TAQUIGRAFA'),
('413020', 'TAQUIMECANOGRAFA'),
('413021', 'MECANOGRAFICA EN DOMICILIO'),
('414001', 'OPERADOR DE MAQUINA, TRATAMIENTO DE TEXTO'),
('414002', 'OPERADOR, TELEFAX'),
('414003', 'OPERADOR, TELEGRAFO'),
('414004', 'OPERADOR, TELEIMPRESORA'),
('414005', 'TELETIPISTA, TELEX'),
('415001', 'DIGITADOR'),
('415002', 'CONTROLADOR, PERFORACIONES'),
('415003', 'OPERADOR, ENTRADA DE DATOS/CLASIFICADORA'),
('415004', 'OPERADOR, ENTRADA DE DATOS/COMPUTADORAS'),
('415005', 'OPERADOR, ENTRADA DE DATOS/CONVERTIDOR (DE CINTAS A TARJETA'),
('415006', 'OPERADOR, ENTRADA DE DATOS/MAQUINA CONVERTIDORA (DE CINTAS'),
('415007', 'OPERADOR, ENTRADA DE DATOS/MAQUINA CONVERTIDORA (DE TARJETA'),
('415008', 'OPERADOR, ENTRADA DE DATOS/MAQUINA PERFORADORAS (CINTAS)'),
('415009', 'OPERADOR, ENTRADA DE DATOS/MAQUINA PERFORADORAS (TARJETAS Y'),
('415010', 'OPERADOR, ENTRADA DE DATOS/MAQUINA PERFORADORAS (TECLADO)'),
('415011', 'OPERADOR, ENTRADA DE DATOS/TABULADORA'),
('415012', 'OPERADOR, ENTRADA DE DATOS/TRANSCRIPCION DE PERFORACIONES ('),
('415013', 'VERIFICADOR DEL OPERADOR DE MAQUINA PERFORADORA DE TARJETAS'),
('415014', 'TIPEO POR COMPUTADORA'),
('416001', 'CALCULISTA A MAQUINA'),
('416002', 'OPERADOR, CALCULADORA'),
('416003', 'OPERADOR, COMPUTADORA'),
('416004', 'OPERADOR, MAQUINA DE CONTABILIDAD'),
('416005', 'OPERADOR, MAQUINA DE PREPARAR FACTURAS'),
('416006', 'OPERADOR, MAQUINA FRANQUEADORA'),
('416007', 'OPERADOR, MAQUINA CONTABLE'),
('416008', 'OPERADOR, MAQUINA DE LLEVAR LIBROS'),
('416009', 'OPERADOR, MAQUINA DE SUMAR'),
('417001', 'OPERADOR, MAQUINA CLASIFICADORA Y TABULADOS'),
('417002', 'OPERADOR,  ORDENADOR ELECTRONICO'),
('417003', 'OTROS OPERADORES DE MAQUINAS PARA EL TRATAMIENTO AUTOMATICO'),
('418001', 'EMPLEADOS DE CONTABILIDAD Y CALCULO DE COSTOS'),
('418002', 'EMPLEADO, CAJA'),
('418003', 'EMPLEADO, CALCULO DE COSTOS'),
('418004', 'EMPLEADO, CALCULO DE PRESUPUESTOS'),
('418005', 'EMPLEADO, CALCULO DE SALARIOS'),
('418006', 'EMPLEADO, CONTABILIDAD'),
('418007', 'EMPLEADO, CONTABILIDAD/CALCULO DE COSTOS'),
('418008', 'EMPLEADO, CONTABILIDAD/CALCULO DE INTERESES'),
('418009', 'EMPLEADO, CONTABILIDAD/CUENTAS CORRIENTES'),
('418010', 'EMPLEADO, CONTABILIDAD/DESCUENTOS'),
('418011', 'EMPLEADO, CONTABILIDAD/ESTIMACIONES'),
('418012', 'EMPLEADO, CONTABILIDAD/VERIFICACION'),
('418013', 'EMPLEADO, FACTURAS'),
('418014', 'EMPLEADO, PAGADOR DE PLANILLAS DE PAGO'),
('418015', 'EMPLEADO, PLANILLERO'),
('418016', 'EMPLEADO, PAGO DE NOMINAS'),
('418017', 'EMPLEADO, PAGO DE SALARIOS'),
('418018', 'EMPLEADO, SERVICIO DEL PERSONAL'),
('418019', 'EMPLEADO, SUBASTAS'),
('418020', 'EMPLEADO, TENEDURIA DE LIBROS'),
('418021', 'LISTERO'),
('419001', 'AMANUENSE, ESTADISTICA'),
('419002', 'CRITICO-CODIFICADOR'),
('419003', 'EMPLEADO ACTUARIAL'),
('419004', 'EMPLEADO, BANCOS'),
('419005', 'EMPLEADO, BANCO/PRESTAMOS'),
('419006', 'EMPLEADO, BOLSA'),
('419007', 'EMPLEADO, CREDITOS'),
('419008', 'EMPLEADO, ESTADISTICA'),
('419009', 'EMPLEADO, FINANZAS'),
('419010', 'EMPLEADO, HIPOTECAS'),
('419011', 'EMPLEADO, INVERSIONES'),
('419012', 'EMPLEADO, OFICINA DE IMPUESTOS/SELLOS Y TIMBRES'),
('419013', 'EMPLEADO, REGISTRO DE TITULOS Y ACCIONES'),
('419014', 'EMPLEADO, SERVICIOS FINANCIEROS'),
('419015', 'EMPLEADO, SEGUROS'),
('419016', 'EMPLEADO, SEGUROS/MODIFICACIONES DE COBERTURA'),
('419017', 'EMPLEADO, SEGUROS/PAGO DE SUMINISTROS'),
('419018', 'EMPLEADO, SEGUROS/POLIZAS'),
('419019', 'EMPLEADO, SERVICIOS JURIDICOS'),
('419020', 'EMPLEADO, TRANSACCIONES'),
('419021', 'EMPLEADO, VALORES'),
('421001', 'ALMACENERO'),
('421002', 'EMPLEADO, ABASTECIMIENTO'),
('421003', 'EMPLEADO, ALMACENAJE Y APROVISIONAMIENTO'),
('421004', 'EMPLEADO, CONTABILIDAD/EXISTENCIAS'),
('421005', 'EMPLEADO, CONTROL DE PESO'),
('421006', 'EMPLEADO, DEPOSITO'),
('421007', 'EMPLEADO, DESPACHO'),
('421008', 'EMPLEADO, EMBARQUE/MERCADERIA'),
('421009', 'EMPLEADO, EXISTENCIAS/REGISTRADOR'),
('421010', 'EMPLEADO, EXISTENCIAS/CONTROL'),
('421011', 'EMPLEADO, EXISTENCIAS/CONTROL (REGISTROS)'),
('421012', 'EMPLEADO, EXISTENCIAS/INVENTARIO'),
('421013', 'EMPLEADO, EXISTENCIAS/MERCADERIA'),
('421014', 'EMPLEADO, EXPEDICION Y RECEPCION DE MERCADERIA'),
('421015', 'EMPLEADO, GUARDAMUEBLES'),
('421016', 'EMPLEADO, HERRAMIENTAS/ALMACEN'),
('421017', 'EMPLEADO, INTERVENTOR ALMACENISTA'),
('421018', 'EMPLEADO, MERCADERIAS'),
('421019', 'EMPLEADO, MOVIMIENTO/MERCADERIAS'),
('421020', 'EMPLEADO, RECEPCION/MERCADERIA (ALMACEN)'),
('421021', 'EMPLEADO, REGISTRADOR/ENTRADAS Y SALIDAS DE MERCADERIAS'),
('421022', 'EMPLEADO, SERVICIO DE ALMACENAJE'),
('421023', 'EMPLEADO, SUMINISTROS'),
('421024', 'EMPLEADO, KARDISTA/TARJADOR'),
('422001', 'EMPLEADO, ABASTECIMIENTO/MATERIALES'),
('422002', 'EMPLEADO, CALCULO DE MATERIALES'),
('422003', 'EMPLEADO, PLANIFICACION DE LA PRODUCCION'),
('422004', 'EMPLEADO, PLANIFICACION DE LA PRODUCCION/COORDINACION'),
('422005', 'EMPLEADO, PLANIFICACION DE LA PRODUCCION/PROGRAMA'),
('422006', 'EMPLEADO, PLANIFICACION/MATERIALES'),
('422007', 'EMPLEADO, PROGRAMA DE ABASTECIMIENTO/MATERIALES'),
('423001', 'EMPLEADO DE AGENCIA DE SEGUROS'),
('423002', 'EMPLEADO DE CORRESPONDENCIA'),
('423003', 'EMPLEADO DE OFICINA EN GENERAL'),
('423004', 'EMPLEADO DE OFICINA PUBLICA O PARTICULAR'),
('423005', 'EMPLEADO DE SERVICIOS ADMINISTRATIVOS, OTROS'),
('423006', 'EMPLEADO DE SERVICIOS DE PERSONAL'),
('423007', 'ESCRIBIENTE DE ABOGADO'),
('423008', 'ESCRIBIENTE DE NOTARIO'),
('423009', 'ESCRIBIENTE DE PROCURADOR'),
('423010', 'ESCRIBIENTE PUBLICO'),
('423011', 'RECOPILADOR DE DIRECTORIOS Y GUIAS'),
('423012', 'SECRETARIO DE JUZGADO, EMPLEADO DE OFICINA'),
('423013', 'TRAMITADORES (REDACTAN CARTAS, LLENADOR FORMULARIOS, ETC)'),
('423014', 'CONTROLADOR DE TARJETAS DE PERSONAL'),
('423015', 'TRAMITADOR DE OFICINA'),
('431001', 'JEFE DE ESTACION DE FERROCARRIL'),
('432001', 'AGENTE DE LOS SERVICIOS DE MERCANCIAS, FERROCARRILES'),
('432002', 'AGENTE DE LOS SERVICIOS DE TRANSPORTE DE CARGA, FERROCARRIL'),
('432003', 'JEFE DE MOVIMIENTO DE TRENES'),
('432004', 'JEFE DE TRAFICO, FERROCARRILES'),
('433001', 'JEFE DE SERVICIOS DE TRANSPORTE POR CARRETERA'),
('434001', 'JEFE DE ESCALA DE TRANSPORTE AEREO'),
('434002', 'JEFE DE OPERACIONES DE VUELO TRANSPORTE AEREO'),
('435001', 'JEFE DE TREN DE PASAJEROS'),
('435002', 'CONTROLADORES DE COCHE-CAMA'),
('435003', 'CONTROLADOR DE VAGONES DE LUJO Y PULLMAN'),
('435004', 'OTROS JEFES DE TREN, COBRADORES.'),
('436001', 'AGENTE, FERROCARRIL/MERCANCIAS'),
('436002', 'CONTROLADOR ADMINISTRATIVO, FERROCARRIL/MERCANCIAS'),
('436003', 'CONTROLADOR ADMINISTRATIVO, TRAFICO AEREO'),
('436004', 'CONTROLADOR ADMINISTRATIVO, TRANSPORTE AEREO'),
('436005', 'CONTROLADOR ADMINISTRATIVO, TRANSPORTE FERROVIARIO (CARGAS)'),
('436006', 'CONTROLADOR ADMINISTRATIVO, TRANSPORTE MARITIMO'),
('436007', 'CONTROLADOR ADMINISTRATIVO, TRANSPORTE POR CARRETERA'),
('436008', 'EMPLEADO, DESPACHO/AUTOBUSES'),
('436009', 'EMPLEADO, DESPACHO/BARCOS'),
('436010', 'EMPLEADO, DESPACHO/CAMIONES'),
('436011', 'EMPLEADO, DESPACHO/FERROCARRIL'),
('436012', 'EMPLEADO, DESPACHO/GASODUCTO'),
('436013', 'EMPLEADO, DESPACHO/MUELLES'),
('436014', 'EMPLEADO, DESPACHO/OLEODUCTO'),
('436015', 'EMPLEADO, DESPACHO/TRANSPORTE AEREO'),
('436016', 'EMPLEADO, DESPACHO/TRANSPORTE CARGA'),
('436017', 'EMPLEADO, DESPACHO/TRANSPORTE FLUVIAL Y TRANSBORDADOR'),
('436018', 'EMPLEADO, DESPACHO/TRANSPORTE MARITIMO'),
('436019', 'EMPLEADO, DESPACHO/TRANSPORTE POR CARRETERA (EXCEPTO AUTOBU'),
('436020', 'EMPLEADO, FERROCARRIL/DEPOSITO'),
('436021', 'EMPLEADO, MOVIMIENTOS/TRENES'),
('436022', 'EMPLEADO, OPERACIONES/TRANSPORTE AEREO'),
('436023', 'EMPLEADO, TRANSPORTE'),
('436024', 'EMPLEADO, TRANSPORTE AEREO/EXPEDICION'),
('436025', 'EMPLEADO, TRANSPORTE AEREO/MOVIMIENTO'),
('436026', 'EMPLEADO, TRANSPORTE MARITIMO/ESTACION TERMINAL'),
('436027', 'EMPLEADO, TRANSPORTE MARITIMO/MUELLE'),
('436028', 'EMPLEADO, TRANSPORTE POR CARRETERA/TRAFICO'),
('436029', 'ENCARGADO, SERVICIOS/FERROCARRIL (DEPOSITO)'),
('436030', 'ENCARGADO, SERVICIOS/MUELLE'),
('436031', 'ENCARGADO, SERVICIOS/TRANSBORDADOR'),
('436032', 'ENCARGADO, SERVICIOS/TRANSPORTE POR CARRETERA (TRAFICO)'),
('436033', 'INSPECTOR, SERVICIOS/BARCAZA'),
('436034', 'INSPECTOR, SERVICIOS/CARGA'),
('436035', 'INSPECTOR, SERVICIOS/TRANSPORTE POR CARRETERA'),
('436036', 'INSPECTOR, SERVICIOS/TRANSPORTE POR FERROCARRIL'),
('441001', 'JEFE DE OFICINA DE CORREO'),
('441002', 'JEFE DE SERVICIOS DE CORREO'),
('441003', 'JEFE DE SERVICIOS DE POSTALES'),
('441004', 'JEFE DE SERVICIOS DE TELECOMUNICACIONES'),
('442001', 'ARCHIVERO, DE MUSEO'),
('442002', 'ASISTENTE, BIBLIOTECA'),
('442003', 'AYUDANTE DE BIBLIOTECA'),
('442004', 'EMPLEADO, ARCHIVO/SERVICIOS'),
('442005', 'EMPLEADO, BIBLIOTECA'),
('442006', 'EMPLEADO, BIBLIOTECA/ADQUISICIONES'),
('442007', 'EMPLEADO, BIBLIOTECA/CLASIFICACION'),
('442008', 'EMPLEADO, BIBLIOTECA/INDICE'),
('442009', 'EMPLEADO, BIBLIOTECA/PRESTAMO DE LIBROS'),
('443001', 'CARTERO'),
('443002', 'CLASIFICADOR, CORRESPONDENCIA'),
('443003', 'EMPLEADO DE CORREOS, CORRESPONDENCIA/CLASIFICACION'),
('443004', 'EMPLEADO, DISTRIBUCION/CORRESPONDENCIA'),
('443005', 'ENCARGADO, ENTREGA DE ENCOMIENDAS A DOMICILIO'),
('443006', 'ENCOMENDERO, REPARTO DE ENCOMIENDAS'),
('443007', 'ESTAFETERO, RECIBIDOR DE CARGAS/CORREO'),
('443008', 'MANDADERO, OFICINA/CONSERJE DE OFICINA'),
('443009', 'MENSAJERO, CORRESPONDENCIA'),
('443010', 'PORTAPLIEGO DE OFICINA'),
('443011', 'SUPERVISOR, CORREO'),
('444001', 'CORRECTOR, PRUEBAS DE IMPRENTA'),
('444002', 'EMPLEADO, CORRECCION DE PRUEBAS/IMPRENTA'),
('444003', 'EMPLEADO, ELABORACION DE LISTAS'),
('444004', 'EMPLEADO, ESCRITURAS'),
('444005', 'EMPLEADO, CLASIFICADOR DE DOCUMENTOS'),
('444006', 'EMPLEADO, MAQUINA FRANQUEADORA'),
('451001', 'CAJERO, ALMACEN/AUTOSERVICIO'),
('451002', 'CAJERO, APUESTAS'),
('451003', 'CAJERO, BANCO'),
('451004', 'CAJERO, COBRADOR DE PEAJES'),
('451005', 'CAJERO, CONTABILIDAD DE CAJA'),
('451006', 'CAJERO, EMPRESA/ALMACEN'),
('451007', 'CAJERO, HOTEL'),
('451008', 'CAJERO, MOSTRADOR'),
('451009', 'CAJERO, OFICINA'),
('451010', 'CAJERO, RESTAURANTE'),
('451011', 'CAJERO, TIENDA'),
('451012', 'CAJERO, VENTA DE BILLETES'),
('451013', 'CAMBISTA, COMPRA-VENTA  DE DOLARES'),
('451014', 'EMPLEADO, EMISION DE BILLETES/EXCEPTO DE VIAJE'),
('451015', 'EMPLEADO, OPERACIONES DE CAMBIO'),
('451016', 'EMPLEADO, VENTANILLA DE BANCO'),
('451017', 'EMPLEADO, VENTANILLA DE CORREOS'),
('451018', 'EXPENDEDOR DE GIROS POSTALES'),
('451019', 'TAQUILLERO'),
('451020', 'TESORERO'),
('451021', 'VENDEDOR DE ESTAMPILLAS'),
('452001', 'PRESTAMISTA, DINERO'),
('452002', 'PRESTAMISTA, PRENDARIO'),
('453001', 'COBRADOR A DOMICILIO, VENTAS A PLAZOS'),
('453002', 'COBRADOR, ALQUILERES'),
('453003', 'COBRADOR CONTRIBUCIONES'),
('453004', 'COBRADOR, DEUDAS'),
('453005', 'COBRADOR ESPECTACULOS'),
('453006', 'COBRADOR, FACTURAS'),
('453007', 'COBRADOR, IMPUESTOS'),
('453008', 'COBRADOR, PEAJE'),
('453009', 'COBRADOR, SEGUROS'),
('454001', 'EMPLEADO, AGENCIA DE VIAJES'),
('454002', 'EMPLEADO, AGENCIA DE VIAJES/VENTAS DE BILLETES'),
('454003', 'EMPLEADO, EMISION DE BILLETES/VIAJES'),
('454004', 'EMPLEADO, VIAJES'),
('454005', 'EMPLEADO, VIAJES/FERROCARRILES'),
('454006', 'EMPLEADO, VIAJES/LINEAS AEREAS'),
('454007', 'EMPLEADO, CONCERTACION DE ENTREVISTAS'),
('454008', 'EMPLEADO, INFORMES'),
('454009', 'RECEPCIONISTA'),
('454010', 'RECEPCIONISTA, DENTISTA'),
('454011', 'RECEPCIONISTA, HOSPITAL/CONSULTORIO MEDICO'),
('454012', 'RECEPCIONISTA, HOTEL'),
('454013', 'RECEPCIONISTA, MEDICO'),
('455001', 'OPERADORA, CENTRAL TELEFONICA'),
('455002', 'RADIO-TELEFONISTA, ESTACIONES TERRESTRES'),
('455003', 'TELEFONISTA, PUBLICA O PRIVADA'),
('456001', 'CRUPIER, SALA DE JUEGO'),
('456002', 'RECIBIDOR DE APUESTAS'),
('461001', 'ENCUESTADORES'),
('461002', 'EMPADRONADORES'),
('461003', 'RECOPILADOR DE INFORMACION ESTADISTICA'),
('461004', 'REGISTRADORES'),
('461005', 'SUPERVISOR DE CAMPO'),
('462001', 'AUXILIAR DE OFICINA'),
('462002', 'EMPLEADO, OPERADOR DE MAQUINA AUTOCOPISTA'),
('462003', 'EMPLEADO, OPERADOR DE FOTOCOPIADORA'),
('462004', 'EMPLEADO, OPERADOR DE MAQUINA REPRODUCTORA DE DOCUMENTOS'),
('462005', 'EMPLEADO, OPERADOR DE MAQUINA MULTICOPISTA'),
('462006', 'EMPLEADO DE OFICINA, OTROS'),
('462007', 'SEGMENTISTA'),
('511001', 'AYUDANTE, VUELO'),
('511002', 'AEROMOZA, CAMARERA DE AVION'),
('511003', 'AZAFATA, AEROPUERTO'),
('511004', 'AZAFATA, AVION'),
('511005', 'AZAFATA, INFORMACION/AEROPUERTO'),
('511006', 'CAMARERO, BARCO'),
('511007', 'FLY HOSTESS, AEROMOZA'),
('511008', 'PURSERS'),
('511009', 'TRIPULANTE, CABINA/PASAJEROS'),
('512001', 'GUIA, EXCURSIONES'),
('512002', 'GUIA, EXPEDICION DE CAZA'),
('512003', 'GUIA, GALERIA DE ARTE'),
('512004', 'GUIA, MUSEOS'),
('512005', 'GUIA, TURISMO'),
('512006', 'GUIA, VIAJES/ANDINISMO'),
('512007', 'GUIA, VIAJES/AUTOBUS'),
('512008', 'GUIA, VIAJES/ESTABLECIMIENTOS INDUSTRIALES'),
('512009', 'GUIA, VIAJES/GALERIA DE ARTE'),
('512010', 'GUIA, VIAJES/LOCAL'),
('512011', 'GUIA, VIAJES/MONTA?ISMO'),
('512012', 'GUIA, VIAJES/MUSEOS'),
('512013', 'GUIA, VIAJES/PARQUES NATURALES Y RESERVAS NACIONALES'),
('512014', 'GUIA, VIAJES/PESCA'),
('512015', 'GUIA, VIAJES/RESERVA DE CAZA'),
('512016', 'GUIA, VIAJES/SAFARI'),
('512017', 'GUIA, VIAJES/TEATRO Y MONUMENTOS'),
('521001', 'ECONOMO, HOSTELERIA'),
('521002', 'JEFE DE PERSONAL DE SERVIDUMBRE, BARCO'),
('521003', 'JEFE DE CAMAREROS'),
('521004', 'MAITRE'),
('521005', 'MAESTRESALA'),
('521006', 'MAYORDOMO, EXCEPTO HOGAR PARTICULAR'),
('522001', 'COCINERO, BARCO'),
('522002', 'COCINERO, CHEF'),
('522003', 'COCINERO, CONSERVACION DE ALIMENTOS'),
('522004', 'COCINERO, DIETAS ESPECIALES'),
('522005', 'COCINERO, VEGETALES'),
('523001', 'AZAFATA, SERVICIO DE COMIDAS/PERSONAL'),
('523002', 'BARMAN'),
('523003', 'MOZO'),
('531001', 'AUXILIAR, ENFERMERIA'),
('531002', 'AUXILIAR, ENFERMERIA/PRIMEROS AUXILIOS'),
('531003', 'AUXILIAR, HOSPITALARIO'),
('531004', 'AYUDANTE, AMBULANCIA'),
('531005', 'AYUDANTE, ENFERMERIA'),
('531006', 'AYUDANTE, ENFERMERIA/AMBULANCIA'),
('531007', 'AYUDANTE, ENFERMERIA/CLINICA'),
('531008', 'AYUDANTE, ENFERMERIA/HOSPITAL'),
('531009', 'CAMILLERO'),
('531010', 'ENFERMERO, AMBULANCIA'),
('531011', 'AYUDANTE, ENFERMERIA/DOMICILIO'),
('531012', 'AYUDANTE, CONSULTORIO DENTAL');
INSERT INTO `ocupacion_2` (`id_ocupacion_2`, `descripcion`) VALUES
('541001', 'CALLISTA'),
('541002', 'CAPILICULTOR'),
('541003', 'COSMETOLOGO'),
('541004', 'ESPECIALISTA, TRATAMIENTOS DE BELLEZA'),
('541005', 'ESTILISTA'),
('541006', 'MANICURISTA'),
('541007', 'MAQUILLADOR, CINE'),
('541008', 'MAQUILLADOR, SALON'),
('541009', 'MAQUILLADOR, TEATRO'),
('541010', 'MASAJISTA ESTETICO'),
('541011', 'PEDICURISTA'),
('541012', 'PEINADORA'),
('541013', 'PELUQUERO, CABALLEROS'),
('541014', 'PELUQUERO, SE?ORAS'),
('541015', 'PELUQUERO-BARBERO'),
('551001', 'AMORTAJADOR'),
('551002', 'EMBALSAMADOR'),
('551003', 'EMPLEADO, POMPAS FUNEBRES/AGENCIA FUNERARIA'),
('551004', 'EMPRESARIO, POMPAS FUNEBRES'),
('551005', 'ORGANIZADOR DE POMPAS FUNEBRES'),
('551006', 'TRAMITADOR DE DOCUMENTOS PARA SEPELIO'),
('552001', 'MANIQUI'),
('552002', 'MODELO DE FOTOGRAFIA'),
('552003', 'MODELO, ARTISTA'),
('552004', 'MODELO, ESCULTORES'),
('552005', 'MODELO, MODAS'),
('552006', 'MODELO, PINTORES'),
('552007', 'MODELO, PUBLICIDAD'),
('553001', 'ASTROLOGO'),
('553002', 'CARTOMANTICO'),
('553003', 'GEOMANTICO'),
('553004', 'NUMEROLOGO'),
('553005', 'NUMEROMANTICO'),
('553006', 'ONIROMANTICO'),
('553007', 'QUIROMANTICO'),
('561001', 'BOMBERO'),
('561002', 'BOMBERO, ACCIDENTES DE AVIACION'),
('561003', 'BOMBERO, AEROPUERTOS'),
('561004', 'BOMBERO, FORESTAL'),
('561006', 'ESPECIALISTA, SALVAMENTO/INCENDIOS (DESASTRES)'),
('562001', 'ALGUACILES'),
('562002', 'POLICIA MUNICIPAL'),
('562003', 'SERENAZGO'),
('563001', 'CARCELERO'),
('563002', 'GUARDIAN, CARCEL'),
('563003', 'GUARDIAN, PRISION, ESTABLECIMIENTO PENAL'),
('563004', 'VIGILANTE DE ESTABLECIMIENTO PENAL Y OTROS CENTROS TUTELARE'),
('564001', 'CUSTODIO'),
('564002', 'GUARDAESPALDA'),
('564003', 'GUARDIA DE SEGURIDAD (PRIVADOS)'),
('564004', 'POLICIA PARTICULAR'),
('564005', 'VIGILANTE DE SEGURIDAD (PRIVADOS)'),
('565001', 'DETECTIVE PRIVADO'),
('571001', 'COMERCIANTE, COMERCIO AL POR MAYOR'),
('571002', 'DESPACHADOR, MERCADERIAS/COMERCIO AL POR MAYOR'),
('571003', 'MAYORISTA, COMERCIO AL POR MAYOR'),
('571004', 'VENDEDOR, ABARROTES/COMERCIO AL POR MAYOR'),
('571005', 'VENDEDOR, PROVEEDOR/COMERCIO AL POR MAYOR'),
('571006', 'VENDEDOR, COMERCIO AL POR MAYOR'),
('572001', 'COMERCIANTE, ARTICULOS DEPORTIVOS'),
('572002', 'COMERCIANTE, ARTICULOS ELECTRODOMESTICOS'),
('572003', 'COMERCIANTE, BOUTIQUE'),
('572004', 'COMERCIANTE, CALZADO'),
('572005', 'COMERCIANTE, CARROS'),
('572006', 'COMERCIANTE, COMBUSTIBLE/GRIFERO (DESPACHADOR DE GASOLINA)'),
('572007', 'COMERCIANTE, JOYERIA Y RELOJERIA'),
('572008', 'COMERCIANTE, JUGUETES'),
('572009', 'COMERCIANTE, LICORES'),
('572010', 'COMERCIANTE, LOZA Y PORCELANA'),
('572011', 'COMERCIANTE, MUEBLES'),
('572012', 'COMERCIANTE, OPTICA'),
('572013', 'COMERCIANTE, PRENDAS DE VESTIR'),
('572014', 'COMERCIANTE, REPUESTOS EN GENERAL'),
('572015', 'DESPACHADOR, MERCADERIA/COMERCIO AL POR MENOR'),
('572016', 'VENDEDOR, ABARROTES/ABACERO (BODEGUERO)'),
('572017', 'VENDEDOR, ARTESANIA'),
('572018', 'VENDEDOR, CARBON'),
('572019', 'VENDEDOR, CARNE'),
('572020', 'VENDEDOR, CARTON/PAPEL'),
('572021', 'VENDEDOR, FARMACIA'),
('572022', 'VENDEDOR, CIGARRILLOS'),
('572023', 'VENDEDOR, FERRETERIA'),
('572024', 'VENDEDOR, FLORES'),
('572025', 'VENDEDOR, FRUTAS'),
('572026', 'VENDEDOR, HERBOLARIOS/HIERBAS'),
('572027', 'VENDEDOR, LECHE'),
('572028', 'VENDEDOR, LICORERIA'),
('572029', 'VENDEDOR, LIBROS/UTILES ESCOLARES'),
('572030', 'VENDEDOR, LOZA/CRISTALERIA Y PORCELANA'),
('572031', 'VENDEDOR, MADERAS/TRIPLAY'),
('572032', 'VENDEDOR, MATERIALES DE CONSTRUCCION'),
('572033', 'VENDEDOR, MUEBLERIA'),
('572034', 'VENDEDOR, PASAMANERIA/MERCERIA'),
('572035', 'VENDEDOR, PERFUMERIA'),
('572036', 'VENDEDOR, PELETERO'),
('572037', 'VENDEDOR, PRENDAS DE VESTIR'),
('572038', 'VENDEDOR, PULPA'),
('572039', 'VENDEDOR, REPUESTOS EN GENERAL'),
('572040', 'VENDEDOR, SOMBREROS'),
('572041', 'VENDEDOR, ZAPATERIA'),
('572042', 'OTROS, COMERCIANTES VENDEDORES AL POR MENOR (NO AMBULATORIO'),
('573001', 'DEMOSTRADOR (A) DE ARTICULOS'),
('573002', 'DEMOSTRADOR (A) DE PRODUCTOS PARA LA VENTA EN ESTABLECIMIEN'),
('574001', 'VENDEDOR EN PUESTO DE MERCADO'),
('574002', 'VENDEDOR EN KIOSCO'),
('575001', 'EMPLEADO, DEPENDIENTE DE TIENDA, COMERCIO NEP'),
('575002', 'VENDEDOR, COMERCIO NEP'),
('581001', 'VENDEDORES DE ARTEFACTOS ELECTRICOS'),
('581002', 'VENDEDORES DE LIBROS'),
('582001', 'COMPRADOR VENDEDOR DE ORO, PLATA'),
('582002', 'COMPRA VENTA DE MONEDAS Y BILLETES'),
('583001', 'COMERCIO N.E.'),
('611001', 'CAPATAZ FORESTAL'),
('611002', 'CAPATAZ DE CAMPO DE HACIENDA'),
('611003', 'CAPORAL, MAYORDOMO DE HACIENDA'),
('611004', 'JEFE DE MAQUINARIA AGRICOLA'),
('612001', 'AGRICULTOR'),
('612002', 'AGRICULTOR EXPLOTADOR, CULTIVO/ALFALFA'),
('612003', 'AGRICULTOR EXPLOTADOR, CULTIVO/ALGODON'),
('612004', 'AGRICULTOR EXPLOTADOR, CULTIVO/ARROZ'),
('612005', 'AGRICULTOR EXPLOTADOR, CULTIVO/CACAHUETE'),
('612006', 'AGRICULTOR EXPLOTADOR, CULTIVO/CA?A DE AZUCAR'),
('612007', 'AGRICULTOR EXPLOTADOR, CULTIVO/CEREALES'),
('612008', 'AGRICULTOR EXPLOTADOR, CULTIVO/FLORES'),
('612009', 'AGRICULTOR EXPLOTADOR, CULTIVO/GRANO'),
('612010', 'AGRICULTOR EXPLOTADOR, CULTIVO/HORTALIZAS (CULTIVO EXTENSIV'),
('612011', 'AGRICULTOR EXPLOTADOR, CULTIVO/LINO'),
('612012', 'AGRICULTOR EXPLOTADOR, CULTIVO/MAIZ'),
('612013', 'AGRICULTOR EXPLOTADOR, CULTIVO/REMOLACHA'),
('612014', 'AGRICULTOR EXPLOTADOR, CULTIVO/SISAL'),
('612015', 'AGRICULTOR EXPLOTADOR, CULTIVO/SOJA'),
('612016', 'AGRICULTOR EXPLOTADOR, CULTIVO/TABACO'),
('612017', 'AGRICULTOR EXPLOTADOR, CULTIVO/TRIGO'),
('612018', 'AGRICULTOR EXPLOTADOR, CULTIVO/YUTE'),
('612019', 'PRODUCTOR, CULTIVOS EXTENSIVOS'),
('612020', 'PRODUCTOR, HORTALIZAS/CULTIVO EXTENSIVO'),
('612021', 'PRODUCTOR, REMOLACHA AZUCARERA'),
('612022', 'PRODUCTOR, SOYA'),
('612023', 'TRABAJADOR AGRICOLA CALIFICADO, ALGODON'),
('612024', 'TRABAJADOR AGRICOLA CALIFICADO, ARROZ'),
('612025', 'TRABAJADOR AGRICOLA CALIFICADO, CACAHUETES'),
('612026', 'TRABAJADOR AGRICOLA CALIFICADO, CA?A DE AZUCAR'),
('612027', 'TRABAJADOR AGRICOLA CALIFICADO, CULTIVO EXTENSIVO'),
('612028', 'TRABAJADOR AGRICOLA CALIFICADO, HORTALIZAS'),
('612029', 'TRABAJADOR AGRICOLA CALIFICADO, IRRIGACION'),
('612030', 'TRABAJADOR AGRICOLA CALIFICADO, LINO'),
('612031', 'TRABAJADOR AGRICOLA CALIFICADO, PATATAS'),
('612032', 'TRABAJADOR AGRICOLA CALIFICADO, REMOLACHA'),
('612033', 'TRABAJADOR AGRICOLA CALIFICADO, TABACO'),
('612034', 'TRABAJADOR AGRICOLA CALIFICADO, TRIGO'),
('612035', 'TRABAJADOR AGRICOLA CALIFICADO, YUTE'),
('613001', 'AGRICULTOR EXPLOTADOR, ALMENDRAS'),
('613002', 'AGRICULTOR EXPLOTADOR, CULTIVO/CITRICOS'),
('613003', 'AGRICULTOR EXPLOTADOR, PLANTACION/CACAO'),
('613004', 'AGRICULTOR EXPLOTADOR, PLANTACION/CAFE,TE'),
('613005', 'AGRICULTOR EXPLOTADOR, PLANTACION/COCOTEROS'),
('613006', 'AGRICULTOR EXPLOTADOR, PLANTACION/HEVEA'),
('613007', 'AGRICULTOR EXPLOTADOR DE VIA'),
('613008', 'ARBORICULTOR, ALMENDROS'),
('613009', 'ARBORICULTOR, ARBUSTOS'),
('613010', 'ARBORICULTOR, CACAO'),
('613011', 'ARBORICULTOR, CAFETALES'),
('613012', 'ARBORICULTOR, COCOTEROS'),
('613013', 'ARBORICULTOR, FRUTALES EN GENERAL'),
('613014', 'ARBORICULTOR, LUPULO'),
('613015', 'ARBORICULTOR, NOGALES'),
('613016', 'ARBORICULTOR, OLEAGINOSAS'),
('613017', 'ARBORICULTOR, PLANTACIONES/COPRA'),
('613018', 'ARBORICULTOR, PLANTACIONES/HEVEA'),
('613019', 'ARBORICULTOR, PLANTACIONES/TE'),
('613020', 'CULTIVADOR, LUPULO'),
('613021', 'CULTIVADOR, PLANTACIONES/TE'),
('613022', 'CULTIVADOR EXPLOTADOR, CAUCHO'),
('613023', 'FRUTICULTOR'),
('613024', 'INJERTADOR'),
('613025', 'PODADOR, ARBOLES FRUTALES'),
('613026', 'PODADOR-INJERTADOR, ARBUSTOS'),
('613027', 'RESINERO'),
('613028', 'SANGRADOR, ARBOLES/EXCEPTO HEVEA'),
('613029', 'SANGRADOR, CAUCHO'),
('613030', 'SANGRADOR, JARABE DE ARCE'),
('613031', 'SHIVINGERO'),
('613032', 'TRABAJADOR AGRICOLA CALIFICADO, ARBOLES FRUTALES'),
('613033', 'TRABAJADOR AGRICOLA CALIFICADO, ARBUSTOS'),
('613034', 'TRABAJADOR AGRICOLA CALIFICADO, CACAO'),
('613035', 'TRABAJADOR AGRICOLA CALIFICADO, CAFE'),
('613036', 'TRABAJADOR AGRICOLA CALIFICADO, COSECHA/ARBUSTOS'),
('613037', 'TRABAJADOR AGRICOLA CALIFICADO, HEVEA'),
('613038', 'TRABAJADOR AGRICOLA CALIFICADO, HUERTOS'),
('613039', 'TRABAJADOR AGRICOLA CALIFICADO, LUPULO'),
('613040', 'TRABAJADOR AGRICOLA CALIFICADO, PLANTACIONES/ARBUSTOS'),
('613041', 'TRABAJADOR AGRICOLA CALIFICADO, PLANTACIONES/TE'),
('613042', 'TRABAJADOR AGRICOLA CALIFICADO, VITICULTURA'),
('613043', 'VINICULTOR'),
('613044', 'VITICULTOR'),
('614001', 'CULTIVADOR, HONGOS'),
('614002', 'CULTIVADOR, SETAS Y CHAMPI?ONES'),
('614003', 'CULTIVADOR, VIVEROS'),
('614004', 'CULTIVADOR, VIVEROS/BULBOS'),
('614005', 'CULTIVADOR, VIVEROS/ESPECIAS'),
('614006', 'CULTIVADOR, VIVEROS/HORTALIZAS'),
('614007', 'CULTIVADOR, VIVEROS/SEMILLAS'),
('614008', 'FLORICULTOR'),
('614009', 'FLORICULTOR, ROSAS'),
('614010', 'FLORICULTOR, TULIPANES'),
('614011', 'HORTELANO'),
('614012', 'HORTICULTOR'),
('614013', 'HORTICULTOR, VIVEROS'),
('614014', 'JARDINERO, SEMILLERO'),
('614015', 'JARDINERO, VIVEROS'),
('614016', 'TRABAJADOR AGRICOLA CALIFICADO, CESPED'),
('614017', 'TRABAJADOR AGRICOLA CALIFICADO, CULTIVO DE HONGOS'),
('614018', 'TRABAJADOR AGRICOLA CALIFICADO, HORTICULTURA'),
('614019', 'TRABAJADOR AGRICOLA CALIFICADO, VIVERO'),
('615001', 'AGRICULTOR (EXPLOTADOR), POLICULTIVOS'),
('615002', 'AGRICULTOR FORESTAL, TRABAJADOR INDEPENDIENTE'),
('615003', 'AGRICULTOR GANADERO, TRABAJADOR INDEPENDIENTE'),
('615004', 'EXPLOTADOR AGRICOLA, TRABAJADOR INDEPENDIENTE'),
('615005', 'EXPLOTADOR AGROPECUARIO, TRABAJADOR INDEPENDIENTE'),
('615006', 'CAMPESINO, TRABAJADOR INDEPENDIENTE'),
('615007', 'GANADERO FORESTAL, TRABAJADOR INDEPENDIENTE'),
('615008', 'TRABAJADOR AGRICOLA CALIFICADO, POLICULTIVOS'),
('616001', 'EXPLOTADOR, FORESTAL O BOSQUES'),
('616002', 'ALMADIERO'),
('616003', 'ASERRADOR, MONTE'),
('616004', 'CLASIFICADOR, TRONCOS'),
('616005', 'CORTADOR DE TRAVIESAS DE FERROCARRIL Y/O POSTES'),
('616006', 'CUBICADOR, MADERA'),
('616007', 'DESCORCHADOR, ALCORNOQUES'),
('616008', 'DESCORTEZADOR, ARBOLES'),
('616009', 'ESCALADOR-PODADOR, ARBOLES'),
('616010', 'ESCUADRADOR, TRONCOS'),
('616011', 'SUPERVISOR, FORESTAL'),
('616012', 'FLOTADOR, TRONCOS'),
('616013', 'GABARRERO'),
('616014', 'GANCHERO FORESTAL'),
('616015', 'GUARDABOSQUES'),
('616016', 'MARCADOR, ARBOLES'),
('616017', 'PLANTADOR, ARBOLES/SILVICULTURA'),
('616018', 'PODADOR, SILVICULTURA'),
('616019', 'SECADOR, CORCHO'),
('616020', 'TALADOR EN GENERAL (CORTADOR DE ARBOLES)'),
('616021', 'TRABAJADOR FORESTAL CALIFICADO'),
('616022', 'TRABAJADOR FORESTAL CALIFICADO, REPOBLACION FORESTAL'),
('616023', 'TRABAJADOR FORESTAL CALIFICADO, SILVICULTURA'),
('616024', 'TROZADOR, ARBOLES'),
('616025', 'TROZADOR, TRAVIESAS DE FERROCARRIL'),
('616026', 'TROZADOR, VIGAS'),
('617001', 'CARBONERO, CARBON VEGETAL'),
('617002', 'DESTILADOR, MADERA'),
('617003', 'TRABAJADOR CARBONERO CALIFICADO, CARBON VEGETAL/TECNICAS TR'),
('617004', 'TRABAJADOR FORESTAL CALIFICADO, DESTILACION DE MADERA/TECNI'),
('621001', 'CRIADOR, AUQUENIDOS'),
('621002', 'CRIADOR, CABALLOS'),
('621003', 'CRIADOR, CONEJOS'),
('621004', 'CRIADOR, CORDEROS DE ASTRACAN'),
('621005', 'CRIADOR, CUYES'),
('621006', 'CRIADOR, GANADO VACUNO (EXCEPTO GANADO LECHERO)'),
('621007', 'CRIADOR, GANADO BOVINO'),
('621008', 'CRIADOR, GANADO CABALLAR'),
('621009', 'CRIADOR, GANADO CAPRINO/CABRAS (LANA)'),
('621010', 'CRIADOR, GANADO OVINO (LANA)'),
('621011', 'CRIADOR, GANADO PORCINO'),
('621012', 'CRIADOR, REPRODUCTORES'),
('621013', 'ESQUILADOR'),
('621014', 'JEFE DE CUADRA'),
('621015', 'GANADERO'),
('621016', 'GANADERO, AUQUENIDOS'),
('621017', 'GANADERO, CUNICULTOR/CONEJO'),
('621018', 'GANADERO, CUYES'),
('621019', 'GANADERO, TORO DE LIDIA'),
('621020', 'GANADERO VACUNO (EXECPTO GANADO LECHERO)'),
('621021', 'GANADERO CABALLO'),
('621022', 'GANADERO LANAL'),
('621023', 'GANADERO PORCINO'),
('621024', 'INSEMINADOR, GANADO'),
('621025', 'ORDE?ADOR'),
('621026', 'TRABAJADOR PECUARIO CALIFICADO'),
('621027', 'TRABAJADOR PECUARIO CALIFICADO, CRIADERO DE ANIMALES'),
('621028', 'TRABAJADOR PECUARIO CALIFICADO, GANADERIA'),
('621029', 'TRABAJADOR PECUARIO CALIFICADO, GANADO VACUNO'),
('621030', 'TRABAJADOR PECUARIO CALIFICADO, GANADO LANAR'),
('621031', 'TRABAJADOR PECUARIO CALIFICADO, GANADO PORCINO'),
('622001', 'CRIADOR DE VACAS LECHERAS'),
('622002', 'CRIADOR DE CABRAS PARA LA PRODUCCION DE LECHE'),
('623001', 'AVICULTOR'),
('623002', 'AVICULTOR, CRIA/CRIADERO'),
('623003', 'AVICULTOR, HUEVOS'),
('623004', 'AVICULTOR, INCUBACION ARTIFICIAL'),
('623005', 'AVICULTOR, OCAS'),
('623006', 'AVICULTOR, PATOS'),
('623007', 'AVICULTOR, PAVOS'),
('623008', 'AVICULTOR, POLLOS'),
('623009', 'CLASIFICADOR, POLLOS'),
('623010', 'CRIADOR, AVES DE CAZA'),
('623011', 'CRIADOR, AVES DE CORRAL'),
('623012', 'GRANJERO, AVICULTOR'),
('623013', 'INSEMINADOR, AVES'),
('623014', 'SEXADOR, POLLOS'),
('623015', 'TRABAJADOR CALIFICADO, AVICULTURA'),
('623016', 'TRABAJADOR CALIFICADO, INCUBADORAS'),
('624001', 'APICULTOR (CRIADOR DE ABEJAS)'),
('624002', 'CRIADOR, GUSANO DE SEDA'),
('624003', 'SERICICULTOR'),
('624004', 'TRABAJADOR CALIFICADO, APICULTURA'),
('624005', 'TRABAJADOR CALIFICADO, SERICICULTURA'),
('625001', 'ADIESTRADOR, PERROS'),
('625002', 'CRIADOR, ANIMALES DE LABORATORIO/COBAYOS'),
('625003', 'CRIADOR, ANIMALES NO DOMESTICOS/PIELES FINAS'),
('625004', 'CRIADOR, ANIMALES SALVAJES/PIELES FINAS'),
('625005', 'CRIADOR, ANIMALES/RESERVAS NATURALES'),
('625006', 'CUIDADOR, ANIMALES/PARQUES ZOOLOGICOS'),
('625007', 'CUIDADOR, ANIMALES/RESERVAS NATURALES'),
('625008', 'CRIADOR DE GATOS'),
('625009', 'CRIADOR DE PERROS'),
('625010', 'ENTRENADOR, CABALLOS DE CARRERA'),
('625011', 'GUARDIAN, GANADO'),
('625012', 'GUARDIAN, PAJARERA'),
('625013', 'GUARDIAN, PARQUE ZOOLOGICO'),
('625014', 'TRABAJADOR CALIFICADO, AVES Y PAJAROS SALVAJES'),
('625015', 'TRABAJADOR, ANIMALES SALVAJES/PIELES FINAS'),
('625016', 'TRABAJADOR, CRIA DE PAJAROS SALVAJES'),
('625017', 'TRABAJADOR, ZOOLOGICO'),
('631001', 'ENCARGADO DE ACUARIO'),
('631002', 'PISCICULTOR CRIADORES DE ESPECIES ACUATICAS'),
('631003', 'PISICULTOR DE TRUCHAS'),
('631004', 'TRABAJADOR DE PISCIGRANJAS'),
('631005', 'LANGOSTERO'),
('631006', 'OSTRICULTOR'),
('631007', 'MARISCADOR/MARISQUERO'),
('631008', 'MEJILLONERO'),
('631009', 'OSTRERO'),
('631010', 'LARVERO'),
('632001', 'BUZO, PESCADOR/ESPONJAS'),
('632002', 'BUZO, PESCADOR/OSTRAS'),
('632003', 'PESCADOR DE RIO'),
('632004', 'PESCADOR DE LAGO'),
('632005', 'PESCADOR, AGUA DULCE'),
('632006', 'PESCADOR, COSTERO'),
('632007', 'PESCADOR, ESPONJAS'),
('632008', 'PESCADOR, MARISCADOR'),
('632009', 'PESCADOR, MEJILLONERO'),
('632010', 'PESCADOR, OSTRAS PERLIFERAS'),
('633001', 'ALMADRABERO'),
('633002', 'ANCHOVETERO'),
('633003', 'PESCADOR DE ALTURA'),
('633004', 'PESCADOR DE BAJURA'),
('633005', 'PESCADOR DE BOLICHERA'),
('633006', 'PESCADOR, RASTRA'),
('633007', 'PESCADOR, ATUNERO'),
('633008', 'REDERO DE MAR'),
('633009', 'TRIPULACION DE BARCOS PESQUEROS, OTROS'),
('634001', 'ARPONERO'),
('634002', 'BALLENERO'),
('634003', 'CAZADOR, BALLENAS'),
('634004', 'DESCUARTIZADOR, BALLENAS'),
('635001', 'CAMARONERO'),
('635002', 'RECOLECTOR DE ALGAS, ESPONJAS O MUSGO MARINO'),
('635003', 'CARACOLERO'),
('635004', 'CAZADORES DE TORTUGAS MARINAS'),
('635005', 'CONCHERO'),
('635006', 'CAZADORES DE OTROS ANIMALES ACUATICOS (FOCAS, LOBOS MARINOS'),
('635007', 'CHORERO'),
('635008', 'CRIADOR DE OSTRAS'),
('636001', 'CAZADOR DE ANIMALES SALVAJES'),
('636002', 'CAZADOR DE VENADO, CHINCHILLA'),
('636003', 'CAZADOR DE AVES'),
('636004', 'CAZADOR DE MONOS'),
('636005', 'CAZADOR DE ANIMALES DE PIELES'),
('636006', 'CAZADOR DE SERPIENTES'),
('636007', 'CAZADOR, OTROS'),
('637008', 'TRAMPEROS'),
('641001', 'AGRICULTOR, SUBSISTENCIA'),
('641002', 'TRABAJADOR AGRICOLA CALIFICADO, CULTIVOS DE SUBSISTENCIA'),
('641003', 'PESCADOR, SUBSISTENCIA'),
('641004', 'TRABAJADOR, PESCADOR CALIFICADO, PESCA DE SUBSISTENCIA'),
('711001', 'ADORNISTAS'),
('711002', 'APIRI'),
('711003', 'APUNTALADOR, ADEMADOR, ALADERO, ENTIBADOR, MINAS'),
('711004', 'ARTILLERO, MINAS Y CANTERAS'),
('711005', 'APURADOR-LAVADOR DE MINERAL'),
('711006', 'ASERRADOR DE PIEDRA'),
('711007', 'BARRENERO, DINAMITERO'),
('711008', 'CAPATAZ O CONTRAMAESTRE DE MINAS Y CANTERAS'),
('711009', 'CLASIFICADOR DE PIEDRA'),
('711010', 'COLECTOR DE MUESTRAS,MINAS'),
('711011', 'CONDUCTOR DE MAQUINA ROZADORA, CORTADORA, PERFORADORA,ETC'),
('711012', 'CONDUCTOR DE MAQUINA CONTINUA DE ARRANQUE'),
('711013', 'CRIBADOR DE CARBON O MINERALES'),
('711014', 'DESMUESTRADOR O COLECTOR DE MUESTRAS'),
('711015', 'DINAMITERO, PEGADOR, MINAS Y CANTERAS'),
('711016', 'DOLADOR, PIEDRAS'),
('711017', 'ENGANCHADOR, MINAS'),
('711018', 'ESCOGEDOR DE MINERALES'),
('711019', 'ESCOGEDOR DE PIEDRAS'),
('711020', 'ESTRIBADOR DE MINERALES'),
('711021', 'ENTIBADOR, ENMADERADOR DE MINA O DE GALERIA'),
('711022', 'GRABADOR DE INSCRIPCIONES Y PIEDRA A MANO'),
('711023', 'GRABADOR MOTIVOS SIMPLES EN BLOQUES DE PIEDRAS'),
('711024', 'GRABADOR DE PIEDRA CON ESTARCIDORES'),
('711025', 'GRABADOR DE RELIEVE EN PIEDRA A MANO'),
('711026', 'HENDEDOR DE PIEDRAS'),
('711027', 'LAVADOR DE ORO'),
('711028', 'LAVADOR DE MINERALES'),
('711029', 'MACHACADOR, TRITURADOR, MINERALES'),
('711030', 'MANIOBRISTA, MINAS'),
('711031', 'MOLINERO DE MINERAL'),
('711032', 'OPERADOR DE APARATO DE PRECIPITACION'),
('711033', 'OPERADOR DE CONO DE SEPARACION, MINAS'),
('711034', 'OPERADOR DE CRIBAS HIDRAULICAS'),
('711035', 'OPERADOR DE INSTALACIONES DE FLOTACION'),
('711036', 'OPERADOR DE PRENSA DE PELLETS DE MINERAL'),
('711037', 'OPERADOR DE QUEBRANTADORA DE MINERAL'),
('711038', 'OPERADOR DE QUEBRANTADORA DE ROCAS'),
('711039', 'OPERADOR DE TRITURADORA DE MINERALES'),
('711040', 'PALERO, MINAS'),
('711041', 'PEGADOR, MINAS Y CANTERAS'),
('711042', 'PERFORADORES DE MINAS'),
('711043', 'PERFORADOR DE PIEDRAS'),
('711044', 'PRENSADOR DE BRIQUETAS DE CARBON'),
('711045', 'PULIDOR DE PIEDRA A MANO'),
('711046', 'PULIDOR DE PIEDRA A MAQUINA'),
('711047', 'SACAMUESTRAS, MINAS'),
('711048', 'TALLADOR DE LAMINAS'),
('711049', 'TALLADOR DE PIEDRA'),
('711050', 'TERRAPLENISTA,MINAS'),
('711051', 'TERRERISTA, MINAS'),
('711052', 'TOLVERO,MINAS Y CANTERAS'),
('711053', 'TOMADOR DE MUESTRAS,MINAS'),
('711054', 'TORNERO, LABRA  DE PIEDRA'),
('711055', 'TRAZADOR SOBRE PIEDRA'),
('711056', 'TRECHEADOR DE MINAS Y CANTERAS'),
('711057', 'TRITURADOR, MINERALES'),
('711058', 'TRONZADOR DE PIEDRAS'),
('712001', 'CEMENTADOR, POZOS DE PETROLEO Y GAS'),
('712002', 'CONDUCTORES DE PERFORADORA DE PERCUSION, POZOS DE PETROLEO'),
('712003', 'CONDUCTORES DE TREN DE SONDEO POR ROTACION, POZOS DE PETROL'),
('712004', 'DESINCRUSTADOR DE POZOS DE PETROLEO Y GAS'),
('712005', 'MECANICO DE SONDAS, POZOS DE PETROLEO Y GAS'),
('712006', 'OPERADOR DE ACIDIFICACION DE POZOS DE PETROLEO'),
('712007', 'OTROS SONDISTAS Y TRABAJADORES ASIMILADOS'),
('712008', 'PEON DE TORRE, PETROLEO'),
('712009', 'PERFORADOR CON APARATO ROTATIVO, POZOS DE PETROLEO Y GAS'),
('712010', 'PERFORADOR DE POZOS DE AGUA'),
('712011', 'PERFORADOR DE POZOS ARTESIANOS'),
('712012', 'PERFORADOR DE POZOS PETROLIFEROS'),
('712013', 'SONDISTA DE POZOS EN EXPLOTACION'),
('712014', 'SONDISTA, CONDUCTOR DE PERFORADORA DE PERCUSION, PETROLEO Y'),
('712015', 'SONDISTA, EXCEPTO POZOS DE PETROLEO Y GAS'),
('712016', 'SONDISTA, POZOS DE PETROLEO Y GAS'),
('712017', 'SONDISTA, RECUPERACION Y MANTENIMIENTO DE CILINDROS DE PETR'),
('712018', 'SONDISTA, CONDUCTORES DE TREN DE SONDEO POR ROTACION,'),
('712019', 'TUBEROS DE SONDEO'),
('713001', 'AYUDANTE, HORNO ALTO'),
('713002', 'CARGADOR DE HORNO ALTO'),
('713003', 'COLADOR DE HORNO ALTO'),
('713004', 'FUNDIDOR DE ALTO HORNO, FUSION DE MINERAL'),
('713005', 'FUNDIDOR DE CONVERTIDOR DE ACERO, AL OXIGENO'),
('713006', 'FUNDIDOR DE CONVERTIDOR BESSEMER, DE ACERO'),
('713007', 'FUNDIDOR EN EL AFINO Y REFINO DE METALES NO FERREOS'),
('713008', 'FUNDIDOR EN HORNOS'),
('713009', 'FUNDIDOR EN HORNO DE ACERO MARTIN SIEMENS'),
('713010', 'FUNDIDOR EN HORNO THOMAS'),
('713011', 'FUNDIDOR EN HORNO ELECTRICO DE ARCO, REFINO DE ACERO'),
('713012', 'FUNDIDOR EN HORNO DE CONVER. Y AFINADO DE METAL.NO FERREOS'),
('713013', 'HORNERO DE ALTO HORNO'),
('713014', 'HORNERO DE CONVERTIDOR BASSEMER'),
('713015', 'HORNERO DE CONVERSION Y AFINACION DE METALES  NO FERREOS'),
('713016', 'HORNERO DE HORNO THOMAS O ELKEM'),
('714001', 'AUXILIAR DE TREN DE LAMINACION'),
('714002', 'AYUDANTE DE TREN DE LAMINACION'),
('714003', 'LAMINADOR DE ACERO EN CALIENTE'),
('714004', 'LAMINADOR DE ACERO EN TREN CONTINUO'),
('714005', 'LAMINADOR DE ACERO EN FRIO'),
('714006', 'LAMINADOR DE METALES NO FERREOS'),
('714007', 'LAMINADOR DE PRODUCTOS SEMIACABADOS DE ACERO'),
('714008', 'LAMINADOR DE TUBOS SIN SOLDADURA'),
('714009', 'MAQUINISTA DE TREN DE LAMINACION'),
('714010', 'OPERARIO DE TREN DE LAMINACION'),
('714011', 'OPERARIO DE LAMINADO DE REVESTIMIENTO'),
('714012', 'OPERARIO DE LAMINADO REVERSIBLE'),
('715001', 'AYUDANTE DE HORNO DE SEGUNDA FUSION O DE RECALENTADO'),
('715002', 'COLADOR DE HORNO DE SEGUNDA FUSION'),
('715003', 'FUNDIDOR DE CRISOLES, SEGUNDA FUSION'),
('715004', 'FUNDIDOR DE CUBILOTE'),
('715005', 'FUNDIDOR EN HORNO DE REVERBERO, SEGUNDA FUSION'),
('715006', 'FUNDIDOR DE HORNO DE HOGAR ABIERTO, SEG. FUSION'),
('715007', 'FUNDIDOR EN HORNO ELECTRICO, SEGUNDA FUSION'),
('715008', 'FUNDIDOR EN SEGUNDA FUSION'),
('715009', 'HORNERO DE SEGUNDA FUSION'),
('715010', 'OPERADOR DE HORNO DE RECALENTAR'),
('716001', 'COLADOR DE HORNO A PRESION'),
('716002', 'COLADOR DE MOLDES A MAQUINA CENTRIFUGADORA'),
('716003', 'COLADOR EN MOLDES, PIEZAS DE METAL'),
('716004', 'FUNDIDOR DE PIEZAS DE MOLDES'),
('716005', 'OPERADOR DE MAQUINA CENTRIFUGADORA DE COLADA'),
('716006', 'OPERADOR DE MAQUINA DE COLAR DE PRESION'),
('716007', 'OPERADOR DE MAQUINA COLADA CONTINUA DE TUBOS Y VARILLAS'),
('716008', 'OPERARIO DE NAVE DE COLADA'),
('716009', 'OPERARIO DE COLADA CONTINUA'),
('717001', 'PREPARADOR DE MOLDES SOBRE BANCO'),
('717002', 'CONSTRUCTOR DE MACHOS A MANO'),
('717003', 'CONSTRUCTOR DE MACHOS A MAQUINA'),
('717004', 'MACHERO A MANO'),
('717005', 'MACHERO A MAQUINA'),
('717006', 'MOLDEADOR A MAQUINA'),
('717007', 'MOLDEADOR DE ARTESA'),
('717008', 'MOLDEADOR DE CAJA'),
('717009', 'PREPARADOR DE MOLDES EN EL SUELO Y EN FOSAS'),
('717010', 'PREPARADOR DE MOLDES A MAQUINA'),
('718001', 'BRONCEADOR'),
('718002', 'CEMENTADOR DE METALES'),
('718003', 'CEMENTADOR DE METALES POR NUTRICION'),
('718004', 'CEMENTADOR DE METALES POR CIANURIZACION'),
('718005', 'CEMENTADOR DE METALES POR CARBONIZACION'),
('718006', 'CONDUCTOR DE PRENSA DE ESTIRAR METALES'),
('718007', 'CROMADOR'),
('718008', 'ELECTROPLASTIA, GALVANIZADOR'),
('718009', 'EMENTADOR DE METALES'),
('718010', 'ESTIRADOR DE TUBOS SIN SOLDADURA'),
('718011', 'EXTRUSOR DE METALES'),
('718012', 'GALVANIZADOR EN BA?O CALIENTE'),
('718013', 'METALIZADOR A PISTOLA'),
('718014', 'METALIZADOR EN BA?O CALIENTE'),
('718015', 'NIQUELADOR'),
('718016', 'NORMALIZADOR DE METALES'),
('718017', 'OPERADOR DE MAQUINA RECUBRIDORA DE ALAMBRE'),
('718018', 'OTROS GALVANIZADORES Y RECUBRIDORES DE METALES'),
('718019', 'PLATEADOR'),
('718020', 'PULVERIZADOR DE METAL A PISTOLA'),
('718021', 'PUNTERO, METALES'),
('718022', 'RECOCEDOR DE METALES'),
('718023', 'REVESTIDOR EN BA?O CALIENTE'),
('718024', 'TEMPLADOR DE METALES'),
('718025', 'TREFILADOR A MANO'),
('718026', 'TREFILADOR A MAQUINA'),
('718027', 'ZINCADOR EN BA?O CALIENTE'),
('719001', 'DECAPADOR DE METALES'),
('719002', 'DESBASTADOR DE PIEZAS DE MOLDEO'),
('719003', 'LIMPIADOR DE METALES'),
('719004', 'LIMPIADOR DE METALES POR ONDAS ULTRASONICAS'),
('719005', 'LIMPIADOR POR CHORRO DE ARENA, METALES'),
('719006', 'OPERADOR DE SOPLADOR DE ARENA, PARA LIMPIAR METALES'),
('719007', 'PAVONADOR DE METALES'),
('719008', 'PULIDOR DE PIEZAS DE METAL COLADO'),
('719009', 'PULIDOR DE PIEZAS DE MOLDEO'),
('721001', 'IMPREGNADOR DE MADERA'),
('721002', 'OPERADOR DE HORNO DE SECADO DE MADERA'),
('721003', 'SECADOR DE MADERA'),
('722001', 'ASERRADOR EN GENERAL, SERRERIAS'),
('722002', 'CLASIFICADOR DE MADERA'),
('722003', 'CONDUCTOR DE DESCORTEZADORA'),
('722004', 'CORTADOR  DE CHAPA DE MADERA'),
('722005', 'CORTADOR DE PAJA DE MADERA'),
('722006', 'DESCORTEZADOR A MAQUINA'),
('722007', 'ENCOLADOR DE CHAPAS DE MADERA'),
('722008', 'OPERADOR DE MAQUINA PELADORA PARA CHAPAS'),
('722009', 'OPERADOR DE MAQUINA INTERCALADORA DE CHAPAS, CONTRACHAPADO'),
('722010', 'OPERADOR DE PRENSA DE CONTRACHAPADO'),
('722011', 'OPERADOR DE PRENSA DE MADERA TERCIADA'),
('722012', 'OPERADOR DE SIERRA DE CINTA'),
('722013', 'OPERADOR DE SIERRAS DE RECORTAR TABLAS'),
('722014', 'SERRUCHADOR,ASERRADERO'),
('723001', 'BLANQUEADOR DE PASTA PARA PAPEL'),
('723002', 'CONDUCTOR DE DESFIBRADORA DE MADERA'),
('723003', 'CONDUCTOR DE MOJADORAS, PASTA DE PAPEL'),
('723004', 'CONDUCTOR DE TRITURADORAS, PULPA DE MADERA'),
('723005', 'CORTADOR DE TRAPOS, PASTA DE PAPEL'),
('723006', 'CORTADOR DE VIRUTA PARA PULPA DE MADERA'),
('723007', 'DESFIBRADOR RASPADOR DE MADERA'),
('723008', 'LEJIADOR, PASTA PARA PAPEL'),
('723009', 'OPERADOR DE BATIDORA, PULPA DE MADERA'),
('723010', 'OPERADOR DE CALDERA, PASTA PARA PAPEL'),
('723011', 'OPERADOR DE MAQUINA DE TRITURAR MADERA'),
('723012', 'OPERADOR DE PASTA PARA PAPEL EN GENERAL'),
('723013', 'PASTA DE PAPEL LAURENTE'),
('723014', 'REFINADOR DE PASTA DE PAPEL'),
('723015', 'TRAPERO,PREPARACION DE PASTA PARA PAPEL'),
('724001', 'CONDUCTOR DE CHAROLADORA, PAPEL'),
('724002', 'CONDUCTOR DE ENGOMADORA, PAPEL'),
('724003', 'CONDUCTOR DE GOFRADORA, PAPEL'),
('724004', 'CONDUCTOR DE ONDULADORA, PAPEL'),
('724005', 'CONDUCTOR DE PARAFINADORA, PAPEL'),
('724006', 'OPERADOR DE CALANDRIA DE PAPEL'),
('724007', 'OPERADOR MAQUINA DE FABRICAR PAPEL, FASE HUMEDA, FASE SECA'),
('724008', 'OPERADOR DE MAQUINA DE APRESTAR PAPEL'),
('724009', 'OPERADOR DE MAQUINA PARA SECADO Y ENROLLADO, PAPEL'),
('724010', 'PAPELERO, FABRICACION A MANO'),
('724011', 'PLISADOR DE PAPEL'),
('724012', 'SATINADOR-CALANDRADOR DE PAPEL'),
('731001', 'MOLEDOR, PROCEDIMIENTOS QUIMICOS AFINES'),
('731002', 'MOLINERO, TRATAMIENTO DE PRODUCTOS QUIMICOS AFINES'),
('731003', 'OPERADOR DE BATIDORA DE HELICE'),
('731004', 'OPERADOR DE MAQUINA MEZCLADORA, TRATAMIENTO QUIMICO AFINES'),
('731005', 'OPERADOR DE QUEBRANTADORA, TRATAMIENTO QUIMICOS AFINES'),
('731006', 'TRITURADOR-PULPERIZADOR, PROCEDIMIENTOS QUIMICOS Y AFINES'),
('732001', 'CALCINADOR, TRATAMIENTOS QUIMICOS Y AFINES'),
('732002', 'COCEDOR, TRATAMIENTOS QUIMICOS Y AFINES'),
('732003', 'CUADRISTA (DE SISTESIS, GAS)'),
('732004', 'DESHIDRATADOR DE DISOLUCIONES QUIMICOS POR PULVERIZACION'),
('732005', 'HORNERO, FABRICACION DE ELECTRODOS'),
('732006', 'HORNERO, HORNOS CALCINACION, TRATAMIENTOS QUIMICOS Y AFINES'),
('732007', 'OPERADOR DE AUTOCLAVE, TRATAMIENTOS QUIMICOS Y AFINES'),
('732008', 'OPERADOR DE CALDERA, TRATAMIENTOS QUIMICOS Y AFINES'),
('732009', 'OPERADOR HORNOS CALCINACION, TRATAMIENTOS QUIMICOS Y AFINES'),
('732010', 'OPERADOR DE MARMITA, TRATAMIENTOS QUIMICOS Y AFINES'),
('732011', 'OPERADOR DE SECADOR, TRATAMIENTOS QUIMICOS Y AFINES'),
('732012', 'PULVERIZADOR,DESHIDRATADOR DE DISOLUCIONES QUIMICAS'),
('732013', 'SECADOR PRODUCTOS QUIMICOS, SECADOR CINTA TRANSPORTADORA'),
('732014', 'TOSTADOR, TRATAMIENTOS QUIMICOS Y AFINES'),
('733001', 'CRIBADOR DE PRODUCTOS QUIMICOS'),
('733002', 'DESHIDRATADOR PETROLEO CRUDO, CAMPOS EXTRACCION'),
('733003', 'OBRERO TRATAM. PETROLEO CRUDO, CAMPOS EXTRACCION'),
('733004', 'OPERADOR DE CENTRIFUGADORA'),
('733005', 'OPERADOR DE FILTRO-PRENSA'),
('733006', 'OPERADOR DE FILTRO DE TAMBOR GIRATORIO'),
('733007', 'OPERAD SEPARADORA CENTRIFUGADORA, TRATAMIENTO QUIMICO Y AFI'),
('733008', 'TAMIZADOR, TRATAMIENTOS QUIMICOS Y AFINES'),
('734001', 'DESTILADOR PRODUCTOS QUIMICOS, EXCEPTO PETROLEO'),
('734002', 'DESTILADOR PRODUCTOS QUIMICOS, EXCEPTO PETROLEO, ALAMBIQUE'),
('734003', 'DESTILADOR DE MADERA'),
('734004', 'DESTILADOR DE TREMENTINA DE MADERA'),
('734005', 'DESTILADOR DE RESINA DE TREMENTINA'),
('734006', 'DESTILADOR, BEBIDAS ALCOHOL, PERFUMERIA, GLICERINA'),
('734007', 'LICORISTA, DESTILACION'),
('734008', 'OPERADOR DE APARATOS REACCION, CONVERSION PRODUCTOS QUIMICO'),
('734009', 'OPERADOR DE EVAPORADOR'),
('734010', 'REFINADOR DE TREMENTINA'),
('735001', 'BOMBERO, REFINO DEL PETROLEO'),
('735002', 'DESTILADOR DEL PETROLEO'),
('735003', 'DESULFURADOR, REFINO DEL PETROLEO'),
('735004', 'DESULFURADOR HIDROCABUROS'),
('735005', 'MEZCLADOR, REFINO DEL PETROLEO'),
('735006', 'OPERADOR DE CUADRO DE CONTROL REFINO DEL PETROLEO'),
('735007', 'OPERADOR DE FILTROS DE PARAFINA'),
('735008', 'OPERADOR DE TURBINAS, REFINO DEL PETROLEO'),
('735009', 'REFINO DEL PETROLEO,BOMBERO'),
('736001', 'HILADOR DE NYLON'),
('736002', 'HILADOR DE RAYON Y SIMILARES'),
('737001', 'AHUMADOR DE LATEX'),
('737003', 'HORNERO, COQUERIA'),
('737004', 'LAVADOR DE MATERIAS QUIMICAS'),
('737005', 'OBREROS DE LA COAGULACION DE LATEX'),
('737006', 'OBREROS TRATAMIENTO QUIMICO DE MATERIALES RADIACTIVOS'),
('737007', 'OBREROS DEL TRATAMIENTO DE DESECHOS RADIACTIVOS'),
('737008', 'OBREROS EN LA FABRICACION DE ABONOS'),
('737009', 'OBREROS EN LA FABRICACION DE ACIDOS'),
('737010', 'OBRERO, FABRICACION COLORANTES, TINTES, PINTURAS, BARNICES'),
('737011', 'OBRERO, FABRICACION DE CARUSA'),
('737012', 'OBRERO, FABRICACION DE MINIO'),
('737013', 'OBRERO, FABRICACION HIDROGENO, OXIGENO, ACETILENO, OTROS'),
('737014', 'OBRERO, FABRICACION DE EXPLOSIVOS'),
('737015', 'OBRERO, FABRICACION DE COMPRIMIDOS Y GRAGEAS'),
('737016', 'OPERADOR DE BATERIA DE GAS DE HULLA'),
('737017', 'OPERADOR DE COQUERIA, CARBON DE COQUE'),
('737018', 'OPERADOR DE EQUIPO ELECTRONICO,TRATAMIENTOS QUIMICOS'),
('737019', 'OPERADOR DE PLANTA PARA LICUEFACCION DE GAS'),
('737020', 'PREPARADOR DE ALMIDON'),
('737021', 'PREPARADOR DE GLUCOSA'),
('737022', 'PREPARADOR DE PIGMENTOS'),
('741001', 'ALIMENTADORES DE CARDAS'),
('741002', 'BATIDOR DE FIBRA'),
('741003', 'CANALERO TEXTIL'),
('741004', 'CARDADOR DE FIBRAS'),
('741005', 'CLASIFICADOR DE FIBRA'),
('741006', 'DESFIBRADOR DE LINO O YUTE'),
('741007', 'DESMOTADOR, TEXTIL'),
('741008', 'DESPEPITADOR, ALGODON'),
('741009', 'DIABLERO'),
('741010', 'EMBORRADOR DE LANA'),
('741011', 'ESCOGEDOR DE FIBRA'),
('741012', 'ESPAPADOR'),
('741013', 'ESTIRADOR DE FIBRA'),
('741014', 'LAVADOR DE LANA'),
('741015', 'MANUARERA'),
('741016', 'MEZCLADOR DE FIBRA'),
('741017', 'MOTOSA O RAPARADORA, SEDA'),
('741018', 'NAPADOR DE FIBRA'),
('741019', 'PEINADOR DE FIBRA'),
('741020', 'RASTRILLADOR DE LINO'),
('741021', 'TORCEDOR DE MECHAS'),
('741022', 'TRIADOR DE FIBRA'),
('742001', 'ASPEADOR, TEXTIL'),
('742002', 'BOBINADOR, TEXTIL'),
('742003', 'DEVANADOR, TEXTIL'),
('742004', 'ENCARRETADOR, TEXTIL'),
('742005', 'HILADOR DE TORNO'),
('742006', 'HILANDERO, HILO E HILAZA'),
('742007', 'OVILLADOR, TEXTIL'),
('742008', 'PELOTERO, TEXTIL'),
('742009', 'PLEGADOR DE HILOS'),
('742010', 'RETORCEDOR DE HILO O HILAZA'),
('742011', 'RODETERO, TEXTIL'),
('742012', 'TORCEDOR DE HILO O HILAZA'),
('742013', 'TRASCANADOR DE MADEJAS'),
('742014', 'OBRERO TEXTIL'),
('743001', 'AJUSTADOR DE MAQUINA PARA TEJIDOS DE PUNTO'),
('743002', 'AJUSTADOR DE PEINES, TELARES'),
('743003', 'AJUSTADOR DE TELARES'),
('743004', 'AJUSTADOR DE TELAR JACQUARD'),
('743005', 'COPISTA DE DISE?OS PARA CARTONES JACQUARD'),
('743006', 'ENLAZADOR DE CARTONES JACQUARD'),
('743007', 'OPERADOR DE MAQUINAS DE REPRODUCCION CARTONES PARA TEJIDOS'),
('743008', 'PICADOR DE CARTONES JACQUARD'),
('744001', 'TEJEDOR DE ALFOMBRAS A MANO'),
('744002', 'TEJEDOR DE ALFOMBRAS EN TELAR ACCIONADO A MANO'),
('744003', 'TEJEDOR DE TAPICES,EN TELAR ACCIONADO A MANO'),
('744004', 'TEJEDOR DE TELAR A MANO'),
('744005', 'TEJEDOR PONCHOS O MANTAS TELAR ACCIONADO A MANO'),
('745001', 'CONFECCIONADOR DE VELOS Y MANTILLAS A MAQUINA'),
('745002', 'COMPROBADOR DE TEJIDOS'),
('745003', 'CONTROLADOR DE TEJIDOS'),
('745004', 'CONTROLADOR DE MAQUINA LECTORA TEJEDORA(ALFOMBRAS)'),
('745005', 'RECONTADORA DE ALFOMBRAS'),
('745006', 'REMENDADOR DE TEJIDOS'),
('745007', 'REPARADORA DE ALFOMBRAS'),
('745008', 'REVISOR DE TEJIDOS, OBREROS'),
('745009', 'TEJEDOR DE ALFOMBRA A MAQUINA'),
('745010', 'TEJEDOR DE REDES'),
('745011', 'TEJEDOR DE TUL'),
('745012', 'TEJEDOR DE TELAR MECANICO'),
('745013', 'TEJEDOR DE TELAR JACQUARD'),
('745014', 'URDIDOR'),
('745015', 'ZURCIDOR DE TEJIDOS'),
('746001', 'CALCETERO,TEJEDOR A MAQUINA'),
('746002', 'CONFECCIONADOR DE TEJIDOS DE PUNTO'),
('746003', 'OPERADOR DE MAQUINA DE TRICOT'),
('746004', 'TEJEDOR A MAQUINA, GENEROS DE PUNTO'),
('746005', 'TEJEDOR A MAQUINA, CALCETERIA'),
('746006', 'TEJEDOR DE CALCETERIA, CON BASTIDOR MECANICO'),
('746007', 'TEJEDOR DE PUNTO EN MAQUINA HILAN O RASCHEL'),
('747001', 'CALCETERO A MANO'),
('747002', 'TEJEDOR DE PUNTO EN BASTIDOR MANUAL'),
('747003', 'TEJEDOR DE PUNTO EN MAQUINA ACCIONADA A MANO'),
('747004', 'TEJEDOR DE PUNTO A MANO'),
('748001', 'ACABADOR DE TEJIDOS'),
('748002', 'ADEREZADOR DE SEDA'),
('748003', 'APRESTADOR DE TEJIDOS'),
('748004', 'BLANQUEADOR'),
('748005', 'CARBONIZADOR DE LANA'),
('748006', 'CARGADOR DE SEDA'),
('748007', 'CEPILLADOR DE PANA'),
('748008', 'DESBORRADOR DE TEXTILES'),
('748009', 'DESCRUDADOR DE PRODUCTOS TEXTILES'),
('748010', 'DESGOMADOR DE SEDA'),
('748011', 'ENCOGEDOR DE PRODUCTOS TEXTILES'),
('748012', 'ENCOLADOR, TEXTILES'),
('748013', 'GASEADOR, TEXTILES'),
('748014', 'IMPERMEABILIZADOR DE PRODUCTOS TEXTILES'),
('748015', 'IMPREGNADOR DE PRODUCTOS TEXTILES'),
('748016', 'LAVADOR DE HILADOS Y PRODUCTOS TEXTILES'),
('748017', 'OPERADOR DE CALANDRIAS,TEJIDOS'),
('748018', 'PERCHADOR DE TEXTILES'),
('748019', 'PILATERO O BATANERO'),
('748020', 'PLANCHADOR DE GENEROS ACABADOS'),
('748021', 'PREPARADOR DE APRESTOS TEXTILES'),
('748022', 'PULIDOR,TEXTILES'),
('748023', 'SANFORIZADOR'),
('748024', 'SECADOR,FABRICACION DE TEXTILES'),
('748025', 'TINTORERO DE FIBRAS'),
('748026', 'TINTORERO DE HILADOS'),
('748027', 'TINTORERO DE ROPAS'),
('748028', 'TINTORERO DE TEJIDOS'),
('749001', 'CONFECCIONADOR DE CONOS DE FIELTRO PARA SOMBREROS'),
('749002', 'CORDONERO A MANO'),
('749003', 'CORDONERO A MAQUINA'),
('749004', 'ENCAJADERO A MANO'),
('749005', 'FLEQUERO A MAQUINA'),
('749006', 'FLEQUERO A MANO'),
('749007', 'GALONERO A MAQUINA'),
('749008', 'GANCHILLERO A MANO'),
('749009', 'HORMADOR DE BOINAS'),
('749010', 'MALLERO'),
('749011', 'MONTADOR DE REDES A MANO'),
('749012', 'HILANDEROS, TEJEDORES, TINTOREROS, TRABAJADORES ASIMILADOS'),
('749013', 'PASAMANERO A MANO'),
('749014', 'PASAMANERO A MAQUINA'),
('749015', 'PREPARADOR DE FIELTRO, A MAQUINA'),
('749016', 'FEDERO A MANO'),
('749017', 'TEJEDOR DE REDES A MANO'),
('749018', 'TEJE PULSERAS'),
('751001', 'ADOBADOR DE CUEROS'),
('751002', 'CLASIFICADOR DE CUEROS Y PELLEJOS'),
('751003', 'CORTADOR DE CUEROS,CURTIDORES'),
('751004', 'CURTIDOR DE CUEROS'),
('751005', 'DESCARNADOR DE CUEROS A MANO'),
('751006', 'DESCARNADOR DE CUEROS A MAQUINA'),
('751007', 'HENDEDOR DE CUEROS O CORTADOR DE CUEROS'),
('751008', 'LAVADOR DE CUEROS'),
('751009', 'LUSTRADOR DE CUEROS'),
('751010', 'OPERADOR DE MAQUINAS DE DIVIDIR CUEROS'),
('751011', 'OPERADOR DE REBANADORA DE CUEROS'),
('751012', 'PELADOR DE CUEROS A MANO'),
('751013', 'PELADOR DE CUEROS Y PELLEJOS A MAQUINA'),
('751014', 'PELAMBRERO'),
('751015', 'PELLEJERO, CURTIDOR'),
('751016', 'TE?IDOR DE CUEROS'),
('751017', 'TINTORERO DE CUEROS'),
('752001', 'ADOBADOR DE PIELES'),
('752002', 'CLASIFICADOR DE PIELES'),
('752003', 'DEPILADOR DE PIELES'),
('752004', 'DESCARNADOR DE PIELES'),
('752005', 'ESCOGEDOR DE PIELES SIN TRATAR'),
('752006', 'ESTIRADOR DE PIELES'),
('752007', 'IGUALADOR DE PELO,PIELES'),
('752008', 'RASURADOR DE PIELES'),
('752009', 'SUAVIZADOR DE PIELES'),
('752010', 'TE?IDOR DE PIELES A MANO'),
('752011', 'TINTORERO DE PIELES A MANO'),
('761001', 'AVENTADOR DE GRANOS,MOLINO'),
('761002', 'DESPOLVADOR DE GRANOS'),
('761003', 'MOLINERO DE ARROZ'),
('761004', 'MOLINERO DE CEREALES'),
('761005', 'MOLINERO DE ESPECIAS'),
('761006', 'MOLINERO DE GRANOS'),
('761007', 'OPERADOR DE PILON DE MAIZ'),
('761008', 'PESADOR DE GRANOS'),
('761009', 'PULIDOR DE ARROZ'),
('761010', 'REVOLVEDOR DE GRANOS'),
('761011', 'SALVADERO'),
('761012', 'SECADOR DE ARROZ'),
('761013', 'SEMOLERO'),
('762001', 'CARBONADOR, REFINACION DE AZUCAR'),
('762002', 'COCEDOR, REFINACION DE AZUCAR'),
('762003', 'COMPORTERO, REFINACION DE AZUCAR'),
('762004', 'MACERADOR DE REMOLACHA'),
('762005', 'OPERADOR DE CRISTALIZADORA, REFINACION DE AZUCAR'),
('762006', 'OPERADOR DE DIFUSOR, AZUCAR DE REMOLACHA'),
('762007', 'OPERAD. INSTALACIONES PROCESO CONTINUO, REFIN. AZUCAR'),
('762008', 'OPERADOR DE MAQUINA PULVERIZADORA DE AZUCAR'),
('762009', 'TRAPICHERO, CA?A DE AZUCAR'),
('763001', 'CAMALERO, MATARIFE'),
('763002', 'CHACINERO'),
('763003', 'CHARCUTERO'),
('763004', 'CHORICERO'),
('763005', 'CORTADOR DE CARNE'),
('763006', 'DEGOLLADOR DE RESES'),
('763007', 'DESCUARTIZADOR DE RESES, MATARIFE'),
('763008', 'DESHUESADOR'),
('763009', 'DESPOSTADOR, CARNES'),
('763010', 'DESPOJERO, MATADEROS'),
('763011', 'ESCARGADO DE MATADERO'),
('763012', 'FIAMBRERO, CARNES'),
('763013', 'MANTEQUERO (MANTECA)'),
('763014', 'MATANCERO'),
('763015', 'MATANCERO EN GENERAL'),
('763016', 'MATARIFE'),
('763017', 'PUNTILLERO,MATADEROS'),
('763018', 'TABLAJERO, CARNES'),
('763019', 'TRIPERO'),
('764001', 'ACECINADOR'),
('764002', 'ACEITADOR DE LLENO Y VACIO, CONSERVAS DE PESCADO'),
('764003', 'ADEREZADOR DE ACEITUNAS'),
('764004', 'AHUMADOR DE CARNES Y PESCADO'),
('764005', 'CAPATAZ O CONTRAMAESTRE DE LA CONSERVACION DE ALIMENTOS'),
('764006', 'COCEDOR-CONSERVERO, EN GENERAL'),
('764007', 'COCEDOR DE SALSAS Y CONDIMENTOS'),
('764008', 'COCEDOR-ESTERILIZADOR'),
('764009', 'CONGELADOR DE ALIMENTOS'),
('764010', 'CURADOR DE CARNE O PESCADO'),
('764011', 'DESHIDRATADOR DE ALIMENTOS'),
('764012', 'ENLATADOR DE PESCADO'),
('764013', 'ESCABECHERO'),
('764014', 'LIMPIADOR DE FRUTAS Y HORTALIZAS,PARA CONSERVAS'),
('764015', 'OBRERO DE LA PREPAC. Y CONSERV.  DE FRUTAS SECAS'),
('764016', 'OPERADOR DE EVAPORADORA, EXTRACTOS ALIMENTICIOS'),
('764017', 'PELADOR DE FRUTAS Y HORTALIZAS,PARA CONSERVAS'),
('764018', 'PREPARADOR DE MERMELADAS'),
('764019', 'PREPARADOR DE JAMONES O JAMONERO'),
('764020', 'PREPARADOR DE BOCADITOS ENVASADOS(PAPA FRITA,CAMOTE,ETC)'),
('764021', 'PREPARADOR DE ALIMENTOS CONCENTRADOS'),
('764022', 'PREPARADOR DE CHARQUI'),
('764023', 'RELLENADOR DE ACEITUNAS'),
('764024', 'SALADOR DE ALIMENTOS,CARNES Y PESCADO'),
('764025', 'SALAZONERO'),
('764026', 'SALCHICHERO'),
('764027', 'SECADOR DE PESCADO AL SOL'),
('764028', 'TONELERO-SALADOR, PESCA'),
('765001', 'CULTIVADOR DE FERMENTOS LACTEOS'),
('765002', 'DESECADOR-PULVERIZADOR DE LECHE EN POLVO'),
('765003', 'ESTERILIZADOR DE PRODUCTOS LACTEOS'),
('765004', 'HELADERO,FABRICACION'),
('765005', 'HIGIENIZADOR DE LECHE'),
('765006', 'HORCHATERO'),
('765007', 'LECHE CONDENSADA, PREPARADOR'),
('765008', 'MANTEQUILLERO O MAZADOR'),
('765009', 'MOLDEADOR DE MANTEQUILLA'),
('765010', 'OPERADOR DE BATIDORA DE HELADOS'),
('765011', 'OPERADOR DE MAQUINA DE HOMOGENIZACION DE LA LECHE'),
('765012', 'PASTEURIZADOR DE LECHE Y PRODUCTOS LACTEOS'),
('765013', 'PREPARADOR DE MANJARBLANCO Y NATILLAS'),
('765014', 'PREPARADOR DE LECHE CONDENSADA'),
('765015', 'PREPARADOR DE YOUGURT Y CREMAS'),
('765016', 'QUESERO'),
('765017', 'REFRIGERADOR DE LECHE O PRODUCTOS LACTEOS'),
('765018', 'REQUESONERO'),
('765019', 'SALADOR DE QUESO'),
('766001', 'AMASADOR DE PAN'),
('766002', 'ARROPIERO'),
('766003', 'CATADOR DE CAFE O DE TE'),
('766004', 'CLASIFICADOR DE CAFE O DE TE'),
('766005', 'CHANCAQUERO, ELABORADOR DE CHANCACA'),
('766006', 'CHOCOLATERO, PREPARADOR'),
('766007', 'CHURRERO, PREPARADOR'),
('766008', 'COLOCADOR DE TABLAS, PANADERIA'),
('766009', 'CONFITERO, PREPARADOR'),
('766010', 'DULCERO, PREPARADOR'),
('766011', 'ESCARCHADOR DE FRUTAS'),
('766012', 'FIDERO'),
('766013', 'GALLETAS, FABRICACION, OPERADOR MAQUINAS SOBADORA DE MASA'),
('766014', 'GALLETAS, OPERADOR DE TROQUEL'),
('766015', 'GOMA MASCAR, CHICLE, OPERADOR MAQUINAS DE FABRICAR'),
('766016', 'HOJALDRISTA'),
('766017', 'HORNERO DE PAN'),
('766018', 'LAMINADOR DE CHOCOLATES'),
('766019', 'LAMINADOR DE GALLETAS'),
('766020', 'MAZAPAN, CONFECCIONADOR'),
('766021', 'MEZCLADOR DE INGREDIENTES, FABRICACION CHOCOLATE'),
('766022', 'MELCOCHERO, PREPARADOR'),
('766023', 'MEZCLADOR DE CAFE'),
('766024', 'MEZCLADOR DE TE'),
('766025', 'MOLINERO DE CAFE'),
('766026', 'MOLINERO DE CACAO'),
('766027', 'MOLINERO DE CACAO,FABRICACION DE CHOCOLATES'),
('766028', 'OFICIAL DE MASA O DE PALA,PANADERIA'),
('766029', 'OPERADOR DE MAQUINA DE FABRICAR PASTAS ALIMENTICIAS'),
('766030', 'OPERADOR DE MAQUINA DE GOMA DE MASCAR,CHICLE'),
('766031', 'OPERADOR MAQ.CALIBRADORA-CORTADORA MASA, FABRIC. DE GALLETA'),
('766032', 'OPERADOR MAQ.SOBADORA MASA, FABRICACION GALLETAS'),
('766033', 'OPERADOR DE TROQUEL DE GALLETAS'),
('766034', 'PANADERO-PASTELERO,EN GENERAL'),
('766035', 'PASTELERO, PREPARADOR'),
('766036', 'PRENSADOR DE CACAO, FABRICACION DE CHOCOLATE'),
('766037', 'PREPARADOR PASTAS PASTELERIA EN MOLDES A MAQUINA'),
('766038', 'PREPARADOR DE PASTAS ALIMENTICIAS'),
('766039', 'REPOSTERO,ELABORACION DE PASTELES Y OTROS'),
('766040', 'TORREFACTOR DE CAFE'),
('766041', 'TORREFACTOR DE ACHICORIA Y OTROS SUCEDANEOS'),
('766042', 'TOSTADOR DE CAFE'),
('766043', 'TOSTADOR DE CACAO'),
('766044', 'TURRONERO, PREPARADOR'),
('767001', 'ACETIFICADOR'),
('767002', 'CAPATAZ O CONTRAMAESTRE DE ELABORACION DE BEBIDAS'),
('767003', 'CATADOR DE VINOS Y LICORES'),
('767004', 'CERVECERO, GERMINACION'),
('767005', 'CLASIFICADOR DE VINOS'),
('767006', 'ENFRASCADOR DE VINOS'),
('767007', 'COCEDOR DE MALTA'),
('767008', 'COCEDOR DE MOSTO, CERVEZA'),
('767009', 'DESECADOR DE MALTA'),
('767010', 'FERMENTADOR'),
('767011', 'FERMENTADOR DE VINOS'),
('767012', 'FILTRADOR DE CERVEZA'),
('767013', 'GASEADOR DE SIDRA'),
('767014', 'LAGARERO, VINOS'),
('767015', 'LAVADOR DE PASTA,SIDRA'),
('767016', 'MALTERO, GERMINACION'),
('767017', 'MEZCLADOR DE VINOS'),
('767018', 'OBRERO DE LA ELABORACION DE VINOS'),
('767019', 'OBRERO DE LA FABRICACION DE LEVADURA'),
('767020', 'OBRERO DE LA GERMINACION DE GRANOS,CERVEZA'),
('767021', 'OBRERO DE VINOS ACHAMPANADOS'),
('767022', 'OBRERO ELABORACION SODAS, GASEOSAS Y OTRAS BEBIDAS NO ALCOH'),
('767023', 'OPERADOR DE PRENSAS DE FRUTAS'),
('767024', 'PISADOR DE UVA'),
('767025', 'PRENSADOR DE UVA'),
('767026', 'PREPARADOR DE BEBIDAS CARBONICAS Y JARABES'),
('767027', 'SECADOR DE MALTA'),
('767028', 'SIDRERO'),
('767029', 'TRASEGADOR DE VINOS'),
('767030', 'VINAGRERO'),
('768001', 'ALMAZARERO'),
('768002', 'DESCASCARADOR O TOSTADOR DE MANI'),
('768003', 'DESCASCARADOR DE FRUTAS SECAS'),
('768004', 'DESCASCARADOR DE NUECES'),
('768005', 'DESPINADOR DE PEJERREYES Y OTROS PESCADOS'),
('768006', 'EXTRACTOR DE ACEITE DE ORUJO'),
('768007', 'HIDROGENADOR DE ACEITES Y GRASAS'),
('768008', 'LIMPIADOR DE CAMARONES'),
('768009', 'LIMPIADOR DE PEJERREYES Y OTROS PESCADOS'),
('768010', 'OPERADOR DE DESDOBLADORA, ACEITE Y DERIVADOS'),
('768011', 'OPERADOR DE HIDROGENADORA, ACEITE Y DERIVADOS'),
('768012', 'OPERADOR DE MAQ. COAGULADORA, GRASA VEGETALES'),
('768013', 'PELADOR DE CAMARONES'),
('768014', 'PELADOR DE MANI'),
('768015', 'PESCADERO, LIMPIADOR DE PESCADO'),
('768016', 'PREPARADOR DE MARGARINA'),
('768017', 'REFINADOR DE ACEITES Y GRASAS'),
('768018', 'TOSTADOR DE CACAHUATES O ALMENDRAS'),
('768019', 'PREPARADOR DE TAMALES'),
('769001', 'ABRIDOR DE CAPA Y CAPILLOS,ELABORACION CIGARRO'),
('769002', 'ACONDICIONADOR DE TABACO'),
('769003', 'CIGARRERO A MANO'),
('769004', 'CIGARRERO A MAQUINA'),
('769005', 'CLASIFICADOR DE CIGARROS'),
('769006', 'CLASIFICADOR DE TABACO'),
('769007', 'DESPALILLADOR DE TABACO A MANO'),
('769008', 'DESPALILLADOR DE TABACO A MAQUINA'),
('769009', 'DESVENADOR DE TABACO A MANO'),
('769010', 'DESVENADOR DE TABACO A MAQUINA'),
('769011', 'ENFRIADOR DE TABACO'),
('769012', 'ESCOGEDOR DE TABACO'),
('769013', 'HUMECTADOR DE TABACO'),
('769014', 'LAMINADOR DE VENA,TABACO'),
('769015', 'LIGADOR DE TABACO'),
('769016', 'MEZCLADOR DE TABACO'),
('769017', 'MOJADOR DE TABACO'),
('769018', 'OPERADOR DE MAQUINA DE PICAR TABACO'),
('769019', 'OPERADOR DE MAQUINA SECADORA DE TABACO'),
('769020', 'OPERADOR DE MAQUINA DE HACER CIGARRILLOS'),
('769021', 'OPERADOR DE MAQUINA DE HACER FILTROS CIGARRILLOS'),
('769022', 'OPERADOR MAQ. ESTAMPAR MARCAS DE LOS CIGARRILLOS'),
('769023', 'OPERADOR DE MAQUINA DE EMBOLSAR CIGARRILLOS'),
('769024', 'OREADOR DE TABACO'),
('769025', 'PICADOR DE TABACO'),
('769026', 'PRENSADOR DE CIGARRILLOS'),
('769027', 'PRENSADOR DE TABACO DE MASCAR'),
('769028', 'PREPARADOR DE RAPE'),
('769029', 'PREPARADOR DE PICADURA DE TABACO PARA PIPA'),
('769030', 'PURERO A MANO'),
('769031', 'REFRESCADOR DE TABACO'),
('769032', 'REZAGADOR, FERMENTADO DEL TABACO'),
('769033', 'REZAGADOR DE CAPOTE, ELABORACION DE CIGARRILLOS'),
('769034', 'REZAGADOR DE CAPA, ELABORACION DE CIGARROS'),
('769035', 'TENDEDOR DE TABACO'),
('769036', 'TERREFACTOR DE TABACO'),
('769037', 'TORCEDOR DE TABACO A MANO,ELABORACION CIGARROS'),
('769038', 'TORCEDOR DE TABACO A MAQ. ELABORACION DE CIGARROS'),
('771001', 'CAMISERA'),
('771002', 'CORSETERA'),
('771003', 'COSTURERA-MODISTA'),
('771004', 'CHALEQUERO,CONFECCION EN SERIE'),
('771005', 'MAESTRO DE AGUJA Y MESA,SASTRE'),
('771006', 'MODISTA DE TEATRO'),
('771007', 'MODISTON, MODISTO'),
('771008', 'PANTALONERO, CONFECCION EN SERIE'),
('771009', 'SASTRE, CONFECCION EN SERIE'),
('771010', 'SASTRE, A MEDIDA'),
('771011', 'SASTRE, CORTADOR'),
('772001', 'ACABADOR DE TRABAJOS DE PELETERIA'),
('772002', 'BORDADORES A MANO O A MAQUINA EN GENERAL'),
('772003', 'CLAVADOR DE PIELES'),
('772004', 'COMBINADOR DE PIELES VALIOSAS'),
('772005', 'COSEDOR A MANO Y A MAQUINA, EN GENERAL'),
('772006', 'COSEDOR A MANO PRENDAS VESTIR,EXCEPTO CALZADO CUERO'),
('772007', 'COSEDOR A MANO DE PRENDAS DE PELETERIA'),
('772008', 'COSEDOR A MAQUINA-REMALLADORES'),
('772009', 'ESCOGEDOR Y COMBINADOR DE PIELES VALIOSAS'),
('772010', 'MANGUITERO O PELETERO'),
('772011', 'PELETERO'),
('773001', 'ACABADOR Y ADORNADOR DE SOMBREROS'),
('773002', 'OPERADOR DE MAQUINAS DE SOMBREROS DE FIELTRO'),
('773003', 'SOMBRERERO,INCLUSIVE DE SOMBREROS DE PAJA'),
('774001', 'CORTADOR DE GUANTES'),
('774002', 'CORTADOR PRENDAS VESTIR,INCLUSIVE CUERO Y PIEL'),
('774003', 'CORTADOR ROPA BLANCA, TAPICERIA, TELAS PARAGUAS'),
('774004', 'CORTADOR DE TOLDOS Y SOMBRILLAS, TIENDAS CAMPA?A'),
('774005', 'CORTADOR DE VESTIDOS, INCLUSIVE DE CUERO Y PIEL'),
('774006', 'CORTADOR DE VELAS DE EMBARCACIONES'),
('774007', 'CORTADOR, SASTRERIA'),
('774008', 'PATRONISTA PRENDAS VESTIR, LENCERIA, SOMBREROS, GORROS'),
('774009', 'PATRONISTA DE ROPA BLANCA'),
('774010', 'PATRONISTA TIENDAS CAMPA?A,TOLDOS,SOMBRILLAS'),
('774011', 'PATRONISTA DE VELAS DE EMBARCACIONES'),
('774012', 'PATRONISTA DE TELA DE PARAGUAS'),
('774013', 'TRAZADOR DE PRENDAS DE VESTIR, LENCERIA'),
('775001', 'COLCHONERO'),
('775002', 'CONFECCIONADOR DE COLCHAS'),
('775003', 'CONFECCIONADOR DE CORTINAS'),
('775004', 'CONFECCIONADOR DE ROPA DE TAPICERIA'),
('775005', 'CONFECCIONADOR DE EDREDONES'),
('775006', 'TAPICERO DE MUEBLES'),
('775007', 'TAPICERO DE VEHICULOS'),
('776001', 'ABORNADOR DE CUEROS'),
('776002', 'ARTESANO DEL CUERO, EN GENERAL'),
('776003', 'COSEDOR DE CUERO (MALETAS, CARTERAS, BOLSAS)'),
('776004', 'CORTADOR DE CUEROS, CONFECCIONES DE ARTICULOS'),
('776005', 'GUARNICIONERO'),
('776006', 'MALETERO, CUERO O MARROQUIN'),
('776008', 'MARROQUINERO, FABRICACION DE ARTICULOS DE CUERO'),
('776009', 'MONTADOR DE ARTICULOS DE CUERO'),
('776010', 'REPUJADOR DE CUEROS'),
('776011', 'TALABARTERO'),
('776012', 'TROQUILADOR DE CUEROS'),
('777001', 'ACABADOR DE CALZADO'),
('777002', 'APARADOR DE CALZADO'),
('777003', 'ARMADOR DE CALZADO'),
('777004', 'CORTADOR EMPEINES CALZADO, A MAQUINA O A MANO'),
('777005', 'CORTADOR DE PALAS DE CALZADO, A MAQUINA O A MANO'),
('777006', 'CORTADOR DE SUELAS'),
('777007', 'COSEDOR DE CALZADO, A MAQUINA'),
('777008', 'DESPUNTADOR DE SUELAS'),
('777009', 'GUARNECEDOR DE CALZADO'),
('777010', 'HORMERO, ARMADOR DE CALZADO'),
('777011', 'LIJADOR DE CANTOS, CALZADO'),
('777012', 'MONTADOR DE PALAS DE CALZADO'),
('777013', 'MONTADOR DE SUELAS'),
('777014', 'PATRONISTA DEL CALZADO'),
('777015', 'PREPARADOR DE PALAS DE CALZADO'),
('777016', 'PREPARADOR DE SUELAS'),
('777017', 'ZAPATERO ORTOPEDISTA'),
('778001', 'AJUSTADOR-OPERADOR DE CEPILLADORA, LABRA MADERA'),
('778002', 'AJUSTADOR-OPERADOR MOLDURADORA, LABRA DE MADERA'),
('778003', 'AJUSTADOR-OPERADOR RANURADORA, LABRA DE MADERA'),
('778004', 'AJUSTADOR-OPERADOR TORNO, LABRA DE MADERA'),
('778005', 'AJUSTADOR-OPERADOR DE MAQ. LABRAR MADERA EN GRAL'),
('778006', 'AJUSTADOR-OPERADOR DE SIERRA MECANICA DE PRECISION'),
('778007', 'AJUSTADOR-OPERADOR TORNO AUTOMATICO, LABRA MADERA'),
('778008', 'AJUST-OPERAD FRESADORA-GRABADORA, LABRA DE MADERA'),
('778009', 'AJUSTADOR DE MAQ. DE LABRAR MADERA EN GENERAL'),
('778010', 'ACABADOR DE MUEBLES DE MADERA'),
('778011', 'CARROCERO, CARROCERIAS DE MADERA'),
('778012', 'CEPILLADOR DE MADERA'),
('778013', 'CHAPEADOR DE MUEBLES DE MADERA'),
('778014', 'CHAROLADOR'),
('778015', 'CONFECCIONADOR MUEBLES MADERA PARA EL HOGAR U OFICINA'),
('778016', 'CONFECCIONADOR DE ARTICULOS MADERA PARA DEPORTE'),
('778017', 'CONSTRUCTOR DE CARRETAS O CARRETILLAS(MADERA)'),
('778018', 'CONSTRUCTOR DE ATAUDES'),
('778019', 'CONSTRUCTOR DE KIOSCOS DE MADERA'),
('778020', 'CURVADOR DE MADERA'),
('778021', 'EBANISTA, MARQUETERIA'),
('778022', 'EBANISTA DE MESA DE BILLAR'),
('778023', 'EBANISTA DE PIANOS'),
('778024', 'EBANISTAS DE ESTUCHES PARA INSTRUMENTOS'),
('778025', 'EBANISTA O CARPINTERO EN MADERA, EXCEPTO CONSTRUCCION'),
('778026', 'LAQUEADOR DE MUEBLES DE MADERA'),
('778027', 'MAQUETISTA EN MADERA'),
('778028', 'MODELISTA EN MADERA'),
('778029', 'MUEBLISTA DE MADERA EN GENERAL'),
('778030', 'OPERADOR DE MAQ. DE LABRAR MADERA,EN GENERAL'),
('778031', 'OPERADOR DE MAQUINAS DE LABRAR, EN GENERAL'),
('778032', 'PIPERO, PIPAS DE FUMAR'),
('778033', 'RESTAURADOR DE ARTICULOS DE MADERA'),
('778034', 'TALLADOR DE MADERA'),
('778035', 'TALLISTA, MADERA'),
('778036', 'TONELERO'),
('778037', 'TORNERO,LABRA DE MADERA'),
('778038', 'TRAZADOR DE EBANISTERIA'),
('778039', 'TRAZADOR, LABRADO DE MADERA'),
('778040', 'TUPISTA, LABRA DE MADERA'),
('779001', 'CONFECCIONADOR DE VELAS,CARPAS Y TOLDOS'),
('779002', 'CONFECCIONADOR DE ALFOMBRAS DE NUDOS A MANO'),
('779003', 'CONFECCIONADOR DE BOLSAS DE HILO'),
('779004', 'CONFECCIONADOR DE CALZADO DE CA?AMO'),
('779005', 'CONFECCIONADOR DE CALZADO DE LONA'),
('779006', 'CONFECCIONADOR DE FLORES ARTIFICIALES(DE TELA)'),
('779007', 'CONFECCIONADOR DE PLUMEROS DE TELA'),
('779008', 'GUARNECEDOR CON PLUMAS DE ADORNO'),
('779009', 'PARAGUERO'),
('781001', 'AJUSTADOR-MODELISTA,FUNDICION'),
('781002', 'AJUSTADOR DE MANDRILES Y CALIBRADORES'),
('781003', 'AJUSTADOR-MODELISTAS Y TRAZADORES MATRICES EN METAL'),
('781004', 'AJUSTADOR-OPERADOR MAQ. HERRAMIENTAS, EN GENERAL'),
('781005', 'AJUSTADOR-OPERADOR DE TORNO'),
('781006', 'AJUSTADOR-OPERADOR DE FRESADORA,INCLUYE DE METAL'),
('781007', 'AJUSTADOR-OPERADOR CEPILLADORA, INCLUYE METALES'),
('781008', 'AJUSTADOR-OPERADOR MANDRILADORA DE METALES'),
('781009', 'AJUSTADOR-OPERADOR DE TALADRADORA'),
('781010', 'AJUSTADOR-OPERADOR RECTIFICADORA, INCLUYE CILINDROS Y METAL'),
('781011', 'AJUSTADOR-OPERADOR DE ESMERILADORA DE METALES'),
('781012', 'AJUSTADOR-OPERADOR DE MAQUINA DE LAPIDAR'),
('781013', 'AJUSTADOR-OPERADOR DE ESCOPLEADORA DE METALES'),
('781014', 'AJUSTADOR-OPERADOR DE TORNO DE ROSCAR'),
('781015', 'AJUSTADOR-OPERADOR DE MAQ. DE TALLAR ENGRANAJES'),
('781016', 'AJUSTADOR-OPERADOR DE MAQUINA MORTAJADORA'),
('781017', 'AJUSTADOR-OPERADOR DE MAQUINAS DE MECANISMO NUMERICO DE CON'),
('781018', 'AYUDANTE DE HERRERO'),
('781019', 'AFILADOR EN GENERAL'),
('781020', 'AMOLADOR DE SIERRAS'),
('781021', 'ARMERO'),
('781022', 'CARPINTERIA METALICA'),
('781023', 'CEPILLADOR DE METALES'),
('781024', 'CERRAJERO'),
('781025', 'COMBERO'),
('781026', 'CONFECCIONADOR A MANO DE PIEZAS DE METAL'),
('781027', 'ESCOPETERO'),
('781028', 'FRESADOR'),
('781029', 'FORJADOR'),
('781030', 'HERRAMENTISTA'),
('781031', 'HERRADOR,HERRERO'),
('781032', 'HERRERO,EN GENERAL'),
('781033', 'LLAVERERO'),
('781034', 'MANDRILADOR'),
('781035', 'MANDRILERO'),
('781036', 'MARTILLADOR-HERRERIA');
INSERT INTO `ocupacion_2` (`id_ocupacion_2`, `descripcion`) VALUES
('781037', 'MECANICO-AJUSTADOR'),
('781038', 'MECANICO ESPECIALISTA EN HERRAMIENTAS Y MATRICES'),
('781039', 'MODELISTA-AJUSTADOR, FUNDICION'),
('781040', 'OPERADOR MAQUINAS HERRAMIENTA AUTOMATICA MANDO NUMERICO'),
('781041', 'OPERADOR DE ESMERILADORA'),
('781042', 'OPERADOR DE ESCOPLEADORA'),
('781043', 'OPERADOR DE MAQUINAS HERRAMIENTAS EN GENERAL'),
('781044', 'OPERADOR DE MAQUINA DE FUNCION MULTIPLE'),
('781045', 'OPERADOR DE MAQUINA DE TRANSFERENCIA AUTOMATICA'),
('781046', 'OPERADOR DE MAQUINA DE TALLAR ENGRANAJES'),
('781047', 'OPERADOR DE MAQUINA LAPIADORA DE METALES'),
('781048', 'OPERADOR DE SIERRA MECANICA DE METALES'),
('781049', 'OPERADOR DE TALADRADORA DE METAL'),
('781050', 'OPERADOR DE MAQUINAS PARA FABRICAR TORNILLOS'),
('781051', 'OBREROS DE LA MANUFACTURA A MANO DE PZAS METAL'),
('781052', 'OBREROS FCION MUELLES, CLAVOS, TORNILLOS, CABLES'),
('781053', 'OPERADOR DE CIZALLA MECANICA'),
('781054', 'OPERADOR DE MAQUINA DE CURVAR METALES'),
('781055', 'OPERADOR DE PRENSA MECANICA,DE METALES'),
('781056', 'OPERADOR DE TIJERA MECANICA'),
('781057', 'OPERADOR DE TORNO DE EMBUTIR'),
('781058', 'PULIDOR DE METALES, A MAQUINA'),
('781059', 'PULIDOR DE METALES, A MANO'),
('781060', 'RECTIFICADOR DE METALES'),
('781061', 'RECTIFICADOR DE CILINDROS,TRABAJO DE METALES'),
('781062', 'REGULADORES DE MAQUINA HERRAMIENTAS, EN GENERAL'),
('781063', 'REGUL-OPERAD REVOLVERES PARA EL TRABAJO DE METALES'),
('781064', 'REGULADOR-OPERADOR DE TORNO AUTOMATICO DE METAL'),
('781065', 'TALADRISTA'),
('781066', 'TRAZADOR EN METALES'),
('781067', 'TORNERO,LABRA DE METALES'),
('781068', 'TORNERO DE EMBUTIR'),
('781069', 'CARPINTERO MECANICO'),
('782001', 'AYUDANTE DE MECANICO DE VEHICULOS DE MOTOR'),
('782002', 'MECANICO AUTOMOVILES, CAMIONES, MOTOCICLETAS, AUTOBUS, TRAC'),
('782003', 'MECANICO DE DIRECCION Y FRENOS DE AUTOMOVILES'),
('782004', 'MECANICO DE MOTORES DE AVION,EN GENERAL'),
('782005', 'MECANICO DE MOTORES DE BARCOS,EN GENERAL'),
('782006', 'MECANICO NAVAL'),
('782007', 'MECANICO DE SALA DE MAQUINAS DE BARCOS'),
('782008', 'MECANICO DE MAQUINAS EN GENERAL: AGRICULTURA, OFICINA, TEXT'),
('782009', 'MECANICO MOTORES DIESEL,EXCEPTO MOTOR AUTOMOVILES Y CAMIONE'),
('782010', 'MECANICO DE TURBINAS,EXCEPTO TURBINAS DE AVION'),
('782011', 'MECANICO ENGRASADOR,EXCEPTO BARCOS'),
('782012', 'MECANICO REPARADOR DE BICICLETAS'),
('782013', 'MONTADOR DE MANUFACTURAS METALICAS'),
('782014', 'PROBADOR DE AUTOMOVILES,REPARACIONES'),
('782015', 'REPARADOR DE BICICLETAS'),
('782016', 'REVISOR Y PROBADOR DE MAQUINARIA'),
('782017', 'SAMUELLES-MUELLERO'),
('783001', 'AJUSTADOR ELECTRICISTA EN GENERAL'),
('783002', 'AJUSTADORES ELECTRICISTAS DE MOTORES Y DINAMOS'),
('783003', 'AJUSTADORES ELECTRICISTAS DE TRANSFORMADORES'),
('783004', 'AJUSTADORES ELECTRICISTAS EQUIPOS CENTRALES ELECTRICOS'),
('783005', 'AJUSTADORES ELECTRICISTAS ASCENSORES Y SIMILARES'),
('783006', 'AJUSTADOR ELECTRONICISTA'),
('783007', 'BOBINADOR ELECTRICISTA'),
('783008', 'CONTROLADOR CALIDAD APARAT. ELECTRIC. Y ELECTRONICOS'),
('783009', 'DEBANADOR, ELECTRICISTA'),
('783010', 'ELECTRICISTA BOBINADOR'),
('783011', 'ELECTRICISTA-MONTADOR,AIRE ACONDICIONADO'),
('783012', 'ELECTRICISTAS GRAL., CONSTRUC. INSTAL. ELEC., CINE'),
('783013', 'ELECTRICISTA DE BARCOS Y AVIONES'),
('783014', 'ELECTRICISTA DE VEHICULOS'),
('783015', 'EMPALMADOR DE CABLES ELECTRICOS'),
('783016', 'INSPECTOR CONTROL CALIDAD, EQUIPO. ELECTRIC. Y ELECTRONICOS'),
('783017', 'INSPECTOR CALIDAD APARAT. ELECTRIC. Y ELECTRONICOS'),
('783018', 'INSPECTOR DE DISTINTIVO DE CALIDAD'),
('783019', 'INSTALADOR ELECTRICISTA,ASCENSORES Y EQUIPO SIMILAR'),
('783020', 'INSTALADOR DE ANTENAS DE RADIO Y TELEVISION'),
('783021', 'INSTALADOR DE TELEFONOS Y TELEGRAFOS'),
('783022', 'INSTALADOR CABLES PARA LA ELECTRIFICACION FERROCARRILES'),
('783023', 'INSTALADOR LINEAS ENERGIA ELECTRICA, TENDIDO AEREO'),
('783024', 'INSTALADOR DE CABLES DE ENERGIA ELECTRICA'),
('783025', 'INSTALADOR DE LINEAS ELECTRICAS PARA TRACCION'),
('783026', 'INSTALADOR DE CABLES'),
('783027', 'INSTALADOR CABLES PARA TRACCION VEHICULOS ELECT.'),
('783029', 'INSTALADOR DE CABLES DE TELEFONOS Y TELEGRAFOS'),
('783030', 'INSTALADOR DE LINEAS SUBTERRANEOS'),
('783031', 'INSTALADOR LINEAS ELECTRICAS Y TELECOMUNICACIONES'),
('783032', 'INSTALADOR DE LINEAS DE TELECOMUNICACIONES'),
('783033', 'MECANICO-REPARADOR DE RECEPTORES RADIO Y TV'),
('783034', 'MECANICO DE TELEFONO Y TELEGRAFOS'),
('783035', 'MECANICO REPARADOR DE TELEFONOS Y TELEGRAFOS'),
('783036', 'MONTADOR DE INSTALACIONES TELEFONICAS Y TELEGRAFO'),
('783037', 'MONTADOR ELECTRICISTA, AJUSTADOR EN GENERAL'),
('783038', 'MONTADOR, ASCENSORES Y EQUIPO SIMILAR'),
('783039', 'MONTADOR O ENSAMBLADOR APARATOS ELECT. Y ELECTRO.'),
('783040', 'MONTADOR DE RADIOS'),
('783041', 'MONTADOR DE TUBOS ELECTRONICOS'),
('783042', 'MONTADOR CABLES DE TRANSPORTE DE ENERGIA ELECTRICA'),
('783043', 'MONTADOR DE CABLES SUBTERRANEAS'),
('783044', 'MONTADOR LINEAS AEREAS PARA TRANSPORTE DE CORRIENTE'),
('783045', 'MONTADOR DE LINEAS CATENARIAS'),
('783046', 'MONTADOR DE LINEAS TELEFONICAS Y TELEGRAFICAS'),
('783047', 'MONTADOR DE LINEAS SUBTERRANEOS'),
('783048', 'REPARADOR DE RECEPTORES DE RADIO Y TV'),
('783049', 'RADIO TECNICO REPARACIONES DE RADIO Y TV'),
('783050', 'REPARADOR DE APARATOS ELECTRODOMESTICOS'),
('783051', 'REPARADOR ELECTRICISTA DE APARATOS ELECTRODOMESTICOS'),
('783052', 'REPARADOR INSTALACIONES DE TELEFONICOS Y TELEGRAFOS'),
('784001', 'CONTROLADOR DE SONIDO,ESTUDIOS DE RADIO Y TV'),
('784002', 'OPERADOR DE APARATOS DE ESTUDIOS DE RADIO Y TV'),
('784003', 'OPERADOR DE EQUIPO DE TRANSMISION DE RADIO Y TV'),
('784004', 'OPERADOR EQUIPO ESTUDIOS RADIODIFUSION O TV'),
('784005', 'OPERADOR ESTACION EMISORA DE RADIO Y TV'),
('784006', 'OPERADOR DE ESTACION EMISORA RADIO Y TV,DE EQUIPO'),
('784007', 'OPERADOR DE IMAGEN DE TELEVISION'),
('784008', 'OPERADOR DE RADIO Y TELEVISION'),
('784009', 'OPERADOR DE VIDEO'),
('784010', 'OPERADOR DE APARATO DE PROYECCION,CINE'),
('784011', 'OPERADOR DE CABINA, CINEMATOGRAFICA, SALAS CINE'),
('784012', 'OPERADOR DE EQUIPO DE GRABACION O REG. DE SONIDO'),
('784013', 'OPERADOR EQUIPO DE AMPLIFICACION DE SONIDO'),
('784014', 'OPERADOR DE VIDEO O BETAMAX'),
('785001', 'AJUSTADOR DE TUBERIAS EN GENERAL, DE GAS, EN AVIONES'),
('785002', 'ARMADOR DE CAJAS DE ACERO EN TALLER'),
('785003', 'ARMADOR DE ESTRUCTURAS DE ACERO'),
('785004', 'ARMADOR HIERRO Y ACERO, BLINDAJE, CONSTRUC NAVALES'),
('785005', 'ARMADOR DE BARCOS'),
('785006', 'AYUDANTE DE HOJALATERIA'),
('785007', 'AYUDANTE DE REMACHADOR DE ESTRUCTURAS METALICAS'),
('785008', 'CALDERERO, COBRE Y ALEACIONES LIGERAS CHAPAS ACERO'),
('785009', 'CALENTADOR AL ROJO DE REMACHES'),
('785010', 'CARROCERO, AUTOMOVILES, AVIONES Y OTROS'),
('785011', 'CORROCERO DE AUTOMOVILES'),
('785012', 'CONDUCTOR DE MAQUINA DE SOLDAR POR ARCO ELECTRICO'),
('785013', 'CORTADOR DE METALES CON SOPLETE'),
('785014', 'CHAPISTA EN GRAL., CALDERO, HOJALATERO, DECORACION'),
('785015', 'FONTANERO,EN GENERAL'),
('785016', 'GASFITERO'),
('785017', 'HOJALATERO O CHAPISTA'),
('785018', 'INSTALADOR TUBERIAS,EN GRAL,GAS,BARCOS,AVIONES'),
('785019', 'MONTADOR DE CALDERAS'),
('785020', 'MONTADOR CONSTRUCC. METALICAS, EXCEPTO BUQUES'),
('785021', 'MONTADOR ESTRUCTURAS DE ACERO,EXCEPTO BUQUES'),
('785022', 'MONTADOR DE PLANCHAS,ASTILLEROS'),
('785023', 'OPERADOR DE GASOMETRO'),
('785024', 'OXICORTADOR EN GENERAL, A MANO O A MAQUINA'),
('785025', 'OPERARIO DE MESA DE CORTE, OXICORTADOR'),
('785026', 'OPERARIO DE OXICORTE'),
('785027', 'PLANCHADOR DE CARROCERIAS DE VEHICULOS'),
('785028', 'PLOMERO'),
('785029', 'PREPARADOR DE ESTRUCTURAS DE ACERO EN TALLER'),
('785030', 'REBLONADOR PLANCHAS METAL, A MANO O MAQ., PLANCHA'),
('785031', 'REMACHADOR, MANO O MAQ. PLANCHAS MET., MARTILLO NEU.'),
('785032', 'REPLANTEADOR DE ESTRUCTURAS, METALICAS'),
('785033', 'SOLDADOR-PLOMERO'),
('785034', 'SOLDADOR CON SOPLETE Y POR ARCO ELECTRICO,GRAL'),
('785035', 'SOPLETISTA DE CORTE, A MANO'),
('785036', 'SOPLETISTA SOLDADOR'),
('785037', 'SOLDADOR N.E.O.P.'),
('785038', 'SOLDADOR DE CAUTIN (CAUTIL)'),
('785039', 'TRAZADOR DE CALDERERIA Y CHAPAS'),
('785040', 'TRAZADOR DE PLANCHAS Y CHAPAS METALICAS'),
('785041', 'TRAZADOR DE ESTRUCTURAS METALICAS'),
('785042', 'TRAZADOR DE GALIBOS, ASTILLEROS'),
('785043', 'TUBERO EN GENERAL, DISTRIBUCION GAS, AIRE A PRESION, VAPOR'),
('791001', 'ARREGLO DE MAQUINA DE ESCRIBIR, CALCULADORAS, ETC.'),
('791002', 'AJUSTADOR, MONTADOR DE MOTORES A GASOLINA'),
('791003', 'AJUSTADOR, MONTADOR DE MOTORES DIESEL'),
('791004', 'AJUSTADOR, MONTADOR DE MOTORES DE COMBUST.INT.(EX.MOT.AVION'),
('791005', 'AJUSTADOR-MONTADOR DE MOTORES MARINOS'),
('791006', 'AJUSTADOR-MONTADOR DE MOTORES AVION,REACCION'),
('791007', 'AJUSTADOR-MONTADOR EXCEPTO MOTORES COMBUS. INTERNA'),
('791008', 'CONSTRUCTOR DE BRUJULAS'),
('791009', 'CONSTRUCTOR DE BALANZAS'),
('791010', 'CONSTRUCTOR DE BAROMETROS, TERMOMETROS'),
('791011', 'INSTRUMENTISTA, INSTRUMENTOS DE PRECISION'),
('791012', 'MECANICO-MONTADOR MAQUINA, EQUIPO INDUSTRIAL, AIRE ACONDICI'),
('791013', 'MECANICO, AJUSTADOR DE MAQUINARIA EN GENERAL'),
('791014', 'MECANICO DE BALANZAS'),
('791015', 'MECANICO DE CAMARAS FOTOGRAFICAS'),
('791016', 'MECANICO DE INSTRUMENTOS DE OPTICA'),
('791017', 'MECANICO DE INSTRUMENTOS DE LABORATORIO'),
('791018', 'MECANICO DE INSTRUMENTOS DE ODONTOLOGIA'),
('791019', 'MECANICO DE INSTRUMENTO QUIRURGICOS'),
('791020', 'MECANICO DE PROTESIS ORTOPEDICAS'),
('791021', 'MECANICO DE PROTESIS DENTALES'),
('791022', 'MECANICO DENTISTA'),
('791023', 'MECANICO ORTOPEDISTA'),
('791024', 'MECANICOS DE INSTRUMENTOS DE PRECISION'),
('791025', 'MONTADOR DE APARATOS FOTOGRAFICOS'),
('791026', 'MONTADOR DE INSTRUMENTOS DE PRECISION'),
('791027', 'RELOJERO'),
('791028', 'REPARADOR DE RELOJES'),
('792001', 'BATIHOJA,JOYERO O PLATERO'),
('792002', 'CINCELADOR-ORFEBRE'),
('792003', 'DIAMANTISTA-PULIDOR Y TALLADOR DE PIEDRAS PRECIOSAS'),
('792004', 'ENGASTADOR'),
('792005', 'ESMALTADOR DE METALES PRECIOSOS'),
('792006', 'FILIGRANISTA,JOYERO O PLATERO'),
('792007', 'GRABADOR DE METALES PRECIOSOS'),
('792008', 'GRABADOR DE PLATERIA Y JOYERIA'),
('792009', 'LAMINADOR DE METALES PRECIOSOS'),
('792010', 'LAPIDARIO, TALLADOR Y PULIDOR DE PIEDRAS PRECIOSAS'),
('792011', 'MARTILLADOR DE METALES PRECIOSOS'),
('792012', 'MONTADOR DE PIEDRAS PRECIOSAS'),
('792013', 'MONTADOR, ORFEBRERIA'),
('792014', 'ORFEBRE, JOYERO O PLATERO'),
('792015', 'ORFEBRERIA, CINCELADOR (JOYERO O PLATERO)'),
('792016', 'PLATERIA, GRABADOR'),
('792017', 'PLATERO Y ORFEBRE'),
('792018', 'RECALCADOR DE METALES PRECIOSOS'),
('792019', 'REPARADOR, DE JOYAS'),
('792020', 'REPUJADOR, OTRO JOYERO O PLATERO'),
('792021', 'TALLADOR Y PULIDOR DE PIEDRAS PRECIOSAS'),
('792022', 'TORNERO-REPUJADOR ORFEBRERIA'),
('792023', 'TREFILADOR DE METALES PRECIOSOS'),
('793001', 'ACABADOR DE BORDES,CRISTAL'),
('793002', 'AFINADOR A MAQUINA DE CRISTALES DE OPTICA'),
('793003', 'AFINADOR DE VIDRIO,OPTICA DE ANTEOJERIA'),
('793004', 'BISELADOR DE CRISTALES'),
('793005', 'CONDUCTOR DE MAQUINA DE ESTIRAR VIDRIO PLANO'),
('793006', 'CORTADOR, TALLADOR DE CRISTALES DE OPTICA'),
('793007', 'CORTADOR DE VIDRIO'),
('793008', 'CURVADOR DE TUBOS DE VIDRIO'),
('793009', 'DESBASTADOR, OPTICA EN ANTEOJERIA'),
('793010', 'ESMERILADOR DE BORDES,VIDRIO'),
('793011', 'ESMERILADOR DE LENTES A MAQUINA'),
('793012', 'LAMINADOR DE LUNAS DE VIDRIO'),
('793013', 'MODELADOR DE LENTES'),
('793014', 'OPERADOR DE BANO METALICO POR FLOTACION VIDRIO'),
('793015', 'OPERADOR DE MAQUINA DE MOLDEAR O SOPLAR VIDRIO'),
('793016', 'OPERADOR MAQUINA ESTIRAR VIDRIO PLANO,VARILLAS O TUBO'),
('793017', 'OPERADOR EN PRENSA DE MOLDEAR VIDRIO'),
('793018', 'OPERADOR VERTIDO VIDRIO FUNDIDO/VERTIDOR VIDRIO FUNDIDO'),
('793019', 'PULIDOR A MAQUINA DE CRISTALES DE OPTICA'),
('793020', 'PULIDOR DE CRISTALES'),
('793021', 'PULIDOR DE LENTES'),
('793022', 'SOPLADOR VIDRIO,MATERIAL LABORATORIO A MAQUINA'),
('793023', 'TALLADOR DE CRISTALES DE OPTICA'),
('794001', 'ALFARERO,EN GRAL,EXCEPTO LADRILLOS,ADOBES,TEJAS'),
('794002', 'AMASADOR DE CAOLIN,PORCELANA'),
('794003', 'CERAMISTA MOLDES, A MANO EXCEPTO LADRILLOS, ADOBES, TEJAS'),
('794004', 'CRIBADOR DE TIERRA, CERAMICA'),
('794005', 'CERAMISTA EN GRAL,EXCEPTO ADOBES,LADRILLOS,TEJAS'),
('794006', 'CINCELADOR DE PIEZAS DE CERAMICA'),
('794007', 'COLADOR DE CERAMICA,EXCEPTO DE ADOBE Y LADRILLO'),
('794008', 'EXTRUSOR DE ARCILLA,CERAMICA'),
('794009', 'MACHERO-MOLDEADOR,CERAMICA'),
('794010', 'MEZCLADOR DE PASTA DE ABRASIVOS'),
('794011', 'MODELADOR AL TORNO CON TERRAJA,CERAMICA'),
('794012', 'MODELISTA DE CERAMICA'),
('794013', 'MOLDEADOR DE MUELAS ABRASIVAS'),
('794014', 'MOLDEADOR MACHERO DE CERAMICA'),
('794015', 'MOLINERO,TIERRA DE LOZA'),
('794016', 'OPERADOR DE FILTRO PRENSA PARA ARCILLA(CERAMICA)'),
('794017', 'OPERADOR DE PRENSA DE CERAMICA'),
('794018', 'OPERADOR DE PRENSA GALLETERA, CERAMICA'),
('794019', 'PRENSADOR DE CERAMICA, CON TROQUEL'),
('794020', 'PREPARADOR DE BARBOTIN'),
('794021', 'PREPARADOR DE MOLDES, CERAMICA, LOZA Y PORCELANA'),
('794022', 'PREPARADOR CERAMICA EN MOLDES, PASTA DE ARCILLA'),
('794023', 'TALADRADOR DE PIEZAS DE CERAMICA'),
('794024', 'TAMIZADOR DE TIERRAS, CERAMICA'),
('794025', 'TORNERO-ALFARERO EN TORNO DE PEDAL'),
('794026', 'TORNERO EN TORNO DE PEDAL, LOZA Y PORCELANA'),
('794027', 'VACIADOR DE CERAMICA EN MOLDES'),
('795001', 'ADOBERO'),
('795002', 'COLADOR DE LADRILLOS Y TEJAS'),
('795003', 'MOLDEADOR DE LADRILLOS Y BALDOSAS'),
('795004', 'OPERADOR DE MAQUINA DE CORTAR LADRILLOS Y TEJAS'),
('795005', 'OPERADOR PRENSA ALTA PRESION PARA LADRILLOS ESPECIALES'),
('795006', 'PREPARADOR DE ADOBES'),
('795007', 'PRENSADOR DE ADOBES CON TROQUEL'),
('795008', 'TEJERO Y ADOBERO A MANO'),
('796001', 'AYUDANTE DE HORNO DE CERAMICA,ENCENDIDO'),
('796002', 'CARGADOR-DESCARGADOR DE HORNO,DE CERAMICA'),
('796003', 'FUNDIDOR VIDRIERO'),
('796004', 'HORNERO,BRIQUETAS'),
('796005', 'HORNERO,CERAMICA'),
('796006', 'HORNERO,FABRICACION DE VIDRIO'),
('796007', 'HORNERO,LOZA Y PORCELANA'),
('796008', 'HORNERO,MATERIAL REFRACTARIO EXCEPTO TEJAS Y LADRILLOS'),
('796009', 'HORNERO,PORCELANA'),
('796010', 'HORNERO,RECOCIDO DEL VIDRIO'),
('796011', 'HORNERO,TEJAS Y LADRILLOS'),
('796012', 'HORNERO,TEMPLADO DEL VIDRIO'),
('796013', 'MOLDEADOR DE CRISOLES'),
('796014', 'OPERADOR DE SECADOR DE BRIQUETAS'),
('796015', 'PREPARADOR DE CAJA DE SECADO,HORNO DE CERAMICA'),
('796016', 'TEMPLADOR DE VIDRIO'),
('797001', 'ESMERILADOR CON CHORROS DE ARENA,VIDRIO'),
('797002', 'ESMERILADOR VIDRIO O CRISTAL CON CHORRO DE ARENA'),
('797003', 'GRABADOR DE AGUA FUERTE,CRISTAL'),
('797004', 'GRABADOR DE CERAMICA VIDRIADA'),
('797005', 'GRABADOR DE CRISTAL EN GENERAL'),
('797006', 'GRABADOR DE VIDRIO EN GENERAL'),
('797007', 'PULIDOR DE VIDRIO O CRISTAL EN BA?O DE ACIDO'),
('797008', 'TALLADOR DE CRISTALES-VIDRIOS,TALLA DECORATIVA'),
('797009', 'TALLADOR DE VIDRIO O CRISTAL'),
('798001', 'AZOGADOR'),
('798002', 'DECORADOR DE CERAMICA'),
('798003', 'DECORADOR DE VIDRIO'),
('798004', 'ESMALTADOR DE VIDRIO'),
('798005', 'ESMALTADOR DE CERAMICA'),
('798006', 'FILETERO, DECORADO DE CERAMICA'),
('798007', 'ILUMINADOR DE LOZA Y PORCELANA'),
('798008', 'PINTOR A PISTOLA,DE LOZA Y PORCELANA'),
('798009', 'PULIDOR DE CERAMICA DORADA'),
('798010', 'RETOCADOR, DECORADO DE CERAMICA'),
('798011', 'TRAZADOR, DECORADO DE CERAMICA'),
('798012', 'VIDRIADOR DE CERAMICA'),
('799001', 'EXTRUSOR DE HILOS DE FIBRA DE VIDRIO'),
('799002', 'HILADOR DE VIDRIO'),
('799003', 'MEZCLADOR DE MATERIALES,FABRICACION DE VIDRIO'),
('799004', 'OPERADOR DE MAQUINA PARA FABRICAR FIBRA VIDRIO'),
('799005', 'OPERADOR DE MAQUINA PARA FABRICAR LANA DE VIDRIO'),
('799006', 'PREPARADOR DE FIBRA DE VIDRIO'),
('811001', 'ABARQUERO'),
('811002', 'ALISADOR DE PRODUCTOS DE CAUCHO'),
('811003', 'AMASADOR DE CAUCHO'),
('811004', 'ARMADOR DE PRODUCTOS DE CAUCHO'),
('811005', 'CALANDRADOR DE CAUCHO'),
('811006', 'CAPATAZ O CONTRAMAESTRE DE LA FAB. DE PRODUCTOS DE CAUCHO'),
('811007', 'CONDUCTOR DE MAQUINA DE ESTIRADO DE CAUCHO'),
('811008', 'CONFECCIONADOR-MONTADOR DE ARTICULOS DE CAUCHO'),
('811009', 'CORTADOR DE CAUCHO'),
('811010', 'ENGOMADOR DE TEJIDOS DE CAUCHO'),
('811011', 'ENSAMBLADOR DE PRODUCTOS DE CAUCHO'),
('811012', 'EXTRUSOR DE CAUCHO'),
('811013', 'IMPREGNADOR DE CAUCHO'),
('811014', 'LUSTRADOR DE CAUCHO'),
('811015', 'MEZCLADOR DE CAUCHO'),
('811016', 'MONTADOR DE PRODUCTOS DE CAUCHO'),
('811017', 'OBRERO DEL APOMAZADO DEL CAUCHO'),
('811018', 'OBRERO EN LA FABRIC. DE ARTICULOS DE CAUCHO'),
('811019', 'OPERADOR DE CALANDRIA DE CAUCHO'),
('811020', 'OPERADOR DE MAQUINA AMASADORA DE CAUCHO'),
('811021', 'OPERADOR DE MAQUINA CALANDRADORA DE CAUCHO'),
('811022', 'OPERADOR DE MAQUINA ESTIRADORA DE CAUCHO'),
('811023', 'OPERADOR DE PRENSA DE MOLDEAR CAUCHO'),
('811024', 'VULCANIZADOR ARTIC. CAUCHO, EXCEPTO NEUMATICOS'),
('812001', 'ARMADOR DE PRODUCTOS DE PLASTICO'),
('812002', 'CONFECCIONADOR DE PRODUCTOS DE PLASTICO'),
('812003', 'ENSAMBLADOR DE PRODUCTOS DE PLASTICO'),
('812004', 'EXTRUSOR DE PLASTICO'),
('812005', 'MOLDEADOR DE PLASTICO POR INYECCION'),
('812006', 'MOLDEADOR DE PLASTICO POR COMPRESION'),
('812007', 'MONTADOR DE PRODUCTOS DE PLASTICO'),
('812008', 'OPERAD MAQ. DE MOLDEAR MATERIAS PLASTICAS POR INYECCION'),
('812009', 'OPERAR MAQ. DE MOLDEAR MATERIAS PLASTICAS POR COMPRESION'),
('812010', 'OPERADOR DE MAQUINA DE FABRICAR BOLSAS PLASTICO'),
('812011', 'OPERADOR MAQUINA ESTIRADORA DE PLASTICO'),
('812012', 'OPERADOR DE MAQUINA DE SELLAR PLASTICOS'),
('812013', 'PREPARADOR DE PANELES DE PLASTICO'),
('812014', 'PULIDOR DE PRODUCTOS DE PLASTICO'),
('812015', 'RECORTADOR A MAQUINA DE PROD. DE PLASTICO'),
('812016', 'TALADRADORA DE PRODUCTOS DE PLASTICO'),
('813001', 'AYUDANTE DE REENCAUCHADOR DE NEUMATICOS'),
('813002', 'CONFECCIONADOR DE NEUMATICOS,PRIMERA FASE'),
('813003', 'CORTADOR DE ACANALADURAS EN NEUMATICOS'),
('813004', 'CORTADOR DE ESTUAS EN NEUMATICOS'),
('813005', 'FABRICANTE DE NEUMATICOS,PRIMERA FASE'),
('813006', 'MOLDEADOR DE NEUMATICOS'),
('813007', 'MOLDEADOR Y VULCANIZADOR DE NEUMATICOS'),
('813008', 'RENCAUCHADOR DE NEUMATICOS'),
('813009', 'VULCANIZADOR Y MOLDEADOR DE NEUMATICOS'),
('821001', 'ARMADOR DE CAJAS DE CARTON A MAQUINA'),
('821002', 'CAPATAZ O CONTAMESTRE DE LA CONFECCION DE PRODUCTOS DE PAPE'),
('821003', 'CARTONERO A MAQUINA'),
('821004', 'CONDUCTOR DE MAQUINAS DE FABRICAR TUBOS PAPEL'),
('821005', 'CONDUCTOR DE PRENSA DE EMBUTIR EL CARTON'),
('821006', 'CONFECCIONADOR DE CAJAS DE CARTON'),
('821007', 'CONFECCIONADOR A MAQ. DE BOLSAS Y SOBRES DE PAPEL'),
('821008', 'CONFECCIONADOR DE BOLSAS DE CELOFAN'),
('821009', 'CONFECCIONADOR DE SOBRES A MANO'),
('821010', 'CONFECC. ARTIC. ADORNOS Y FANTASIA EN PAPEL'),
('821011', 'CONFECCIONADOR DE MALETAS DE CARTON'),
('821012', 'CONFECCIONADOR DE PAPEL'),
('821013', 'EMSAMBLADOR DE NAIPES'),
('821014', 'MONTADOR DE CAJAS DE CARTON A MANO O A MAQUINA'),
('821015', 'OPERADOR DE MAQUINA DE FORRAR CARTON'),
('821016', 'OPERADOR DE MAQUINA PEGADORA DE PAPEL EN CARTON'),
('821017', 'OPERADOR DE MAQUINA DE CORTAR Y PEGAR CARTON'),
('821018', 'OPERADOR DE MAQUINA PRENSADORA DE CARTON'),
('821019', 'OPERAD MAQ. PEGADORA Y CERRADORA BOLSAS Y SOBRES'),
('821020', 'OPERADOR MAQ. CONFECCIONAR BOLSAS Y SOBRES PAPEL'),
('821021', 'OPERADOR DE PRENSA DE EMBUTIR CARTON'),
('831001', 'ARMADOR DE PAGINAS, IMPOSICION'),
('831002', 'CAJISTA, IMPRENTA'),
('831003', 'COMPAGINADOR DE FOTO-COMPOSICION'),
('831004', 'COMPOSITOR,IMPOSICION'),
('831005', 'FUNDIDOR DE MONOTIPIA Y TIPOS SUELTOS'),
('831006', 'IMPONEDOR'),
('831007', 'IMPRESOR DE PRUEBAS'),
('831008', 'IMPRESOR EN GENERAL'),
('831009', 'LINOTIPISTA'),
('831010', 'MAQUINISTA DE FOTO-COMPOSICION'),
('831011', 'MINERVISTA'),
('831012', 'MONOTIPISTA'),
('831013', 'OPERADOR DE MAQUINA FUNDIDORA DE TIPOS'),
('831014', 'OPERADOR DE MAQUINA DE FOTOTIPIA, IMPRENTA'),
('831015', 'OPERADOR DE MONOTIPIA DE FUNDIR'),
('831016', 'OPERADOR DE TECLADO DE MONOTIPIA'),
('831017', 'PLATINERO, COMPAGINACION'),
('831018', 'PREPARADOR DE BRAILLE, PLANCHAS DE IMPRENTA'),
('831019', 'PREPARADOR DE PLANCHAS DE IMPRENTA BRAILLE'),
('831020', 'TECLISTA MONOTIPISTA'),
('831021', 'TIPOGRAFO EN GENERAL'),
('831022', 'EMPLEADO O AYUDANTE DE IMPRENTA EN GENERAL'),
('832001', 'CONDUCTOR DE PRENSA DE HELIOGRABADO'),
('832002', 'IMPRESOR DE PAPELES'),
('832003', 'MAQUINISTA DE ROTATIVA A COLORES,IMPRENTA'),
('832004', 'MAQUINISTA DE OFFSET'),
('832005', 'MAQUINISTA PLATINERO'),
('832006', 'MARCADOR, INTRODUC. HOJAS EN MAQ. DE IMPRIMIR'),
('832007', 'OPERAD PRENSA ROTATIVA, OFFSET, CILINDRO, PLATINA, LITOGRAF'),
('832008', 'OTROS OPERADORES DE PRENSA DE IMPRIMIR'),
('832009', 'TIPOGRAFO OPERADOR DE PRENSAS DE IMPRIMIR'),
('833001', 'CLISADOR-ELECTROTIPISTA'),
('833002', 'ELECTROTIPISTA, IMPRENTA'),
('833003', 'ESTEREOTIPADOR, IMPRENTA'),
('833004', 'ESTEREOTIPISTA, IMPRENTA'),
('833005', 'FUNDIDOR ESTEREOTIPISTA'),
('833006', 'GALVANOPLASTISTA O CLISADOR'),
('833007', 'MATRICEROS, IMPRENTA'),
('833008', 'MOLDEADOR DE CLISES POR GALVANOPLASTIA, IMPRENTA'),
('833009', 'REPRODUCTOR DE CLISES, REPRODUCCION EN PLASTICO'),
('834001', 'GRABADOR A MANO CLISES MADERA, CAUCHO O LINOLEO'),
('834002', 'GRABADOR CON PANTOGRAFO'),
('834003', 'GRABADOR DE IMPRENTA'),
('834004', 'GRABADOR DE PIEDRAS LITOGRAFICAS'),
('834005', 'GRABADOR PLANCHAS, CILINDROS Y MATRICES METALICO'),
('834006', 'GRABADOR, BURILISTA, LITOGRAFISTA, GRABADO IMPRENTA'),
('834007', 'PANTOGRAFISTA, IMPRENTA'),
('834008', 'TRANSPORTADOR, LITOGRAFIA'),
('834009', 'XILOGRAFO'),
('835001', 'CLISADOR, FOTOGRABADOR'),
('835002', 'FOTO-IMPRESOR PLANCHAS IMPRESION, FOTOGRABADO'),
('835003', 'FOTOGRABADOR EN GENERAL'),
('835004', 'FOTOGRAFO, FOTOGRAB., IMPRESION O REPROD. EN OFFSET'),
('835005', 'FOTOMECANICO, FOTOGRABADO EN GENERAL'),
('835006', 'GRABADOR, FOTOGRABADO'),
('835007', 'GRANEADOR DE PLANCHAS PARA CLISES'),
('835008', 'HUECOGRABADORES'),
('835009', 'INSOLADOR DE FOTOGRABADO'),
('835010', 'MONTADOR DE CLISES SOBRE SOPORTE'),
('835011', 'PASADOR, IMPRENTA'),
('835012', 'RETOCADOR DE NEGATIVOS,FOTOGRABADO'),
('835013', 'RETOCADOR DE PLANCHAS DE IMPRESION,FOTOGRABADO'),
('835014', 'TIRADOR DE PRUEBAS DE CLISES GRABADOS'),
('835015', 'TRANSPORTADOR,FOTOGRABADO'),
('836001', 'COSEDOR DE PLEIGOS A MAQUINA, ENCUADERNACION'),
('836002', 'DORADOR A MANO,ENCUADERNACION'),
('836003', 'ENCOLADOR,ENCUADERNACION'),
('836004', 'ENCUADERNADOR'),
('836005', 'GRABADOR A MANO O A MAQUINA,ENCUADERNACION'),
('836006', 'GUILLOTINERO, ENCUADERNACION'),
('836007', 'RECORTADOR, ENCUADERNACION'),
('836008', 'REPUJADOR O GRABADOR A MANO O A MAQ,ENCUADERNACION'),
('837001', 'AMPLIADOR DE FOTOGRAFIAS'),
('837002', 'CONDUCTOR MAQ DE REVELAR Y SECAR PELICULA CINEMATOGRAFICA'),
('837003', 'COPIADOR DE FOTOGRAFIAS'),
('837004', 'FOTOGRAFO-AMPLIADOR'),
('837005', 'FOTOGRAFO-REVELADOR'),
('837006', 'FOTOGRAFO-SACADOR DE COPIAS'),
('837007', 'REDUCTOR DE FOTOGRAFIAS'),
('837008', 'REVELADOR DE PELICULAS FOTOGRAFICAS'),
('837009', 'REVELADOR DE RADIOGRAFIAS'),
('837010', 'SACADOR DE COPIAS DE FOTOGRAFIAS'),
('837011', 'SECADOR DE PELICULAS CINEMATOGRAFICAS'),
('839001', 'ESTAMPADOR TEXTILES Y PAPELES PINTADOS MEDIANTE PLANCHAS'),
('839002', 'IMPRESOR A LA PLANCHA,DE TELAS Y PAPELES PINTADOS'),
('839003', 'IMPRESOR DE TELAS A MAQUINA'),
('839004', 'IMPRESOR,SERICIGRAFIA'),
('839005', 'OPERADOR DE PRENSA ESTAMPAR EN RELIEVE O SECO'),
('839006', 'PICADOR DE ESTARCIDORES,SERICIGRAFIA'),
('839007', 'PREPARADOR DE ESTARCIDORES,SERICIGRAFIA'),
('839008', 'SERICIGRAFO,IMPRESOR'),
('841001', 'ACORDEONERO,CONSTRUCTOR'),
('841002', 'AFINADOR DE INSTRUM. MUSICALES, PIANOS, ORGANOS, ACORDEONES'),
('841003', 'CONST INSTRUM VIENTO DE MADERA O DE METAL'),
('841004', 'FABRICANTES DE INSTRUMENTOS MUSIC., ARPAS, GUITARRA, VIENTO'),
('841005', 'GUITARRERO, FABRICANTE DE INSTRUMENTOS DE CUERDA'),
('841006', 'ORGANERO,CONSTRUCTOR Y AFINADOR'),
('841007', 'VIOLENERO,CONSTRUCTOR Y AFINADOR'),
('842001', 'BRUCEROS'),
('842002', 'CONFECCIONADOR A MANO DE CEPILLO'),
('842003', 'CONFECCIONADOR DE BROCHAS'),
('842004', 'CONFECCIONADOR DE PINCELES FINOS'),
('842005', 'CONFECCIONADOR DE ESCOBAS A MANO'),
('842006', 'CONFECCIONADOR DE ESTERAS,ESTERONES'),
('842007', 'CONFECCIONADOR DE MUEBLES DE CANA,JUNCO,MIMBRE'),
('842008', 'CONFECC ALFOMBRAS JUNCO,PITA,ESPARTO,FIBRA COCO'),
('842009', 'CONFECCIONADOR A MAQUINA DE BROCHAS Y CEPILLOS'),
('842010', 'CONFECCIONADOR DE TAPIAS DE JUNCO FINO'),
('842011', 'COSEDOR DE ESCOBAS'),
('842012', 'ESCOBERO'),
('842013', 'ESTERERO EN JUNCO,PITA Y FIBRA DE COCO'),
('842014', 'TEJEDOR DE CAPAZOS'),
('842015', 'TEJEDOR DE CAPAZOS DE JUNCO O ESPARTO'),
('842016', 'TEJEDOR DE CESTOS'),
('842017', 'TEJEDOR DE SERAS Y SERONES'),
('842018', 'TEJEDOR MUEBLES DE MIMBRE'),
('842019', 'TRENZADOR DE CESTAS,DE SARRIAS'),
('842020', 'TEJEDORES DE ESTERAS Y FUNCOS'),
('843001', 'FABRICANTE DE PIEZAS EN HORMIGON ARMADO'),
('843002', 'FABRICANTE DE PRODUCTOS DE ASBESTOS-CEMENTO'),
('843003', 'FABRICANTE DE PRODUCTOS DE PIEDRA ARTIFICIAL'),
('843004', 'OBRERO DE LA ELABOR. DE PREFABRICADOS DE HORMIGON ARMADO'),
('843005', 'OBRERO DE LA ELABORACION DE PROD.HORMIGON ARMADO'),
('843006', 'OBRERO DE LA ELABORACION DE FIBROCEMENTO DE AMIANTO'),
('843007', 'OBRERO DE LA FABRICACION DE PIEDRA ARTIFICIAL'),
('843008', 'OBRERO DE LA FABRIC. DE AGLOMERADOS DE PIEDRA ARTIFICIAL'),
('843009', 'OBRERO DE LA FABRICACION DE PAPEL Y TELA DE ESMERIL(LIJA)'),
('843010', 'OBRERO DE LA FAB. DE TELAS Y PAPELES PREVESTIDOS'),
('843011', 'LOSETERO FABRICACION DE LOCETAS Y MOSAICOS'),
('843012', 'OBRERO DE LA PREPARACION DE ARENAS SILICEAS PARA FILTROS'),
('843013', 'OTROS OBREROS DE LA FABRICACION DE PROD. DERIVADOS'),
('844001', 'ABANIQUERO,CONFECCIONADOR DE ABANICOS'),
('844002', 'CANDELERO'),
('844003', 'CERERO'),
('844004', 'CONFECCIONADOR DE MUNECOS Y JUGUETES DE TRAPO'),
('844005', 'CONFECCIONADOR DE SELLOS DE CAUCHO'),
('844006', 'CONFECCIONADOR DE VELAS Y BUJIAS'),
('844007', 'CONFECCIONADOR DE PELUCAS'),
('844008', 'CONFECC.DE ZAPATOS DE RAFIA Y FIBRAS SEMEJANTES'),
('844009', 'CONFECCIONADOR DE OJOTAS O LLANQUES'),
('844010', 'CONFECCIONADOR DE FELPUDOS DE JEBE O LLANTA'),
('844011', 'CONFECCIONADOR DE ARTESANIA CON FIBRA ACRILICA'),
('844012', 'CONFECCIONADOR DE POSTIZOS'),
('844013', 'CONFECCIONADOR DE DIENTES ARTIFICIALES'),
('844014', 'CONFECCIONADOR DE CIERRES'),
('844015', 'CORTADOR DE CORCHO, FABRICACION DE ARTICULOS'),
('844016', 'GRABADOR DE MARFIL, HUESO Y PLASTICO'),
('844017', 'GRABADOR DE HIERRO, MARFIL,PLASTICO O HUESO'),
('844018', 'OBRERO DE IMPERMEABILIZACION DE TELAS AL ACEITE'),
('844019', 'OBRERO DE LA ELABORACION DE PRODUCTOS DE CORCHO'),
('844020', 'OBRERO DE LA ELABORACION DE CUERDAS DE TRIPA'),
('844021', 'OBRERO DE LA FABRICACION DE LINOLEO'),
('844022', 'OBRERO DE LA FABRIC.DE PELICULAS Y PAPEL FOTOGRAFICO'),
('844023', 'OBRERO DE LA FABRICACION DE JUGUETES DE MADERA'),
('844024', 'OBRERO DE FABRICACION DE JUGUETE METALICOS'),
('844025', 'OBRERO DE TRAT. Y REVEST. DE ALQUITRAN O ASFALTO DEL PAPEL'),
('844026', 'OBRERO EN LA ELABORACION DE TELAS ACEITADAS'),
('844027', 'OBRERO EN LA FABRICACION DE BOTONES'),
('844028', 'OBRERO EN LA FABRICACION DE ADORNOS ARTIFICIALES'),
('844029', 'OPERADOR DE MAQUINA DE FABRICAR LAPICES'),
('844030', 'OPERADOR DE PRENSA DE FAB. TIZAS BLANCAS Y COLOR'),
('844031', 'PREPARADOR DE PLACAS FOTOGRAFICAS'),
('844032', 'MAQUINISTA EN LA FABRICACION DE CABLES'),
('844033', 'TEJEDOR DE DISFRACES'),
('851001', 'BARNIZADOR, CONSTRUCCION'),
('851002', 'DECORADOR DE ABORDO, BARCOS'),
('851003', 'ENCALLADOR'),
('851004', 'PINTOR DE COCHES DE VIAJEROS Y VAGONES, FERROCARRILES'),
('851005', 'PINTOR DE CONSTRUCCION, CONSERVACION'),
('851006', 'PINTOR DE CONSTRUC.METALICAS Y CASCOS Y BUQUES'),
('851007', 'PINTOR DE CONSTRUCCION ESCENICAS,CINEMATOGRAFIA'),
('851008', 'BARNIZADOR,CONSTRUCCION'),
('851009', 'PINTOR DE DECORADOR DE FONDO,TEATRO,CINE'),
('852001', 'PINTOR A PINCEL Y RODILLO,EXCEPTO EDIFICIO Y CONSTRUC.'),
('852002', 'PINTOR A PISTOLA,EXCEPTO DE EDIF.Y CONSTRUCION'),
('852003', 'PINTOR DE AUTOMOVILES'),
('852004', 'PINTOR DE LETREROS Y ROTULOS'),
('852005', 'PINTOR DE ROTULOS'),
('852006', 'PINTOR POR INMERSION'),
('852007', 'PINTOR-PULVERIZADOR,FABRICACION DE AUTOMOVILES'),
('852008', 'PINTOR RETOCADOR DE AUTOMOV., CARROC. DE PRODUCTOS EN SERIE'),
('852009', 'REPARACION DE AUTOMOVILES,PINTOR RETOCADOR'),
('852010', 'RETOCADOR DE AUTOMOVILES,CARROCERIA'),
('852011', 'BARNIZADOR,EXCEPTO CONSTRUCCION'),
('852012', 'LAQUEADOR,EXCEPTO CONSTRUCCION'),
('861001', 'ADOQUINEROS'),
('861002', 'ADOQUINADOR-PAVIMENTADOR'),
('861003', 'ALBA?IL'),
('861004', 'ALBA?ILERO'),
('861005', 'ALBA?IL EN GENERAL'),
('861006', 'COLOCACION DE LOSAS,SUELO, SOLADOR'),
('861007', 'COLOCADOR DE LABRILLOS EN GENERAL'),
('861008', 'CONSTRUCTOR DE CASAS, ALBANIL'),
('861009', 'CONSTRUCTOR DE ALCANTARILLAS, ALBA?IL'),
('861010', 'ENLOSADOR'),
('861011', 'ESTUFISTA,FUMISTA ALBA?IL EN LA INDUSTRIA'),
('861012', 'MAMPOSTERO'),
('861013', 'MARMOLISTA, CONSTRUCCION'),
('861014', 'MOSAISTA,COLOCADOR DE MOSAICOS'),
('861015', 'PAVIMENTADOR'),
('861016', 'REJUNTADOR DE MAMPOSTERIA CAREADA Y CONCERTADA'),
('861017', 'RESTAURADOR DE MAMPOSTERIA DE CONSTRUC.HISTORIC.,ALBA?IL'),
('861018', 'SOLADOR EN MOSAICO'),
('861019', 'SOLADOR DE LABRILLOS O BALDOSAS'),
('861020', 'SOLADOR EN MATERIALES PLASTICAS, SINTASOL'),
('862001', 'ARMADOR DE HORMIGON'),
('862002', 'CARPINTERO DE ARMA, TRABAJO DE ENCOFRADO'),
('862003', 'CEMENTERO DE HORMIGON ARMADO,EN GENERAL'),
('862004', 'CEMENTERO,TRABAJO DE ACABADO'),
('862005', 'ENCOFRADOR EN MADERA'),
('862006', 'ENFOSCADOR'),
('862007', 'EN TERRAZO'),
('862008', 'OBRERO DEL CURADO DEL HORMIGON'),
('862009', 'OPERADOR DE MAQ DE AIRE COMPRIM PARA REVEST. CON HORMIGON'),
('862010', 'SOLADOR EN TERRAZO, PAVIMENTO CONTINUO'),
('862011', 'VESTIMIENTOS CON HORMIGON'),
('863001', 'COLOCADOR DE CUBIERTAS DE ASFALTO, DE JUNCO DE METAL'),
('863002', 'COLOCADOR DE TEJAS, TECHADOR'),
('863003', 'OTROS TECHADORES'),
('863004', 'TECHADOR EN GENERAL, PIZARRA, TEJA, ASFALTO, MATERIALES SIN'),
('863005', 'EN METAL DE PAJA Y SIMILARES'),
('864001', 'CARPINTERO EN CONSTRUC EN GRAL,EXC:ARMA,TRAB.DE ENCOFRADO'),
('864002', 'CALAFATERO,CARPINTERO'),
('864003', 'CARPINTERO-EBANISTA DE CONSTRUCCION'),
('864004', 'CARPINTERO DE AVIACION'),
('864005', 'CARPINTERO EBANISTA, CONSTRUCCION DE EDIFICIOS'),
('864006', 'CARPINTERO EBANISTA, CONSTRUCCION DE BARCOS'),
('864007', 'CARPINTERO-ARMADOR DE EMBARCACIONES'),
('864008', 'CARPINTERO NAVAL O CALAFATERO'),
('864009', 'CARPINTERO DE RIVERA'),
('864010', 'CARPINTERO DE PUERTA Y VENTANAS'),
('864011', 'COLOCADOR DE PARQUET'),
('864012', 'ENTARUGADOR DE PAVIMENTOS'),
('864013', 'MONTADOR DE EBANISTERIA, EDIFICACION'),
('864014', 'PARQUETERO, COLOCA PISOS DE PARQUET'),
('864015', 'PORTAVENTANERO'),
('865001', 'DECORADOR EN YESO FIBROSO'),
('865002', 'ENLISTONADOR'),
('865003', 'ENLUCIDOR EN YESO, EN GENERAL'),
('865004', 'ESCAYOLISTA-DECORADOR, ESCAYOLISTA'),
('865005', 'ESTUQUISTA-DECORADOR,ESCOYOLISTA'),
('865006', 'LISTONERO'),
('865007', 'REVOCADOR'),
('865008', 'YESERO EN GENERAL'),
('866001', 'AISLADOR DE EDIFICIO'),
('866002', 'AISLADOR DE INST.DE REFRIG. Y DE CLIMATIZACION'),
('866003', 'AISLADOR DE TURBINA'),
('866004', 'INSTALADOR DE MATER.AISLANTE,EN EDIFIC,DE INSONORIZACION'),
('866005', 'SONIDOS;EN CALDERAS Y TUBERIAS, DE AIRE ACONDICIONADO'),
('866006', 'IONADO, EQUIPOS DE REGRIGERACION, ETC.'),
('866007', 'INSTALADOR DE MATERIAL DE INSONORIZACION'),
('866008', 'OTROS INSTALADORES DE MATER.AISLANTES DE INSONORIZACION'),
('867001', 'CRISTALERO DE EDIFICIO'),
('867002', 'CRISTALERO DE CLAROBOYAS'),
('867003', 'COLOCADOR DE VIDRIOS EN VENTANAS'),
('867004', 'COLOCADOR DE LUNAS DE VEHICULOS'),
('867005', 'VIDRIERO, COLOCADOR DE VIDRIOS'),
('868001', 'ASFALTO, GRANO DE ARENA Y MATERIALES SIMILARES'),
('868002', 'BUZO (CONSTR. Y REPARA CIMIENTO DE LOS PUENTES, Y DIQUES, M'),
('868004', 'COLOCADOR DE BALDOSAS SINTETICAS'),
('868005', 'COLOCADOR DE CA?ERIAS PRINCIPALES DE AGUA'),
('868006', 'COLOCADOR DE CABLES GRUESOS SUBTERRANEOS'),
('868007', 'COLOCADOR DE TUBOS, CONDUCCIONES'),
('868008', 'CONSTRUCTOR DE CANALIZACION POR TUBOS'),
('868009', 'MAESTRO DE OBRAS EN GENERAL'),
('868010', 'MONTADOR DE ANDAMIOS'),
('868011', 'MONTADOR DE ELEMENTOS PREFABRIC.DE LA EDIFICAC.'),
('868012', 'MONTADOR,EDIFICACION CON ELEMENTOS PREFABRICADO'),
('868013', 'OBRERO DE CONSERVACION, REPARACION Y MANTENIMIENTO DE EDIFI'),
('868014', 'OBRERO DE REVEST.DE SUELOS DE BALDOSAS SINTETICAS'),
('868015', 'OBRERO ESPECIALIZADO EN SUELO REVESTIDOS CON ASFALTO'),
('868016', 'OBRERO ESPECIALIZADO EN APEOS'),
('868017', 'POCERO'),
('868018', 'REPARADOR DE CHIMINEAS Y TORRES'),
('868019', 'SOLADOR,LADRILLOS Y BALDOSAS DE MATERIAL SINTETICO'),
('868020', 'TRABAJADOR EN LA CONSTRUCCION Y REPACIONES'),
('871001', 'CARGAS DE ENERGIA ELECTRICA'),
('871002', 'DISPATCHER DE ENERGIA ELECTRICA,REPARTIDOR DE CARGAS'),
('871003', 'ELECTRICO,DE GENERADOR'),
('871004', 'OPERADOR DE CENTRAL TERMOELECTRICA E HIDROELECTRICAS'),
('871005', 'OPERADOR DE CUADRO DE DISTRIBUCION DE CONTROL'),
('871006', 'OPERADOR DE EQUIPO ELECTROGENO PARTICULAR'),
('871007', 'OPERADOR DE GENERADOR DE ENERGIA ELECTRICA, INST. PARTICULA'),
('871008', 'OPERADOR DE INSTALACION DE CENTRAL TERMOELECTRICA E HIDROEL'),
('871009', 'OPERADOR DE PLANTA DE FUERZA ENERGIA ELECTRICA'),
('871010', 'OPERADOR DE REACTOR NUCLEAR'),
('871011', 'OPERADOR DE TURBINA DE CENTRAL ELECTRICA, PLANTA DE FUERZA'),
('871012', 'OPERADOR DE PLANTA TERMOELECTRICA E HIDROELECTRICAS'),
('871013', 'OTROS OPERADORES DE INSTALACIONES DE PRODUCCION DE ENERGIA'),
('871014', 'REPARTIDOR DE CARGAS,ENERGIA ELECTRICA'),
('872001', 'CONDUCTOR - CHOFER DE MAQUINARIA AGRICOLA'),
('872002', 'FUNIGADOR - CONDUCTOR'),
('872003', 'OPERADOR DE MAQUINARIA DE IRRIGACION ARTIFICIAL'),
('872004', 'TRACTORISTA'),
('872006', 'OPERADOR - COSECHADORA'),
('873001', 'CONDUCTOR DE COMPRESAS DE AIRE, DE GAS'),
('873002', 'CONDUCTOR DE INSTALACIONES DEPURADORA DE AGUA'),
('873003', 'FOGONERO DE CALDERA DE VAPOR, EXCEPTO FOGONERO DE BARCO O L'),
('873004', 'GUARDA DE PRENSA DE EMBALSE'),
('873005', 'GUARDA DE VALVULAS DE DESAGUE, EMBALSE'),
('873006', 'OPERADOR DE COMPRESOR DE AIRE, DE GAS'),
('873007', 'OPERADOR DE ESTACION DE BOMBEO'),
('873008', 'OPERADOR DE INSTALACIONES DE BOMBEO,EXC REFINO DE PETROLEO'),
('873009', 'OPERADOR DE INSTALACIONES DE TRATAMIENTO DEL AGUA,ABASTECIM'),
('873010', 'OPERADOR DE INSTALACIONES DE INCINERACION DE RESIDUOS'),
('873011', 'OPERADOR DE INSTALACIONES DE REFRIGERACION'),
('873012', 'OPERADOR DE INSTALACIONES DE CALEF.Y VENTILACION'),
('873013', 'OPERADOR DE MAQUINAS FIJAS N.E.O.P'),
('873014', 'OTROS OPERADOR DE MAQUINAS FIJAS Y DE INSTALACIONES SIMILAR'),
('873015', 'VIGILANTES DE COMPUERTAS,SERVICIOS DE AGUA'),
('873016', 'MAQUINISTAS DE MAQUINAS FIJAS N.E.O.P'),
('874001', 'APAREJADOR DE APARATOS DE ELEVACION'),
('874002', 'APAREJADOR DE BARCOS'),
('874003', 'APAREJADOR DE AVIONES'),
('874004', 'APAREJADOR, FONDEOS DE PETROLEO Y DE GAS'),
('874005', 'APAREJADOR, PERFORACION DE POZOS DE PETROL.Y GAS'),
('874006', 'APAREJADOR, SONDEOS DE PETROLEO Y DE GAS'),
('874007', 'EMPALMADOR DE CUERDAS Y CABLES EN GRAL, EN EXCEPTO ELECTRIC'),
('874008', 'EMPALMADOR DE ESTROBOS'),
('874009', 'MONTADOR DE APARATOS DE ELEVACION(FUNICULAR)'),
('874010', 'MONTADOR DE CABLES DE AVIACION'),
('874011', 'MONTADOR DE CABLES,PERFOR.DE POZOS DE PETR.GAS'),
('874012', 'MONTADOR DE CABLES DE PUENTES COLGANTES'),
('874013', 'MONTADOR DE CABLES DE GUAROS AEREOS'),
('874014', 'MONTADOR DE CABLES DE TRANSPORTE AEREO'),
('874015', 'OTROS APAREJADORES Y EMPALMADORES DE CABLES,EXCEPTO DE TELE'),
('875001', 'CONDUCTOR DE GRUA APILADORA'),
('875002', 'CONDUCTOR DE GRUA FIJA'),
('875003', 'CONDUCTOR DE GRUA MOVIL'),
('875004', 'CONDUCTOR DE GRUA LOCOMOVIL'),
('875005', 'CONDUCTOR DE GRUA FLOTANTE'),
('875006', 'CONDUCTOR DE GRUA SOBRE PLATAFORMA MOVIL.FERRC.'),
('875007', 'CONDUCTOR DE JAULAS,MINAS'),
('875008', 'CHOFER DE MONTACARGAS(CONSTRUCCION)'),
('875009', 'CONDUCTOR DE PUENTE GRUA O GRUA DE PORTICO'),
('875010', 'CONDUCTOR DE TORRE GRUA'),
('875011', 'CONDUCTOR DE GRUA,SOBRE VAGON DE FERROCARRILES'),
('875012', 'GRUISTA,CONDUCTOR DE GRUA DE PORTICO O PTE GRUA'),
('875013', 'MAQUINISTA DE TORRE GRUA'),
('875014', 'MAQUINISTA DE EXTRACCION,MINAS'),
('875015', 'MAQUINISTAS DE PUENTE GIRATORIO'),
('875016', 'OPERADOR DE CABRESTANTE'),
('875017', 'OPERADOR DE GRUA DE CUBIERTA'),
('875018', 'OPERADOR DE MONTACARGAS,CONSTRUCCION'),
('875019', 'OPERADOR DE PONTON DE GRUA'),
('875020', 'OPERADOR DE PUENTE LEVADIZO'),
('875021', 'OPERADOR DE PUENTE GIRATORIO'),
('875022', 'OPERADOR DE TORNO DE VAPOR, CABRESTANTE'),
('875023', 'OPERADOR DE CABRESTANTE DE VAPOR'),
('875024', 'CONDUCTORES DE GRUAS Y OPERADORES DE INSTALACIONES DE ELEVA'),
('875025', 'MANIOBRISTA DE MUELLE'),
('876001', 'CONDUCTOR DE APLANADORA DE CAMINOS'),
('876002', 'CONDUCTOR DE APISONADORA'),
('876003', 'CONDUCTOR DE ASFALTADORA'),
('876004', 'CONDUCTOR DE ALQUITRANADORA ASFALTADORA'),
('876005', 'CONDUCTOR DE ATACADOR MECANICO CONSTRUCCION'),
('876006', 'CONDUCTOR DE BULLDOZER'),
('876007', 'CONDUCTOR DE CANGILON DE ARRASTRE'),
('876008', 'CONDUCTOR DE DRAGALINA'),
('876009', 'CONDUCTOR DE DRAGA'),
('876010', 'CONDUCTOR DE EXCAVADORA'),
('876011', 'CONDUCTOR DE EXPLANADORA Y DE ESCRAPER'),
('876012', 'CONDUCTOR DE ESPARCIDORA ACABADORA PARA CAMINO'),
('876013', 'CONDUCTOR DE HORMIGONERA'),
('876014', 'CONDUCTOR DE INSTALACION DISTRIBUIDORA PARA LA PREPARACION'),
('876015', 'CONDUCTOR DE MAQUINAS DE ABRIR ZANJAS'),
('876016', 'CONDUCTOR DE MAQUINAS DE EXCAVAR ZANJAS'),
('876017', 'CONDUCTOR DE MARTINETE'),
('876018', 'CONDUCTOR DE MAQUINA HINCADORA DE PILOTES'),
('876019', 'CONDUCTOR DE MAQUINA DE ABRIR TUNELES'),
('876020', 'CONDUCTOR DE MAQUINA DE ABRIR HOYOS'),
('876021', 'CONDUCTOR DE NIVELADORA CON CUCHILLA FRONTAL,BULLDOZER'),
('876022', 'CONDUCTOR DE NIVELADORA Y ESCRAPER'),
('876023', 'CONDUCTOR DE PALA MECANICA'),
('876024', 'CONDUCTOR DE PAVIMENTADORA EN HORMIGON'),
('876025', 'CONDUCTOR DE PERFORAD.DE AIRE COMPRIMIDO,CONST.'),
('876026', 'OPERADOR DE INSTALCIONES PARA MEZCLAR HORMIGON'),
('876027', 'OPERADOR DE ZANJADORA DE CANGILONES'),
('876028', 'OTROS CONDUCTORES DE MAQUINA PARA EL MOVIMIENTO DE TIERRAS'),
('876029', 'PICADOR CON MARTILLO NEUMATICO, CONSTRUCCION'),
('877001', 'CONDUCTOR DE CARRETILLA ELEVADORA'),
('877002', 'CONDUCTOR DE CARRETON DE HORQUILLA ELEVADORA'),
('877003', 'CONDUCTOR DE CAMION VOLQUETE'),
('877004', 'CONDUCTOR DE CARRETA DE TRANSPORTE TRONCOS, ROLLIZOS Y FUST'),
('877005', 'CONDUCTOR DE CINTA TRANSPORTADORA'),
('877006', 'CONDUCTOR DE ELEVADOR  DE CARGA'),
('877007', 'CONDUCTOR DE VAGONERA LANZADERA,MINAS'),
('877008', 'OBREROS DE LA MANIPULACION DE MERCANCIA Y MATERIALES O DE M'),
('877009', 'CHOFER DE MONTACARGAS(EXCEPTO CONSTRUCCION)'),
('877010', 'ELEVADORISTA DE CARGA'),
('877011', 'VOLQUETERO'),
('881001', 'BALSEROS'),
('881002', 'CONTRAMAESTRE DE BARCO'),
('881003', 'GRUMETE'),
('881004', 'LANCHERO'),
('881005', 'MARINERO EN GRAL, DE PRIMERA,SGDA,DE REMOLCADOR DE YATE,DE'),
('881006', 'PANOLERO DE CUBIERTA'),
('881007', 'TIMONEL DE BARCO'),
('881008', 'MANIOBRISTA DE BARCO'),
('881009', 'MARINERO(MARINERO MERCANTE)'),
('881010', 'VAPORINO'),
('882001', 'AUXILIAR DE LA CAMARA DE MAQUINAS,BARCOS'),
('882002', 'ENGRASADOR DE BARCOS'),
('882003', 'FOGONERO DE BARCO'),
('882004', 'LIMPIADOR DE MAQUINAS.BARCOS'),
('882005', 'MECANICOS ENGRASADOR,BARCOS'),
('883001', 'AYUDANTE DE MAQUINISTAS DE TREN'),
('883002', 'CONDUCTOR DE LOCOMOTORA EN MINAS Y CANTERAS'),
('883003', 'CONDUCTOR DE LOCOMOTORAS DE MANIOBRAS'),
('883004', 'FOGONERO DE LOCOMOTORA DE VAPOR'),
('883005', 'MAQUINISTA DE TREN O LOCOMOTORA'),
('883006', 'MAQUINISTA DE TREN DE MINA O CANTERA'),
('884001', 'AGENTES DE MANIOBRAS'),
('884002', 'BREQUERO DE FERROCARRIL'),
('884003', 'CLASIFICADOR DE TRENES'),
('884004', 'CONDUCTOR,AGENTE DE MANIOBRAS'),
('884005', 'DERIVADOR, FERROCARRILES'),
('884006', 'ENGANCHADOR DE VAGONES,FERROCARRILES'),
('884007', 'GUARDAFRENOS,TREN DE MERCANCIA'),
('884008', 'GUARDAGUJAS/CONTROLADOR DE TRAFICO FERROVIARIO'),
('884009', 'GUARDAGUJAS-ENGANCHADOR,(MINAS Y CANTERAS)'),
('884010', 'JEFE DE TREN DE MERCANCIAS'),
('885001', 'CHOFER DE TAXI'),
('885002', 'CHOFER DE ENTREGA DE COCHES NUEVOS'),
('885003', 'CHOFER PARTICULAR'),
('885004', 'CONDUCTOR DE MOTOCICLETA'),
('885005', 'CONDUCTOR DE AUTOBUS, AUTOMOVIL, CAMIONETA, CAMION O FURGON'),
('885006', 'MICROBUSERO/CONDUCTOR DE MICROBUS'),
('885007', 'TAXISTA'),
('885008', 'CONDUCTORES DE CAMIONES PESADOS'),
('886001', 'GUARDA BARRERA,FERROCARRILES'),
('886002', 'GUARDA DE ESCLUSA,CANALES O PUERTOS'),
('886003', 'JEFE DE DIQUE O VARADERO'),
('886004', 'JEFE DE PUERTO.DIQUE SECO'),
('886005', 'OBRERO DE COMPUERTAS DE EVACUACION,EXCLUSAS EN DIQUE SECO'),
('886006', 'PATRON DE PUERTO,DIQUE SECO'),
('886007', 'TORRERO DE FARO,AEROPUERTO Y PUERTOS'),
('911001', 'VENDEDOR AMBULANTE, CEREALES: AVENA, CEBADA, TRIGO, ETC.'),
('911002', 'VENDEDOR AMBULANTE, ESPECERIAS: CANELA, CLAVO DE OLOR, PIMI'),
('911003', 'VENDEDOR AMBULANTE, FRUTA FRESCA'),
('911004', 'VENDEDOR AMBULANTE, HORTALIZAS: AJO, CEBOLLA, CHOCLO, VAINI'),
('911005', 'VENDEDOR AMBULANTE, MENESTRAS: FRIJOLES, GARBANZOS, LENTEJA'),
('911006', 'VENDEDOR AMBULANTE, TUBERCULOS: CAMOTE, PAPA, YUCA, ETC.'),
('912001', 'VENDEDOR AMBULANTE, ANTICUCHOS'),
('912002', 'VENDEDOR AMBULANTE, CEBICHES Y DERIVADOS'),
('912003', 'VENDEDOR AMBULANTE, CHURROS'),
('912004', 'VENDEDOR AMBULANTE, EMOLIENTE'),
('912005', 'VENDEDOR AMBULANTE, JUGOS Y REFRESCOS'),
('912006', 'VENDEDOR AMBULANTE, PICANTES'),
('912007', 'VENDEDOR AMBULANTE, RASPADILLAS'),
('912008', 'VENDEDOR AMBULANTE, SALCHIPAPAS'),
('912009', 'VENDEDOR AMBULANTE, SANDWICH'),
('912010', 'VENDEDOR AMBULANTE, COMIDAS PREPARADAS EN LA CALLE, OTROS'),
('913001', 'VENDEDOR AMBULANTE, ALFALFA Y FORRAJE'),
('913002', 'VENDEDOR AMBULANTE, COCA'),
('913003', 'VENDEDOR AMBULANTE, FLORES'),
('913004', 'VENDEDOR AMBULANTE, PLANTAS Y SEMILLAS'),
('913005', 'VENDEDOR AMBULANTE, COCHINILLA'),
('914001', 'VENDEDOR AMBULANTE, CAMARONES Y LANGOSTINOS'),
('914002', 'VENDEDOR AMBULANTE, CARNE DE: BALLENA, LOBO MARINO, TORTUGA'),
('914003', 'VENDEDOR AMBULANTE, MARISCOS: CHOROS, CONCHAS, ETC.'),
('914004', 'VENDEDOR AMBULANTE, PESCADOS: BONITO, JUREL, PEJERREY, TRUC'),
('915001', 'VENDEDOR AMBULANTE, ANIMALES VIVOS: CONEJOS, GATOS, PERROS,'),
('915002', 'VENDEDOR AMBULANTE, AVES VIVOS Y/O SUS CARNES'),
('915003', 'VENDEDOR AMBULANTE, CARNES: PORCINO, VACUNO, ETC.'),
('915004', 'VENDEDOR AMBULANTE, REPARTIDOR DE LECHE'),
('916001', 'VENDEDOR AMBULANTE, PRODUCTOS FARMACEUTICOS: ALCOHOL, ALGOD'),
('916002', 'VENDEDOR AMBULANTE, CORTEZAS Y HIERBAS/ USO MEDICINAL'),
('916003', 'VENDEDOR AMBULANTE, RAICES DE PLANTAS/ USO MEDICINAL'),
('917001', 'VENDEDOR AMBULANTE, ACEITE COMESTIBLE'),
('917002', 'VENDEDOR AMBULANTE, CAFE TOSTADO, MOLIDO, ENVASADO Y/O GRAN'),
('917003', 'VENDEDOR AMBULANTE, CARAMELOS, CONFITES, CHOCOLATES, GALLET'),
('917004', 'VENDEDOR AMBULANTE, HELADOS, HIELO, MARCIANOS, ETC.'),
('917005', 'VENDEDOR AMBULANTE, PAN, PASTELES'),
('917006', 'VENDEDOR AMBULANTE, PRODUCTOS LACTEOS, FIDEOS, HARINAS, AZU'),
('917007', 'VENDEDOR AMBULANTE, PRODUCTOS ALIMENTICIOS PARA ANIMALES/ A'),
('917008', 'VENDEDOR AMBULANTE, ABARROTES'),
('918001', 'VENDEDOR AMBULANTE, CIGARRO, TABACO, PIPAS E IMPLEMENTOS PA'),
('918002', 'VENDEDOR AMBULANTE, AGUA MINERAL, GASEOSAS, VINO, ETC.'),
('919001', 'VENDEDOR AMBULANTE; COSMETICOS, PERFUMES, LOCION, ETC.'),
('919002', 'VENDEDOR AMBULANTE; ESCOBAS, ESCOBILLAS, ESCOBILLONES, ETC.'),
('919003', 'VENDEDOR AMBULANTE; JABONES, DETERGENTES, ETC.'),
('919004', 'VENDEDOR AMBULANTE; PASTA DENTRIFICA, PAPEL HIGIENICO, ETC.'),
('919005', 'VENDEDOR AMBULANTE; PRODUCTOS DE: ORNELLA, UNIQUE, YAMBAL,'),
('921001', 'VENDEDOR AMBULANTE; ACEITE PARA AUTOS, LUBRICANTES (ENVASAD'),
('921002', 'VENDEDOR AMBULANTE; GAS / REPARTIDOR EN CAMIONETA O TRICICL'),
('921003', 'VENDEDOR AMBULANTE, LE?A O CARBON'),
('922001', 'VENDEDOR AMBULANTE, CALZADOS, ZAPATILLAS, SANDALIAS, SLAPS,'),
('922002', 'VENDEDOR AMBULANTE, MERCERIA: AGUJAS, ADORNOS DE VESTIDO, B'),
('922003', 'VENDEDOR AMBULANTE, PRENDAS DE VESTIR: CAMISAS, CARTERAS, P'),
('922004', 'VENDEDOR AMBULANTE, TELAS Y/O TEJIDOS'),
('922005', 'VENDEDOR AMBULANTE, SOMBREROS'),
('922006', 'VENDEDOR AMBULANTE PASAMANERIA, LENCERIA, MERCERIA'),
('923001', 'VENDEDOR AMBULANTE, ALFOMBRAS. CORTINAS, TAPICES Y ARTICULO'),
('923002', 'VENDEDOR AMBULANTE, ART. DOMEST.: COCINA, LAVADORA, REFRIGE'),
('923003', 'VENDEDOR AMBULANTE, CATRES Y COLCHONES/ CAMAS'),
('923004', 'VENDEDOR AMBULANTE, MUEBLES PARA EL HOGAR'),
('923005', 'VENDEDOR AMBULANTE, UTENSILIOS DE COCINA: CACEROLAS, CUCHIL'),
('923006', 'VENDEDOR AMBULANTE, ART. DE MESA: MANTELES, INDIVIDUALES, P'),
('924001', 'VENDEDOR AMBULANTE, DIARIOS Y REVISTAS / CANILLITAS'),
('924002', 'VENDEDOR AMBULANTE, LIBROS Y NOVELAS'),
('924003', 'VENDEDOR AMBULANTE, UTLES DE ESCRITORIO: BORRADORES, CUADER'),
('925001', 'VENDEDOR AMBULANTE, ANTIGUEDADES'),
('925002', 'VENDEDOR AMBULANTE, ARTICULOS ARTESANALES'),
('925003', 'VENDEDOR AMBULANTE, ARTICULOS DE PLATA'),
('925004', 'VENDEDOR AMBULANTE, ARTICULOS RELIGIOSOS'),
('925005', 'VENDEDOR AMBULANTE, ARTICULOS PARA FIESTAS Y DISFRACES'),
('925006', 'VENDEDOR AMBULANTE, CUADROS Y ESCULTURAS'),
('926001', 'VENDEDOR AMBULANTE, ARTICULOS DEPORTIVOS'),
('926002', 'VENDEDOR AMBULANTE, JUGUETES'),
('927001', 'VENDEDOR AMBULANTE, ANTEOJOS Y LUNAS'),
('927002', 'VENDEDOR AMBULANTE, CASSETTES (BLANCOS Y GRABADOS) Y DISCOS'),
('927003', 'VENDEDOR AMBULANTE, HULES Y/O MARROQUINES'),
('927004', 'VENDEDOR AMBULANTE, MALETAS Y MALETINES / CARTERAS'),
('927005', 'VENDEDOR AMBULANTE, RELOJES'),
('927006', 'VENDEDOR AMBULANTE, REPUESTO Y/O ART. DE FERRETERIA'),
('927007', 'VENDEDOR AMBULANTE, OTROS'),
('931001', 'COBRADOR, AUTOBUSES Y MICROBUSES'),
('931002', 'COBRADOR, PASAJE/ MICROBUS Y OMNIBUS'),
('931003', 'COBRADOR, PASAJE/ CAMIONETA RURAL (COMBI)'),
('931004', 'COBRADOR, PASAJE/ FERROCARRIL'),
('931005', 'COBRADOR, TRANSPORTE POR CARRETERA'),
('931006', 'VENDEDOR DE BOLETOS, CAMIONETA RURAL, MICROBUSES, OMNIBUS,'),
('931007', 'VENDEDOR DE BOLETOS Y PASAJES DE VIAJE AEREO'),
('941001', 'AMA DE CRIA O SECA O LECHE O NI?OS'),
('941002', 'AMA DE LLAVES'),
('941003', 'AYA MAMA'),
('941004', 'AYUDA DE CAMARA'),
('941005', 'CANTINERO'),
('941006', 'CAMARERO'),
('941007', 'COCINERO'),
('941008', 'CRIADO'),
('941009', 'DAMA DE COMPA?IA'),
('941010', 'EMPLEADO DEL HOGAR'),
('941011', 'LAVANDERO'),
('941012', 'MUJER DE LIMPIEZA, HOGARES'),
('941013', 'MAYORDOMO, HOGAR PARTICULAR'),
('941014', 'MESERO'),
('941015', 'MOZO (PERSONAL DOMESTICO)'),
('941016', 'MUCAMA'),
('941017', 'NANA'),
('941018', 'NI?ERA'),
('941019', 'SIRVIENTA (E)'),
('941020', 'SIRVIENTA (E), COCINA'),
('941021', 'SIRVIENTA (E), SALON'),
('941022', 'SIRVIENTE (A), COCINA'),
('941023', 'SIRVIENTE (A), SALON'),
('942001', 'ALMIDONADOR, LAVANDERIA'),
('942002', 'CAMARERO, HOTELERIA'),
('942003', 'CLASIFICADOR, ROPA/LAVANDERIA'),
('942004', 'LAVANDERO, A MANO/LAVANDERIA'),
('942005', 'LAVAPISOS'),
('942006', 'LAVAPLATOS DE: CANTINA, HOTEL, RESTAURANTE'),
('942007', 'LIMPIADOR, EN SECO/A MANO'),
('942008', 'LIMPIADOR DE: FABRICAS, HOTELES, OFICINAS Y RESTAURANTES'),
('942009', 'MUJER DE LIMPIEZA DE: HOTELES, OFICINAS ETC.'),
('942010', 'PEON DE LIMPIEZA DE: AERONAVES, AUTOBUSES, FABRICAS ETC.'),
('942011', 'PLANCHADOR, A MANO'),
('942012', 'QUITAMANCHAS, A MANO'),
('943001', 'BEDEL'),
('943002', 'CONSERJE'),
('943003', 'CONSERJE, EDIFICIO/APARTAMENTOS'),
('943004', 'EMPLEADO, EDIFICIO/APARTAMENTOS(LIMPIEZA)'),
('943005', 'ENCARGADO, INMUEBLE'),
('943006', 'GUARDIAN, EDIFICIO'),
('943007', 'PORTERO-CUIDADOR'),
('943008', 'PORTERO-CUIDADOR, ESTABLECIMIENTO RELIGIOSO'),
('943009', 'SACRISTAN'),
('944001', 'LAVADOR AMBULANTE DE AUTOS'),
('944002', 'LIMPIABOTAS'),
('944003', 'LIMPIADOR DE VENTANAS'),
('944004', 'LUSTRABOTAS'),
('944005', 'PEGADOR DE CARTELES'),
('944006', 'RECADERO'),
('945001', 'ACOMODADOR, SALA, CINE, TEATRO ETC.'),
('945002', 'ANOTADOR DE APUESTAS'),
('945003', 'ARMADOR DE CAJAS DE CARTON A MANO'),
('945004', 'AYUDANTE DE CAMION'),
('945005', 'AYUDANTE, BA?OS TURCOS'),
('945006', 'AYUDANTE, BA?OS SAUNA'),
('945008', 'CARTONERO A MANO'),
('945009', 'COMPRADOR, VENDEDOR AMBULANTE DE MONEDAS Y BILLETES'),
('945010', 'DECORADOR DE IGLESIAS'),
('945011', 'DESCARGADOR DE AVIONES'),
('945012', 'DESCARGADOR DE BARCOS'),
('945013', 'EMBALADOR A MANO Y/O MAQUINA'),
('945014', 'EMPAQUETADOR A MANO Y/O MAQUINA'),
('945015', 'ENSACADOR A MANO'),
('945016', 'ESCOGEDOR DE BOTELLAS'),
('945017', 'ENVASADOR A MANO O Y/O MAQUINA'),
('945018', 'ESTIBADOR CARGADOR DE BARCOS'),
('945019', 'FOTOGRAFO AMBULANTE'),
('945020', 'JARDINERO'),
('945021', 'LLENADO O ENVASADOR DE PRODUCTOS'),
('945022', 'MECANOGRAFOS AMBULANTES'),
('945023', 'MERETRICES, PROSTITUTAS, COPETINERAS'),
('945024', 'MOZO DE MUDANZA'),
('945025', 'MOZO DE MERCADOS DE ABASTOS'),
('945026', 'MOZO DE TRANSPORTE DE MUEBLES'),
('945027', 'MOZO DE ALMACEN'),
('945028', 'MOZO DE CUERDA, EXCEPTO EN LOS HOTELES'),
('945029', 'MOZO DE EQUIPAJES, EXCEPTO EN LOS HOTELES'),
('945031', 'OBRERO PORTUARIO'),
('945032', 'PAREJA DE BAILE'),
('945033', 'PELADOR DE POLLOS, GALLINAS Y OTRAS AVES'),
('945034', 'PINTOR DE BANDAS SOBRE CALLES Y CAMINOS'),
('945035', 'PROMOTORES DE JUEGO EN LA CALLE (AJEDREZ, DAMAS, ETC.)'),
('945036', 'RECEPCIONISTA-ACOMPA?ANTE, CABARET, CLUB ETC.'),
('945037', 'RECOGEDOR DE PELOTAS'),
('945038', 'SERVICIO DE ALQUILER DE VEHICULOS'),
('945039', 'SERVICIO DE ALQUILER DE VIDEOS, EQUIPOS DE SONIDO'),
('945040', 'TINTERILLERO'),
('945041', 'TRABAJADOR EN FERIAS Y PARQUES MECANICOS DE DIVERSIONES'),
('945042', 'TRABAJADOR DE CASINO, PIN-BALL, BOWLING, BINGO Y SALAS DE J'),
('945043', 'TRAMITADOR AMBULANTE'),
('945044', 'VENDEDORES POR TELEFONO'),
('945045', 'COBRADOR DE AUTOS'),
('945046', 'ZAPATERO REMENDON (AMBULANTE)'),
('945047', 'CUIDADO DE NI?OS EN VIVIENDAS PARTICULARES'),
('951001', 'ASENSORISTA'),
('951002', 'BOTONES'),
('951003', 'CADDIE, O PORTEADOR DE PALOS DE GOLF'),
('951004', 'MALETERO, HOTEL'),
('951005', 'MANDADERO'),
('951006', 'MENSAJERO'),
('951007', 'MENSAJERO, TELEGRAMAS'),
('951008', 'MOZO DE CUERDA'),
('951009', 'REPARTIDOR'),
('951010', 'REPARTIDOR, DIARIOS'),
('951011', 'REPARTIDOR, PERIODICOS'),
('952001', 'ACOMODADOR'),
('952002', 'CONSERJE, HOTEL'),
('952003', 'ENCARGADO, LOCAL DE ASEO'),
('952004', 'GUARDIAN'),
('952005', 'GUARDIAN, ESTACIONAMIENTO'),
('952006', 'GUARDIAN, FERIA'),
('952007', 'GUARDIAN, GALERIA DE ARTE'),
('952008', 'GUARDIAN, GUARDARROPA'),
('952009', 'GUARDIAN, MUSEO'),
('952010', 'GUARDIAN, PARQUE DE ATRACCIONES'),
('952011', 'GUARDIAN, PARQUES Y JARDINES PUBLICOS'),
('952012', 'GUARDIAN, SALON DE DESCANSO'),
('952013', 'GUARDIAN, VESTUARIO'),
('952014', 'PORTERO'),
('952015', 'PORTERO, HOTEL'),
('952016', 'PORTERO, HOTEL/VESTIBULO DE RECEPCION'),
('952017', 'SERENO'),
('952018', 'UJIER'),
('952019', 'VIGILANTE'),
('952020', 'VIGILANTE, HORARIOS DE TRABAJO'),
('952021', 'VIGILANTE, MUSEO'),
('952022', 'VIGILANTE, NOCTURNO'),
('953001', 'LECTOR DE MEDIDORES'),
('961001', 'BASURERO'),
('961002', 'BARRENDERO'),
('961003', 'BARRENDERO, CALLES'),
('961004', 'BARRENDERO, FABRICAS'),
('961005', 'BARRENDERO, PLAZAS Y PARQUES/JARDINES'),
('961006', 'PEON CARBONERO'),
('961007', 'PEON GENERAL'),
('961008', 'PEON, RECOLECCION DE DESECHOS'),
('961009', 'RECOGEDOR, BASURAS/CAMION O TRICICLO'),
('971001', 'AGRICULTOR, AYUDANTE'),
('971002', 'APANADOR/COSECHADOR DE ALGODON'),
('971003', 'ARBORICULTOR'),
('971004', 'ARRIERO'),
('971005', 'BOYERO'),
('971006', 'BRACERO AGRICOLA'),
('971007', 'CABALLERIZO (OBRERO)'),
('971008', 'CAMPESINO'),
('971009', 'CAPADOR (OBRERO)'),
('971010', 'CONDUCTOR, BOVINOS'),
('971011', 'CORTADOR DE CA?A DE AZUCAR');
INSERT INTO `ocupacion_2` (`id_ocupacion_2`, `descripcion`) VALUES
('971012', 'COSECHADOR: MANI, ALGODON, PAJAS, ETC.'),
('971013', 'CRIADOR DE RANAS, PAJAROS (OBRERO)'),
('971014', 'CRIADOR DE GUSANOS DE SEDA (OBRERO)'),
('971015', 'CULTIVADOR: ALGODON, CA?A, AZUCAR, ETC.'),
('971016', 'DIMIDOR'),
('971017', 'ENGANCHADOR AGRICOLA'),
('971018', 'ESQUILADOR (OBRERO)'),
('971019', 'ESTABLERO, CABALLOS REPRODUCTORES'),
('971020', 'GA?AN'),
('971021', 'GOLONDRINO'),
('971022', 'INJERTADOR DE ARBOLES FRUTALES (OBRERO)'),
('971023', 'INSEMINADOR (OBRERO)'),
('971024', 'JARDINERO (OBRERO)'),
('971025', 'JORNALERO AGRICOLA'),
('971026', 'LE?ADOR'),
('971027', 'MARRONERO (OBRERO)'),
('971028', 'MOZO DE CUADRA (OBRERO)'),
('971029', 'OBRERO GANADERO, AYUDANTE'),
('971030', 'OBRERO CRIADOR, AYUDANTE'),
('971031', 'OBRERO AVICULTOR, AYUDANTE'),
('971032', 'OBRERO AGRICOLA DE ARBOLES FRUTALES'),
('971033', 'OBRERO AGRICOLA, AYUDANTE'),
('971034', 'OBRERO FORESTAL, AYUDANTE'),
('971035', 'PALMERO, OBRERO AGRICOLA'),
('971036', 'PASTOR MOCHILERO'),
('971037', 'PEON AGROPECUARIO'),
('971038', 'PEON AGROPECUARIO, ANIMALES DE PELETERIA'),
('971039', 'PEON AGROPECUARIO, CRIA DE ANIMALES DE PIEL'),
('971040', 'PEON AGRICOLA, PAPERO'),
('971041', 'PEON AGRICOLA, HORTALIZAS'),
('971042', 'PEON AGRICOLA, COSECHADOR/FRUTAS'),
('971043', 'PEON AGRICOLA, COSECHADOR/TE'),
('971044', 'PEON AGRICOLA, CULTIVO EXTENSIVO'),
('971045', 'PEON AGROPECUARIO, ESTACIONAL'),
('971046', 'PEON AGROPECUARIO, GANADO'),
('971047', 'PEON AGROPECUARIO, TEMPORERO'),
('971048', 'PEON DE ESTANCIA O HACIENDA'),
('971049', 'PEON DE LABRANZA, ARBORICULTOR'),
('971050', 'PEON AGROPECUARIO, ORDE?ADOR/GANADO LECHERO'),
('971051', 'PEON AGROPECUARIO, MIGRANTE'),
('971052', 'PEON AGROPECUARIO, GANADO EQUINO'),
('971053', 'PEON AGROPECUARIO, GUSANOS DE SEDA'),
('971054', 'PEON AGRICOLA, COSECHADOR/ALGODON'),
('971055', 'PEON AGRICOLA EN GENERAL'),
('971056', 'PEON DE LABRANZA, COSECHADOR/FRUTOS'),
('971057', 'PEON DE LABRANZA, COSECHADOR/HUERTOS'),
('971058', 'PEON DE LABRANZA, COSECHADOR/ALGODON'),
('971059', 'PEON DE LABRANZA, COSECHADOR'),
('971060', 'PEON DE LABRANZA, CITRICOS'),
('971061', 'PEON DE LABRANZA, COSECHADOR/TE'),
('971062', 'PEON DE LABRANZA, CRIA DE GANADO'),
('971063', 'PEON DE LABRANZA, GANADO OVINO'),
('971064', 'PEON DE LABRANZA, GANADO BOVINO'),
('971065', 'PEON DE LABRANZA, GANADO'),
('971066', 'PEON DE LABRANZA, CULTIVO EXTENSIVO'),
('971067', 'PEON DE LABRANZA'),
('971068', 'PORQUERIZO'),
('971069', 'RECOGEDOR DE FRUTAS (OBRERO)'),
('971070', 'RECOLECTOR DE MIEL'),
('971071', 'RECOLECTOR DE FRUTOS, HOJAS DE TE, CAFE, ETC.'),
('971072', 'RESINERO (OBRERO)'),
('971073', 'REZADOR'),
('971074', 'TORNERO'),
('971075', 'TRABAJADOR AGRICOLA'),
('971076', 'TROPERO'),
('971077', 'VAREADOR'),
('971078', 'VIGILANTE DE MONTE'),
('972001', 'DESCUAJADOR'),
('972002', 'PEON FORESTAL'),
('973001', 'BATIDOR DE CAZA'),
('973002', 'ENCEBADOR, CAZA CON TRAMPA'),
('973003', 'PEON CAZADOR'),
('973004', 'PEON TRAMPERO'),
('973005', 'RASTRILLADOR, PLAYAS'),
('973006', 'PESCADOR ARTESANAL'),
('981001', 'AHOYADOR, CANTERAS'),
('981002', 'PE?N, LAVADOR DE ORO'),
('981003', 'PE?N, LAVADOR DE MINERALES'),
('981004', 'MINERO EN GENERAL'),
('981005', 'OBRERO DE MINERIA DE LAVADO'),
('981006', 'PEDRERO'),
('981007', 'PEON, SUMINISTRO DE ELECTRICIDAD, GAS Y AGUA'),
('981008', 'PEON, MINAS O CANTERAS'),
('981009', 'PEON, CANTERAS'),
('981010', 'PICADOR, MINAS'),
('981011', 'PICAPEDRERO'),
('982001', 'CAVADOR, ZANJAS Y ACEQUIAS'),
('982002', 'DESBROZADOR DE TIERRA'),
('982003', 'LIMPIABARROS'),
('982004', 'OBREROS DEL BALASTO, FERROCARRIL'),
('982005', 'PEON BRACERO'),
('982006', 'PEON CAMINERO'),
('982007', 'PEON CAVADOR, FOSOS'),
('982008', 'PEON CAVADOR, POZOS DE AGUA'),
('982009', 'PEON CAVADOR, SEPULTURAS, SEPULTURERO, ENTERRADOR'),
('982010', 'PEON FERROCARRILLERO, BALASTO'),
('982011', 'PEON CONSTRUCCION'),
('982012', 'PEON CONSTRUCCION/CARRETERAS'),
('982013', 'PEON CONSTRUCCION/DIQUES'),
('982014', 'PEON, DE BREGA'),
('982015', 'PEON, DE BRIGADA FERROCARRILES'),
('982016', 'PEON EN GENERAL'),
('982017', 'PORTAMIRAS, TOPOGRAFIA'),
('982018', 'VACIADOR DE POZOS  NEGROS'),
('983001', 'APILADOR DE MATERIAL, CONSTRUCCION/EDIFICIOS, A MANO'),
('983002', 'EMPAPELADOR DE PAREDES'),
('983003', 'PEON, ALBA?ILERIA Y AYUDANTE DE ALBA?IL'),
('983004', 'PEON, DEMOLICION'),
('983005', 'PEON, TAREAS DIVERSAS'),
('984001', 'COSEDOR A MANO, ENCUADERNACION'),
('984002', 'DESCABEZADOS DE PESCADO'),
('984003', 'EMBALADOR, A MANO'),
('984004', 'EMBALADOR, A MANO/CAJAS'),
('984005', 'EMBALADOR, INDUSTRIA CONSERVERA/ENLATADO'),
('984006', 'EMBOTELLADOR MANUAL'),
('984007', 'EMPAQUETADOR, MANUAL'),
('984008', 'ENSACADOR, A MANO'),
('984009', 'ENVASADOR, A MANO'),
('984010', 'ESCAMADOR DE PESCADO'),
('984011', 'ETIQUETADOR, A MANO'),
('984012', 'LAVADOR, ARTICULOS TEXTILES/A MANO'),
('984013', 'LAVADOR, CUEROS Y PIELES/A MANO'),
('984014', 'LAVADOR, RESES/CARNICERIA(A MANO)'),
('984015', 'LAVADOR, TALLER DE FABRICACION/A MANO'),
('984016', 'PEON, ARMADO'),
('984017', 'PEON, CLASIFICACION/BOTELLAS'),
('984018', 'PE?N, LIMPIADOR DE PESCADO'),
('984019', 'PEON, ENROLLADOR DE BOBINAS/A MANO'),
('984020', 'PEON, ENROLLADOR DE FILAMENTOS/A MANO'),
('984021', 'PEON, ENROLLADOR DE RESORTES/A MANO'),
('984022', 'PEON, INDUSTRIA VINICOLA'),
('984023', 'PEON, INDUSTRIAS MANUFACTURERAS'),
('984024', 'PEON, OPERACIONES DE MONTAJE MANUAL'),
('985001', 'CARRETILLERO, CARGADOR AMBULANTE DE MERCANCIAS'),
('985002', 'CONDUCTOR, BICICLETA'),
('985003', 'CONDUCTOR, CARRO DE MANO'),
('985004', 'CONDUCTOR, SILLA DE MANOS'),
('985005', 'CONDUCTOR, TRICICLO/NO MOTORIZADO'),
('985006', 'CONDUCTOR, VEHICULO A PEDALES'),
('985007', 'CONDUCTOR, VELOCIPEDO DE TRANSPORTE'),
('986001', 'ARRIERO, CONDUCTOR DE VEHICULOS DE TRACCION ANIMAL'),
('986002', 'BURRERO, TRANSPORTE'),
('986003', 'CABALLISTA, ARRASTRE DE VAZONETAS EN MINAS Y CANTERAS'),
('986004', 'CARAVANERO'),
('986005', 'CARRETERO, CONDUCTOR DE VEHICULOS DE TRACCION'),
('986006', 'COCHERO DE PUNTO'),
('986007', 'CONDUCTOR, ANIMALES/CANTERAS, CARRETERAS'),
('986008', 'CONDUCTOR, ANIMALES/MINAS'),
('986009', 'CONDUCTOR DE ANIMALES DE CARGA'),
('986010', 'CONDUCTOR, MAQUINARIA AGRICOLA/NO MOTORIZADA'),
('986011', 'CONDUCTOR, MULAS, ASEMILEROS; MULERO, TRANSPORTES'),
('986012', 'CONDUCTOR, RECUAS'),
('986013', 'CONDUCTOR, VEHICULO DE TRACCION ANIMAL/CANTERAS'),
('986014', 'CONDUCTOR, VEHICULO DE TRACCION ANIMAL/CARRETERAS'),
('986015', 'CONDUCTOR, VEHICULO DE TRACCION ANIMAL/MINAS'),
('986016', 'YUGUERO DE BUEYES'),
('986017', 'YUGUERO DE MULAS'),
('986018', 'YUGUERO DE MULAS Y BUEYES'),
('986019', 'YUNTERO DE MULAS Y BUEYES'),
('987001', 'CARGADOR'),
('987002', 'CARGADOR DE BULTOS'),
('987003', 'CARGADOR, BUQUES'),
('987004', 'CARGADOR, BUQUES CISTERNA/GASES'),
('987005', 'CARGADOR, BUQUES CISTERNA/LIQUIDO'),
('987006', 'CARGADOR, CAMIONES'),
('987007', 'CARGADOR, MUEBLES'),
('987008', 'CARGADOR, VEHICULOS/TRANSPORTE FERROVIARIO'),
('987009', 'CARGADOR, VEHICULOS/TRANSPORTE POR CARRETERA'),
('987010', 'ESTIBADOR, MANUAL'),
('987011', 'MANIPULADOR, ALMACENES FRIGORIFICOS'),
('987012', 'MANIPULADOR, CARGA'),
('987013', 'MANIPULADOR, CARNE'),
('987014', 'MANIPULADOR, FRUTA'),
('987015', 'MANIPULADOR, GRANDES ALMACENES'),
('987016', 'MANIPULADOR, MERCADO DE ALIMENTOS'),
('987017', 'MANIPULADOR, MERCANCIAS'),
('987018', 'MANIPULADOR, PESCADO'),
('987019', 'MANIPULADOR, TIENDA'),
('987020', 'PEON DE CARGA, AVIONES'),
('987021', 'PEON DE CARGA, BUQUES'),
('987022', 'PEON DE CARGA, BUQUES CISTERNA/GASES'),
('987023', 'PEON DE CARGA, BUQUES CISTERNA/LIQUIDOS'),
('987024', 'PEON DE CARGA, EMPRESAS DE MUDANZAS'),
('987025', 'PEON PORTUARIO'),
('999001', 'OCUPACION NO ESPECIFICADA');

-- --------------------------------------------------------

--
-- Table structure for table `otras_rentas_quinta`
--

CREATE TABLE IF NOT EXISTS `otras_rentas_quinta` (
  `id_otra_renta_quinta` int(10) unsigned NOT NULL AUTO_INCREMENT,
  `id_trabajador_pdeclaracion` int(11) NOT NULL,
  `ruc` char(11) NOT NULL,
  `razon_social` varchar(200) DEFAULT NULL,
  `monto` decimal(10,2) DEFAULT NULL,
  PRIMARY KEY (`id_otra_renta_quinta`)
) ENGINE=InnoDB DEFAULT CHARSET=latin1 AUTO_INCREMENT=1 ;

--
-- Dumping data for table `otras_rentas_quinta`
--


-- --------------------------------------------------------

--
-- Table structure for table `pagos`
--

CREATE TABLE IF NOT EXISTS `pagos` (
  `id_pago` int(10) unsigned NOT NULL AUTO_INCREMENT,
  `id_trabajador` int(10) unsigned NOT NULL,
  `id_etapa_pago` int(10) unsigned NOT NULL,
  `dia_laborado` int(11) DEFAULT NULL COMMENT 'CALCULADO_DELETE',
  `dia_subsidiado` int(11) DEFAULT NULL COMMENT 'CALCULADO_DELETE',
  `dia_nosubsidiado` int(11) DEFAULT NULL COMMENT 'CALCULADO_DELETE',
  `dia_total` int(11) DEFAULT NULL,
  `sueldo_base` char(20) DEFAULT NULL,
  `sueldo` decimal(10,2) DEFAULT NULL,
  `descuento` decimal(10,2) DEFAULT NULL,
  `sueldo_neto` decimal(10,2) DEFAULT NULL COMMENT 'SUELDO_DEBE SER_CALCULADO\r\npero funciona  =',
  `ordinario_hora` tinyint(3) DEFAULT NULL,
  `ordinario_min` tinyint(2) DEFAULT NULL,
  `sobretiempo_hora` tinyint(3) DEFAULT NULL,
  `sobretiempo_min` tinyint(2) DEFAULT NULL,
  `estado` char(20) DEFAULT NULL,
  `descripcion` tinytext,
  `fecha_modificacion` datetime DEFAULT NULL,
  `id_empresa_centro_costo` int(10) unsigned NOT NULL,
  PRIMARY KEY (`id_pago`),
  KEY `id_trabajador` (`id_trabajador`,`id_etapa_pago`,`id_empresa_centro_costo`),
  KEY `id_etapa_pago` (`id_etapa_pago`),
  KEY `id_empresa_centro_costo` (`id_empresa_centro_costo`)
) ENGINE=InnoDB  DEFAULT CHARSET=latin1 COMMENT='TIENE VARIOS TRABAJADORES\r\nde la persona' AUTO_INCREMENT=23 ;

--
-- Dumping data for table `pagos`
--

INSERT INTO `pagos` (`id_pago`, `id_trabajador`, `id_etapa_pago`, `dia_laborado`, `dia_subsidiado`, `dia_nosubsidiado`, `dia_total`, `sueldo_base`, `sueldo`, `descuento`, `sueldo_neto`, `ordinario_hora`, `ordinario_min`, `sobretiempo_hora`, `sobretiempo_min`, `estado`, `descripcion`, `fecha_modificacion`, `id_empresa_centro_costo`) VALUES
(3, 1, 2, 15, NULL, NULL, 15, '1200.00', '600.00', NULL, '600.00', 120, NULL, NULL, NULL, '0', NULL, NULL, 1),
(5, 4, 2, 10, NULL, NULL, 10, '1300.00', '433.33', NULL, '433.33', 80, NULL, NULL, NULL, '0', NULL, NULL, 2),
(8, 1, 4, 14, NULL, NULL, 14, '1200.00', '560.00', NULL, '560.00', 112, NULL, NULL, NULL, '0', NULL, NULL, 1),
(20, 1, 10, 15, NULL, NULL, 15, '1200.00', '600.00', NULL, '600.00', 120, NULL, NULL, NULL, '0', NULL, NULL, 1),
(21, 4, 10, 15, NULL, NULL, 15, '1300.00', '650.00', NULL, '650.00', 120, NULL, NULL, NULL, '0', NULL, NULL, 2),
(22, 1, 11, 15, NULL, NULL, 15, '1200.00', '600.00', NULL, '600.00', 120, NULL, NULL, NULL, '0', NULL, NULL, 1);

-- --------------------------------------------------------

--
-- Table structure for table `paises_emisores_documentos`
--

CREATE TABLE IF NOT EXISTS `paises_emisores_documentos` (
  `cod_pais_emisor_documento` char(3) NOT NULL,
  `descripcion` varchar(40) DEFAULT NULL,
  PRIMARY KEY (`cod_pais_emisor_documento`)
) ENGINE=InnoDB DEFAULT CHARSET=latin1 COMMENT='''TABLA 26 "PAÍS EMISOR DEL DOCUMENTO - SOLO PARA TIPO DE DOC';

--
-- Dumping data for table `paises_emisores_documentos`
--

INSERT INTO `paises_emisores_documentos` (`cod_pais_emisor_documento`, `descripcion`) VALUES
('004', 'AFGANIST?N'),
('008', 'ALBANIA'),
('010', 'ANT?RTIDA'),
('012', 'ARGELIA'),
('016', 'SAMOA AMERICANA'),
('020', 'ANDORRA'),
('024', 'ANGOLA'),
('028', 'ANTIGUA Y BARBUDA'),
('031', 'AZERBAIJAN'),
('032', 'LA ARGENTINA'),
('036', 'AUSTRALIA'),
('040', 'AUSTRIA'),
('044', 'BAHAMAS'),
('048', 'BAHREIN'),
('050', 'BANGLADESH'),
('051', 'ARMENIA'),
('052', 'BARBADOS'),
('056', 'B?LGICA'),
('060', 'BERMUDAS'),
('064', 'BHUT?N'),
('068', 'BOLIVIA'),
('070', 'BOSNIA Y HERZEGOVINA'),
('072', 'BOTSWANA'),
('074', 'ISLA DE BOUVET'),
('076', 'EL BRASIL'),
('084', 'BELICE'),
('086', 'TERRITORIO BRIT?NICO DEL OC?ANO ?NDICO'),
('090', 'ISLAS DE SOLOMON'),
('092', 'ISLAS V?RGENES, BRIT?NICAS'),
('096', 'BRUNEI DARUSSALAM'),
('100', 'BULGARIA'),
('104', 'MYANMAR'),
('108', 'BURUNDI'),
('112', 'BELARUS'),
('116', 'CAMBOYA'),
('120', 'CAMER'),
('124', 'CANAD?'),
('132', 'CABO VERDE'),
('136', 'ISLAS CAIM?N'),
('140', 'REP?BLICA CENTROAFRICANA'),
('144', 'SRI LANKA'),
('148', 'S?BALO'),
('152', 'CHILE'),
('156', 'CHINA'),
('158', 'TAIW?N, PROVINCIA DE CHINA'),
('162', 'ISLA DE NAVIDAD'),
('166', 'ISLAS DE LOS COCOS (KEELING)'),
('170', 'COLOMBIA'),
('174', 'EL COMORO'),
('175', 'MAYOTTE'),
('178', 'CONGO'),
('180', 'CONGO, LA REP?BLICA DEMOCR?TICA DEL'),
('184', 'ISLAS DE COCINERO'),
('188', 'COSTA RICA'),
('191', 'CROATIA'),
('192', 'CUBA'),
('196', 'CHIPRE'),
('203', 'REP?BLICA CHECA'),
('204', 'BENIN'),
('208', 'DINAMARCA'),
('212', 'DOMINICA'),
('214', 'REP?BLICA DOMINICANA'),
('218', 'ECUADOR'),
('222', 'EL SALVADOR'),
('226', 'GUINEA ECUATORIAL'),
('231', 'ETIOP?A'),
('232', 'ERITREA'),
('233', 'ESTONIA'),
('234', 'ISLAS DE FAROE'),
('238', 'ISLAS MALVINAS (MALVINAS)'),
('239', 'GEORGIA DEL SUR Y LAS ISLAS DEL SUR DEL '),
('242', 'FIJI'),
('246', 'FINLANDIA'),
('248', 'ISLAS DE ?LAND'),
('250', 'FRANCIA'),
('254', 'LA GUAYANA FRANCESA'),
('258', 'POLINESIA FRANCESA'),
('260', 'TERRITORIOS MERIDIONALES FRANCESES'),
('262', 'DJIBOUTI'),
('266', 'GAB'),
('268', 'GEORGIA'),
('270', 'GAMBIA'),
('275', 'TERRITORIO PALESTINO, OCUPADO'),
('276', 'ALEMANIA'),
('288', 'GHANA'),
('292', 'GIBRALTAR'),
('296', 'KIRIBATI'),
('300', 'GRECIA'),
('304', 'GROENLANDIA'),
('308', 'GRENADA'),
('312', 'GUADALUPE'),
('316', 'GUAM'),
('320', 'GUATEMALA'),
('324', 'GUINEA'),
('328', 'GUYANA'),
('332', 'HAIT'),
('334', 'ISLA E ISLAS O?DAS DE MCDONALD'),
('336', 'SANTA SEDE (ESTADO DE CIUDAD DE VATICAN)'),
('340', 'HONDURAS'),
('344', 'HONG KONG'),
('348', 'HUNGR?A'),
('352', 'ISLANDIA'),
('356', 'LA INDIA'),
('360', 'INDONESIA'),
('364', 'IR?N, REP?BLICA ISL?MICA DE'),
('368', 'IRAQ'),
('372', 'IRLANDA'),
('376', 'ISRAEL'),
('380', 'ITALIA'),
('384', 'D''IVOIRE DE C?TE'),
('388', 'JAMAICA'),
('392', 'JAP'),
('398', 'KAZAKHSTAN'),
('400', 'JORDANIA'),
('404', 'KENIA'),
('408', 'COREA, REP?BLICA POPULAR DEMOCR?TICA DE '),
('410', 'COREA, REP?BLICA DE'),
('414', 'KUWAIT'),
('417', 'KYRGYZSTAN'),
('418', 'REP?BLICA DEMOCR?TICA DE LA GENTE DEL LA'),
('422', 'L?BANO'),
('426', 'LESOTHO'),
('428', 'LATVIA'),
('430', 'LIBERIA'),
('434', 'JAMAHIRIYA ?RABE LIBIO'),
('438', 'LIECHTENSTEIN'),
('440', 'LITUANIA'),
('442', 'LUXEMBURGO'),
('446', 'MACAO'),
('450', 'MADAGASCAR'),
('454', 'MALAWI'),
('458', 'MALASIA'),
('462', 'MALDIVES'),
('466', 'MAL'),
('470', 'MALTA'),
('474', 'MARTINICA'),
('478', 'MAURITANIA'),
('480', 'ISLA MAURICIO'),
('484', 'M?XICO'),
('492', 'M?NACO'),
('496', 'MONGOLIA'),
('498', 'MOLDOVA'),
('499', 'MONTENEGRO'),
('500', 'MONTSERRAT'),
('504', 'MARRUECOS'),
('508', 'MOZAMBIQUE'),
('512', 'OM?N'),
('516', 'NAMIBIA'),
('520', 'NAURU'),
('524', 'NEPAL'),
('528', 'PA?SES BAJOS'),
('530', 'PA?SES BAJOS ANTILLAS'),
('533', 'ARUBA'),
('540', 'NUEVA CALEDONIA'),
('548', 'VANUATU'),
('554', 'NUEVA ZELANDIA'),
('558', 'NICARAGUA'),
('562', 'NIGER'),
('566', 'NIGERIA'),
('570', 'NIUE'),
('574', 'ISLA DE NORFOLK'),
('578', 'NORUEGA'),
('580', 'ISLAS DE MARIANA NORTE?AS'),
('581', 'ISLAS PERIF?RICAS DE MENOR IMPORTANCIA D'),
('583', 'MICRONESIA, ESTADOS FEDERADOS DE'),
('584', 'ISLAS DE ORDENAR'),
('585', 'PALAU'),
('586', 'PAQUIST?N'),
('591', 'PANAM?'),
('598', 'PAPUA NUEVA GUINEA'),
('600', 'PARAGUAY'),
('604', 'PERU'),
('608', 'FILIPINAS'),
('612', 'PITCAIRN'),
('616', 'POLONIA'),
('620', 'PORTUGAL'),
('624', 'GUINEA-BISSAU'),
('626', 'TIMOR-LESTE'),
('630', 'PUERTO RICO'),
('634', 'QATAR'),
('638', 'R?UNION'),
('642', 'RUMANIA'),
('643', 'FEDERACI?N RUSA'),
('646', 'RWANDA'),
('652', 'SANTO BARTH?LEMY'),
('654', 'SANTO HELENA'),
('659', 'SANTO KITTS Y NEVIS'),
('660', 'ANGUILA'),
('662', 'SANTO LUCIA'),
('663', 'SANTO MARTIN (PARTE FRANCESA)'),
('666', 'SANTO PIERRE Y MIQUELON'),
('670', 'SANTO VINCENT Y LOS GRENADINES'),
('674', 'SAN MARINO'),
('678', 'SAO TOME Y PR?NCIPE'),
('682', 'LA ARABIA SAUDITA'),
('686', 'SENEGAL'),
('688', 'SERBIA'),
('690', 'SEYCHELLES'),
('694', 'SIERRA LEONA'),
('702', 'SINGAPUR'),
('703', 'ESLOVAQUIA'),
('704', 'VIETNAM'),
('705', 'ESLOVENIA'),
('706', 'SOMALIA'),
('710', 'SUR?FRICA'),
('716', 'ZIMBABWE'),
('724', 'ESPA?A'),
('732', 'S?HARA OCCIDENTAL'),
('736', 'SUD?N'),
('740', 'SURINAME'),
('744', 'SVALBARD Y ENERO MAYEN'),
('748', 'SWAZILANDIA'),
('752', 'SUECIA'),
('756', 'SUIZA'),
('760', 'REP?BLICA ?RABE SIRIA'),
('762', 'TAJIKISTAN'),
('764', 'TAILANDIA'),
('768', 'TOGO'),
('772', 'TOKELAU'),
('776', 'TONGA'),
('780', 'TRINIDAD Y TRINIDAD Y TOBAGO'),
('784', 'EMIRATOS ?RABES UNIDOS'),
('788', 'T?NEZ'),
('792', 'TURQU?A'),
('795', 'TURKMENISTAN'),
('796', 'TURCOS E ISLAS DE CAICOS'),
('798', 'TUVALU'),
('800', 'UGANDA'),
('804', 'UCRANIA'),
('807', 'MACEDONIA, LA REP?BLICA YUGOSLAVA ANTERI'),
('818', 'EGIPTO'),
('826', 'REINO UNIDO'),
('831', 'GUERNESEY'),
('832', 'JERSEY'),
('833', 'ISLA DEL HOMBRE'),
('834', 'TANZANIA, REP?BLICA UNIDA DE'),
('840', 'ESTADOS UNIDOS'),
('850', 'ISLAS V?RGENES, LOS E.E.U.U.'),
('854', 'BURKINA FASO'),
('858', 'URUGUAY'),
('860', 'UZBEKISTAN'),
('862', 'VENEZUELA'),
('876', 'WALLIS Y FUTUNA'),
('882', 'SAMOA'),
('887', 'YEMEN'),
('894', 'ZAMBIA');

-- --------------------------------------------------------

--
-- Table structure for table `pdeclaraciones`
--

CREATE TABLE IF NOT EXISTS `pdeclaraciones` (
  `id_pdeclaracion` int(10) unsigned NOT NULL AUTO_INCREMENT,
  `id_empleador_maestro` int(10) unsigned NOT NULL,
  `periodo` date DEFAULT NULL,
  `fecha_creacion` date DEFAULT NULL,
  `fecha_modificacion` date DEFAULT NULL,
  PRIMARY KEY (`id_pdeclaracion`),
  KEY `id_empleador_maestro` (`id_empleador_maestro`),
  KEY `id_empleador_maestro_2` (`id_empleador_maestro`)
) ENGINE=InnoDB  DEFAULT CHARSET=latin1 AUTO_INCREMENT=4 ;

--
-- Dumping data for table `pdeclaraciones`
--

INSERT INTO `pdeclaraciones` (`id_pdeclaracion`, `id_empleador_maestro`, `periodo`, `fecha_creacion`, `fecha_modificacion`) VALUES
(1, 2, '2012-01-01', '2012-08-15', '2012-08-15'),
(2, 2, '2012-04-01', '2012-08-17', '2012-08-17'),
(3, 2, '2012-02-01', '2012-08-20', '2012-08-20');

-- --------------------------------------------------------

--
-- Table structure for table `pdias_nosubsidiados`
--

CREATE TABLE IF NOT EXISTS `pdias_nosubsidiados` (
  `id_pdia_nosubsidiado` int(10) unsigned NOT NULL AUTO_INCREMENT,
  `id_pago` int(10) unsigned NOT NULL,
  `cantidad_dia` tinyint(4) DEFAULT NULL,
  `cod_tipo_suspen_relacion_laboral` char(2) NOT NULL,
  PRIMARY KEY (`id_pdia_nosubsidiado`),
  KEY `id_pago` (`id_pago`)
) ENGINE=InnoDB DEFAULT CHARSET=latin1 AUTO_INCREMENT=1 ;

--
-- Dumping data for table `pdias_nosubsidiados`
--


-- --------------------------------------------------------

--
-- Table structure for table `pdias_subsidiados`
--

CREATE TABLE IF NOT EXISTS `pdias_subsidiados` (
  `id_pdia_subsidiado` int(10) unsigned NOT NULL AUTO_INCREMENT,
  `id_pago` int(10) unsigned NOT NULL,
  `cantidad_dia` int(11) DEFAULT NULL,
  `cod_tipo_suspen_relacion_laboral` char(2) NOT NULL,
  PRIMARY KEY (`id_pdia_subsidiado`),
  KEY `id_pago` (`id_pago`)
) ENGINE=InnoDB DEFAULT CHARSET=latin1 COMMENT='Las midicaciones y demas guardados en  SESSION\r\no USAR jsss' AUTO_INCREMENT=1 ;

--
-- Dumping data for table `pdias_subsidiados`
--


-- --------------------------------------------------------

--
-- Table structure for table `pensionistas`
--

CREATE TABLE IF NOT EXISTS `pensionistas` (
  `id_pensionista` int(10) unsigned NOT NULL AUTO_INCREMENT,
  `id_persona` int(10) unsigned NOT NULL,
  `cod_tipo_trabajador` char(2) NOT NULL,
  `cod_regimen_pensionario` char(2) NOT NULL,
  `cuspp` varchar(15) DEFAULT NULL,
  `cod_tipo_pago` char(1) NOT NULL,
  `cod_situacion` char(1) NOT NULL COMMENT 'ACTIVO\r\nINACTIVO = SUNAT',
  `estado` char(10) DEFAULT NULL COMMENT 'sistema:\r\n1 = activo\r\n2 = inactivo',
  PRIMARY KEY (`id_pensionista`),
  KEY `cod_tipo_trabajador` (`cod_tipo_trabajador`),
  KEY `cod_tipo_pago` (`cod_tipo_pago`),
  KEY `cod_regimen_pensionario` (`cod_regimen_pensionario`),
  KEY `id_persona` (`id_persona`),
  KEY `cod_situacion` (`cod_situacion`)
) ENGINE=InnoDB  DEFAULT CHARSET=latin1 COMMENT='*' AUTO_INCREMENT=33 ;

--
-- Dumping data for table `pensionistas`
--

INSERT INTO `pensionistas` (`id_pensionista`, `id_persona`, `cod_tipo_trabajador`, `cod_regimen_pensionario`, `cuspp`, `cod_tipo_pago`, `cod_situacion`, `estado`) VALUES
(29, 1, '0', '0', NULL, '0', '1', 'INACTIVO'),
(32, 5, '0', '0', NULL, '0', '1', 'INACTIVO');

-- --------------------------------------------------------

--
-- Table structure for table `periodos_adelantos`
--

CREATE TABLE IF NOT EXISTS `periodos_adelantos` (
  `id_periodo_adelanto` int(10) unsigned NOT NULL AUTO_INCREMENT,
  `id_trabajador` int(10) unsigned NOT NULL,
  `id_pdeclaracion` int(10) unsigned NOT NULL,
  `id_periodo_pago` int(10) unsigned NOT NULL,
  `dia_laborado` int(11) DEFAULT NULL,
  `dia_subsidiado` int(11) DEFAULT NULL,
  `dia_nosubsidiado` int(11) DEFAULT NULL,
  `dia_total` int(11) DEFAULT NULL,
  `sueldo` decimal(10,2) DEFAULT NULL,
  `descuento` decimal(10,2) DEFAULT NULL,
  `sueldo_neto` decimal(10,2) DEFAULT NULL,
  `fecha_inicio` date DEFAULT NULL,
  `fecha_fin` date DEFAULT NULL,
  `ordinario_hora` tinyint(3) DEFAULT NULL,
  `ordinario_min` tinyint(2) DEFAULT NULL,
  `sobretiempo_hora` tinyint(3) DEFAULT NULL,
  `sobretiempo_min` tinyint(2) DEFAULT NULL,
  `estado` char(20) DEFAULT NULL,
  `descripcion` tinytext,
  PRIMARY KEY (`id_periodo_adelanto`),
  KEY `id_trabajador` (`id_trabajador`,`id_pdeclaracion`,`id_periodo_pago`),
  KEY `id_trabajador_2` (`id_trabajador`,`id_pdeclaracion`,`id_periodo_pago`)
) ENGINE=InnoDB DEFAULT CHARSET=latin1 COMMENT='TIENE VARIOS TRABAJADORES\r\nde la persona' AUTO_INCREMENT=1 ;

--
-- Dumping data for table `periodos_adelantos`
--


-- --------------------------------------------------------

--
-- Table structure for table `periodos_destaques`
--

CREATE TABLE IF NOT EXISTS `periodos_destaques` (
  `id_periodo_destaque` int(11) NOT NULL AUTO_INCREMENT COMMENT 'Periodos de destaque o desplace:',
  `id_personal_tercero` int(11) NOT NULL,
  `fecha_inicio` date DEFAULT NULL,
  `fecha_fin` date DEFAULT NULL,
  PRIMARY KEY (`id_periodo_destaque`),
  KEY `id_personal_tercero` (`id_personal_tercero`)
) ENGINE=InnoDB  DEFAULT CHARSET=latin1 COMMENT='LINK_DETALLE' AUTO_INCREMENT=44 ;

--
-- Dumping data for table `periodos_destaques`
--

INSERT INTO `periodos_destaques` (`id_periodo_destaque`, `id_personal_tercero`, `fecha_inicio`, `fecha_fin`) VALUES
(40, 28, NULL, NULL),
(43, 31, NULL, NULL);

-- --------------------------------------------------------

--
-- Table structure for table `periodos_pagos`
--

CREATE TABLE IF NOT EXISTS `periodos_pagos` (
  `id_periodo_pago` int(10) unsigned NOT NULL,
  `valor` decimal(10,2) DEFAULT NULL,
  `descripcion` char(20) DEFAULT NULL,
  PRIMARY KEY (`id_periodo_pago`)
) ENGINE=InnoDB DEFAULT CHARSET=latin1 COMMENT='quincenal\r\nmensual';

--
-- Dumping data for table `periodos_pagos`
--


-- --------------------------------------------------------

--
-- Table structure for table `periodos_remuneraciones`
--

CREATE TABLE IF NOT EXISTS `periodos_remuneraciones` (
  `cod_periodo_remuneracion` int(11) NOT NULL COMMENT 'NO AUTOINCREMENTAL',
  `descripcion` varchar(30) DEFAULT NULL,
  `tasa` decimal(10,2) DEFAULT NULL,
  `dia` smallint(2) unsigned NOT NULL,
  `estado` tinyint(1) DEFAULT '0',
  PRIMARY KEY (`cod_periodo_remuneracion`)
) ENGINE=InnoDB DEFAULT CHARSET=latin1 COMMENT='''TABLA 13: "PERIODICIDAD DE LA REMUNERACIÓN O RETRIBUCIÓN"';

--
-- Dumping data for table `periodos_remuneraciones`
--

INSERT INTO `periodos_remuneraciones` (`cod_periodo_remuneracion`, `descripcion`, `tasa`, `dia`, `estado`) VALUES
(0, '-', NULL, 0, 0),
(1, 'MENSUAL', NULL, 30, 0),
(2, 'QUINCENAL', '50.00', 15, 1),
(3, 'SEMANAL', NULL, 7, 0),
(4, 'DIARIA', NULL, 1, 0),
(5, 'OTROS', NULL, 0, 0);

-- --------------------------------------------------------

--
-- Table structure for table `personales_formaciones_laborales`
--

CREATE TABLE IF NOT EXISTS `personales_formaciones_laborales` (
  `id_personal_formacion_laboral` int(10) unsigned NOT NULL AUTO_INCREMENT,
  `id_persona` int(10) unsigned NOT NULL,
  `cod_nivel_educativo` char(2) NOT NULL,
  `id_modalidad_formativa` char(2) NOT NULL,
  `id_ocupacion_2` char(6) NOT NULL,
  `centro_formacion` varchar(30) DEFAULT NULL COMMENT 'RadioButton all txt\r\nuniversidad\r\nintituto\r\notro\r\notro\r\n',
  `seguro_medico` varchar(30) DEFAULT NULL COMMENT 'radio button',
  `presenta_discapacidad` tinyint(1) DEFAULT NULL,
  `horario_nocturno` tinyint(1) DEFAULT NULL,
  `cod_situacion` char(1) NOT NULL COMMENT 'ACTIVO\r\nINACTIVO',
  `estado` char(10) DEFAULT NULL COMMENT 'sistema:\r\n1 = activo\r\n2 = inactivo',
  PRIMARY KEY (`id_personal_formacion_laboral`),
  KEY `cod_nivel_educativo` (`cod_nivel_educativo`),
  KEY `id_persona` (`id_persona`),
  KEY `id_modalidad_formativa` (`id_modalidad_formativa`),
  KEY `id_ocupacion_2` (`id_ocupacion_2`),
  KEY `cod_situacion` (`cod_situacion`)
) ENGINE=InnoDB  DEFAULT CHARSET=latin1 COMMENT='*' AUTO_INCREMENT=33 ;

--
-- Dumping data for table `personales_formaciones_laborales`
--

INSERT INTO `personales_formaciones_laborales` (`id_personal_formacion_laboral`, `id_persona`, `cod_nivel_educativo`, `id_modalidad_formativa`, `id_ocupacion_2`, `centro_formacion`, `seguro_medico`, `presenta_discapacidad`, `horario_nocturno`, `cod_situacion`, `estado`) VALUES
(29, 1, '0', '0', '0', '0', '0', 0, 0, '1', 'INACTIVO'),
(32, 5, '0', '0', '0', '0', '0', 0, 0, '1', 'INACTIVO');

-- --------------------------------------------------------

--
-- Table structure for table `personales_terceros`
--

CREATE TABLE IF NOT EXISTS `personales_terceros` (
  `id_personal_tercero` int(11) NOT NULL AUTO_INCREMENT,
  `id_persona` int(10) unsigned NOT NULL,
  `id_empleador_destaque_yoursef` int(10) unsigned NOT NULL,
  `cobertura_pension` varchar(20) DEFAULT NULL COMMENT 'RADIO BUTTON\r\nCobertura Pensión:	 \r\n\r\nONP	 \r\nSeguro Privado',
  `cod_situacion` char(1) NOT NULL,
  `estado` varchar(10) NOT NULL,
  PRIMARY KEY (`id_personal_tercero`),
  KEY `id_persona` (`id_persona`),
  KEY `id_empleador_destaque_yoursef` (`id_empleador_destaque_yoursef`),
  KEY `cod_situacion` (`cod_situacion`)
) ENGINE=InnoDB  DEFAULT CHARSET=latin1 COMMENT='RUC de la empresa que destaca o desplaza' AUTO_INCREMENT=32 ;

--
-- Dumping data for table `personales_terceros`
--

INSERT INTO `personales_terceros` (`id_personal_tercero`, `id_persona`, `id_empleador_destaque_yoursef`, `cobertura_pension`, `cod_situacion`, `estado`) VALUES
(28, 1, 0, NULL, '1', 'INACTIVO'),
(31, 5, 0, NULL, '1', 'INACTIVO');

-- --------------------------------------------------------

--
-- Table structure for table `personas`
--

CREATE TABLE IF NOT EXISTS `personas` (
  `id_persona` int(10) unsigned NOT NULL AUTO_INCREMENT,
  `id_empleador` int(11) NOT NULL,
  `cod_pais_emisor_documento` char(3) NOT NULL,
  `cod_tipo_documento` char(2) DEFAULT NULL,
  `cod_nacionalidad` char(4) NOT NULL,
  `num_documento` varchar(15) DEFAULT NULL,
  `fecha_nacimiento` date DEFAULT NULL,
  `apellido_paterno` varchar(40) DEFAULT NULL,
  `apellido_materno` varchar(40) DEFAULT NULL,
  `nombres` varchar(40) DEFAULT NULL,
  `sexo` char(1) DEFAULT NULL COMMENT 'masculino = 1\r\nfemenino = 2',
  `id_estado_civil` int(10) unsigned NOT NULL COMMENT '1=soltero\r\n2=casado\r\nMYSAM',
  `cod_telefono_codigo_nacional` char(3) DEFAULT NULL,
  `telefono` char(20) DEFAULT NULL COMMENT 'Dato obligatorio solo si registro CLDN. ',
  `correo` varchar(250) DEFAULT NULL,
  `tabla_trabajador` tinyint(1) DEFAULT NULL COMMENT 'estdo = INSERT',
  `tabla_pensionista` tinyint(1) DEFAULT NULL COMMENT 'estdo = INSERT',
  `tabla_personal_formacion_laboral` tinyint(1) DEFAULT NULL COMMENT 'estdo = INSERT',
  `tabla_personal_terceros` tinyint(1) DEFAULT NULL COMMENT 'estdo = INSERT',
  `estado` char(10) DEFAULT NULL COMMENT 'ACTIVO\r\nINACTIVO',
  `fecha_creacion` date DEFAULT NULL,
  `fecha_modificacion` date DEFAULT NULL,
  `fecha_baja` date DEFAULT NULL,
  PRIMARY KEY (`id_persona`),
  KEY `cod_tipo_documento` (`cod_tipo_documento`),
  KEY `cod_pais_emisor_documento` (`cod_pais_emisor_documento`),
  KEY `cod_nacionalidad` (`cod_nacionalidad`),
  KEY `cod_telefono_codigo_nacional` (`cod_telefono_codigo_nacional`),
  KEY `id_empleador` (`id_empleador`),
  KEY `id_estado_civil` (`id_estado_civil`)
) ENGINE=InnoDB  DEFAULT CHARSET=latin1 COMMENT='*' AUTO_INCREMENT=6 ;

--
-- Dumping data for table `personas`
--

INSERT INTO `personas` (`id_persona`, `id_empleador`, `cod_pais_emisor_documento`, `cod_tipo_documento`, `cod_nacionalidad`, `num_documento`, `fecha_nacimiento`, `apellido_paterno`, `apellido_materno`, `nombres`, `sexo`, `id_estado_civil`, `cod_telefono_codigo_nacional`, `telefono`, `correo`, `tabla_trabajador`, `tabla_pensionista`, `tabla_personal_formacion_laboral`, `tabla_personal_terceros`, `estado`, `fecha_creacion`, `fecha_modificacion`, `fecha_baja`) VALUES
(1, 1, '604', '01', '9589', '45269187', '1988-01-01', 'copitan', 'norabuena', 'anibal', '1', 1, '0', '', '', 1, 0, 0, 0, 'ACTIVO', '2012-08-20', NULL, NULL),
(5, 1, '604', '01', '9589', '62562568', '1988-02-01', 'moria', 'jara', 'maria gina', '1', 1, '0', '', '', 1, 0, 0, 0, 'ACTIVO', '2012-08-20', NULL, NULL);

-- --------------------------------------------------------

--
-- Table structure for table `personas_direcciones`
--

CREATE TABLE IF NOT EXISTS `personas_direcciones` (
  `id_persona_direccion` int(10) unsigned NOT NULL AUTO_INCREMENT,
  `id_persona` int(10) unsigned NOT NULL,
  `cod_ubigeo_reniec` char(6) NOT NULL,
  `cod_via` char(2) NOT NULL,
  `nombre_via` varchar(20) DEFAULT NULL,
  `numero_via` char(4) DEFAULT NULL,
  `departamento` char(4) DEFAULT NULL COMMENT 'Numero Departamento',
  `interior` char(4) DEFAULT NULL,
  `manzana` char(4) DEFAULT NULL,
  `lote` char(4) DEFAULT NULL,
  `kilometro` char(4) DEFAULT NULL,
  `block` char(4) DEFAULT NULL,
  `etapa` char(4) DEFAULT NULL,
  `cod_zona` char(2) NOT NULL,
  `nombre_zona` varchar(20) DEFAULT NULL,
  `referencia` varbinary(100) DEFAULT NULL,
  `referente_essalud` tinyint(1) DEFAULT NULL COMMENT 'radio button',
  `estado_direccion` int(11) DEFAULT NULL COMMENT '1 = direccion principal\r\n0 = direccion 2',
  PRIMARY KEY (`id_persona_direccion`),
  KEY `cod_via` (`cod_via`),
  KEY `cod_zona` (`cod_zona`),
  KEY `id_persona` (`id_persona`),
  KEY `cod_ubigeo_reniec` (`cod_ubigeo_reniec`)
) ENGINE=InnoDB  DEFAULT CHARSET=latin1 COMMENT='MAX 2 direcciones por Persona' AUTO_INCREMENT=21 ;

--
-- Dumping data for table `personas_direcciones`
--

INSERT INTO `personas_direcciones` (`id_persona_direccion`, `id_persona`, `cod_ubigeo_reniec`, `cod_via`, `nombre_via`, `numero_via`, `departamento`, `interior`, `manzana`, `lote`, `kilometro`, `block`, `etapa`, `cod_zona`, `nombre_zona`, `referencia`, `referente_essalud`, `estado_direccion`) VALUES
(13, 1, '0', '0', NULL, NULL, NULL, NULL, NULL, NULL, NULL, NULL, NULL, '0', NULL, NULL, 1, 1),
(14, 1, '0', '0', NULL, NULL, NULL, NULL, NULL, NULL, NULL, NULL, NULL, '0', NULL, NULL, NULL, 2),
(19, 5, '0', '0', NULL, NULL, NULL, NULL, NULL, NULL, NULL, NULL, NULL, '0', NULL, NULL, 1, 1),
(20, 5, '0', '0', NULL, NULL, NULL, NULL, NULL, NULL, NULL, NULL, NULL, '0', NULL, NULL, NULL, 2);

-- --------------------------------------------------------

--
-- Table structure for table `pps_4tacategorias`
--

CREATE TABLE IF NOT EXISTS `pps_4tacategorias` (
  `id_ps_4tacategoria` int(10) unsigned NOT NULL AUTO_INCREMENT,
  `id_pdeclaracion` int(10) unsigned NOT NULL,
  `cod_tipo_documento` char(2) NOT NULL,
  `num_documento` varchar(15) DEFAULT NULL,
  `apellido_paterno` varchar(40) DEFAULT NULL,
  `apellido_materno` varchar(40) DEFAULT NULL,
  `nombres` varchar(40) DEFAULT NULL,
  `domiciliado` tinyint(1) DEFAULT NULL,
  `convenio` tinyint(1) DEFAULT NULL,
  `cod_convenio` int(11) NOT NULL,
  PRIMARY KEY (`id_ps_4tacategoria`),
  KEY `id_pdeclaracion` (`id_pdeclaracion`)
) ENGINE=InnoDB DEFAULT CHARSET=latin1 AUTO_INCREMENT=1 ;

--
-- Dumping data for table `pps_4tacategorias`
--


-- --------------------------------------------------------

--
-- Table structure for table `pps_detalles_4tacategorias`
--

CREATE TABLE IF NOT EXISTS `pps_detalles_4tacategorias` (
  `id_pps_detalle_4tacategoria` int(10) unsigned NOT NULL AUTO_INCREMENT,
  `cod_tipo_comprobante_pago` char(1) NOT NULL,
  `id_ps_4tacategoria` int(10) unsigned NOT NULL,
  `serie` char(3) DEFAULT NULL,
  `nro_comprobante` char(7) DEFAULT NULL,
  `fecha_emision` date DEFAULT NULL,
  `fecha_pago` date DEFAULT NULL,
  `monto` decimal(10,2) DEFAULT NULL,
  `aplica_retencion` tinyint(1) DEFAULT NULL,
  `porcentaje_retenido` decimal(10,2) DEFAULT NULL,
  `monto_retenido` decimal(10,2) DEFAULT NULL,
  PRIMARY KEY (`id_pps_detalle_4tacategoria`),
  KEY `id_ps_4tacategoria` (`id_ps_4tacategoria`)
) ENGINE=InnoDB DEFAULT CHARSET=latin1 AUTO_INCREMENT=1 ;

--
-- Dumping data for table `pps_detalles_4tacategorias`
--


-- --------------------------------------------------------

--
-- Table structure for table `ptrabajadores`
--

CREATE TABLE IF NOT EXISTS `ptrabajadores` (
  `id_ptrabajador` int(10) unsigned NOT NULL AUTO_INCREMENT,
  `id_trabajador` int(10) unsigned NOT NULL,
  `aporta_essalud_vida` tinyint(1) DEFAULT '0',
  `aporta_asegura_tu_pension` tinyint(1) DEFAULT '0',
  `domiciliado` tinyint(1) DEFAULT '1',
  PRIMARY KEY (`id_ptrabajador`),
  KEY `id_trabajador` (`id_trabajador`)
) ENGINE=InnoDB  DEFAULT CHARSET=latin1 COMMENT='''ESTRUCTURA 26:  Trabajador - Otras condiciones' AUTO_INCREMENT=5 ;

--
-- Dumping data for table `ptrabajadores`
--

INSERT INTO `ptrabajadores` (`id_ptrabajador`, `id_trabajador`, `aporta_essalud_vida`, `aporta_asegura_tu_pension`, `domiciliado`) VALUES
(2, 4, 1, 1, 1),
(4, 1, 0, 0, 0);

-- --------------------------------------------------------

--
-- Table structure for table `regimenes_aseguramientos_salud`
--

CREATE TABLE IF NOT EXISTS `regimenes_aseguramientos_salud` (
  `cod_regimen_aseguramiento_salud` char(2) NOT NULL,
  `descripcion` varchar(70) DEFAULT NULL,
  `descripcion_abreviada` varchar(50) DEFAULT NULL,
  PRIMARY KEY (`cod_regimen_aseguramiento_salud`)
) ENGINE=InnoDB DEFAULT CHARSET=latin1 COMMENT='''TABLA 32: "REGIMEN DE ASEGURAMIENTO DE SALUD".\r\n-----------';

--
-- Dumping data for table `regimenes_aseguramientos_salud`
--

INSERT INTO `regimenes_aseguramientos_salud` (`cod_regimen_aseguramiento_salud`, `descripcion`, `descripcion_abreviada`) VALUES
('0', '-', '-'),
('00', 'ESSALUD REGULAR (Exclusivamente)', 'ESSALUD REGULAR '),
('01', 'ESSALUD REGULAR Y EPS/SERV. PROPIOS', 'ESSALUD REGULAR Y EPS/SERV. PROP.'),
('02', 'ESSALUD TRABAJADORES PESQUEROS', 'ESSALUD TRAB PESQUEROS'),
('03', 'ESSALUD TRABAJADORES PESQUEROS Y EPS(SERV.PROPIOS)', 'ESSALUD TRAB PESQ Y EPS(SERV.PROP)'),
('04', 'ESSALUD AGRARIO/ACU?COLA', 'ESSALUD AGRARIO/ACU?COLA'),
('05', 'ESSALUD PENSIONISTAS', 'ESSALUD PENSIONISTAS'),
('20', 'SANIDAD DE FFAA Y POLICIALES (1)', 'SANIDAD FFAA Y POLICIALES (1)'),
('21', 'SIS ? MICROEMPRESA(2)', 'SIS ? MICROEMPRESA (2)');

-- --------------------------------------------------------

--
-- Table structure for table `regimenes_laborales`
--

CREATE TABLE IF NOT EXISTS `regimenes_laborales` (
  `cod_regimen_laboral` char(2) NOT NULL,
  `descripcion` varchar(100) DEFAULT NULL,
  `descripcion_abreviada` varchar(50) DEFAULT NULL,
  PRIMARY KEY (`cod_regimen_laboral`)
) ENGINE=InnoDB DEFAULT CHARSET=latin1 COMMENT='''TABLA 33:  "RÉGIMEN LABORAL"\r\n---Trabaja con 2 combos Condi';

--
-- Dumping data for table `regimenes_laborales`
--

INSERT INTO `regimenes_laborales` (`cod_regimen_laboral`, `descripcion`, `descripcion_abreviada`) VALUES
('0', '-', '-'),
('01', 'DECRETO LEGISLATIVO N.? 728', 'D LEG N.? 728'),
('02', 'P?BLICO GENERAL - DECRETO LEGISLATIVO N.? 276', 'D.LEG N.? 276'),
('03', 'PROFESORADO - LEY N.? 24029', 'PROFESORADO LEY 24029'),
('04', 'MAGISTERIO - LEY N.? 29062', 'MAGISTERIO  LEY 29062'),
('05', 'DOCENTES UNIVERSITARIOS - LEY N.? 23733', 'DOC UNIVERS LEY 23733'),
('06', 'PROFESIONALES DE LA SALUD LEY N.? 23536', 'PROFES SALUD LEY 23536'),
('07', 'TECNICOS Y AUXILIARES ASIST. DE LA SALUD - LEY N.? 28561', 'TECN Y AUX ASIST SALUD LEY 28561'),
('08', 'SERUM - LEY N.? 23330', 'SERUM LEY 23330'),
('09', 'JUECES - CARRERA JUDICIAL - LEY N.? 29277', 'JUECES LEY 29277'),
('10', 'FISCALES - D. LEG.  N.? 052', 'FISCALES D.LEG 052'),
('11', 'SERVICIO DIPLOM?TICO DE LA REP?BLICA - LEY N.? 28091', 'SERVICIO DIPLOM. REP?BLICA LEY 28091'),
('12', 'MILITARES', 'MILITARES'),
('13', 'POLICIA NACIONAL DEL PER? - LEY N.? 27238', 'POLICIAS LEY 27238'),
('14', 'ESPECIAL GER. P?BLICOS DECRETO LEGISLATIVO N.? 1024 (2)', 'ESPECIAL GER. P?BL D LEG 1024'),
('15', 'CONTRATO ADMINISTRATIVO DE SERVICIOS - D.LEG. N.? 1057', 'CAS D.LEG 1057'),
('16', 'MICROEMPRESA D. LEG. 1086 (1)', 'MICROEMPRESA'),
('17', 'PEQUE?A EMPRESA D. LEG. 1086 (1)', 'PEQUE?A EMPRESA'),
('18', 'AGRARIO LEY 27360', 'AGRARIO'),
('19', 'EXPORTACION NO TRADICIONAL D. LEY 22342', 'EXPORTACION NO TRADICIONAL'),
('20', 'MINEROS', 'MINEROS'),
('21', 'CONSTRUCCION CIVIL', 'CONSTRUCCION CIVIL'),
('99', 'OTROS NO PREVISTOS', 'OTROS');

-- --------------------------------------------------------

--
-- Table structure for table `regimenes_pensionarios`
--

CREATE TABLE IF NOT EXISTS `regimenes_pensionarios` (
  `cod_regimen_pensionario` char(2) NOT NULL,
  `descripcion` varchar(70) DEFAULT NULL,
  `descripcion_abreviada` varchar(50) DEFAULT NULL,
  PRIMARY KEY (`cod_regimen_pensionario`)
) ENGINE=InnoDB DEFAULT CHARSET=latin1 COMMENT='''TABLA 11: "RÉGIMEN PENSIONARIO"';

--
-- Dumping data for table `regimenes_pensionarios`
--

INSERT INTO `regimenes_pensionarios` (`cod_regimen_pensionario`, `descripcion`, `descripcion_abreviada`) VALUES
('0', '-', '-'),
('02', 'DECRETO LEY 19990 - SISTEMA NACIONAL DE PENSIONES - ONP', 'DL 19990 - SIST NAC DE PENS - ONP'),
('03', 'DECRETO LEY 20530 ', 'DECRETO LEY 20530'),
('09', 'CAJA DE BENEFICIOS DE SEGURIDAD SOCIAL DEL PESCADOR', 'CBSSP'),
('10', 'CAJA DE PENSIONES MILITAR ', 'CAJA DE PENSIONES MILITAR '),
('11', 'CAJA DE PENSIONES POLICIAL', 'CAJA DE PENSIONES POLICIAL'),
('12', 'OTROS REGIMENES PENSIONARIOS (1)', 'OTROS REGIMENES PENSIONARIOS'),
('13', 'RÉGIMEN DEL SERVICIO DIPLOMÁTICO DE LA REPÚBLICA ', 'REGIMEN DEL SDR '),
('21', 'SPP INTEGRA', 'SPP INTEGRA'),
('22', 'SPP HORIZONTE', 'SPP HORIZONTE'),
('23', 'SPP PROFUTURO', 'SPP PROFUTURO'),
('24', 'SPP PRIMA', 'SPP PRIMA'),
('99', 'SIN REGIMEN PENSIONARIO', 'SIN REGIMEN PENSIONARIO');

-- --------------------------------------------------------

--
-- Table structure for table `servicios_prestados`
--

CREATE TABLE IF NOT EXISTS `servicios_prestados` (
  `id_servicio_prestado` int(10) unsigned NOT NULL AUTO_INCREMENT,
  `id_empleador_destaque` int(10) unsigned NOT NULL,
  `cod_tipo_actividad` char(5) NOT NULL,
  `fecha_inicio` date DEFAULT NULL,
  `fecha_fin` date DEFAULT NULL,
  `estado` varchar(10) DEFAULT NULL,
  PRIMARY KEY (`id_servicio_prestado`),
  KEY `cod_tipo_actividad` (`cod_tipo_actividad`),
  KEY `id_empleador_destaque` (`id_empleador_destaque`)
) ENGINE=InnoDB DEFAULT CHARSET=latin1 AUTO_INCREMENT=1 ;

--
-- Dumping data for table `servicios_prestados`
--


-- --------------------------------------------------------

--
-- Table structure for table `servicios_prestados_yourself`
--

CREATE TABLE IF NOT EXISTS `servicios_prestados_yourself` (
  `id_servicio_prestado_yoursef` int(10) unsigned NOT NULL AUTO_INCREMENT,
  `id_empleador_destaque_yoursef` int(10) unsigned NOT NULL,
  `cod_tipo_actividad` char(5) NOT NULL,
  `fecha_inicio` date DEFAULT NULL,
  `fecha_fin` date DEFAULT NULL,
  `estado` varchar(10) DEFAULT NULL,
  PRIMARY KEY (`id_servicio_prestado_yoursef`),
  KEY `cod_tipo_actividad` (`cod_tipo_actividad`),
  KEY `id_empleador_destaque_yoursef` (`id_empleador_destaque_yoursef`)
) ENGINE=InnoDB DEFAULT CHARSET=latin1 AUTO_INCREMENT=1 ;

--
-- Dumping data for table `servicios_prestados_yourself`
--


-- --------------------------------------------------------

--
-- Table structure for table `situaciones`
--

CREATE TABLE IF NOT EXISTS `situaciones` (
  `cod_situacion` char(1) NOT NULL,
  `descripcion` varchar(70) DEFAULT NULL,
  `descripcion_abreviada` varchar(40) DEFAULT NULL,
  PRIMARY KEY (`cod_situacion`)
) ENGINE=InnoDB DEFAULT CHARSET=latin1 COMMENT='''TABLA 15: "SITUACIÓN DEL TRABAJADOR O PENSIONISTA"';

--
-- Dumping data for table `situaciones`
--

INSERT INTO `situaciones` (`cod_situacion`, `descripcion`, `descripcion_abreviada`) VALUES
('0', 'BAJA (1)', 'BAJA'),
('1', 'ACTIVO O SUBSIDIADO (1)', 'ACTIVO'),
('2', 'SIN VÍNCULO LABORAL CON CONCEPTOS PENDIENTE DE LIQUIDAR  (2)', 'SIN VINC. LAB. CON CONC PEND POR LIQUIDA'),
('3', 'SUSPENSIÓN PERFECTA DE LABORES (3)', 'SUSPENSIÓN PERFECTA DE LABORES');

-- --------------------------------------------------------

--
-- Table structure for table `tabla_22`
--

CREATE TABLE IF NOT EXISTS `tabla_22` (
  `id_tabla_22` int(10) unsigned NOT NULL AUTO_INCREMENT,
  `descripcion` varchar(40) DEFAULT NULL,
  PRIMARY KEY (`id_tabla_22`)
) ENGINE=InnoDB  DEFAULT CHARSET=latin1 COMMENT='Empleador, Trabajador, Pensionista\r\nPersonas afecto a concep' AUTO_INCREMENT=4 ;

--
-- Dumping data for table `tabla_22`
--

INSERT INTO `tabla_22` (`id_tabla_22`, `descripcion`) VALUES
(1, 'EMPLEADOR'),
(2, 'TRABAJADOR'),
(3, 'PENSIONISTA');

-- --------------------------------------------------------

--
-- Table structure for table `telefonos_codigos_nacionales`
--

CREATE TABLE IF NOT EXISTS `telefonos_codigos_nacionales` (
  `cod_telefono_codigo_nacional` char(3) NOT NULL,
  `descripcion` varchar(30) DEFAULT NULL,
  PRIMARY KEY (`cod_telefono_codigo_nacional`)
) ENGINE=InnoDB DEFAULT CHARSET=latin1 COMMENT='''TABLA 29 "CÓDIGOS DE LARGA DISTANCIA NACIONAL"\r\nCLDN = codi';

--
-- Dumping data for table `telefonos_codigos_nacionales`
--

INSERT INTO `telefonos_codigos_nacionales` (`cod_telefono_codigo_nacional`, `descripcion`) VALUES
('0', '-'),
('1', 'LIMA Y CALLAO'),
('41', 'AMAZONAS'),
('42', 'SAN MARTIN'),
('43', 'ANCASH'),
('44', 'LA LIBERTAD'),
('51', 'PUNO'),
('52', 'TACNA'),
('53', 'MOQUEGUA'),
('54', 'AREQUIPA'),
('56', 'ICA'),
('61', 'UCAYALI'),
('62', 'HUANUCO'),
('63', 'PASCO'),
('64', 'JUNIN'),
('65', 'LORETO'),
('66', 'AYACUCHO'),
('67', 'HUANCAVELICA'),
('72', 'TUMBES'),
('73', 'PIURA'),
('74', 'LAMBAYEQUE'),
('76', 'CAJAMARCA'),
('82', 'MADRE DE DIOS'),
('83', 'APURIMAC'),
('84', 'CUSCO'),
('94', 'LA LIBERTAD'),
('95', 'AREQUIPA'),
('96', 'PIURA'),
('97', 'LAMBAYEQUE');

-- --------------------------------------------------------

--
-- Table structure for table `tipos_actividades`
--

CREATE TABLE IF NOT EXISTS `tipos_actividades` (
  `cod_tipo_actividad` char(5) NOT NULL,
  `descripcion` varchar(50) DEFAULT NULL,
  PRIMARY KEY (`cod_tipo_actividad`)
) ENGINE=InnoDB DEFAULT CHARSET=latin1 COMMENT='''TABLA 1: "TIPO DE ACTIVIDAD"';

--
-- Dumping data for table `tipos_actividades`
--

INSERT INTO `tipos_actividades` (`cod_tipo_actividad`, `descripcion`) VALUES
('0', '-'),
('10100', 'EXTRAC. Y  AGLOMERAC. CARBON DE PIEDRA.'),
('10200', 'EXTRAC. Y AGLOMERAC. LIGNITO.'),
('10301', 'EXTRAC. Y AGLOMERAC. DE TURBA.'),
('1110', 'CULTIVOS DE CEREALES.'),
('11106', 'EXT. PETROLEO CRUDO Y GAS NATURAL.'),
('11207', 'SERV. PETROLEROS Y DE GAS..'),
('1123', 'CULTIVO DE HORTALIZAS Y LEGUMBRES.'),
('1136', 'CULTIVO DE FRUTAS.'),
('12001', 'EXT. DE MIN. URANIO Y TORIO'),
('1211', 'CRIA DE GANADO.'),
('1224', 'CRIA DE ANIMALES DOMESTICOS.'),
('1300', 'EXPLOTACION MIXTA.'),
('13109', 'EXT. DE MIN. DE HIERRO'),
('13200', 'EXT. DE MIN. METALIFEROS NO FERROSOS.'),
('1400', 'SERVICIOS AGRICOLAS, GANADERAS.'),
('14105', 'EXT. DE PIEDRA, ARENA Y ARCILLA.'),
('14219', 'EXT. MIN FABRIC. ABONO Y PROD. QUIMIC.'),
('14221', 'EXTRACCION DE SAL.'),
('14290', 'EXP. OTRAS MINAS Y CANTERAS NIA.'),
('1501', 'CAZA ORDINARIA Y SERVICIOS CONEXOS.'),
('15114', 'PRODUC. CARNE Y PROD. CARNICOS.'),
('15127', 'ELAB. Y CONS DE PESCADO.'),
('15130', 'ELAB. FRUTAS, LEG. Y HORTALIZAS.'),
('15142', 'ELAB. DE ACEITE Y GRASAS.'),
('15202', 'ELAB DE PRODUCTOS LACTEOS.'),
('15316', 'ELAB. DE PRODUCTOS DE MOLINERIA.'),
('15329', 'ELAB DE ALMIDONES Y DERIVADOS.'),
('15331', 'ELAB. DE PIENSOS PREPARADOS.'),
('15417', 'ELAB. PROD. DE PANADERIA.'),
('15420', 'ELAB. DE AZUCAR.'),
('15432', 'ELAB. CACAO, CHOCOLATE Y CONFIT.'),
('15445', 'ELAB. MACARRONES, FIDEOS Y OTROS.'),
('15499', 'ELAB DE OTROS PROD. ALIMENTICIOS.'),
('15518', 'MEZCLA DE BEBIDAS ALCOHOLICAS.'),
('15520', 'ELAB. DE VINOS.'),
('15533', 'ELAB. DE BEBIDAS MALTEADAS.'),
('15546', 'ELAB. DE BEBIDAS NO ALCOHOLICAS.'),
('16007', 'ELAB. DE PRODUCTOS DE TABACO.'),
('17117', 'PREP Y TEJ DE FIBRAS TEXTILES.'),
('17120', 'ACABADO DE PROD. TEXTILES.'),
('17218', 'FAB. ART. CONFECCIONADOS.'),
('17220', 'FAB. DE TAPICES Y ALFOMBRAS.'),
('17233', 'FAB. CUERDAS, CORDELES Y REDES.'),
('17290', 'FAB. OTROS PROD. TEXTILES NEOP.'),
('17306', 'FAB. TEJIDOS Y ART DE PUNTO.'),
('18100', 'FAB. DE PRENDAS DE VESTIR.'),
('18201', 'FAB. DE ARTICULOS DE PIEL.'),
('19110', 'CURTIDO Y ADOBO DE CUEROS.'),
('19122', 'FAB. DE MALETAS Y OTROS.'),
('19208', 'FAB. DE CALZADO.'),
('2003', 'SILVICULTURA Y EXT. DE MADERA.'),
('20108', 'ASERRADO Y ACEPILLADURA MADERA.'),
('20211', 'FAB. DE HOJAS DE MADERA.'),
('20224', 'FAB. PARTES Y PIEZAS CARPINTERIA.'),
('20237', 'FAB. RECIPIENTES DE MADERA.'),
('20293', 'FAB. OTROS PRODUCTOS DE MADERA.'),
('21016', 'FAB. DE PAPEL Y CARTON.'),
('21029', 'FAB.  ENVASES DE PAPEL Y CARTON.'),
('21098', 'FAB. DE OTROS ARTICULOS.'),
('22113', 'ED. LIBROS, FOLLETOS Y OTROS.'),
('22126', 'ED. DE PERIODICOS Y REVISTAS.'),
('22139', 'ED. DE MATERIALES GRABADOS.'),
('22195', 'OTROS TRABAJOS DE EDICION.'),
('22214', 'ACTIVIDADES DE IMPRESION.'),
('22227', 'SERVICIOS RDOS CON IMPRESION.'),
('22302', 'REPRODUCCION MATERIALES GRAB.'),
('23107', 'FAB. PROD. DE HORNOS DE COQUE.'),
('23208', 'FAB. PROD.  REFINACION DEL PETROLEO.'),
('23309', 'ELAB. DE COMBUSTIBLES NUCLEAR.'),
('24116', 'FAB. DE SUSTANCIAS QUIMICAS BASICAS.'),
('24129', 'FAB. ABONO  Y COMP. DE NITROGENO.'),
('24131', 'FAB. DE PLASTICOS Y DE CAUCHO.'),
('24217', 'FAB. DE PLAGUICIDAS Y OTROS PROD. QUIM.'),
('24220', 'FAB. DE PINTURAS Y BARNICES.'),
('24232', 'FAB. DE PROD. FARMACEUTICOS.'),
('24245', 'FAB. JABONES Y DETERGENTES.'),
('24299', 'FAB. DE OTROS PROD. QUIMICOS NEOP.'),
('24305', 'FAB. DE FIBRAS SINTETICAS O ARTIFIC.'),
('25112', 'FAB. DE CUBIERTOS DE CAUCHO.'),
('25194', 'FAB. OTROS PRODUCTOS DE CAUCHO.'),
('25200', 'FAB. DE PRODUCTOS DE PLASTICOS.'),
('26106', 'FAB. VIDRIO Y PROD. DE VIDRIO'),
('26916', 'FAB. PROD. CERAMICA NO REFRACT. N. EST.'),
('26929', 'FAB. PROD. CERAMICA REFACTARIA.'),
('26931', 'FAB. PROD. CERAMICA NO REFRACT. EST.'),
('26944', 'FAB. DE CEMENTO, CAL Y YESO.'),
('26957', 'FAB.  ART. DE HORMIGON, CEMENTO Y YESO.'),
('26960', 'CORTE, TALLADO Y ACABADO DE PIEDRA.'),
('26998', 'FAB. OTROS PROD. MIN. NO METALIC. NCP.'),
('27102', 'FAB. PRODUCTOS DE HIERRO Y ACERO.'),
('27203', 'FAB. PRODUCTOS DE MET. PRECIOSOS.'),
('27317', 'FUNDICION DE HIERRO Y DE ACERO.'),
('27320', 'FUNDICION DE METALES NO FERROSOS.'),
('28111', 'FAB. PROD. METAL. USO ESTRUCTURAL.'),
('28124', 'FAB. TANQUES, DEPOSITOS Y RECIP. METAL.'),
('28137', 'FAB.  DE GENERADORES DE VAPOR.'),
('28919', 'FAB. PROD. MET. ACABADOS O SEMIACABAD.'),
('28921', 'OBRAS DE INGENIERIA MECANICA.'),
('28934', 'FAB.  ART. CUCHILLERIA, FERRETERIA.'),
('28990', 'FAB. OTROS PROD. DE METAL NCP.'),
('29118', 'FAB. DE MOTORES Y TURBINAS.'),
('29120', 'FAB. DE BOMBAS,  COMPRESORAS, GRIFOS.'),
('29133', 'FAB.  COJINETES Y ENGRANAJES.'),
('29146', 'FAB. HORNOS, HOGUERAS, QUEMADORES.'),
('29159', 'FAB. EQUIP.  ELEVACION Y MANIPULACION.'),
('29190', 'FAB. OTRO TIPO MAQUINARIA USO GRAL.'),
('29219', 'FAB. DE MAQUINARIA  AGROPECUARIA.'),
('29221', 'FAB. DE MAQUINAS HERRAMIENTA.'),
('29234', 'FAB. DE MAQUINARIA  METALURGICA.'),
('29247', 'FAB. MAQUIN MINERA Y OBRAS DE CONST.'),
('29250', 'FAB. MAQUIN. ELAB. ALIMENTOS, BEBIDAS.'),
('29262', 'FAB. MAQUINARIA ELAB. TEXTILES.'),
('29275', 'FAB. DE ARMAS Y MUNICIONES.'),
('29290', 'FAB. OTRO TIPO MAQUIN. USO ESPECIAL.'),
('29307', 'FAB.  APARATOS DE USO DOMESTICO NCP.'),
('30005', 'FAB.  MAQUINARIA DE OFICINA.'),
('31102', 'FAB.  MOTORES,  GENERADORES ELECTRICOS.'),
('31203', 'FAB. DE APARATOS DE DISTRIBUCION.'),
('31304', 'FAB. DE HILOS Y CABLES AISLADOS.'),
('31405', 'FAB. DE ACUMULADORES Y BATERIAS.'),
('31506', 'FAB. DE LAMPARAS ELECTRICAS.'),
('31900', 'FAB. OTRO TIPO EQUIPO ELECTRICO NCP.'),
('32109', 'FAB. TUBOS Y VALVULAS ELECTRONICOS.'),
('32200', 'FAB. TRANSMISORES DE RADIO Y TV.'),
('32300', 'FAB. RECEPTORES DE RADIO Y TV.'),
('33118', 'FAB. EQUIPO MEDICO Y QUIRURGICO.'),
('33120', 'FAB. INSTRUMENTOS DE MEDICION.'),
('33133', 'FAB. EQUIPO CONTROL DE PROCESOS IND.'),
('33206', 'FAB. INSTRUMENTOS OPTICOS.'),
('33307', 'FAB. DE RELOJES.'),
('34101', 'FAB. VEHICULOS AUTOMOTORES.'),
('34202', 'FAB. CARROCERIAS PARA VEHICULOS.'),
('34303', 'FAB. PARTES, PIEZAS Y ACCESORIOS.'),
('35110', 'CONSTRUCCION Y REPARACION  DE BUQUES.'),
('35123', 'CONSTRUC. Y REPARAC. DE EMBARCACIONES.'),
('35209', 'FAB. LOCOMOTORAS Y MATERIAL RODANTE.'),
('35300', 'FAB. AERONAVES Y NAVES ESPACIALES.'),
('35918', 'FAB. DE MOTOCICLETAS.'),
('35920', 'FAB. BICICLETAS Y SILLONES DE RUEDAS.'),
('35990', 'FAB. OTROS EQUIPOS DE  TRANSPORTE NCP.'),
('36104', 'FAB. DE MUEBLES.'),
('36914', 'FAB. JOYAS Y ARTICULOS CONEXOS.'),
('36927', 'FAB. INSTRUMENTOS MUSICALES.'),
('36930', 'FAB. ARTICULOS DEPORTIVOS.'),
('36942', 'FAB. DE JUEGOS Y JUGUETES.'),
('36996', 'OTRAS INDUSTRIAS  MANUFACTURERAS NCP.'),
('37100', 'RECICLAMIENTO DESPERDICIOS METALIC.'),
('37201', 'RECICLAMIENTO DESPERDICIOS NO METAL.'),
('40104', 'GENERACION  Y DIST. ENERGIA ELECTRICA.'),
('40205', 'FAB. DE GAS, DISTRIBUCION COMBUSTIBLE.'),
('40306', 'SUMINISTRO DE VAPOR Y AGUA CALIENTE.'),
('41000', 'CAPTACION ,  DEPURACION  Y DIST. DE AGUA'),
('45106', 'PREPARACION DEL TERRENO.'),
('45207', 'CONSTRUCCION EDIFICIOS COMPLETOS.'),
('45308', 'ACONDICIONAMINTO DE EDIFICIOS.'),
('45409', 'TERMINACION DE EDIFICIOS.'),
('45500', 'ALQUILER DE CONSTRUCCION.'),
('5002', 'PESCA, EXPLOT. CRIADEROS DE PECES.'),
('50102', 'VENTA DE VEHICULOS AUTOMOTORES.'),
('50203', 'MANTENIMIENTO Y REPARAC. VEHICULOS.'),
('50304', 'VENTA PARTES, PIEZAS, ACCESORIOS.'),
('50405', 'VENTA, MANTEN. Y REPARAC. MOTOCICLETAS.'),
('50506', 'VENTA AL POR MENOR COMBUSTIBLES.'),
('51109', 'VTA.  MAY. A CAMBIO DE UNA RETRIBUCION.'),
('51212', 'VTA.  MAY. DE MATERIAS PRIMAS AGROPEC.'),
('51225', 'VTA. MAY. ALIMENTOS, BEBIDAS Y TABACO.'),
('51313', 'VTA. MAY. PRODUCTOS TEXTILES.'),
('51395', 'VTA. MAY. OTROS ENSERES DOMESTICOS.'),
('51414', 'VTA. AL POR MAYOR DE COMBUSTIBLES.'),
('51427', 'VTA. MAY. DE METALES Y MINERALES MET.'),
('51430', 'VTA. MAY. MATERIALES DE CONSTRUCCION.'),
('51496', 'VTA. MAY. OTROS PRODUCTOS INTERMEDIOS.'),
('51502', 'VTA. MAY. MAQUINARIA, EQUIPO Y MATER.'),
('51906', 'VTA. MAY. DE OTROS PRODUCTOS.'),
('52118', 'VTA. MIN. EN ALMACENES NO ESPECIALIZ.'),
('52190', 'VTA.  MIN. OTROS PRODUCTOS EN ALMACEN.'),
('52206', 'VTA.  MIN. ALIMENTOS, BEBIDAS, TABACO.'),
('52310', 'VTA.  MIN. PROD. FARMAC. Y ART. TOCADOR.'),
('52322', 'VTA. MIN. PRODUCTOS TEXTILES, CALZADO.'),
('52335', 'VTA. MIN. EQUIPO DE USO DOMESTICO.'),
('52348', 'VTA. MIN. ARTICULOS DE FERRETERIA.'),
('52391', 'OTROS TIPOS DE VENTA AL POR MENOR.'),
('52408', 'VTA. MIN. DE ALMACENES DE ART. USADOS.'),
('52511', 'VTA. MIN. DE CASAS DE VENTA POR CORREO.'),
('52524', 'VTA. MIN. EN PUESTOS DE VENTA.'),
('52593', 'OTROS TIPOS DE VENTA POR MENOR.'),
('52600', 'REPARACION DE EFECTOS PERSONALES.'),
('55104', 'HOTELES, CAMPAMENTOS Y OTROS.'),
('55205', 'RESTAURANTES, BARES Y CANTINAS.'),
('60100', 'TRANSPORTE POR VIA FERREA.'),
('60214', 'OTROS TIPOS TRANSPORTE REG. VIA TER.'),
('60227', 'OTROS TIPOS  TRANSPORTE NO REG. VIA TER.'),
('60230', 'TRANSPORTE  DE CARGA POR CARRETERA.'),
('60302', 'TRANSPORTE POR TUBERIAS.'),
('61107', 'TRANSPORTE MARITIMO Y DE CABOTAJE.'),
('61208', 'TRANSPORTE VIAS NAVEGACION INTERIOR.'),
('62103', 'TRANSPORTE  REGULAR VIA AEREA.'),
('62204', 'TRANSPORTE  NO REGULAR  POR VIA AEREA.'),
('63011', 'MANIPULACION DE LA CARGA'),
('63024', 'ALMACENAMIENTO Y DEPOSITO'),
('63037', 'OTRAS ACTIVIDADES DE TRANSPORTES.'),
('63040', 'AGENCIAS DE VIAJES Y GUIAS TURISTIC.'),
('63093', 'ORGANIZACION DEL TRANSPORTE'),
('64119', 'ACTIVIDADES POSTALES NACIONALES'),
('64121', 'ACTIVIDADES DE CORREO DISTINTAS'),
('64207', 'TELECOMUNICACIONES'),
('65115', 'BANCA CENTRAL'),
('65197', 'OTROS TIPOS INTERMEDIACION MONETARIA.'),
('65912', 'ARRENDAMIENTO CON OPCION DE COMPRA'),
('65925', 'OTROS TIPOS DE CREDITO'),
('65994', 'OTROS TIPOS DE INTERMEDIACION  FINANC.'),
('66010', 'PLANES DE SEGUROS DE VIDA'),
('66023', 'PLANES DE PENSIONES'),
('66036', 'PLANES DE SEGUROS GENERALES'),
('67118', 'ADMINISTRACION MERCADOS FINANCIEROS.'),
('67120', 'ACTIVIDADES BURSATILES'),
('67190', 'ACTIV. AUXIL ARES DE INTERM. FINANC.'),
('67206', 'ACTIV. FINANC. PLANES SEGUROS Y PENS.'),
('70109', 'ACTIVIDADES INMOBILIARIAS'),
('70200', 'ACTIV. INMOBILIARIAS POR RETRIBUCION.'),
('71118', 'ALQUILER EQUIPO TRANSPORTE V. TERRES.'),
('71120', 'ALQUILER EQUIPO TRANSPORTE V.ACUAT.'),
('71133', 'ALQUILER EQUIPO TRANSPORTE V.AEREA.'),
('71219', 'ALQUILER MAQUI. Y EQUIP.AGROPECUARIO.'),
('71221', 'ALQUILER MAQUI. Y EQUIP.CONSTRUCCION.'),
('71234', 'ALQUILER MAQUI.Y EQUIP.DE OFICINA.'),
('71290', 'ALQUILER OTROS TIPOS MAQ.Y EQUI. NCP.'),
('71307', 'ALQUILER ENSERES DOMESTICOS NCP.'),
('72101', 'CONSULTORES EN EQUIPO INFORMATICA.'),
('72202', 'CONSULTORES  PROG. Y SUMIN. INFORMATIC.'),
('72303', 'PROCESAMIENTO DE DATOS.'),
('72404', 'ACTIV.RELACIONADAS.CON BASE DE DATO.'),
('72505', 'MANTEN.Y REPAR.MAQUIN. DE OFICINA.'),
('72909', 'OTRAS ACTIVIDADES DE INFORMATICA.'),
('73108', 'INVESTIGACION DE CIENCIAS NATURALES.'),
('73209', 'INVESTIGACION DE CIENCIAS SOCIALES.'),
('74117', 'ACTIVIDADES JURIDICAS'),
('74120', 'ACTIVIDADES DE CONTABILIDAD'),
('74132', 'INVESTIGACION DE MERCADOS'),
('74145', 'ACTIV.DE ASESORAMIENTO EMPRESARIAL'),
('74218', 'ACTIV.DE ARQUITECTURA E INGENIERIA'),
('74220', 'ENSAYOS Y ANALISIS TECNICOS'),
('74306', 'PUBLICIDAD'),
('74914', 'OBTENCION Y DOTACION PERSONAL'),
('74927', 'ACTIV. DE INVESTIGACION Y SEGURIDAD.'),
('74930', 'ACTIVIDADES LIMPIEZA DE EDIFICIOS'),
('74942', 'ACTIVIDADES DE FOTOGRAFIA'),
('74955', 'ACTIVIDADES DE ENVASE Y EMPAQUE'),
('74996', 'OTRAS ACTIVIDADES EMPRESARIALES NCP.'),
('75113', 'ACTIV. ADMINIST. PUBLICA EN GENERAL'),
('75126', 'REGULACION DE ACTIVID.ORGANISMOS'),
('75139', 'REGULAC. Y FACILITAC. ACTIV.ECONOMIC.'),
('75141', 'SERVIC. AUXIL.PARA ADMINIST.PUBLICA.'),
('75214', 'RELACIONES EXTERIORES'),
('75227', 'ACTIVIDADES DE DEFENSA'),
('75230', 'MANTENIMIENTO DEL ORDEN PUBLICO'),
('75302', 'SERVICIOS PUBLICOS SEGURIDAD SOCIAL'),
('80107', 'ENSE?ANZA PRIMARIA'),
('80210', 'ENSE?ANZA SECUNDARIA  FORMACION GRAL.'),
('80223', 'ENSE?ANZA SECUNDARIA FORMAC. TECNICA.'),
('80309', 'ENSE?ANZA SUPERIOR'),
('80904', 'EDUCACION DE ADULTOS Y OTROS'),
('85111', 'ACTIVIDADES DE HOSPITALES'),
('85124', 'ACTIVIDADES DE MEDICOS Y ODONTOLOGO'),
('85193', 'OTRAS ACTIV.RELAC. CON SALUD HUMANA'),
('85200', 'ACTIVIDADES VETERINARIAS'),
('85313', 'SERVICIOS SOCIALES CON ALOJAMIENTO'),
('85326', 'SERVICIOS SOCIALES SIN ALOJAMIENTO'),
('90004', 'ELIMINACION DE DESPERDICIOS'),
('91114', 'ACTIV.ORGANIZACIONES EMPRESARIALES'),
('91127', 'ACTIV.ORGANIZACIONES PROFESIONALES.'),
('91202', 'ACTIVIDADES DE SINDICATOS'),
('91911', 'ACTIV.ORGANIZACIONES RELIGIOSAS'),
('91924', 'ACTIV.ORGANIZACIONES POLITICAS'),
('91993', 'ACTIVIDADES OTRAS ASOCIACIONES NCP.'),
('92110', 'PRODUCCION Y DIST.FILMES Y VIDEOS'),
('92123', 'EXHIBICION FILMES Y VIDEOS'),
('92136', 'ACTIVIDADES DE RADIO Y TELEVISION.'),
('92149', 'ACTIV.TEATRALES,  MUSICALES Y OTRAS.'),
('92192', 'OTRAS ACTIVID.ENTRETENIMIENTO NCP.'),
('92209', 'ACTIVIDADES DE AGENCIAS DE NOTICIAS'),
('92312', 'ACTIVIDADES BIBLIOTECAS Y ARCHIVOS'),
('92325', 'ACTIV.MUSEOS Y LUGARES HISTORICOS.'),
('92338', 'ACTIV.JARDINES BOTANICOS Y ZOOLOGIC.'),
('92413', 'ACTIVIDADES DEPORTIVAS'),
('92495', 'OTRAS ACTIVIDADES DE ESPARCIMIENTO'),
('93016', 'LAVADO, LIMPIEZA Y TE?IDO TELA'),
('93029', 'PELUQUERIA Y OTROS'),
('93031', 'POMPAS FUNEBRES Y ACTIVID.CONEXAS'),
('93098', 'OTRAS ACTIVID.DE TIPO SERVICIO NCP'),
('95006', 'HOGARES PRIVADOS C. SERV.DOMESTICO'),
('99001', 'ORGANIZACIONES INTERNACIONALES');

-- --------------------------------------------------------

--
-- Table structure for table `tipos_comprobantes_pagos`
--

CREATE TABLE IF NOT EXISTS `tipos_comprobantes_pagos` (
  `cod_tipo_comprobante_pago` char(1) NOT NULL,
  `descripcion` varchar(30) DEFAULT NULL,
  PRIMARY KEY (`cod_tipo_comprobante_pago`)
) ENGINE=MyISAM DEFAULT CHARSET=latin1 COMMENT='TABLA 23: "TIPO DE COMPROBANTE DEL PRESTADOR DE SERVICIOS A ';

--
-- Dumping data for table `tipos_comprobantes_pagos`
--

INSERT INTO `tipos_comprobantes_pagos` (`cod_tipo_comprobante_pago`, `descripcion`) VALUES
('R', 'RECIBO POR HONORARIOS'),
('N', 'NOTA DE CRÉDITO'),
('D', 'DIETA'),
('O', 'OTRO COMPROBANTE');

-- --------------------------------------------------------

--
-- Table structure for table `tipos_contratos`
--

CREATE TABLE IF NOT EXISTS `tipos_contratos` (
  `cod_tipo_contrato` char(2) NOT NULL,
  `descripcion` varchar(100) DEFAULT NULL,
  `descripcion_abreviada` varchar(50) DEFAULT NULL,
  PRIMARY KEY (`cod_tipo_contrato`)
) ENGINE=InnoDB DEFAULT CHARSET=latin1 COMMENT='''TABLA 12: "TIPO DE CONTRATO DE TRABAJO/CONDICIÓN LABORAL"\r\n';

--
-- Dumping data for table `tipos_contratos`
--

INSERT INTO `tipos_contratos` (`cod_tipo_contrato`, `descripcion`, `descripcion_abreviada`) VALUES
('0', '-', '-'),
('01', 'A PLAZO INDETERMINADO - D.LEG. 728', 'A PLAZO INDET - D.LEG. 728'),
('02', 'A TIEMPO PARCIAL', 'A TIEMPO PARCIAL'),
('03', 'POR INICIO O INCREMENTO DE ACTIVIDAD', 'POR INICIO O INCREM DE ACTIV'),
('04', 'POR NECESIDADES DEL MERCADO', 'POR NECES DEL MERCADO'),
('05', 'POR RECONVERSIÓN EMPRESARIAL', 'POR RECONV EMPRESARIAL'),
('06', 'OCASIONAL', 'OCASIONAL'),
('07', 'DE SUPLENCIA', 'DE SUPLENCIA'),
('08', 'DE EMERGENCIA', 'DE EMERGENCIA'),
('09', 'PARA OBRA DETERMINADA O SERVICIO ESPECÍFICO', 'OBRA DETERM O SERV ESPEC'),
('10', 'INTERMITENTE', 'INTERMITENTE'),
('11', 'DE TEMPORADA', 'DE TEMPORADA'),
('12', 'DE EXPORTACI?N NO TRADICIONAL D.LEY 22342', 'DE EXPORT. NO TRADIC.'),
('13', 'DE EXTRANJERO - D.LEG.689', 'DE EXTRANJERO - D.LEG. 689'),
('14', 'ADMINISTRATIVO DE SERVICIOS - D.LEG 1057 (1)', 'CAS  - D.LEG 1057'),
('15', 'NOMBRADO - D.LEG. N.° 276 (1)', 'NOMBRADO - D.LEG. N.° 276 (1)'),
('16', 'SERVICIOS PERSONALES  - APLICABLES A LOS REGÍM. DE CARRERA (1)', 'SERV. PERS  - REGÍM. DE CARRERA (1)'),
('17', 'GERENTE PÚBLICO - D.LEG. 1024 (1)', 'GERENTE P?BLICO - DL 1024'),
('18', 'A DOMICILIO', 'A DOMICILIO'),
('19', 'FUTBOLISTAS PROFESIONALES', 'FUTBOLISTAS PROFESIONALES'),
('20', 'AGRARIO - LEY 27360', 'AGRARIO - LEY 27360'),
('21', 'MIGRANTE ANDINO DECISI?N 545', 'MIGRANTE ANDINO '),
('99', 'OTROS NO PREVISTOS', 'OTROS NO PREVISTOS');

-- --------------------------------------------------------

--
-- Table structure for table `tipos_documentos`
--

CREATE TABLE IF NOT EXISTS `tipos_documentos` (
  `cod_tipo_documento` char(2) NOT NULL,
  `descripcion` varchar(40) DEFAULT NULL,
  `descripcion_abreviada` varchar(20) DEFAULT NULL,
  PRIMARY KEY (`cod_tipo_documento`)
) ENGINE=InnoDB DEFAULT CHARSET=latin1 COMMENT='''TABLA 3: "TIPO DE DOCUMENTO DE IDENTIDAD"';

--
-- Dumping data for table `tipos_documentos`
--

INSERT INTO `tipos_documentos` (`cod_tipo_documento`, `descripcion`, `descripcion_abreviada`) VALUES
('01', 'DOCUMENTO  NACIONAL DE IDENTIDAD', 'DNI'),
('04', 'CARNE DE EXTRANJERIA', 'CARNE EXT.'),
('06', 'REG. UNICO DE CONTRIBUYENTES (1)', 'RUC'),
('07', 'PASAPORTE', 'PASAPORTE'),
('11', 'PARTIDA DE NACIMIENTO (2)', 'PART. NAC.');

-- --------------------------------------------------------

--
-- Table structure for table `tipos_empleadores`
--

CREATE TABLE IF NOT EXISTS `tipos_empleadores` (
  `id_tipo_empleador` int(11) NOT NULL AUTO_INCREMENT,
  `descripcion` varchar(30) DEFAULT NULL,
  PRIMARY KEY (`id_tipo_empleador`)
) ENGINE=InnoDB  DEFAULT CHARSET=latin1 COMMENT='Sector Publico\r\nSector Privado\r\nOtro\r\n--- Entidaddes de Trab' AUTO_INCREMENT=4 ;

--
-- Dumping data for table `tipos_empleadores`
--

INSERT INTO `tipos_empleadores` (`id_tipo_empleador`, `descripcion`) VALUES
(1, 'SECTOR PRIVADO'),
(2, 'SECTOR PÚBLICO'),
(3, 'OTRAS ENTIDADES');

-- --------------------------------------------------------

--
-- Table structure for table `tipos_establecimientos`
--

CREATE TABLE IF NOT EXISTS `tipos_establecimientos` (
  `id_tipo_establecimiento` int(10) unsigned NOT NULL AUTO_INCREMENT,
  `cod_tipo_establecimiento` char(2) NOT NULL,
  `descripcion` varchar(30) DEFAULT NULL,
  `comentario` text,
  PRIMARY KEY (`id_tipo_establecimiento`),
  UNIQUE KEY `cod_tipo_establecimiento` (`cod_tipo_establecimiento`)
) ENGINE=InnoDB  DEFAULT CHARSET=latin1 COMMENT='SUNAT\r\n-Registro Unico de Contribullente\r\nEstablecimientos A' AUTO_INCREMENT=7 ;

--
-- Dumping data for table `tipos_establecimientos`
--

INSERT INTO `tipos_establecimientos` (`id_tipo_establecimiento`, `cod_tipo_establecimiento`, `descripcion`, `comentario`) VALUES
(1, 'MA', 'DOMICILIO FISCAL', 'CASA MATRIZ O DOMICILIO FISCAL:\r\nLugar donde la empreza centraliza las operaciones realizadas por sus sucursales y/o agentes'),
(2, 'SU', 'SUCURSAL', 'Sucursal:Local Descentralizado de la empresa encargado de las operaciones en una determinada ubicacion geografica'),
(3, 'AG', 'AGENCIA', 'Agencia:Local de la empresa que debe reportar sus operaciones a la Casa Matriz o Sucursal, de la cual depende.'),
(4, 'LO', 'LOCAL COMERCIAL O DE SERV.', 'Local Comercial o de Servicios: Donde el contribuyente lleva a cabo sus actividades comerciales o de servicios.'),
(5, 'PR', 'SEDE PRODUCTIVA', 'Sede Productiva: Donde se realiza el proceso productivo de los bienes que comercializa la empresa.'),
(6, 'DE', 'DEPÓSITO(ALMACÉN)', 'Oficina Administrativa: Lugar donde se encuentra la mayor parte de la direccion de la empresa');

-- --------------------------------------------------------

--
-- Table structure for table `tipos_pagos`
--

CREATE TABLE IF NOT EXISTS `tipos_pagos` (
  `cod_tipo_pago` char(1) NOT NULL COMMENT 'NO AUTOINCREMENT',
  `descripcion` varchar(30) DEFAULT NULL,
  PRIMARY KEY (`cod_tipo_pago`)
) ENGINE=InnoDB DEFAULT CHARSET=latin1 COMMENT='''TABLA 16: "TIPO DE PAGO"\r\nefectivo\r\ncheke\r\n....';

--
-- Dumping data for table `tipos_pagos`
--

INSERT INTO `tipos_pagos` (`cod_tipo_pago`, `descripcion`) VALUES
('0', '-'),
('1', 'EFECTIVO'),
('2', 'DEPÓSITO EN CUENTA'),
('3', 'OTROS');

-- --------------------------------------------------------

--
-- Table structure for table `tipos_sociedades_comerciales`
--

CREATE TABLE IF NOT EXISTS `tipos_sociedades_comerciales` (
  `id_tipo_sociedad_comercial` int(10) unsigned NOT NULL AUTO_INCREMENT,
  `descripcion` char(250) DEFAULT NULL,
  `descripcion_abreviada` varchar(10) DEFAULT NULL,
  PRIMARY KEY (`id_tipo_sociedad_comercial`)
) ENGINE=InnoDB  DEFAULT CHARSET=latin1 COMMENT='Ley 26887 9/12/1997 Ley de Sociedades' AUTO_INCREMENT=3 ;

--
-- Dumping data for table `tipos_sociedades_comerciales`
--

INSERT INTO `tipos_sociedades_comerciales` (`id_tipo_sociedad_comercial`, `descripcion`, `descripcion_abreviada`) VALUES
(1, 'SOCIEDAD ANONIMA', 'S.A.'),
(2, 'SOCIEDAD ANONIMA CERRADA', 'S.A.C.');

-- --------------------------------------------------------

--
-- Table structure for table `tipos_suspensiones_relaciones_laborales`
--

CREATE TABLE IF NOT EXISTS `tipos_suspensiones_relaciones_laborales` (
  `cod_tipo_suspen_relacion_laboral` char(2) NOT NULL,
  `descripcion` varchar(100) DEFAULT NULL,
  `descripcion_abreviada` varchar(50) DEFAULT NULL,
  PRIMARY KEY (`cod_tipo_suspen_relacion_laboral`)
) ENGINE=InnoDB DEFAULT CHARSET=latin1 COMMENT='''TABLA 21: "TIPO DE SUSPENSIÓN DE LA RELACIÓN LABORAL"S.P.';

--
-- Dumping data for table `tipos_suspensiones_relaciones_laborales`
--

INSERT INTO `tipos_suspensiones_relaciones_laborales` (`cod_tipo_suspen_relacion_laboral`, `descripcion`, `descripcion_abreviada`) VALUES
('01', 'S.P. SANCIÓN DISCIPLINARIA', 'S.P. SANCIÓN DISCIPLINARIA'),
('02', 'S.P. EJERCICIO DEL DERECHO DE HUELGA', 'S.P. EJERCICIO DERECHO HUELGA'),
('03', 'S.P. DETENCIÓN DEL TRABAJADOR, SALVO EL CASO DE CONDENA PRIVATIVA DE LA LIBERTAD', 'S.P. DETENCÓN DEL TRABAJADOR'),
('04', 'S.P. INHABILITACI?N ADMINISTRATIVA O JUDICIAL POR PER?ODO NO SUPERIOR A TRES MESES', 'S.P. INHABILITACI?N ADMINISTRATIVA O JUDICIAL'),
('05', 'S.P. PERMISO O LICENCIA CONCEDIDOS POR EL EMPLEADOR SIN GOCE DE HABER', 'S.P. PERMISO O LICENCIA SIN GOCE DE HABER'),
('06', 'S.P. CASO FORTUITO O FUERZA MAYOR', 'S.P. CASO FORTUITO O FUERZA MAYOR'),
('07', 'S.P. FALTA NO JUSTIFICADA', 'S.P. FALTA NO JUSTIFICADA'),
('08', 'S.P. POR TEMPORADA O INTERMITENTE', 'S.P. POR TEMPORADA O INTERMITENTE'),
('20', 'S.I. ENFERMEDAD O ACCIDENTE (PRIMEROS VEINTE D?AS)', 'S.I. ENFERM/ACCIDENTE (20 PRIMEROS D?AS)'),
('21', 'S.I. INCAPACIDAD TEMPORAL (INVALIDEZ, ENFERMEDAD Y ACCIDENTES)', 'S.I. INCAP TEMPORAL (SUBSIDIADO))'),
('22', 'S.I. MATERNIDAD DURANTE EL DESCANSO PRE Y POST NATAL', 'S.I. MATERNIDAD - PRE Y POST NATAL'),
('23', 'S.I. DESCANSO VACACIONAL', 'S.I. DESCANSO VACACIONAL'),
('24', 'S.I. LICENCIA PARA DESEMPE?AR CARGO C?VICO Y PARA CUMPLIR CON EL SERVICIO MILITAR OBLIGATORIO', 'S.I. LIC  DESEMP CARGO C?VICO Y PARA SMO'),
('25', 'S.I. PERMISO Y LICENCIA PARA EL DESEMPE?O DE CARGOS SINDICALES', 'S.I. LIC DESEMPE?O CARGOS SINDICALES'),
('26', 'S.I. LICENCIA CON GOCE DE HABER', 'S.I. LICENCIA CON GOCE DE HABER'),
('27', 'S.I. D?AS COMPENSADOS POR HORAS TRABAJADAS EN SOBRETIEMPO', 'S.I. D?AS COMPENS POR HORAS DE SOBRETIEMPO'),
('28', 'S.I. D?AS LICENCIA POR PATERNIDAD', 'S.I. D?AS LICENCIA POR PATERNIDAD'),
('29', 'S.I. DIAS LICENCIA POR ADOPCI?N ', 'S.I. DIAS LICENCIA POR ADOPCI?N ');

-- --------------------------------------------------------

--
-- Table structure for table `tipos_trabajadores`
--

CREATE TABLE IF NOT EXISTS `tipos_trabajadores` (
  `cod_tipo_trabajador` char(2) NOT NULL,
  `descripcion` varchar(100) DEFAULT NULL,
  `descripcion_abreviada` varchar(50) DEFAULT NULL,
  PRIMARY KEY (`cod_tipo_trabajador`)
) ENGINE=InnoDB DEFAULT CHARSET=latin1 COMMENT='''TABLA 8: "TIPO DE TRABAJADOR, PENSIONISTA O PRESTADOR DE SE';

--
-- Dumping data for table `tipos_trabajadores`
--

INSERT INTO `tipos_trabajadores` (`cod_tipo_trabajador`, `descripcion`, `descripcion_abreviada`) VALUES
('0', '-', '-'),
('19', 'EJECUTIVO', 'EJECUTIVO'),
('20', 'OBRERO', 'OBRERO'),
('21', 'EMPLEADO', 'EMPLEADO'),
('22', 'TRABAJADOR PORTUARIO - LEY 27866', 'TRAB.PORTUARIO'),
('23', 'PRACTICANTE SENATI - DEC. LEY 20151', 'PRACT. SENATI'),
('24', 'PENSIONISTA O CESANTE', 'PENSIONISTA O CESANTE'),
('26', 'PENSIONISTA - LEY 28320', 'PENSIONISTA - LEY 28320'),
('27', 'CONSTRUCCI?N CIVIL', 'CONSTRUCCI?N CIVIL'),
('28', 'PILOTO Y COPILOTO DE AVIACI?N COMERCIAL', 'PILOTO Y COPIL DE AVIA. COM.'),
('29', 'MAR?TIMO, FLUVIAL O LACUSTRE', 'MAR?T, FLUVIAL O LACUSTRE'),
('30', 'PERIODISTA', 'PERIODISTA'),
('31', 'TRABAJADOR DE LA INDUSTRIA DE CUERO', 'TRAB. DE LA IND. DE CUERO'),
('32', 'MINERO DE MINA DE SOCAV', 'MINERO DE SOCAV'),
('36', 'PESCADOR - LEY 28320', 'PESCADOR - LEY 28320'),
('37', 'MINERO DE TAJO ABIERTO', 'MINERO DE TAJO ABIERTO'),
('38', 'MINERO DE INDUSTRIA MINERA METAL?RGICA', 'MINERO IND. MINERA METAL.'),
('56', 'ARTISTA -  LEY 28131', 'ARTISTA -  LEY 28131'),
('64', 'AGRARIO DEPENDIENTE - LEY 27360', 'AGRARIO DEPEND.- LEY 27360'),
('65', 'TRABAJADOR ACTIVIDAD ACU?COLA - LEY 27460', 'TRAB. ACTIV.ACU?COLA LEY 27460'),
('66', 'PESCADOR Y PROCESADOR ARTESANAL INDEPENDIENTE  - LEY 27177 ', 'PESC.Y PROC.ARTES.INDEP.'),
('67', 'REGIMEN  ESPECIAL D. LEG.1057 - CAS', 'REG. ESPECIAL D. LEG.1057 - CAS'),
('71', 'CONDUCTOR DE MICROEMPRESA REMYPE - D.LEG.1086', 'CONDUCT MICROEMP.REMYPE D.L.1086'),
('82', 'FUNCIONARIO P?BLICO', 'FUNCIONARIO P?BLICO'),
('83', 'EMPLEADO DE CONFIANZA', 'EMPLEADO DE CONFIANZA'),
('84', 'SERVIDOR P?BLICO - DIRECTIVO  SUPERIOR', 'SERVIDOR P?B - DIRECT SUPERIOR'),
('85', 'SERVIDOR P?BLICO - EJECUTIVO', 'SERVIDOR P?B - EJECUTIVO'),
('86', 'SERVIDOR P?BLICO - ESPECIALISTA', 'SERVIDOR P?B - ESPECIALISTA'),
('87', 'SERVIDOR P?BLICO - DE APOYO', 'SERVIDOR P?B - DE APOYO'),
('88', 'PERSONAL DE LA ADMIN. P?BLICA - ASIGNACI?N ESPECIAL - D.U. 126-2001', 'PERS ADM P?B - ASIG ESP DU 126-2001'),
('89', 'PERSONAL DE LAS FUERZAS ARMADAS Y POLICIALES (1)', 'PERS DE LAS FFAA Y POLICIALES'),
('90', 'GERENTES P?BLICOS  - D. LEG. 1024', 'GERENTES P?B.  - D.LEG 1024'),
('91', 'MIIEMBROS DE OTROS REG. ESPECIALES DEL SECTOR P?BLICO', 'MIIEMBROS DE OTROS REG. ESPEC S.PUBLICO'),
('98', 'PERSONA QUE GENERA INGRESOS DE CUARTA - QUINTA CATEGOR?A', 'CUARTA - QUINTA CATEGOR?A');

-- --------------------------------------------------------

--
-- Table structure for table `trabajadores`
--

CREATE TABLE IF NOT EXISTS `trabajadores` (
  `id_trabajador` int(10) unsigned NOT NULL AUTO_INCREMENT,
  `id_persona` int(10) unsigned NOT NULL,
  `cod_regimen_laboral` char(2) NOT NULL,
  `cod_nivel_educativo` char(2) NOT NULL,
  `cod_categorias_ocupacionales` char(2) NOT NULL,
  `id_ocupacion_2` char(6) NOT NULL COMMENT 'select ->Publico',
  `cod_ocupacion_p` int(11) NOT NULL COMMENT 'sector -> privado',
  `cod_tipo_contrato` char(2) NOT NULL,
  `cod_tipo_pago` char(1) NOT NULL,
  `cod_periodo_remuneracion` int(11) NOT NULL,
  `monto_remuneracion` decimal(10,2) DEFAULT NULL,
  `id_monto_remuneracion` int(10) unsigned NOT NULL,
  `id_establecimiento` int(10) unsigned NOT NULL,
  `jornada_laboral` varchar(200) DEFAULT NULL COMMENT 'chek box ->datos linel\r\n01 = joranada de trabajo maxima\r\n02 = joranada atipica acumulatica\r\n03 = trabajo en horario nocturno',
  `situacion_especial` varchar(30) DEFAULT NULL COMMENT '01 = trabajador-direccion\r\n02 = trabajador-confianza\r\n03 = ninguna',
  `discapacitado` tinyint(1) DEFAULT NULL,
  `sindicalizado` tinyint(1) DEFAULT NULL,
  `percibe_renta_5ta_exonerada` tinyint(1) DEFAULT NULL COMMENT 'DATOS TRIBUTARIOS\r\n¿Percibe rentas de 5ta exoneradas (Inc. e) Art. 19 de la LIR?',
  `aplicar_convenio_doble_inposicion` tinyint(1) DEFAULT NULL COMMENT 'DATOS TRIBUTARIOS\r\n¿Aplica convenio para evitar doble imposición?\r\n\r\nSI = TABLA 25 = convenios',
  `cod_convenio` int(11) NOT NULL,
  `cod_situacion` char(1) NOT NULL,
  `estado` char(10) DEFAULT NULL COMMENT 'sistema:\r\n1 = activo\r\n2 = inactivo',
  `id_empresa_centro_costo` int(10) unsigned DEFAULT NULL,
  PRIMARY KEY (`id_trabajador`),
  KEY `cod_regimen_laboral` (`cod_regimen_laboral`),
  KEY `cod_nivel_educativo` (`cod_nivel_educativo`),
  KEY `cod_categorias_ocupacionales` (`cod_categorias_ocupacionales`),
  KEY `cod_ocupacion_p` (`cod_ocupacion_p`),
  KEY `cod_tipo_contrato` (`cod_tipo_contrato`),
  KEY `cod_tipo_pago` (`cod_tipo_pago`),
  KEY `cod_periodo_remuneracion` (`cod_periodo_remuneracion`),
  KEY `id_establecimiento` (`id_establecimiento`),
  KEY `cod_convenio` (`cod_convenio`),
  KEY `id_persona` (`id_persona`),
  KEY `id_ocupacion_2` (`id_ocupacion_2`),
  KEY `cod_situacion` (`cod_situacion`),
  KEY `id_monto_remuneracion` (`id_monto_remuneracion`),
  KEY `id_empresa_centro_costo` (`id_empresa_centro_costo`)
) ENGINE=InnoDB  DEFAULT CHARSET=latin1 COMMENT='*' AUTO_INCREMENT=5 ;

--
-- Dumping data for table `trabajadores`
--

INSERT INTO `trabajadores` (`id_trabajador`, `id_persona`, `cod_regimen_laboral`, `cod_nivel_educativo`, `cod_categorias_ocupacionales`, `id_ocupacion_2`, `cod_ocupacion_p`, `cod_tipo_contrato`, `cod_tipo_pago`, `cod_periodo_remuneracion`, `monto_remuneracion`, `id_monto_remuneracion`, `id_establecimiento`, `jornada_laboral`, `situacion_especial`, `discapacitado`, `sindicalizado`, `percibe_renta_5ta_exonerada`, `aplicar_convenio_doble_inposicion`, `cod_convenio`, `cod_situacion`, `estado`, `id_empresa_centro_costo`) VALUES
(1, 1, '01', '14', '03', '0', 121008, '21', '1', 2, '1200.00', 0, 1, '', '0', 0, 0, 0, 0, 0, '1', NULL, 1),
(4, 5, '01', '14', '01', '0', 115001, '01', '1', 3, '1300.00', 0, 2, '', '0', 0, 0, 0, 0, 0, '0', 'BSI', 2);

-- --------------------------------------------------------

--
-- Table structure for table `trabajadores_pdeclaraciones`
--

CREATE TABLE IF NOT EXISTS `trabajadores_pdeclaraciones` (
  `id_trabajador_pdeclaracion` int(11) NOT NULL AUTO_INCREMENT,
  `id_pdeclaracion` int(10) unsigned NOT NULL,
  `id_trabajador` int(10) unsigned NOT NULL,
  PRIMARY KEY (`id_trabajador_pdeclaracion`),
  KEY `id_pdeclaracion` (`id_pdeclaracion`),
  KEY `id_trabajador` (`id_trabajador`)
) ENGINE=InnoDB DEFAULT CHARSET=latin1 COMMENT='ptrabajadores\r\n--------------------\r\nSELECT DE etapas de pag' AUTO_INCREMENT=1 ;

--
-- Dumping data for table `trabajadores_pdeclaraciones`
--


-- --------------------------------------------------------

--
-- Table structure for table `t_empleadores_c_ocupacionales`
--

CREATE TABLE IF NOT EXISTS `t_empleadores_c_ocupacionales` (
  `id_t_empleador_c_ocupacional` int(11) NOT NULL AUTO_INCREMENT,
  `id_tipo_empleador` int(11) NOT NULL,
  `cod_categorias_ocupacionales` char(2) NOT NULL,
  PRIMARY KEY (`id_t_empleador_c_ocupacional`,`id_tipo_empleador`,`cod_categorias_ocupacionales`),
  KEY `id_tipo_empleador` (`id_tipo_empleador`),
  KEY `cod_categorias_ocupacionales` (`cod_categorias_ocupacionales`)
) ENGINE=InnoDB  DEFAULT CHARSET=latin1 COMMENT='1=tipos_trabajadores\r\n2=tipos_empleadores' AUTO_INCREMENT=16 ;

--
-- Dumping data for table `t_empleadores_c_ocupacionales`
--

INSERT INTO `t_empleadores_c_ocupacionales` (`id_t_empleador_c_ocupacional`, `id_tipo_empleador`, `cod_categorias_ocupacionales`) VALUES
(1, 1, '01'),
(8, 3, '01'),
(2, 1, '02'),
(9, 3, '02'),
(3, 1, '03'),
(11, 3, '03'),
(4, 2, '11'),
(12, 3, '11'),
(5, 2, '12'),
(13, 3, '12'),
(6, 2, '13'),
(14, 3, '13'),
(7, 2, '14'),
(15, 3, '14');

-- --------------------------------------------------------

--
-- Table structure for table `t_empleadores_r_pensionarios`
--

CREATE TABLE IF NOT EXISTS `t_empleadores_r_pensionarios` (
  `id_t_empleador_r_pensionario` int(10) unsigned NOT NULL AUTO_INCREMENT,
  `id_tipo_empleador` int(11) NOT NULL,
  `cod_regimen_pensionario` char(2) NOT NULL,
  PRIMARY KEY (`id_t_empleador_r_pensionario`,`id_tipo_empleador`,`cod_regimen_pensionario`),
  KEY `id_tipo_empleador` (`id_tipo_empleador`),
  KEY `cod_regimen_pensionario` (`cod_regimen_pensionario`)
) ENGINE=InnoDB  DEFAULT CHARSET=latin1 COMMENT='COMBO BOX\r\nFiltro para LISTADO DEL COMBO - \r\nsegun sectores\r' AUTO_INCREMENT=30 ;

--
-- Dumping data for table `t_empleadores_r_pensionarios`
--

INSERT INTO `t_empleadores_r_pensionarios` (`id_t_empleador_r_pensionario`, `id_tipo_empleador`, `cod_regimen_pensionario`) VALUES
(1, 1, '02'),
(9, 2, '02'),
(20, 3, '02'),
(10, 2, '03'),
(21, 3, '03'),
(2, 1, '09'),
(22, 3, '09'),
(11, 2, '10'),
(12, 2, '11'),
(3, 1, '12'),
(13, 2, '12'),
(23, 3, '12'),
(14, 2, '13'),
(24, 3, '13'),
(4, 1, '21'),
(15, 2, '21'),
(25, 3, '21'),
(5, 1, '22'),
(16, 2, '22'),
(26, 3, '22'),
(6, 1, '23'),
(17, 2, '23'),
(27, 3, '23'),
(7, 1, '24'),
(18, 2, '24'),
(28, 3, '24'),
(8, 1, '99'),
(19, 2, '99'),
(29, 3, '99');

-- --------------------------------------------------------

--
-- Table structure for table `t_empleadores_t_r_laborales`
--

CREATE TABLE IF NOT EXISTS `t_empleadores_t_r_laborales` (
  `id_t_empleadores_t_r_laborales` int(10) unsigned NOT NULL AUTO_INCREMENT,
  `cod_regimen_laboral` char(2) NOT NULL,
  `id_tipo_empleador` int(11) NOT NULL,
  PRIMARY KEY (`id_t_empleadores_t_r_laborales`,`cod_regimen_laboral`,`id_tipo_empleador`),
  KEY `cod_regimen_laboral` (`cod_regimen_laboral`),
  KEY `id_tipo_empleador` (`id_tipo_empleador`),
  KEY `id_tipo_empleador_2` (`id_tipo_empleador`)
) ENGINE=MyISAM  DEFAULT CHARSET=latin1 COMMENT='tipos empleadores\r\n\r\nregimenes laborales' AUTO_INCREMENT=45 ;

--
-- Dumping data for table `t_empleadores_t_r_laborales`
--

INSERT INTO `t_empleadores_t_r_laborales` (`id_t_empleadores_t_r_laborales`, `cod_regimen_laboral`, `id_tipo_empleador`) VALUES
(1, '01', 1),
(2, '16', 1),
(3, '17', 1),
(4, '18', 1),
(5, '19', 1),
(6, '20', 1),
(7, '21', 1),
(8, '99', 1),
(9, '01', 2),
(10, '02', 2),
(11, '03', 2),
(12, '04', 2),
(13, '05', 2),
(14, '06', 2),
(15, '07', 2),
(16, '08', 2),
(17, '09', 2),
(18, '10', 2),
(19, '11', 2),
(20, '12', 2),
(21, '13', 2),
(22, '14', 2),
(23, '15', 2),
(24, '18', 2),
(25, '19', 2),
(26, '20', 2),
(27, '21', 2),
(28, '99', 2),
(29, '01', 3),
(30, '02', 3),
(31, '03', 3),
(32, '04', 3),
(33, '05', 3),
(34, '06', 3),
(35, '07', 3),
(36, '08', 3),
(37, '11', 3),
(38, '14', 3),
(39, '15', 3),
(40, '18', 3),
(41, '19', 3),
(42, '20', 3),
(43, '21', 3),
(44, '99', 3);

-- --------------------------------------------------------

--
-- Table structure for table `t_trabajadores_t_empleadores`
--

CREATE TABLE IF NOT EXISTS `t_trabajadores_t_empleadores` (
  `id_t_trabajador_t_empleador` int(11) NOT NULL AUTO_INCREMENT,
  `id_tipo_empleador` int(11) NOT NULL,
  `cod_tipo_trabajador` char(2) NOT NULL,
  PRIMARY KEY (`id_t_trabajador_t_empleador`,`id_tipo_empleador`,`cod_tipo_trabajador`),
  KEY `cod_tipo_trabajador` (`cod_tipo_trabajador`),
  KEY `id_tipo_empleador` (`id_tipo_empleador`)
) ENGINE=InnoDB  DEFAULT CHARSET=latin1 COMMENT='relacion segun tablas\r\n1=tipos_trabajadores\r\n2=tipos_emplead' AUTO_INCREMENT=71 ;

--
-- Dumping data for table `t_trabajadores_t_empleadores`
--

INSERT INTO `t_trabajadores_t_empleadores` (`id_t_trabajador_t_empleador`, `id_tipo_empleador`, `cod_tipo_trabajador`) VALUES
(68, 1, '0'),
(69, 2, '0'),
(70, 3, '0'),
(1, 1, '19'),
(40, 3, '19'),
(2, 1, '20'),
(37, 2, '20'),
(41, 3, '20'),
(3, 1, '21'),
(42, 3, '21'),
(4, 1, '22'),
(43, 3, '22'),
(5, 1, '23'),
(6, 1, '24'),
(38, 2, '24'),
(44, 3, '24'),
(7, 1, '26'),
(45, 3, '26'),
(8, 1, '27'),
(39, 2, '27'),
(46, 3, '27'),
(9, 1, '28'),
(47, 3, '28'),
(10, 1, '29'),
(48, 3, '29'),
(11, 1, '30'),
(49, 3, '30'),
(12, 1, '31'),
(50, 3, '31'),
(13, 1, '32'),
(51, 3, '32'),
(14, 1, '36'),
(52, 3, '36'),
(15, 1, '37'),
(53, 3, '37'),
(16, 1, '38'),
(54, 3, '38'),
(17, 1, '56'),
(55, 3, '56'),
(18, 1, '64'),
(23, 2, '64'),
(56, 3, '64'),
(19, 1, '65'),
(24, 2, '65'),
(57, 3, '65'),
(20, 1, '66'),
(25, 2, '67'),
(58, 3, '67'),
(21, 1, '71'),
(26, 2, '82'),
(59, 3, '82'),
(27, 2, '83'),
(60, 3, '83'),
(28, 2, '84'),
(61, 3, '84'),
(29, 2, '85'),
(62, 3, '85'),
(30, 2, '86'),
(63, 3, '86'),
(31, 2, '87'),
(64, 3, '87'),
(32, 2, '88'),
(33, 2, '89'),
(34, 2, '90'),
(65, 3, '90'),
(35, 2, '91'),
(66, 3, '91'),
(22, 1, '98'),
(36, 2, '98'),
(67, 3, '98');

-- --------------------------------------------------------

--
-- Table structure for table `ubigeo_departamentos`
--

CREATE TABLE IF NOT EXISTS `ubigeo_departamentos` (
  `cod_departamento` char(2) NOT NULL,
  `descripcion` varchar(30) DEFAULT NULL,
  PRIMARY KEY (`cod_departamento`)
) ENGINE=InnoDB DEFAULT CHARSET=latin1;

--
-- Dumping data for table `ubigeo_departamentos`
--

INSERT INTO `ubigeo_departamentos` (`cod_departamento`, `descripcion`) VALUES
('0', '-'),
('01', 'DEPARTAMENTO AMAZONAS'),
('02', 'DEPARTAMENTO ANCASH'),
('03', 'DEPARTAMENTO APURIMAC'),
('04', 'DEPARTAMENTO AREQUIPA'),
('05', 'DEPARTAMENTO AYACUCHO'),
('06', 'DEPARTAMENTO CAJAMARCA'),
('07', 'DEPARTAMENTO CUSCO'),
('08', 'DEPARTAMENTO HUANCAVELICA'),
('09', 'DEPARTAMENTO HUANUCO'),
('10', 'DEPARTAMENTO ICA'),
('11', 'DEPARTAMENTO JUNIN'),
('12', 'DEPARTAMENTO LA LIBERTAD'),
('13', 'DEPARTAMENTO LAMBAYEQUE'),
('14', 'DEPARTAMENTO LIMA'),
('15', 'DEPARTAMENTO LORETO'),
('16', 'DEPARTAMENTO MADRE DE DIOS'),
('17', 'DEPARTAMENTO MOQUEGUA'),
('18', 'DEPARTAMENTO PASCO'),
('19', 'DEPARTAMENTO PIURA'),
('20', 'DEPARTAMENTO PUNO'),
('21', 'DEPARTAMENTO SAN MARTIN'),
('22', 'DEPARTAMENTO TACNA'),
('23', 'DEPARTAMENTO TUMBES'),
('24', 'PROV. CONST. DEL CALLAO'),
('25', 'DEPARTAMENTO UCAYALI');

-- --------------------------------------------------------

--
-- Table structure for table `ubigeo_provincias`
--

CREATE TABLE IF NOT EXISTS `ubigeo_provincias` (
  `cod_provincia` char(4) NOT NULL,
  `descripcion` varchar(30) DEFAULT NULL,
  PRIMARY KEY (`cod_provincia`)
) ENGINE=InnoDB DEFAULT CHARSET=latin1;

--
-- Dumping data for table `ubigeo_provincias`
--

INSERT INTO `ubigeo_provincias` (`cod_provincia`, `descripcion`) VALUES
('0', '-'),
('0101', 'CHACHAPOYAS'),
('0102', 'BAGUA'),
('0103', 'BONGARA'),
('0104', 'LUYA'),
('0105', 'RODRIGUEZ DE MENDOZA'),
('0106', 'CONDORCANQUI'),
('0107', 'UTCUBAMBA'),
('0201', 'HUARAZ'),
('0202', 'AIJA'),
('0203', 'BOLOGNESI'),
('0204', 'CARHUAZ'),
('0205', 'CASMA'),
('0206', 'CORONGO'),
('0207', 'HUAYLAS'),
('0208', 'HUARI'),
('0209', 'MARISCAL LUZURIAGA'),
('0210', 'PALLASCA'),
('0211', 'POMABAMBA'),
('0212', 'RECUAY'),
('0213', 'SANTA'),
('0214', 'SIHUAS'),
('0215', 'YUNGAY'),
('0216', 'ANTONIO RAIMONDI'),
('0217', 'CARLOS FERMIN FITZCARRALD'),
('0218', 'ASUNCION'),
('0219', 'HUARMEY'),
('0220', 'OCROS'),
('0301', 'ABANCAY'),
('0302', 'AYMARAES'),
('0303', 'ANDAHUAYLAS'),
('0304', 'ANTABAMBA'),
('0305', 'COTABAMBAS'),
('0306', 'GRAU'),
('0307', 'CHINCHEROS'),
('0401', 'AREQUIPA'),
('0402', 'CAYLLOMA'),
('0403', 'CAMANA'),
('0404', 'CARAVELI'),
('0405', 'CASTILLA'),
('0406', 'CONDESUYOS'),
('0407', 'ISLAY'),
('0408', 'LA UNION'),
('0501', 'HUAMANGA'),
('0502', 'CANGALLO'),
('0503', 'HUANTA'),
('0504', 'LA MAR'),
('0505', 'LUCANAS'),
('0506', 'PARINACOCHAS'),
('0507', 'VICTOR FAJARDO'),
('0508', 'HUANCA SANCOS'),
('0509', 'VILCAS HUAMAN'),
('0510', 'PAUCAR DEL SARA SARA'),
('0511', 'SUCRE'),
('0601', 'CAJAMARCA'),
('0602', 'CAJABAMBA'),
('0603', 'CELENDIN'),
('0604', 'CONTUMAZA'),
('0605', 'CUTERVO'),
('0606', 'CHOTA'),
('0607', 'HUALGAYOC'),
('0608', 'JAEN'),
('0609', 'SANTA CRUZ'),
('0610', 'SAN MIGUEL'),
('0611', 'SAN IGNACIO'),
('0612', 'SAN MARCOS'),
('0613', 'SAN PABLO'),
('0701', 'CUSCO'),
('0702', 'ACOMAYO'),
('0703', 'ANTA'),
('0704', 'CALCA'),
('0705', 'CANAS'),
('0706', 'CANCHIS'),
('0707', 'CHUMBIVILCAS'),
('0708', 'ESPINAR'),
('0709', 'LA CONVENCION'),
('0710', 'PARURO'),
('0711', 'PAUCARTAMBO'),
('0712', 'QUISPICANCHIS'),
('0713', 'URUBAMBA'),
('0801', 'HUANCAVELICA'),
('0802', 'ACOBAMBA'),
('0803', 'ANGARAES'),
('0804', 'CASTROVIRREYNA'),
('0805', 'TAYACAJA'),
('0806', 'HUAYTARA'),
('0807', 'CHURCAMPA'),
('0901', 'HUANUCO'),
('0902', 'AMBO'),
('0903', 'DOS DE MAYO'),
('0904', 'HUAMALIES'),
('0905', 'MARANON'),
('0906', 'LEONCIO PRADO'),
('0907', 'PACHITEA'),
('0908', 'PUERTO INCA'),
('0909', 'HUACAYBAMBA'),
('0910', 'LAURICOCHA'),
('0911', 'YAROWILCA'),
('1001', 'ICA'),
('1002', 'CHINCHA'),
('1003', 'NAZCA'),
('1004', 'PISCO'),
('1005', 'PALPA'),
('1101', 'HUANCAYO'),
('1102', 'CONCEPCION'),
('1103', 'JAUJA'),
('1104', 'JUNIN'),
('1105', 'TARMA'),
('1106', 'YAULI'),
('1107', 'SATIPO'),
('1108', 'CHANCHAMAYO'),
('1109', 'CHUPACA'),
('1201', 'TRUJILLO'),
('1202', 'BOLIVAR'),
('1203', 'SANCHEZ CARRION'),
('1204', 'OTUZCO'),
('1205', 'PACASMAYO'),
('1206', 'PATAZ'),
('1207', 'SANTIAGO DE CHUCO'),
('1208', 'ASCOPE'),
('1209', 'CHEPEN'),
('1210', 'JULCAN'),
('1211', 'GRAN CHIMU'),
('1212', 'VIRU'),
('1301', 'CHICLAYO'),
('1302', 'FERRENAFE'),
('1303', 'LAMBAYEQUE'),
('1401', 'LIMA'),
('1402', 'CAJATAMBO'),
('1403', 'CANTA'),
('1404', 'CANETE'),
('1405', 'HUAURA'),
('1406', 'HUAROCHIRI'),
('1407', 'YAUYOS'),
('1408', 'HUARAL'),
('1409', 'BARRANCA'),
('1410', 'OYON'),
('1501', 'MAYNAS'),
('1502', 'ALTO AMAZONAS'),
('1503', 'LORETO'),
('1504', 'REQUENA'),
('1505', 'UCAYALI'),
('1506', 'MARISCAL RAMON CASTILLA'),
('1507', 'DATEM DEL MARA?ON'),
('1601', 'TAMBOPATA'),
('1602', 'MANU'),
('1603', 'TAHUAMANU'),
('1701', 'MARISCAL NIETO'),
('1702', 'GENERAL SANCHEZ CERRO'),
('1703', 'ILO'),
('1801', 'PASCO'),
('1802', 'DANIEL ALCIDES CARRION'),
('1803', 'OXAPAMPA'),
('1901', 'PIURA'),
('1902', 'AYABACA'),
('1903', 'HUANCABAMBA'),
('1904', 'MORROPON'),
('1905', 'PAITA'),
('1906', 'SULLANA'),
('1907', 'TALARA'),
('1908', 'SECHURA'),
('2001', 'PUNO'),
('2002', 'AZANGARO'),
('2003', 'CARABAYA'),
('2004', 'CHUCUITO'),
('2005', 'HUANCANE'),
('2006', 'LAMPA'),
('2007', 'MELGAR'),
('2008', 'SANDIA'),
('2009', 'SAN ROMAN'),
('2010', 'YUNGUYO'),
('2011', 'SAN ANTONIO DE PUTINA'),
('2012', 'EL COLLAO'),
('2013', 'MOHO'),
('2101', 'MOYOBAMBA'),
('2102', 'HUALLAGA'),
('2103', 'LAMAS'),
('2104', 'MARISCAL CACERES'),
('2105', 'RIOJA'),
('2106', 'SAN MARTIN'),
('2107', 'BELLAVISTA'),
('2108', 'TOCACHE'),
('2109', 'PICOTA'),
('2110', 'EL DORADO'),
('2201', 'TACNA'),
('2202', 'TARATA'),
('2203', 'JORGE BASADRE'),
('2204', 'CANDARAVE'),
('2301', 'TUMBES'),
('2302', 'CONTRALMIRANTE VILLAR'),
('2303', 'ZARUMILLA'),
('2401', 'CALLAO'),
('2501', 'CORONEL PORTILLO'),
('2502', 'PADRE ABAD'),
('2503', 'ATALAYA'),
('2504', 'PURUS');

-- --------------------------------------------------------

--
-- Table structure for table `ubigeo_reniec`
--

CREATE TABLE IF NOT EXISTS `ubigeo_reniec` (
  `cod_ubigeo_reniec` char(6) NOT NULL,
  `cod_departamento` char(2) NOT NULL,
  `cod_provincia` char(4) NOT NULL,
  `descripcion` varchar(30) DEFAULT NULL,
  PRIMARY KEY (`cod_ubigeo_reniec`),
  KEY `cod_departamento` (`cod_departamento`),
  KEY `cod_provincia` (`cod_provincia`)
) ENGINE=InnoDB DEFAULT CHARSET=latin1 COMMENT='TABLA 28 - UBIGEO RENIEC - PARA SER UTILIZADO EN EL T-REGIST';

--
-- Dumping data for table `ubigeo_reniec`
--

INSERT INTO `ubigeo_reniec` (`cod_ubigeo_reniec`, `cod_departamento`, `cod_provincia`, `descripcion`) VALUES
('0', '0', '0', '-'),
('010101', '01', '0101', 'CHACHAPOYAS'),
('010102', '01', '0101', 'ASUNCION'),
('010103', '01', '0101', 'BALSAS'),
('010104', '01', '0101', 'CHETO'),
('010105', '01', '0101', 'CHILIQUIN'),
('010106', '01', '0101', 'CHUQUIBAMBA'),
('010107', '01', '0101', 'GRANADA'),
('010108', '01', '0101', 'HUANCAS'),
('010109', '01', '0101', 'LA JALCA'),
('010110', '01', '0101', 'LEIMEBAMBA'),
('010111', '01', '0101', 'LEVANTO'),
('010112', '01', '0101', 'MAGDALENA'),
('010113', '01', '0101', 'MARISCAL CASTILLA'),
('010114', '01', '0101', 'MOLINOPAMPA'),
('010115', '01', '0101', 'MONTEVIDEO'),
('010116', '01', '0101', 'OLLEROS'),
('010117', '01', '0101', 'QUINJALCA'),
('010118', '01', '0101', 'SAN FCO DE DAGUAS'),
('010119', '01', '0101', 'SAN ISIDRO DE MAINO'),
('010120', '01', '0101', 'SOLOCO'),
('010121', '01', '0101', 'SONCHE'),
('010201', '01', '0102', 'LA PECA'),
('010202', '01', '0102', 'ARAMANGO'),
('010203', '01', '0102', 'COPALLIN'),
('010204', '01', '0102', 'EL PARCO'),
('010205', '01', '0102', 'BAGUA'),
('010206', '01', '0102', 'IMAZA'),
('010301', '01', '0103', 'JUMBILLA'),
('010302', '01', '0103', 'COROSHA'),
('010303', '01', '0103', 'CUISPES'),
('010304', '01', '0103', 'CHISQUILLA'),
('010305', '01', '0103', 'CHURUJA'),
('010306', '01', '0103', 'FLORIDA'),
('010307', '01', '0103', 'RECTA'),
('010308', '01', '0103', 'SAN CARLOS'),
('010309', '01', '0103', 'SHIPASBAMBA'),
('010310', '01', '0103', 'VALERA'),
('010311', '01', '0103', 'YAMBRASBAMBA'),
('010312', '01', '0103', 'JAZAN'),
('010401', '01', '0104', 'LAMUD'),
('010402', '01', '0104', 'CAMPORREDONDO'),
('010403', '01', '0104', 'COCABAMBA'),
('010404', '01', '0104', 'COLCAMAR'),
('010405', '01', '0104', 'CONILA'),
('010406', '01', '0104', 'INGUILPATA'),
('010407', '01', '0104', 'LONGUITA'),
('010408', '01', '0104', 'LONYA CHICO'),
('010409', '01', '0104', 'LUYA'),
('010410', '01', '0104', 'LUYA VIEJO'),
('010411', '01', '0104', 'MARIA'),
('010412', '01', '0104', 'OCALLI'),
('010413', '01', '0104', 'OCUMAL'),
('010414', '01', '0104', 'PISUQUIA'),
('010415', '01', '0104', 'SAN CRISTOBAL'),
('010416', '01', '0104', 'SAN FRANCISCO DE YESO'),
('010417', '01', '0104', 'SAN JERONIMO'),
('010418', '01', '0104', 'SAN JUAN DE LOPECANCHA'),
('010419', '01', '0104', 'SANTA CATALINA'),
('010420', '01', '0104', 'SANTO TOMAS'),
('010421', '01', '0104', 'TINGO'),
('010422', '01', '0104', 'TRITA'),
('010423', '01', '0104', 'PROVIDENCIA'),
('010501', '01', '0105', 'SAN NICOLAS'),
('010502', '01', '0105', 'COCHAMAL'),
('010503', '01', '0105', 'CHIRIMOTO'),
('010504', '01', '0105', 'HUAMBO'),
('010505', '01', '0105', 'LIMABAMBA'),
('010506', '01', '0105', 'LONGAR'),
('010507', '01', '0105', 'MILPUC'),
('010508', '01', '0105', 'MCAL BENAVIDES'),
('010509', '01', '0105', 'OMIA'),
('010510', '01', '0105', 'SANTA ROSA'),
('010511', '01', '0105', 'TOTORA'),
('010512', '01', '0105', 'VISTA ALEGRE'),
('010601', '01', '0106', 'NIEVA'),
('010602', '01', '0106', 'RIO SANTIAGO'),
('010603', '01', '0106', 'EL CENEPA'),
('010701', '01', '0107', 'BAGUA GRANDE'),
('010702', '01', '0107', 'CAJARURO'),
('010703', '01', '0107', 'CUMBA'),
('010704', '01', '0107', 'EL MILAGRO'),
('010705', '01', '0107', 'JAMALCA'),
('010706', '01', '0107', 'LONYA GRANDE'),
('010707', '01', '0107', 'YAMON'),
('020101', '02', '0201', 'HUARAZ'),
('020102', '02', '0201', 'INDEPENDENCIA'),
('020103', '02', '0201', 'COCHABAMBA'),
('020104', '02', '0201', 'COLCABAMBA'),
('020105', '02', '0201', 'HUANCHAY'),
('020106', '02', '0201', 'JANGAS'),
('020107', '02', '0201', 'LA LIBERTAD'),
('020108', '02', '0201', 'OLLEROS'),
('020109', '02', '0201', 'PAMPAS'),
('020110', '02', '0201', 'PARIACOTO'),
('020111', '02', '0201', 'PIRA'),
('020112', '02', '0201', 'TARICA'),
('020201', '02', '0202', 'AIJA'),
('020203', '02', '0202', 'CORIS'),
('020205', '02', '0202', 'HUACLLAN'),
('020206', '02', '0202', 'LA MERCED'),
('020208', '02', '0202', 'SUCCHA'),
('020301', '02', '0203', 'CHIQUIAN'),
('020302', '02', '0203', 'A PARDO LEZAMETA'),
('020304', '02', '0203', 'AQUIA'),
('020305', '02', '0203', 'CAJACAY'),
('020310', '02', '0203', 'HUAYLLACAYAN'),
('020311', '02', '0203', 'HUASTA'),
('020313', '02', '0203', 'MANGAS'),
('020315', '02', '0203', 'PACLLON'),
('020317', '02', '0203', 'SAN MIGUEL DE CORPANQUI'),
('020320', '02', '0203', 'TICLLOS'),
('020321', '02', '0203', 'ANTONIO RAIMONDI'),
('020322', '02', '0203', 'CANIS'),
('020323', '02', '0203', 'COLQUIOC'),
('020324', '02', '0203', 'LA PRIMAVERA'),
('020325', '02', '0203', 'HUALLANCA'),
('020401', '02', '0204', 'CARHUAZ'),
('020402', '02', '0204', 'ACOPAMPA'),
('020403', '02', '0204', 'AMASHCA'),
('020404', '02', '0204', 'ANTA'),
('020405', '02', '0204', 'ATAQUERO'),
('020406', '02', '0204', 'MARCARA'),
('020407', '02', '0204', 'PARIAHUANCA'),
('020408', '02', '0204', 'SAN MIGUEL DE ACO'),
('020409', '02', '0204', 'SHILLA'),
('020410', '02', '0204', 'TINCO'),
('020411', '02', '0204', 'YUNGAR'),
('020501', '02', '0205', 'CASMA'),
('020502', '02', '0205', 'BUENA VISTA ALTA'),
('020503', '02', '0205', 'COMANDANTE NOEL'),
('020505', '02', '0205', 'YAUTAN'),
('020601', '02', '0206', 'CORONGO'),
('020602', '02', '0206', 'ACO'),
('020603', '02', '0206', 'BAMBAS'),
('020604', '02', '0206', 'CUSCA'),
('020605', '02', '0206', 'LA PAMPA'),
('020606', '02', '0206', 'YANAC'),
('020607', '02', '0206', 'YUPAN'),
('020701', '02', '0207', 'CARAZ'),
('020702', '02', '0207', 'HUALLANCA'),
('020703', '02', '0207', 'HUATA'),
('020704', '02', '0207', 'HUAYLAS'),
('020705', '02', '0207', 'MATO'),
('020706', '02', '0207', 'PAMPAROMAS'),
('020707', '02', '0207', 'PUEBLO LIBRE'),
('020708', '02', '0207', 'SANTA CRUZ'),
('020709', '02', '0207', 'YURACMARCA'),
('020710', '02', '0207', 'SANTO TORIBIO'),
('020801', '02', '0208', 'HUARI'),
('020802', '02', '0208', 'CAJAY'),
('020803', '02', '0208', 'CHAVIN DE HUANTAR'),
('020804', '02', '0208', 'HUACACHI'),
('020805', '02', '0208', 'HUACHIS'),
('020806', '02', '0208', 'HUACCHIS'),
('020807', '02', '0208', 'HUANTAR'),
('020808', '02', '0208', 'MASIN'),
('020809', '02', '0208', 'PAUCAS'),
('020810', '02', '0208', 'PONTO'),
('020811', '02', '0208', 'RAHUAPAMPA'),
('020812', '02', '0208', 'RAPAYAN'),
('020813', '02', '0208', 'SAN MARCOS'),
('020814', '02', '0208', 'SAN PEDRO DE CHANA'),
('020815', '02', '0208', 'UCO'),
('020816', '02', '0208', 'ANRA'),
('020901', '02', '0209', 'PISCOBAMBA'),
('020902', '02', '0209', 'CASCA'),
('020903', '02', '0209', 'LUCMA'),
('020904', '02', '0209', 'FIDEL OLIVAS ESCUDERO'),
('020905', '02', '0209', 'LLAMA'),
('020906', '02', '0209', 'LLUMPA'),
('020907', '02', '0209', 'MUSGA'),
('020908', '02', '0209', 'ELEAZAR GUZMAN BARRON'),
('021001', '02', '0210', 'CABANA'),
('021002', '02', '0210', 'BOLOGNESI'),
('021003', '02', '0210', 'CONCHUCOS'),
('021004', '02', '0210', 'HUACASCHUQUE'),
('021005', '02', '0210', 'HUANDOVAL'),
('021006', '02', '0210', 'LACABAMBA'),
('021007', '02', '0210', 'LLAPO'),
('021008', '02', '0210', 'PALLASCA'),
('021009', '02', '0210', 'PAMPAS'),
('021010', '02', '0210', 'SANTA ROSA'),
('021011', '02', '0210', 'TAUCA'),
('021101', '02', '0211', 'POMABAMBA'),
('021102', '02', '0211', 'HUAYLLAN'),
('021103', '02', '0211', 'PAROBAMBA'),
('021104', '02', '0211', 'QUINUABAMBA'),
('021201', '02', '0212', 'RECUAY'),
('021202', '02', '0212', 'COTAPARACO'),
('021203', '02', '0212', 'HUAYLLAPAMPA'),
('021204', '02', '0212', 'MARCA'),
('021205', '02', '0212', 'PAMPAS CHICO'),
('021206', '02', '0212', 'PARARIN'),
('021207', '02', '0212', 'TAPACOCHA'),
('021208', '02', '0212', 'TICAPAMPA'),
('021209', '02', '0212', 'LLACLLIN'),
('021210', '02', '0212', 'CATAC'),
('021301', '02', '0213', 'CHIMBOTE'),
('021302', '02', '0213', 'CACERES DEL PERU'),
('021303', '02', '0213', 'MACATE'),
('021304', '02', '0213', 'MORO'),
('021305', '02', '0213', 'NEPENA'),
('021306', '02', '0213', 'SAMANCO'),
('021307', '02', '0213', 'SANTA'),
('021308', '02', '0213', 'COISHCO'),
('021309', '02', '0213', 'NUEVO CHIMBOTE'),
('021401', '02', '0214', 'SIHUAS'),
('021402', '02', '0214', 'ALFONSO UGARTE'),
('021403', '02', '0214', 'CHINGALPO'),
('021404', '02', '0214', 'HUAYLLABAMBA'),
('021405', '02', '0214', 'QUICHES'),
('021406', '02', '0214', 'SICSIBAMBA'),
('021407', '02', '0214', 'ACOBAMBA'),
('021408', '02', '0214', 'CASHAPAMPA'),
('021409', '02', '0214', 'RAGASH'),
('021410', '02', '0214', 'SAN JUAN'),
('021501', '02', '0215', 'YUNGAY'),
('021502', '02', '0215', 'CASCAPARA'),
('021503', '02', '0215', 'MANCOS'),
('021504', '02', '0215', 'MATACOTO'),
('021505', '02', '0215', 'QUILLO'),
('021506', '02', '0215', 'RANRAHIRCA'),
('021507', '02', '0215', 'SHUPLUY'),
('021508', '02', '0215', 'YANAMA'),
('021601', '02', '0216', 'LLAMELLIN'),
('021602', '02', '0216', 'ACZO'),
('021603', '02', '0216', 'CHACCHO'),
('021604', '02', '0216', 'CHINGAS'),
('021605', '02', '0216', 'MIRGAS'),
('021606', '02', '0216', 'SAN JUAN DE RONTOY'),
('021701', '02', '0217', 'SAN LUIS'),
('021702', '02', '0217', 'YAUYA'),
('021703', '02', '0217', 'SAN NICOLAS'),
('021801', '02', '0218', 'CHACAS'),
('021802', '02', '0218', 'ACOCHACA'),
('021901', '02', '0219', 'HUARMEY'),
('021902', '02', '0219', 'COCHAPETI'),
('021903', '02', '0219', 'HUAYAN'),
('021904', '02', '0219', 'MALVAS'),
('021905', '02', '0219', 'CULEBRAS'),
('022001', '02', '0220', 'ACAS'),
('022002', '02', '0220', 'CAJAMARQUILLA'),
('022003', '02', '0220', 'CARHUAPAMPA'),
('022004', '02', '0220', 'COCHAS'),
('022005', '02', '0220', 'CONGAS'),
('022006', '02', '0220', 'LLIPA'),
('022007', '02', '0220', 'OCROS'),
('022008', '02', '0220', 'SAN CRISTOBAL DE RAJAN'),
('022009', '02', '0220', 'SAN PEDRO'),
('022010', '02', '0220', 'SANTIAGO DE CHILCAS'),
('030101', '03', '0301', 'ABANCAY'),
('030102', '03', '0301', 'CIRCA'),
('030103', '03', '0301', 'CURAHUASI'),
('030104', '03', '0301', 'CHACOCHE'),
('030105', '03', '0301', 'HUANIPACA'),
('030106', '03', '0301', 'LAMBRAMA'),
('030107', '03', '0301', 'PICHIRHUA'),
('030108', '03', '0301', 'SAN PEDRO DE CACHORA'),
('030109', '03', '0301', 'TAMBURCO'),
('030201', '03', '0302', 'CHALHUANCA'),
('030202', '03', '0302', 'CAPAYA'),
('030203', '03', '0302', 'CARAYBAMBA'),
('030204', '03', '0302', 'COLCABAMBA'),
('030205', '03', '0302', 'COTARUSE'),
('030206', '03', '0302', 'CHAPIMARCA'),
('030207', '03', '0302', 'IHUAYLLO'),
('030208', '03', '0302', 'LUCRE'),
('030209', '03', '0302', 'POCOHUANCA'),
('030210', '03', '0302', 'SANAICA'),
('030211', '03', '0302', 'SORAYA'),
('030212', '03', '0302', 'TAPAIRIHUA'),
('030213', '03', '0302', 'TINTAY'),
('030214', '03', '0302', 'TORAYA'),
('030215', '03', '0302', 'YANACA'),
('030216', '03', '0302', 'SAN JUAN DE CHACNA'),
('030217', '03', '0302', 'JUSTO APU SAHUARAURA'),
('030301', '03', '0303', 'ANDAHUAYLAS'),
('030302', '03', '0303', 'ANDARAPA'),
('030303', '03', '0303', 'CHIARA'),
('030304', '03', '0303', 'HUANCARAMA'),
('030305', '03', '0303', 'HUANCARAY'),
('030306', '03', '0303', 'KISHUARA'),
('030307', '03', '0303', 'PACOBAMBA'),
('030308', '03', '0303', 'PAMPACHIRI'),
('030309', '03', '0303', 'SAN ANTONIO DE CACHI'),
('030310', '03', '0303', 'SAN JERONIMO'),
('030311', '03', '0303', 'TALAVERA'),
('030312', '03', '0303', 'TURPO'),
('030313', '03', '0303', 'PACUCHA'),
('030314', '03', '0303', 'POMACOCHA'),
('030315', '03', '0303', 'STA MARIA DE CHICMO'),
('030316', '03', '0303', 'TUMAY HUARACA'),
('030317', '03', '0303', 'HUAYANA'),
('030318', '03', '0303', 'SAN MIGUEL DE CHACCRAMPA'),
('030319', '03', '0303', 'KAQUIABAMBA'),
('030401', '03', '0304', 'ANTABAMBA'),
('030402', '03', '0304', 'EL ORO'),
('030403', '03', '0304', 'HUAQUIRCA'),
('030404', '03', '0304', 'JUAN ESPINOZA MEDRANO'),
('030405', '03', '0304', 'OROPESA'),
('030406', '03', '0304', 'PACHACONAS'),
('030407', '03', '0304', 'SABAINO'),
('030501', '03', '0305', 'TAMBOBAMBA'),
('030502', '03', '0305', 'COYLLURQUI'),
('030503', '03', '0305', 'COTABAMBAS'),
('030504', '03', '0305', 'HAQUIRA'),
('030505', '03', '0305', 'MARA'),
('030506', '03', '0305', 'CHALLHUAHUACHO'),
('030601', '03', '0306', 'CHUQUIBAMBILLA'),
('030602', '03', '0306', 'CURPAHUASI'),
('030603', '03', '0306', 'HUAILLATI'),
('030604', '03', '0306', 'MAMARA'),
('030605', '03', '0306', 'MARISCAL GAMARRA'),
('030606', '03', '0306', 'MICAELA BASTIDAS'),
('030607', '03', '0306', 'PROGRESO'),
('030608', '03', '0306', 'PATAYPAMPA'),
('030609', '03', '0306', 'SAN ANTONIO'),
('030610', '03', '0306', 'TURPAY'),
('030611', '03', '0306', 'VILCABAMBA'),
('030612', '03', '0306', 'VIRUNDO'),
('030613', '03', '0306', 'SANTA ROSA'),
('030614', '03', '0306', 'CURASCO'),
('030701', '03', '0307', 'CHINCHEROS'),
('030702', '03', '0307', 'ONGOY'),
('030703', '03', '0307', 'OCOBAMBA'),
('030704', '03', '0307', 'COCHARCAS'),
('030705', '03', '0307', 'ANCO HUALLO'),
('030706', '03', '0307', 'HUACCANA'),
('030707', '03', '0307', 'URANMARCA'),
('030708', '03', '0307', 'RANRACANCHA'),
('040101', '04', '0401', 'AREQUIPA'),
('040102', '04', '0401', 'CAYMA'),
('040103', '04', '0401', 'CERRO COLORADO'),
('040104', '04', '0401', 'CHARACATO'),
('040105', '04', '0401', 'CHIGUATA'),
('040106', '04', '0401', 'LA JOYA'),
('040107', '04', '0401', 'MIRAFLORES'),
('040108', '04', '0401', 'MOLLEBAYA'),
('040109', '04', '0401', 'PAUCARPATA'),
('040110', '04', '0401', 'POCSI'),
('040111', '04', '0401', 'POLOBAYA'),
('040112', '04', '0401', 'QUEQUENA'),
('040113', '04', '0401', 'SABANDIA'),
('040114', '04', '0401', 'SACHACA'),
('040115', '04', '0401', 'SAN JUAN DE SIGUAS'),
('040116', '04', '0401', 'SAN JUAN DE TARUCANI'),
('040117', '04', '0401', 'SANTA ISABEL DE SIGUAS'),
('040118', '04', '0401', 'STA RITA DE SIGUAS'),
('040119', '04', '0401', 'SOCABAYA'),
('040120', '04', '0401', 'TIABAYA'),
('040121', '04', '0401', 'UCHUMAYO'),
('040122', '04', '0401', 'VITOR'),
('040123', '04', '0401', 'YANAHUARA'),
('040124', '04', '0401', 'YARABAMBA'),
('040125', '04', '0401', 'YURA'),
('040126', '04', '0401', 'MARIANO MELGAR'),
('040127', '04', '0401', 'JACOBO HUNTER'),
('040128', '04', '0401', 'ALTO SELVA ALEGRE'),
('040129', '04', '0401', 'JOSE LUIS BUSTAMANTE Y RIVERO'),
('040201', '04', '0402', 'CHIVAY'),
('040202', '04', '0402', 'ACHOMA'),
('040203', '04', '0402', 'CABANACONDE'),
('040204', '04', '0402', 'CAYLLOMA'),
('040205', '04', '0402', 'CALLALLI'),
('040206', '04', '0402', 'COPORAQUE'),
('040207', '04', '0402', 'HUAMBO'),
('040208', '04', '0402', 'HUANCA'),
('040209', '04', '0402', 'ICHUPAMPA'),
('040210', '04', '0402', 'LARI'),
('040211', '04', '0402', 'LLUTA'),
('040212', '04', '0402', 'MACA'),
('040213', '04', '0402', 'MADRIGAL'),
('040214', '04', '0402', 'SAN ANTONIO DE CHUCA'),
('040215', '04', '0402', 'SIBAYO'),
('040216', '04', '0402', 'TAPAY'),
('040217', '04', '0402', 'TISCO'),
('040218', '04', '0402', 'TUTI'),
('040219', '04', '0402', 'YANQUE'),
('040220', '04', '0402', 'MAJES'),
('040301', '04', '0403', 'CAMANA'),
('040302', '04', '0403', 'JOSE MARIA QUIMPER'),
('040303', '04', '0403', 'MARIANO N VALCARCEL'),
('040304', '04', '0403', 'MARISCAL CACERES'),
('040305', '04', '0403', 'NICOLAS DE PIEROLA'),
('040306', '04', '0403', 'OCONA'),
('040307', '04', '0403', 'QUILCA'),
('040308', '04', '0403', 'SAMUEL PASTOR'),
('040401', '04', '0404', 'CARAVELI'),
('040402', '04', '0404', 'ACARI'),
('040403', '04', '0404', 'ATICO'),
('040404', '04', '0404', 'ATIQUIPA'),
('040405', '04', '0404', 'BELLA UNION'),
('040406', '04', '0404', 'CAHUACHO'),
('040407', '04', '0404', 'CHALA'),
('040408', '04', '0404', 'CHAPARRA'),
('040409', '04', '0404', 'HUANUHUANU'),
('040410', '04', '0404', 'JAQUI'),
('040411', '04', '0404', 'LOMAS'),
('040412', '04', '0404', 'QUICACHA'),
('040413', '04', '0404', 'YAUCA'),
('040501', '04', '0405', 'APLAO'),
('040502', '04', '0405', 'ANDAGUA'),
('040503', '04', '0405', 'AYO'),
('040504', '04', '0405', 'CHACHAS'),
('040505', '04', '0405', 'CHILCAYMARCA'),
('040506', '04', '0405', 'CHOCO'),
('040507', '04', '0405', 'HUANCARQUI'),
('040508', '04', '0405', 'MACHAGUAY'),
('040509', '04', '0405', 'ORCOPAMPA'),
('040510', '04', '0405', 'PAMPACOLCA'),
('040511', '04', '0405', 'TIPAN'),
('040512', '04', '0405', 'URACA'),
('040513', '04', '0405', 'UNON'),
('040514', '04', '0405', 'VIRACO'),
('040601', '04', '0406', 'CHUQUIBAMBA'),
('040602', '04', '0406', 'ANDARAY'),
('040603', '04', '0406', 'CAYARANI'),
('040604', '04', '0406', 'CHICHAS'),
('040605', '04', '0406', 'IRAY'),
('040606', '04', '0406', 'SALAMANCA'),
('040607', '04', '0406', 'YANAQUIHUA'),
('040608', '04', '0406', 'RIO GRANDE'),
('040701', '04', '0407', 'MOLLENDO'),
('040702', '04', '0407', 'COCACHACRA'),
('040703', '04', '0407', 'DEAN VALDIVIA'),
('040704', '04', '0407', 'ISLAY'),
('040705', '04', '0407', 'MEJIA'),
('040706', '04', '0407', 'PUNTA DE BOMBON'),
('040801', '04', '0408', 'COTAHUASI'),
('040802', '04', '0408', 'ALCA'),
('040803', '04', '0408', 'CHARCANA'),
('040804', '04', '0408', 'HUAYNACOTAS'),
('040805', '04', '0408', 'PAMPAMARCA'),
('040806', '04', '0408', 'PUYCA'),
('040807', '04', '0408', 'QUECHUALLA'),
('040808', '04', '0408', 'SAYLA'),
('040809', '04', '0408', 'TAURIA'),
('040810', '04', '0408', 'TOMEPAMPA'),
('040811', '04', '0408', 'TORO'),
('050101', '05', '0501', 'AYACUCHO'),
('050102', '05', '0501', 'ACOS VINCHOS'),
('050103', '05', '0501', 'CARMEN ALTO'),
('050104', '05', '0501', 'CHIARA'),
('050105', '05', '0501', 'QUINUA'),
('050106', '05', '0501', 'SAN JOSE DE TICLLAS'),
('050107', '05', '0501', 'SAN JUAN BAUTISTA'),
('050108', '05', '0501', 'SANTIAGO DE PISCHA'),
('050109', '05', '0501', 'VINCHOS'),
('050110', '05', '0501', 'TAMBILLO'),
('050111', '05', '0501', 'ACOCRO'),
('050112', '05', '0501', 'SOCOS'),
('050113', '05', '0501', 'OCROS'),
('050114', '05', '0501', 'PACAYCASA'),
('050115', '05', '0501', 'JESUS NAZARENO'),
('050201', '05', '0502', 'CANGALLO'),
('050204', '05', '0502', 'CHUSCHI'),
('050206', '05', '0502', 'LOS MOROCHUCOS'),
('050207', '05', '0502', 'PARAS'),
('050208', '05', '0502', 'TOTOS'),
('050211', '05', '0502', 'MARIA PARADO DE BELLIDO'),
('050301', '05', '0503', 'HUANTA'),
('050302', '05', '0503', 'AYAHUANCO'),
('050303', '05', '0503', 'HUAMANGUILLA'),
('050304', '05', '0503', 'IGUAIN'),
('050305', '05', '0503', 'LURICOCHA'),
('050307', '05', '0503', 'SANTILLANA'),
('050308', '05', '0503', 'SIVIA'),
('050309', '05', '0503', 'LLOCHEGUA'),
('050401', '05', '0504', 'SAN MIGUEL'),
('050402', '05', '0504', 'ANCO'),
('050403', '05', '0504', 'AYNA'),
('050404', '05', '0504', 'CHILCAS'),
('050405', '05', '0504', 'CHUNGUI'),
('050406', '05', '0504', 'TAMBO'),
('050407', '05', '0504', 'LUIS CARRANZA'),
('050408', '05', '0504', 'SANTA ROSA'),
('050501', '05', '0505', 'PUQUIO'),
('050502', '05', '0505', 'AUCARA'),
('050503', '05', '0505', 'CABANA'),
('050504', '05', '0505', 'CARMEN SALCEDO'),
('050506', '05', '0505', 'CHAVINA'),
('050508', '05', '0505', 'CHIPAO'),
('050510', '05', '0505', 'HUAC-HUAS'),
('050511', '05', '0505', 'LARAMATE'),
('050512', '05', '0505', 'LEONCIO PRADO'),
('050513', '05', '0505', 'LUCANAS'),
('050514', '05', '0505', 'LLAUTA'),
('050516', '05', '0505', 'OCANA'),
('050517', '05', '0505', 'OTOCA'),
('050520', '05', '0505', 'SANCOS'),
('050521', '05', '0505', 'SAN JUAN'),
('050522', '05', '0505', 'SAN PEDRO'),
('050524', '05', '0505', 'STA ANA DE HUAYCAHUACHO'),
('050525', '05', '0505', 'SANTA LUCIA'),
('050529', '05', '0505', 'SAISA'),
('050531', '05', '0505', 'SAN PEDRO DE PALCO'),
('050532', '05', '0505', 'SAN CRISTOBAL'),
('050601', '05', '0506', 'CORACORA'),
('050604', '05', '0506', 'CORONEL CASTANEDA'),
('050605', '05', '0506', 'CHUMPI'),
('050608', '05', '0506', 'PACAPAUSA'),
('050611', '05', '0506', 'PULLO'),
('050612', '05', '0506', 'PUYUSCA'),
('050615', '05', '0506', 'SAN FCO DE RAVACAYCO'),
('050616', '05', '0506', 'UPAHUACHO'),
('050701', '05', '0507', 'HUANCAPI'),
('050702', '05', '0507', 'ALCAMENCA'),
('050703', '05', '0507', 'APONGO'),
('050704', '05', '0507', 'CANARIA'),
('050706', '05', '0507', 'CAYARA'),
('050707', '05', '0507', 'COLCA'),
('050708', '05', '0507', 'HUAYA'),
('050709', '05', '0507', 'HUAMANQUIQUIA'),
('050710', '05', '0507', 'HUANCARAYLLA'),
('050713', '05', '0507', 'SARHUA'),
('050714', '05', '0507', 'VILCANCHOS'),
('050715', '05', '0507', 'ASQUIPATA'),
('050801', '05', '0508', 'SANCOS'),
('050802', '05', '0508', 'SACSAMARCA'),
('050803', '05', '0508', 'SANTIAGO DE LUCANAMARCA'),
('050804', '05', '0508', 'CARAPO'),
('050901', '05', '0509', 'VILCAS HUAMAN'),
('050902', '05', '0509', 'VISCHONGO'),
('050903', '05', '0509', 'ACCOMARCA'),
('050904', '05', '0509', 'CARHUANCA'),
('050905', '05', '0509', 'CONCEPCION'),
('050906', '05', '0509', 'HUAMBALPA'),
('050907', '05', '0509', 'SAURAMA'),
('050908', '05', '0509', 'INDEPENDENCIA'),
('051001', '05', '0510', 'PAUSA'),
('051002', '05', '0510', 'COLTA'),
('051003', '05', '0510', 'CORCULLA'),
('051004', '05', '0510', 'LAMPA'),
('051005', '05', '0510', 'MARCABAMBA'),
('051006', '05', '0510', 'OYOLO'),
('051007', '05', '0510', 'PARARCA'),
('051008', '05', '0510', 'SAN JAVIER DE ALPABAMBA'),
('051009', '05', '0510', 'SAN JOSE DE USHUA'),
('051010', '05', '0510', 'SARA SARA'),
('051101', '05', '0511', 'QUEROBAMBA'),
('051102', '05', '0511', 'BELEN'),
('051103', '05', '0511', 'CHALCOS'),
('051104', '05', '0511', 'SAN SALVADOR DE QUIJE'),
('051105', '05', '0511', 'PAICO'),
('051106', '05', '0511', 'SANTIAGO DE PAUCARAY'),
('051107', '05', '0511', 'SAN PEDRO DE LARCAY'),
('051108', '05', '0511', 'SORAS'),
('051109', '05', '0511', 'HUACANA'),
('051110', '05', '0511', 'CHILCAYOC'),
('051111', '05', '0511', 'MORCOLLA'),
('060101', '06', '0601', 'CAJAMARCA'),
('060102', '06', '0601', 'ASUNCION'),
('060103', '06', '0601', 'COSPAN'),
('060104', '06', '0601', 'CHETILLA'),
('060105', '06', '0601', 'ENCANADA'),
('060106', '06', '0601', 'JESUS'),
('060107', '06', '0601', 'LOS BANOS DEL INCA'),
('060108', '06', '0601', 'LLACANORA'),
('060109', '06', '0601', 'MAGDALENA'),
('060110', '06', '0601', 'MATARA'),
('060111', '06', '0601', 'NAMORA'),
('060112', '06', '0601', 'SAN JUAN'),
('060201', '06', '0602', 'CAJABAMBA'),
('060202', '06', '0602', 'CACHACHI'),
('060203', '06', '0602', 'CONDEBAMBA'),
('060205', '06', '0602', 'SITACOCHA'),
('060301', '06', '0603', 'CELENDIN'),
('060302', '06', '0603', 'CORTEGANA'),
('060303', '06', '0603', 'CHUMUCH'),
('060304', '06', '0603', 'HUASMIN'),
('060305', '06', '0603', 'JORGE CHAVEZ'),
('060306', '06', '0603', 'JOSE GALVEZ'),
('060307', '06', '0603', 'MIGUEL IGLESIAS'),
('060308', '06', '0603', 'OXAMARCA'),
('060309', '06', '0603', 'SOROCHUCO'),
('060310', '06', '0603', 'SUCRE'),
('060311', '06', '0603', 'UTCO'),
('060312', '06', '0603', 'LA LIBERTAD DE PALLAN'),
('060401', '06', '0604', 'CONTUMAZA'),
('060403', '06', '0604', 'CHILETE'),
('060404', '06', '0604', 'GUZMANGO'),
('060405', '06', '0604', 'SAN BENITO'),
('060406', '06', '0604', 'CUPISNIQUE'),
('060407', '06', '0604', 'TANTARICA'),
('060408', '06', '0604', 'YONAN'),
('060409', '06', '0604', 'STA CRUZ DE TOLEDO'),
('060501', '06', '0605', 'CUTERVO'),
('060502', '06', '0605', 'CALLAYUC'),
('060503', '06', '0605', 'CUJILLO'),
('060504', '06', '0605', 'CHOROS'),
('060505', '06', '0605', 'LA RAMADA'),
('060506', '06', '0605', 'PIMPINGOS'),
('060507', '06', '0605', 'QUEROCOTILLO'),
('060508', '06', '0605', 'SAN ANDRES DE CUTERVO'),
('060509', '06', '0605', 'SAN JUAN DE CUTERVO'),
('060510', '06', '0605', 'SAN LUIS DE LUCMA'),
('060511', '06', '0605', 'SANTA CRUZ'),
('060512', '06', '0605', 'SANTO DOMINGO DE LA CAPILLA'),
('060513', '06', '0605', 'SANTO TOMAS'),
('060514', '06', '0605', 'SOCOTA'),
('060515', '06', '0605', 'TORIBIO CASANOVA'),
('060601', '06', '0606', 'CHOTA'),
('060602', '06', '0606', 'ANGUIA'),
('060603', '06', '0606', 'COCHABAMBA'),
('060604', '06', '0606', 'CONCHAN'),
('060605', '06', '0606', 'CHADIN'),
('060606', '06', '0606', 'CHIGUIRIP'),
('060607', '06', '0606', 'CHIMBAN'),
('060608', '06', '0606', 'HUAMBOS'),
('060609', '06', '0606', 'LAJAS'),
('060610', '06', '0606', 'LLAMA'),
('060611', '06', '0606', 'MIRACOSTA'),
('060612', '06', '0606', 'PACCHA'),
('060613', '06', '0606', 'PION'),
('060614', '06', '0606', 'QUEROCOTO'),
('060615', '06', '0606', 'TACABAMBA'),
('060616', '06', '0606', 'TOCMOCHE'),
('060617', '06', '0606', 'SAN JUAN DE LICUPIS'),
('060618', '06', '0606', 'CHOROPAMPA'),
('060619', '06', '0606', 'CHALAMARCA'),
('060701', '06', '0607', 'BAMBAMARCA'),
('060702', '06', '0607', 'CHUGUR'),
('060703', '06', '0607', 'HUALGAYOC'),
('060801', '06', '0608', 'JAEN'),
('060802', '06', '0608', 'BELLAVISTA'),
('060803', '06', '0608', 'COLASAY'),
('060804', '06', '0608', 'CHONTALI'),
('060805', '06', '0608', 'POMAHUACA'),
('060806', '06', '0608', 'PUCARA'),
('060807', '06', '0608', 'SALLIQUE'),
('060808', '06', '0608', 'SAN FELIPE'),
('060809', '06', '0608', 'SAN JOSE DEL ALTO'),
('060810', '06', '0608', 'SANTA ROSA'),
('060811', '06', '0608', 'LAS PIRIAS'),
('060812', '06', '0608', 'HUABAL'),
('060901', '06', '0609', 'SANTA CRUZ'),
('060902', '06', '0609', 'CATACHE'),
('060903', '06', '0609', 'CHANCAIBANOS'),
('060904', '06', '0609', 'LA ESPERANZA'),
('060905', '06', '0609', 'NINABAMBA'),
('060906', '06', '0609', 'PULAN'),
('060907', '06', '0609', 'SEXI'),
('060908', '06', '0609', 'UTICYACU'),
('060909', '06', '0609', 'YAUYUCAN'),
('060910', '06', '0609', 'ANDABAMBA'),
('060911', '06', '0609', 'SAUCEPAMPA'),
('061001', '06', '0610', 'SAN MIGUEL'),
('061002', '06', '0610', 'CALQUIS'),
('061003', '06', '0610', 'LA FLORIDA'),
('061004', '06', '0610', 'LLAPA'),
('061005', '06', '0610', 'NANCHOC'),
('061006', '06', '0610', 'NIEPOS'),
('061007', '06', '0610', 'SAN GREGORIO'),
('061008', '06', '0610', 'SAN SILVESTRE DE COCHAN'),
('061009', '06', '0610', 'EL PRADO'),
('061010', '06', '0610', 'UNION AGUA BLANCA'),
('061011', '06', '0610', 'TONGOD'),
('061012', '06', '0610', 'CATILLUC'),
('061013', '06', '0610', 'BOLIVAR'),
('061101', '06', '0611', 'SAN IGNACIO'),
('061102', '06', '0611', 'CHIRINOS'),
('061103', '06', '0611', 'HUARANGO'),
('061104', '06', '0611', 'NAMBALLE'),
('061105', '06', '0611', 'LA COIPA'),
('061106', '06', '0611', 'SAN JOSE DE LOURDES'),
('061107', '06', '0611', 'TABACONAS'),
('061201', '06', '0612', 'PEDRO GALVEZ'),
('061202', '06', '0612', 'ICHOCAN'),
('061203', '06', '0612', 'GREGORIO PITA'),
('061204', '06', '0612', 'JOSE MANUEL QUIROZ'),
('061205', '06', '0612', 'EDUARDO VILLANUEVA'),
('061206', '06', '0612', 'JOSE SABOGAL'),
('061207', '06', '0612', 'CHANCAY'),
('061301', '06', '0613', 'SAN PABLO'),
('061302', '06', '0613', 'SAN BERNARDINO'),
('061303', '06', '0613', 'SAN LUIS'),
('061304', '06', '0613', 'TUMBADEN'),
('070101', '07', '0701', 'CUSCO'),
('070102', '07', '0701', 'CCORCA'),
('070103', '07', '0701', 'POROY'),
('070104', '07', '0701', 'SAN JERONIMO'),
('070105', '07', '0701', 'SAN SEBASTIAN'),
('070106', '07', '0701', 'SANTIAGO'),
('070107', '07', '0701', 'SAYLLA'),
('070108', '07', '0701', 'WANCHAQ'),
('070201', '07', '0702', 'ACOMAYO'),
('070202', '07', '0702', 'ACOPIA'),
('070203', '07', '0702', 'ACOS'),
('070204', '07', '0702', 'POMACANCHI'),
('070205', '07', '0702', 'RONDOCAN'),
('070206', '07', '0702', 'SANGARARA'),
('070207', '07', '0702', 'MOSOC LLACTA'),
('070301', '07', '0703', 'ANTA'),
('070302', '07', '0703', 'CHINCHAYPUJIO'),
('070303', '07', '0703', 'HUAROCONDO'),
('070304', '07', '0703', 'LIMATAMBO'),
('070305', '07', '0703', 'MOLLEPATA'),
('070306', '07', '0703', 'PUCYURA'),
('070307', '07', '0703', 'ZURITE'),
('070308', '07', '0703', 'CACHIMAYO'),
('070309', '07', '0703', 'ANCAHUASI'),
('070401', '07', '0704', 'CALCA'),
('070402', '07', '0704', 'COYA'),
('070403', '07', '0704', 'LAMAY'),
('070404', '07', '0704', 'LARES'),
('070405', '07', '0704', 'PISAC'),
('070406', '07', '0704', 'SAN SALVADOR'),
('070407', '07', '0704', 'TARAY'),
('070408', '07', '0704', 'YANATILE'),
('070501', '07', '0705', 'YANAOCA'),
('070502', '07', '0705', 'CHECCA'),
('070503', '07', '0705', 'KUNTURKANKI'),
('070504', '07', '0705', 'LANGUI'),
('070505', '07', '0705', 'LAYO'),
('070506', '07', '0705', 'PAMPAMARCA'),
('070507', '07', '0705', 'QUEHUE'),
('070508', '07', '0705', 'TUPAC AMARU'),
('070601', '07', '0706', 'SICUANI'),
('070602', '07', '0706', 'COMBAPATA'),
('070603', '07', '0706', 'CHECACUPE'),
('070604', '07', '0706', 'MARANGANI'),
('070605', '07', '0706', 'PITUMARCA'),
('070606', '07', '0706', 'SAN PABLO'),
('070607', '07', '0706', 'SAN PEDRO'),
('070608', '07', '0706', 'TINTA'),
('070701', '07', '0707', 'SANTO TOMAS'),
('070702', '07', '0707', 'CAPACMARCA'),
('070703', '07', '0707', 'COLQUEMARCA'),
('070704', '07', '0707', 'CHAMACA'),
('070705', '07', '0707', 'LIVITACA'),
('070706', '07', '0707', 'LLUSCO'),
('070707', '07', '0707', 'QUINOTA'),
('070708', '07', '0707', 'VELILLE'),
('070801', '07', '0708', 'ESPINAR'),
('070802', '07', '0708', 'CONDOROMA'),
('070803', '07', '0708', 'COPORAQUE'),
('070804', '07', '0708', 'OCORURO'),
('070805', '07', '0708', 'PALLPATA'),
('070806', '07', '0708', 'PICHIGUA'),
('070807', '07', '0708', 'SUYKUTAMBO'),
('070808', '07', '0708', 'ALTO PICHIGUA'),
('070901', '07', '0709', 'SANTA ANA'),
('070902', '07', '0709', 'ECHARATE'),
('070903', '07', '0709', 'HUAYOPATA'),
('070904', '07', '0709', 'MARANURA'),
('070905', '07', '0709', 'OCOBAMBA'),
('070906', '07', '0709', 'SANTA TERESA'),
('070907', '07', '0709', 'VILCABAMBA'),
('070908', '07', '0709', 'QUELLOUNO'),
('070909', '07', '0709', 'KIMBIRI'),
('070910', '07', '0709', 'PICHARI'),
('071001', '07', '0710', 'PARURO'),
('071002', '07', '0710', 'ACCHA'),
('071003', '07', '0710', 'CCAPI'),
('071004', '07', '0710', 'COLCHA'),
('071005', '07', '0710', 'HUANOQUITE'),
('071006', '07', '0710', 'OMACHA'),
('071007', '07', '0710', 'YAURISQUE'),
('071008', '07', '0710', 'PACCARITAMBO'),
('071009', '07', '0710', 'PILLPINTO'),
('071101', '07', '0711', 'PAUCARTAMBO'),
('071102', '07', '0711', 'CAICAY'),
('071103', '07', '0711', 'COLQUEPATA'),
('071104', '07', '0711', 'CHALLABAMBA'),
('071105', '07', '0711', 'COSNIPATA'),
('071106', '07', '0711', 'HUANCARANI'),
('071201', '07', '0712', 'URCOS'),
('071202', '07', '0712', 'ANDAHUAYLILLAS'),
('071203', '07', '0712', 'CAMANTI'),
('071204', '07', '0712', 'CCARHUAYO'),
('071205', '07', '0712', 'CCATCA'),
('071206', '07', '0712', 'CUSIPATA'),
('071207', '07', '0712', 'HUARO'),
('071208', '07', '0712', 'LUCRE'),
('071209', '07', '0712', 'MARCAPATA'),
('071210', '07', '0712', 'OCONGATE'),
('071211', '07', '0712', 'OROPESA'),
('071212', '07', '0712', 'QUIQUIJANA'),
('071301', '07', '0713', 'URUBAMBA'),
('071302', '07', '0713', 'CHINCHERO'),
('071303', '07', '0713', 'HUAYLLABAMBA'),
('071304', '07', '0713', 'MACHUPICCHU'),
('071305', '07', '0713', 'MARAS'),
('071306', '07', '0713', 'OLLANTAYTAMBO'),
('071307', '07', '0713', 'YUCAY'),
('080101', '18', '1801', 'HUANCAVELICA'),
('080102', '18', '1801', 'ACOBAMBILLA'),
('080103', '18', '1801', 'ACORIA'),
('080104', '18', '1801', 'CONAYCA'),
('080105', '18', '1801', 'CUENCA'),
('080106', '18', '1801', 'HUACHOCOLPA'),
('080108', '18', '1801', 'HUAYLLAHUARA'),
('080109', '18', '1801', 'IZCUCHACA'),
('080110', '18', '1801', 'LARIA'),
('080111', '18', '1801', 'MANTA'),
('080112', '18', '1801', 'MARISCAL CACERES'),
('080113', '18', '1801', 'MOYA'),
('080114', '18', '1801', 'NUEVO OCCORO'),
('080115', '18', '1801', 'PALCA'),
('080116', '18', '1801', 'PILCHACA'),
('080117', '18', '1801', 'VILCA'),
('080118', '18', '1801', 'YAULI'),
('080119', '18', '1801', 'ASCENCION'),
('080120', '18', '1801', 'HUANDO'),
('080201', '18', '1802', 'ACOBAMBA'),
('080202', '18', '1802', 'ANTA'),
('080203', '18', '1802', 'ANDABAMBA'),
('080204', '18', '1802', 'CAJA'),
('080205', '18', '1802', 'MARCAS'),
('080206', '18', '1802', 'PAUCARA'),
('080207', '18', '1802', 'POMACOCHA'),
('080208', '18', '1802', 'ROSARIO'),
('080301', '08', '0803', 'LIRCAY'),
('080302', '08', '0803', 'ANCHONGA'),
('080303', '08', '0803', 'CALLANMARCA'),
('080304', '08', '0803', 'CONGALLA'),
('080305', '08', '0803', 'CHINCHO'),
('080306', '08', '0803', 'HUAYLLAY GRANDE'),
('080307', '08', '0803', 'HUANCA HUANCA'),
('080308', '08', '0803', 'JULCAMARCA'),
('080309', '08', '0803', 'SAN ANTONIO DE ANTAPARCO'),
('080310', '08', '0803', 'STO TOMAS DE PATA'),
('080311', '08', '0803', 'SECCLLA'),
('080312', '08', '0803', 'CCOCHACCASA'),
('080401', '08', '0804', 'CASTROVIRREYNA'),
('080402', '08', '0804', 'ARMA'),
('080403', '08', '0804', 'AURAHUA'),
('080405', '08', '0804', 'CAPILLAS'),
('080406', '08', '0804', 'COCAS'),
('080408', '08', '0804', 'CHUPAMARCA'),
('080409', '08', '0804', 'HUACHOS'),
('080410', '08', '0804', 'HUAMATAMBO'),
('080414', '08', '0804', 'MOLLEPAMPA'),
('080422', '08', '0804', 'SAN JUAN'),
('080427', '08', '0804', 'TANTARA'),
('080428', '08', '0804', 'TICRAPO'),
('080429', '08', '0804', 'SANTA ANA'),
('080501', '08', '0805', 'PAMPAS'),
('080502', '08', '0805', 'ACOSTAMBO'),
('080503', '08', '0805', 'ACRAQUIA'),
('080504', '08', '0805', 'AHUAYCHA'),
('080506', '08', '0805', 'COLCABAMBA'),
('080509', '08', '0805', 'DANIEL HERNANDEZ'),
('080511', '08', '0805', 'HUACHOCOLPA'),
('080512', '08', '0805', 'HUARIBAMBA'),
('080515', '08', '0805', 'NAHUIMPUQUIO'),
('080517', '08', '0805', 'PAZOS'),
('080518', '08', '0805', 'QUISHUAR'),
('080519', '08', '0805', 'SALCABAMBA'),
('080520', '08', '0805', 'SAN MARCOS DE ROCCHAC'),
('080523', '08', '0805', 'SURCUBAMBA'),
('080525', '08', '0805', 'TINTAY PUNCU'),
('080526', '08', '0805', 'SALCAHUASI'),
('080601', '08', '0806', 'AYAVI'),
('080602', '08', '0806', 'CORDOVA'),
('080603', '08', '0806', 'HUAYACUNDO ARMA'),
('080604', '08', '0806', 'HUAYTARA'),
('080605', '08', '0806', 'LARAMARCA'),
('080606', '08', '0806', 'OCOYO'),
('080607', '08', '0806', 'PILPICHACA'),
('080608', '08', '0806', 'QUERCO'),
('080609', '08', '0806', 'QUITO ARMA'),
('080610', '08', '0806', 'SAN ANTONIO DE CUSICANCHA'),
('080611', '08', '0806', 'SAN FRANCISCO DE SANGAYAICO'),
('080612', '08', '0806', 'SAN ISIDRO'),
('080613', '08', '0806', 'SANTIAGO DE CHOCORVOS'),
('080614', '08', '0806', 'SANTIAGO DE QUIRAHUARA'),
('080615', '08', '0806', 'SANTO DOMINGO DE CAPILLA'),
('080616', '08', '0806', 'TAMBO'),
('080701', '08', '0807', 'CHURCAMPA'),
('080702', '08', '0807', 'ANCO'),
('080703', '08', '0807', 'CHINCHIHUASI'),
('080704', '08', '0807', 'EL CARMEN'),
('080705', '08', '0807', 'LA MERCED'),
('080706', '08', '0807', 'LOCROJA'),
('080707', '08', '0807', 'PAUCARBAMBA'),
('080708', '08', '0807', 'SAN MIGUEL DE MAYOC'),
('080709', '08', '0807', 'SAN PEDRO DE CORIS'),
('080710', '08', '0807', 'PACHAMARCA'),
('090101', '09', '0901', 'HUANUCO'),
('090102', '09', '0901', 'CHINCHAO'),
('090103', '09', '0901', 'CHURUBAMBA'),
('090104', '09', '0901', 'MARGOS'),
('090105', '09', '0901', 'QUISQUI'),
('090106', '09', '0901', 'SAN FCO DE CAYRAN'),
('090107', '09', '0901', 'SAN PEDRO DE CHAULAN'),
('090108', '09', '0901', 'STA MARIA DEL VALLE'),
('090109', '09', '0901', 'YARUMAYO'),
('090110', '09', '0901', 'AMARILIS'),
('090111', '09', '0901', 'PILLCO MARCA'),
('090201', '09', '0902', 'AMBO'),
('090202', '09', '0902', 'CAYNA'),
('090203', '09', '0902', 'COLPAS'),
('090204', '09', '0902', 'CONCHAMARCA'),
('090205', '09', '0902', 'HUACAR'),
('090206', '09', '0902', 'SAN FRANCISCO'),
('090207', '09', '0902', 'SAN RAFAEL'),
('090208', '09', '0902', 'TOMAY KICHWA'),
('090301', '09', '0903', 'LA UNION'),
('090307', '09', '0903', 'CHUQUIS'),
('090312', '09', '0903', 'MARIAS'),
('090314', '09', '0903', 'PACHAS'),
('090316', '09', '0903', 'QUIVILLA'),
('090317', '09', '0903', 'RIPAN'),
('090321', '09', '0903', 'SHUNQUI'),
('090322', '09', '0903', 'SILLAPATA'),
('090323', '09', '0903', 'YANAS'),
('090401', '09', '0904', 'LLATA'),
('090402', '09', '0904', 'ARANCAY'),
('090403', '09', '0904', 'CHAVIN DE PARIARCA'),
('090404', '09', '0904', 'JACAS GRANDE'),
('090405', '09', '0904', 'JIRCAN'),
('090406', '09', '0904', 'MIRAFLORES'),
('090407', '09', '0904', 'MONZON'),
('090408', '09', '0904', 'PUNCHAO'),
('090409', '09', '0904', 'PUNOS'),
('090410', '09', '0904', 'SINGA'),
('090411', '09', '0904', 'TANTAMAYO'),
('090501', '09', '0905', 'HUACRACHUCO'),
('090502', '09', '0905', 'CHOLON'),
('090505', '09', '0905', 'SAN BUENAVENTURA'),
('090601', '09', '0906', 'RUPA RUPA'),
('090602', '09', '0906', 'DANIEL ALOMIA ROBLES'),
('090603', '09', '0906', 'HERMILIO VALDIZAN'),
('090604', '09', '0906', 'LUYANDO'),
('090605', '09', '0906', 'MARIANO DAMASO BERAUN'),
('090606', '09', '0906', 'JOSE CRESPO Y CASTILLO'),
('090701', '09', '0907', 'PANAO'),
('090702', '09', '0907', 'CHAGLLA'),
('090704', '09', '0907', 'MOLINO'),
('090706', '09', '0907', 'UMARI'),
('090801', '09', '0908', 'HONORIA'),
('090802', '09', '0908', 'PUERTO INCA'),
('090803', '09', '0908', 'CODO DEL POZUZO'),
('090804', '09', '0908', 'TOURNAVISTA'),
('090805', '09', '0908', 'YUYAPICHIS'),
('090901', '09', '0909', 'HUACAYBAMBA'),
('090902', '09', '0909', 'PINRA'),
('090903', '09', '0909', 'CANCHABAMBA'),
('090904', '09', '0909', 'COCHABAMBA'),
('091001', '09', '0910', 'JESUS'),
('091002', '09', '0910', 'BANOS'),
('091003', '09', '0910', 'SAN FRANCISCO DE ASIS'),
('091004', '09', '0910', 'QUEROPALCA'),
('091005', '09', '0910', 'SAN MIGUEL DE CAURI'),
('091006', '09', '0910', 'RONDOS'),
('091007', '09', '0910', 'JIVIA'),
('091101', '09', '0911', 'CHAVINILLO'),
('091102', '09', '0911', 'APARICIO POMARES (CHUPAN)'),
('091103', '09', '0911', 'CAHUAC'),
('091104', '09', '0911', 'CHACABAMBA'),
('091105', '09', '0911', 'JACAS CHICO'),
('091106', '09', '0911', 'OBAS'),
('091107', '09', '0911', 'PAMPAMARCA'),
('091108', '09', '0911', 'CHORAS                   '),
('100101', '10', '1001', 'ICA'),
('100102', '10', '1001', 'LA TINGUINA'),
('100103', '10', '1001', 'LOS AQUIJES'),
('100104', '10', '1001', 'PARCONA'),
('100105', '10', '1001', 'PUEBLO NUEVO'),
('100106', '10', '1001', 'SALAS'),
('100107', '10', '1001', 'SAN JOSE DE LOS MOLINOS'),
('100108', '10', '1001', 'SAN JUAN BAUTISTA'),
('100109', '10', '1001', 'SANTIAGO'),
('100110', '10', '1001', 'SUBTANJALLA'),
('100111', '10', '1001', 'YAUCA DEL ROSARIO'),
('100112', '10', '1001', 'TATE'),
('100113', '10', '1001', 'PACHACUTEC'),
('100114', '10', '1001', 'OCUCAJE'),
('100201', '10', '1002', 'CHINCHA ALTA'),
('100202', '10', '1002', 'CHAVIN'),
('100203', '10', '1002', 'CHINCHA BAJA'),
('100204', '10', '1002', 'EL CARMEN'),
('100205', '10', '1002', 'GROCIO PRADO'),
('100206', '10', '1002', 'SAN PEDRO DE HUACARPANA'),
('100207', '10', '1002', 'SUNAMPE'),
('100208', '10', '1002', 'TAMBO DE MORA'),
('100209', '10', '1002', 'ALTO LARAN'),
('100210', '10', '1002', 'PUEBLO NUEVO'),
('100211', '10', '1002', 'SAN JUAN DE YANAC'),
('100301', '10', '1003', 'NAZCA'),
('100302', '10', '1003', 'CHANGUILLO'),
('100303', '10', '1003', 'EL INGENIO'),
('100304', '10', '1003', 'MARCONA'),
('100305', '10', '1003', 'VISTA ALEGRE'),
('100401', '10', '1004', 'PISCO'),
('100402', '10', '1004', 'HUANCANO'),
('100403', '10', '1004', 'HUMAY'),
('100404', '10', '1004', 'INDEPENDENCIA'),
('100405', '10', '1004', 'PARACAS'),
('100406', '10', '1004', 'SAN ANDRES'),
('100407', '10', '1004', 'SAN CLEMENTE'),
('100408', '10', '1004', 'TUPAC AMARU INCA'),
('100501', '10', '1005', 'PALPA'),
('100502', '10', '1005', 'LLIPATA'),
('100503', '10', '1005', 'RIO GRANDE'),
('100504', '10', '1005', 'SANTA CRUZ'),
('100505', '10', '1005', 'TIBILLO'),
('110101', '11', '1101', 'HUANCAYO'),
('110103', '11', '1101', 'CARHUACALLANGA'),
('110104', '11', '1101', 'COLCA'),
('110105', '11', '1101', 'CULLHUAS'),
('110106', '11', '1101', 'CHACAPAMPA'),
('110107', '11', '1101', 'CHICCHE'),
('110108', '11', '1101', 'CHILCA'),
('110109', '11', '1101', 'CHONGOS ALTO'),
('110112', '11', '1101', 'CHUPURO'),
('110113', '11', '1101', 'EL TAMBO'),
('110114', '11', '1101', 'HUACRAPUQUIO'),
('110116', '11', '1101', 'HUALHUAS'),
('110118', '11', '1101', 'HUANCAN'),
('110119', '11', '1101', 'HUASICANCHA'),
('110120', '11', '1101', 'HUAYUCACHI'),
('110121', '11', '1101', 'INGENIO'),
('110122', '11', '1101', 'PARIAHUANCA'),
('110123', '11', '1101', 'PILCOMAYO'),
('110124', '11', '1101', 'PUCARA'),
('110125', '11', '1101', 'QUICHUAY'),
('110126', '11', '1101', 'QUILCAS'),
('110127', '11', '1101', 'SAN AGUSTIN'),
('110128', '11', '1101', 'SAN JERONIMO DE TUNAN'),
('110131', '11', '1101', 'STO DOMINGO DE ACOBAMBA'),
('110132', '11', '1101', 'SANO'),
('110133', '11', '1101', 'SAPALLANGA'),
('110134', '11', '1101', 'SICAYA'),
('110136', '11', '1101', 'VIQUES'),
('110201', '11', '1102', 'CONCEPCION'),
('110202', '11', '1102', 'ACO'),
('110203', '11', '1102', 'ANDAMARCA'),
('110204', '11', '1102', 'COMAS'),
('110205', '11', '1102', 'COCHAS'),
('110206', '11', '1102', 'CHAMBARA'),
('110207', '11', '1102', 'HEROINAS TOLEDO'),
('110208', '11', '1102', 'MANZANARES'),
('110209', '11', '1102', 'MCAL CASTILLA'),
('110210', '11', '1102', 'MATAHUASI'),
('110211', '11', '1102', 'MITO'),
('110212', '11', '1102', 'NUEVE DE JULIO'),
('110213', '11', '1102', 'ORCOTUNA'),
('110214', '11', '1102', 'STA ROSA DE OCOPA'),
('110215', '11', '1102', 'SAN JOSE DE QUERO'),
('110301', '11', '1103', 'JAUJA'),
('110302', '11', '1103', 'ACOLLA'),
('110303', '11', '1103', 'APATA'),
('110304', '11', '1103', 'ATAURA'),
('110305', '11', '1103', 'CANCHAILLO'),
('110306', '11', '1103', 'EL MANTARO'),
('110307', '11', '1103', 'HUAMALI'),
('110308', '11', '1103', 'HUARIPAMPA'),
('110309', '11', '1103', 'HUERTAS'),
('110310', '11', '1103', 'JANJAILLO'),
('110311', '11', '1103', 'JULCAN'),
('110312', '11', '1103', 'LEONOR ORDONEZ'),
('110313', '11', '1103', 'LLOCLLAPAMPA'),
('110314', '11', '1103', 'MARCO'),
('110315', '11', '1103', 'MASMA'),
('110316', '11', '1103', 'MOLINOS'),
('110317', '11', '1103', 'MONOBAMBA'),
('110318', '11', '1103', 'MUQUI'),
('110319', '11', '1103', 'MUQUIYAUYO'),
('110320', '11', '1103', 'PACA'),
('110321', '11', '1103', 'PACCHA'),
('110322', '11', '1103', 'PANCAN'),
('110323', '11', '1103', 'PARCO'),
('110324', '11', '1103', 'POMACANCHA'),
('110325', '11', '1103', 'RICRAN'),
('110326', '11', '1103', 'SAN LORENZO'),
('110327', '11', '1103', 'SAN PEDRO DE CHUNAN'),
('110328', '11', '1103', 'SINCOS'),
('110329', '11', '1103', 'TUNAN MARCA'),
('110330', '11', '1103', 'YAULI'),
('110331', '11', '1103', 'CURICACA'),
('110332', '11', '1103', 'MASMA CHICCHE'),
('110333', '11', '1103', 'SAUSA'),
('110334', '11', '1103', 'YAUYOS'),
('110401', '11', '1104', 'JUNIN'),
('110402', '11', '1104', 'CARHUAMAYO'),
('110403', '11', '1104', 'ONDORES'),
('110404', '11', '1104', 'ULCUMAYO'),
('110501', '11', '1105', 'TARMA'),
('110502', '11', '1105', 'ACOBAMBA'),
('110503', '11', '1105', 'HUARICOLCA'),
('110504', '11', '1105', 'HUASAHUASI'),
('110505', '11', '1105', 'LA UNION'),
('110506', '11', '1105', 'PALCA'),
('110507', '11', '1105', 'PALCAMAYO'),
('110508', '11', '1105', 'SAN PEDRO DE CAJAS'),
('110509', '11', '1105', 'TAPO'),
('110601', '11', '1106', 'LA OROYA'),
('110602', '11', '1106', 'CHACAPALPA'),
('110603', '11', '1106', 'HUAY HUAY'),
('110604', '11', '1106', 'MARCAPOMACOCHA'),
('110605', '11', '1106', 'MOROCOCHA'),
('110606', '11', '1106', 'PACCHA'),
('110607', '11', '1106', 'STA BARBARA DE CARHUACAYAN'),
('110608', '11', '1106', 'SUITUCANCHA'),
('110609', '11', '1106', 'YAULI'),
('110610', '11', '1106', 'STA ROSA DE SACCO'),
('110701', '11', '1107', 'SATIPO'),
('110702', '11', '1107', 'COVIRIALI'),
('110703', '11', '1107', 'LLAYLLA'),
('110704', '11', '1107', 'MAZAMARI'),
('110705', '11', '1107', 'PAMPA HERMOSA'),
('110706', '11', '1107', 'PANGOA'),
('110707', '11', '1107', 'RIO NEGRO'),
('110708', '11', '1107', 'RIO TAMBO'),
('110801', '11', '1108', 'CHANCHAMAYO'),
('110802', '11', '1108', 'SAN RAMON'),
('110803', '11', '1108', 'VITOC'),
('110804', '11', '1108', 'SAN LUIS DE SHUARO'),
('110805', '11', '1108', 'PICHANAQUI'),
('110806', '11', '1108', 'PERENE'),
('110901', '11', '1109', 'CHUPACA'),
('110902', '11', '1109', 'AHUAC'),
('110903', '11', '1109', 'CHONGOS BAJO'),
('110904', '11', '1109', 'HUACHAC'),
('110905', '11', '1109', 'HUAMANCACA CHICO'),
('110906', '11', '1109', 'SAN JUAN DE ISCOS'),
('110907', '11', '1109', 'SAN JUAN DE JARPA'),
('110908', '11', '1109', 'TRES DE DICIEMBRE'),
('110909', '11', '1109', 'YANACANCHA'),
('120101', '12', '1201', 'TRUJILLO'),
('120102', '12', '1201', 'HUANCHACO'),
('120103', '12', '1201', 'LAREDO'),
('120104', '12', '1201', 'MOCHE'),
('120105', '12', '1201', 'SALAVERRY'),
('120106', '12', '1201', 'SIMBAL'),
('120107', '12', '1201', 'VICTOR LARCO HERRERA'),
('120109', '12', '1201', 'POROTO'),
('120110', '12', '1201', 'EL PORVENIR'),
('120111', '12', '1201', 'LA ESPERANZA'),
('120112', '12', '1201', 'FLORENCIA DE MORA'),
('120201', '12', '1202', 'BOLIVAR'),
('120202', '12', '1202', 'BAMBAMARCA'),
('120203', '12', '1202', 'CONDORMARCA'),
('120204', '12', '1202', 'LONGOTEA'),
('120205', '12', '1202', 'UCUNCHA'),
('120206', '12', '1202', 'UCHUMARCA'),
('120301', '12', '1203', 'HUAMACHUCO'),
('120302', '12', '1203', 'COCHORCO'),
('120303', '12', '1203', 'CURGOS'),
('120304', '12', '1203', 'CHUGAY'),
('120305', '12', '1203', 'MARCABAL'),
('120306', '12', '1203', 'SANAGORAN'),
('120307', '12', '1203', 'SARIN'),
('120308', '12', '1203', 'SARTIMBAMBA'),
('120401', '12', '1204', 'OTUZCO'),
('120402', '12', '1204', 'AGALLPAMPA'),
('120403', '12', '1204', 'CHARAT'),
('120404', '12', '1204', 'HUARANCHAL'),
('120405', '12', '1204', 'LA CUESTA'),
('120408', '12', '1204', 'PARANDAY'),
('120409', '12', '1204', 'SALPO'),
('120410', '12', '1204', 'SINSICAP'),
('120411', '12', '1204', 'USQUIL'),
('120413', '12', '1204', 'MACHE'),
('120501', '12', '1205', 'SAN PEDRO DE LLOC'),
('120503', '12', '1205', 'GUADALUPE'),
('120504', '12', '1205', 'JEQUETEPEQUE'),
('120506', '12', '1205', 'PACASMAYO'),
('120508', '12', '1205', 'SAN JOSE'),
('120601', '12', '1206', 'TAYABAMBA'),
('120602', '12', '1206', 'BULDIBUYO'),
('120603', '12', '1206', 'CHILLIA'),
('120604', '12', '1206', 'HUAYLILLAS'),
('120605', '12', '1206', 'HUANCASPATA'),
('120606', '12', '1206', 'HUAYO'),
('120607', '12', '1206', 'ONGON'),
('120608', '12', '1206', 'PARCOY'),
('120609', '12', '1206', 'PATAZ'),
('120610', '12', '1206', 'PIAS'),
('120611', '12', '1206', 'TAURIJA'),
('120612', '12', '1206', 'URPAY'),
('120613', '12', '1206', 'SANTIAGO DE CHALLAS'),
('120701', '12', '1207', 'SANTIAGO DE CHUCO'),
('120702', '12', '1207', 'CACHICADAN'),
('120703', '12', '1207', 'MOLLEBAMBA'),
('120704', '12', '1207', 'MOLLEPATA'),
('120705', '12', '1207', 'QUIRUVILCA'),
('120706', '12', '1207', 'SANTA CRUZ DE CHUCA'),
('120707', '12', '1207', 'SITABAMBA'),
('120708', '12', '1207', 'ANGASMARCA'),
('120801', '12', '1208', 'ASCOPE'),
('120802', '12', '1208', 'CHICAMA'),
('120803', '12', '1208', 'CHOCOPE'),
('120804', '12', '1208', 'SANTIAGO DE CAO'),
('120805', '12', '1208', 'MAGDALENA DE CAO'),
('120806', '12', '1208', 'PAIJAN'),
('120807', '12', '1208', 'RAZURI'),
('120808', '12', '1208', 'CASA GRANDE'),
('120901', '12', '1209', 'CHEPEN'),
('120902', '12', '1209', 'PACANGA'),
('120903', '12', '1209', 'PUEBLO NUEVO'),
('121001', '12', '1210', 'JULCAN'),
('121002', '12', '1210', 'CARABAMBA'),
('121003', '12', '1210', 'CALAMARCA'),
('121004', '12', '1210', 'HUASO'),
('121101', '12', '1211', 'CASCAS'),
('121102', '12', '1211', 'LUCMA'),
('121103', '12', '1211', 'MARMOT'),
('121104', '12', '1211', 'SAYAPULLO'),
('121201', '12', '1212', 'VIRU'),
('121202', '12', '1212', 'CHAO'),
('121203', '12', '1212', 'GUADALUPITO'),
('130101', '13', '1301', 'CHICLAYO'),
('130102', '13', '1301', 'CHONGOYAPE'),
('130103', '13', '1301', 'ETEN'),
('130104', '13', '1301', 'ETEN PUERTO'),
('130105', '13', '1301', 'LAGUNAS'),
('130106', '13', '1301', 'MONSEFU'),
('130107', '13', '1301', 'NUEVA ARICA'),
('130108', '13', '1301', 'OYOTUN'),
('130109', '13', '1301', 'PICSI'),
('130110', '13', '1301', 'PIMENTEL'),
('130111', '13', '1301', 'REQUE'),
('130112', '13', '1301', 'JOSE LEONARDO ORTIZ'),
('130113', '13', '1301', 'SANTA ROSA'),
('130114', '13', '1301', 'SANA'),
('130115', '13', '1301', 'LA VICTORIA'),
('130116', '13', '1301', 'CAYALTI'),
('130117', '13', '1301', 'PATAPO'),
('130118', '13', '1301', 'POMALCA'),
('130119', '13', '1301', 'PUCALA'),
('130120', '13', '1301', 'TUMAN'),
('130201', '13', '1302', 'FERRENAFE'),
('130202', '13', '1302', 'INCAHUASI'),
('130203', '13', '1302', 'CANARIS'),
('130204', '13', '1302', 'PITIPO'),
('130205', '13', '1302', 'PUEBLO NUEVO'),
('130206', '13', '1302', 'MANUEL ANTONIO MESONES MURO'),
('130301', '13', '1303', 'LAMBAYEQUE'),
('130302', '13', '1303', 'CHOCHOPE'),
('130303', '13', '1303', 'ILLIMO'),
('130304', '13', '1303', 'JAYANCA'),
('130305', '13', '1303', 'MOCHUMI'),
('130306', '13', '1303', 'MORROPE'),
('130307', '13', '1303', 'MOTUPE'),
('130308', '13', '1303', 'OLMOS'),
('130309', '13', '1303', 'PACORA'),
('130310', '13', '1303', 'SALAS'),
('130311', '13', '1303', 'SAN JOSE'),
('130312', '13', '1303', 'TUCUME'),
('140101', '14', '1401', 'LIMA'),
('140102', '14', '1401', 'ANCON'),
('140103', '14', '1401', 'ATE'),
('140104', '14', '1401', 'BRENA'),
('140105', '14', '1401', 'CARABAYLLO'),
('140106', '14', '1401', 'COMAS'),
('140107', '14', '1401', 'CHACLACAYO'),
('140108', '14', '1401', 'CHORRILLOS'),
('140109', '14', '1401', 'LA VICTORIA'),
('140110', '14', '1401', 'LA MOLINA'),
('140111', '14', '1401', 'LINCE'),
('140112', '14', '1401', 'LURIGANCHO'),
('140113', '14', '1401', 'LURIN'),
('140114', '14', '1401', 'MAGDALENA DEL MAR'),
('140115', '14', '1401', 'MIRAFLORES'),
('140116', '14', '1401', 'PACHACAMAC'),
('140117', '14', '1401', 'PUEBLO LIBRE'),
('140118', '14', '1401', 'PUCUSANA'),
('140119', '14', '1401', 'PUENTE PIEDRA'),
('140120', '14', '1401', 'PUNTA HERMOSA'),
('140121', '14', '1401', 'PUNTA NEGRA'),
('140122', '14', '1401', 'RIMAC'),
('140123', '14', '1401', 'SAN BARTOLO'),
('140124', '14', '1401', 'SAN ISIDRO'),
('140125', '14', '1401', 'BARRANCO'),
('140126', '14', '1401', 'SAN MARTIN DE PORRES'),
('140127', '14', '1401', 'SAN MIGUEL'),
('140128', '14', '1401', 'STA MARIA DEL MAR'),
('140129', '14', '1401', 'SANTA ROSA'),
('140130', '14', '1401', 'SANTIAGO DE SURCO'),
('140131', '14', '1401', 'SURQUILLO'),
('140132', '14', '1401', 'VILLA MARIA DEL TRIUNFO'),
('140133', '14', '1401', 'JESUS MARIA'),
('140134', '14', '1401', 'INDEPENDENCIA'),
('140135', '14', '1401', 'EL AGUSTINO'),
('140136', '14', '1401', 'SAN JUAN DE MIRAFLORES'),
('140137', '14', '1401', 'SAN JUAN DE LURIGANCHO'),
('140138', '14', '1401', 'SAN LUIS'),
('140139', '14', '1401', 'CIENEGUILLA'),
('140140', '14', '1401', 'SAN BORJA'),
('140141', '14', '1401', 'VILLA EL SALVADOR'),
('140142', '14', '1401', 'LOS OLIVOS'),
('140143', '14', '1401', 'SANTA ANITA'),
('140201', '14', '1402', 'CAJATAMBO'),
('140205', '14', '1402', 'COPA'),
('140206', '14', '1402', 'GORGOR'),
('140207', '14', '1402', 'HUANCAPON'),
('140208', '14', '1402', 'MANAS'),
('140301', '14', '1403', 'CANTA'),
('140302', '14', '1403', 'ARAHUAY'),
('140303', '14', '1403', 'HUAMANTANGA'),
('140304', '14', '1403', 'HUAROS'),
('140305', '14', '1403', 'LACHAQUI'),
('140306', '14', '1403', 'SAN BUENAVENTURA'),
('140307', '14', '1403', 'SANTA ROSA DE QUIVES'),
('140401', '14', '1404', 'SAN VICENTE DE CANETE'),
('140402', '14', '1404', 'CALANGO'),
('140403', '14', '1404', 'CERRO AZUL'),
('140404', '14', '1404', 'COAYLLO'),
('140405', '14', '1404', 'CHILCA'),
('140406', '14', '1404', 'IMPERIAL'),
('140407', '14', '1404', 'LUNAHUANA'),
('140408', '14', '1404', 'MALA'),
('140409', '14', '1404', 'NUEVO IMPERIAL'),
('140410', '14', '1404', 'PACARAN'),
('140411', '14', '1404', 'QUILMANA'),
('140412', '14', '1404', 'SAN ANTONIO'),
('140413', '14', '1404', 'SAN LUIS'),
('140414', '14', '1404', 'SANTA CRUZ DE FLORES'),
('140415', '14', '1404', 'ZUNIGA'),
('140416', '14', '1404', 'ASIA'),
('140501', '14', '1405', 'HUACHO'),
('140502', '14', '1405', 'AMBAR'),
('140504', '14', '1405', 'CALETA DE CARQUIN'),
('140505', '14', '1405', 'CHECRAS'),
('140506', '14', '1405', 'HUALMAY'),
('140507', '14', '1405', 'HUAURA'),
('140508', '14', '1405', 'LEONCIO PRADO'),
('140509', '14', '1405', 'PACCHO'),
('140511', '14', '1405', 'SANTA LEONOR'),
('140512', '14', '1405', 'SANTA MARIA'),
('140513', '14', '1405', 'SAYAN'),
('140516', '14', '1405', 'VEGUETA'),
('140601', '14', '1406', 'MATUCANA'),
('140602', '14', '1406', 'ANTIOQUIA'),
('140603', '14', '1406', 'CALLAHUANCA'),
('140604', '14', '1406', 'CARAMPOMA'),
('140605', '14', '1406', 'CASTA'),
('140606', '14', '1406', 'CUENCA'),
('140607', '14', '1406', 'CHICLA'),
('140608', '14', '1406', 'HUANZA'),
('140609', '14', '1406', 'HUAROCHIRI'),
('140610', '14', '1406', 'LAHUAYTAMBO'),
('140611', '14', '1406', 'LANGA'),
('140612', '14', '1406', 'MARIATANA'),
('140613', '14', '1406', 'RICARDO PALMA'),
('140614', '14', '1406', 'SAN ANDRES DE TUPICOCHA'),
('140615', '14', '1406', 'SAN ANTONIO'),
('140616', '14', '1406', 'SAN BARTOLOME'),
('140617', '14', '1406', 'SAN DAMIAN');
INSERT INTO `ubigeo_reniec` (`cod_ubigeo_reniec`, `cod_departamento`, `cod_provincia`, `descripcion`) VALUES
('140618', '14', '1406', 'SANGALLAYA'),
('140619', '14', '1406', 'SAN JUAN DE TANTARANCHE'),
('140620', '14', '1406', 'SAN LORENZO DE QUINTI'),
('140621', '14', '1406', 'SAN MATEO'),
('140622', '14', '1406', 'SAN MATEO DE OTAO'),
('140623', '14', '1406', 'SAN PEDRO DE HUANCAYRE'),
('140624', '14', '1406', 'SANTA CRUZ DE COCACHACRA'),
('140625', '14', '1406', 'SANTA EULALIA'),
('140626', '14', '1406', 'SANTIAGO DE ANCHUCAYA'),
('140627', '14', '1406', 'SANTIAGO DE TUNA'),
('140628', '14', '1406', 'SANTO DOMINGO DE LOS OLLEROS'),
('140629', '14', '1406', 'SURCO'),
('140630', '14', '1406', 'HUACHUPAMPA'),
('140631', '14', '1406', 'LARAOS'),
('140632', '14', '1406', 'SAN JUAN DE IRIS'),
('140701', '14', '1407', 'YAUYOS'),
('140702', '14', '1407', 'ALIS'),
('140703', '14', '1407', 'AYAUCA'),
('140704', '14', '1407', 'AYAVIRI'),
('140705', '14', '1407', 'AZANGARO'),
('140706', '14', '1407', 'CACRA'),
('140707', '14', '1407', 'CARANIA'),
('140708', '14', '1407', 'COCHAS'),
('140709', '14', '1407', 'COLONIA'),
('140710', '14', '1407', 'CHOCOS'),
('140711', '14', '1407', 'HUAMPARA'),
('140712', '14', '1407', 'HUANCAYA'),
('140713', '14', '1407', 'HUANGASCAR'),
('140714', '14', '1407', 'HUANTAN'),
('140715', '14', '1407', 'HUANEC'),
('140716', '14', '1407', 'LARAOS'),
('140717', '14', '1407', 'LINCHA'),
('140718', '14', '1407', 'MIRAFLORES'),
('140719', '14', '1407', 'OMAS'),
('140720', '14', '1407', 'QUINCHES'),
('140721', '14', '1407', 'QUINOCAY'),
('140722', '14', '1407', 'SAN JOAQUIN'),
('140723', '14', '1407', 'SAN PEDRO DE PILAS'),
('140724', '14', '1407', 'TANTA'),
('140725', '14', '1407', 'TAURIPAMPA'),
('140726', '14', '1407', 'TUPE'),
('140727', '14', '1407', 'TOMAS'),
('140728', '14', '1407', 'VINAC'),
('140729', '14', '1407', 'VITIS'),
('140730', '14', '1407', 'HONGOS'),
('140731', '14', '1407', 'MADEAN'),
('140732', '14', '1407', 'PUTINZA'),
('140733', '14', '1407', 'CATAHUASI'),
('140801', '14', '1408', 'HUARAL'),
('140802', '14', '1408', 'ATAVILLOS ALTO'),
('140803', '14', '1408', 'ATAVILLOS BAJO'),
('140804', '14', '1408', 'AUCALLAMA'),
('140805', '14', '1408', 'CHANCAY'),
('140806', '14', '1408', 'IHUARI'),
('140807', '14', '1408', 'LAMPIAN'),
('140808', '14', '1408', 'PACARAOS'),
('140809', '14', '1408', 'SAN MIGUEL DE ACOS'),
('140810', '14', '1408', 'VEINTISIETE DE NOVIEMBRE'),
('140811', '14', '1408', 'STA CRUZ DE ANDAMARCA'),
('140812', '14', '1408', 'SUMBILCA'),
('140901', '14', '1409', 'BARRANCA'),
('140902', '14', '1409', 'PARAMONGA'),
('140903', '14', '1409', 'PATIVILCA'),
('140904', '14', '1409', 'SUPE'),
('140905', '14', '1409', 'SUPE PUERTO'),
('141001', '14', '1410', 'OYON'),
('141002', '14', '1410', 'NAVAN'),
('141003', '14', '1410', 'CAUJUL'),
('141004', '14', '1410', 'ANDAJES'),
('141005', '14', '1410', 'PACHANGARA'),
('141006', '14', '1410', 'COCHAMARCA'),
('150101', '15', '1501', 'IQUITOS'),
('150102', '15', '1501', 'ALTO NANAY'),
('150103', '15', '1501', 'FERNANDO LORES'),
('150104', '15', '1501', 'LAS AMAZONAS'),
('150105', '15', '1501', 'MAZAN'),
('150106', '15', '1501', 'NAPO'),
('150107', '15', '1501', 'PUTUMAYO'),
('150108', '15', '1501', 'TORRES CAUSANA'),
('150110', '15', '1501', 'INDIANA'),
('150111', '15', '1501', 'PUNCHANA'),
('150112', '15', '1501', 'BELEN'),
('150113', '15', '1501', 'SAN JUAN BAUTISTA'),
('150114', '15', '1501', 'TNTE MANUEL CLAVERO'),
('150201', '15', '1502', 'YURIMAGUAS'),
('150202', '15', '1502', 'BALSAPUERTO'),
('150205', '15', '1502', 'JEBEROS'),
('150206', '15', '1502', 'LAGUNAS'),
('150210', '15', '1502', 'SANTA CRUZ'),
('150211', '15', '1502', 'TNTE CESAR LOPEZ ROJAS'),
('150301', '15', '1503', 'NAUTA'),
('150302', '15', '1503', 'PARINARI'),
('150303', '15', '1503', 'TIGRE'),
('150304', '15', '1503', 'URARINAS'),
('150305', '15', '1503', 'TROMPETEROS'),
('150401', '15', '1504', 'REQUENA'),
('150402', '15', '1504', 'ALTO TAPICHE'),
('150403', '15', '1504', 'CAPELO'),
('150404', '15', '1504', 'EMILIO SAN MARTIN'),
('150405', '15', '1504', 'MAQUIA'),
('150406', '15', '1504', 'PUINAHUA'),
('150407', '15', '1504', 'SAQUENA'),
('150408', '15', '1504', 'SOPLIN'),
('150409', '15', '1504', 'TAPICHE'),
('150410', '15', '1504', 'JENARO HERRERA'),
('150411', '15', '1504', 'YAQUERANA'),
('150501', '15', '1505', 'CONTAMANA'),
('150502', '15', '1505', 'VARGAS GUERRA'),
('150503', '15', '1505', 'PADRE MARQUEZ'),
('150504', '15', '1505', 'PAMPA HERMOZA'),
('150505', '15', '1505', 'SARAYACU'),
('150506', '15', '1505', 'INAHUAYA'),
('150601', '15', '1506', 'MARISCAL RAMON CASTILLA'),
('150602', '15', '1506', 'PEBAS'),
('150603', '15', '1506', 'YAVARI'),
('150604', '15', '1506', 'SAN PABLO'),
('150701', '15', '1507', 'BARRANCA'),
('150702', '15', '1507', 'ANDOAS'),
('150703', '15', '1507', 'CAHUAPANAS'),
('150704', '15', '1507', 'MANSERICHE'),
('150705', '15', '1507', 'MORONA'),
('150706', '15', '1507', 'PASTAZA'),
('160101', '16', '1601', 'TAMBOPATA'),
('160102', '16', '1601', 'INAMBARI'),
('160103', '16', '1601', 'LAS PIEDRAS'),
('160104', '16', '1601', 'LABERINTO'),
('160201', '16', '1602', 'MANU'),
('160202', '16', '1602', 'FITZCARRALD'),
('160203', '16', '1602', 'MADRE DE DIOS'),
('160204', '16', '1602', 'HUEPETUHE'),
('160301', '16', '1603', 'INAPARI'),
('160302', '16', '1603', 'IBERIA'),
('160303', '16', '1603', 'TAHUAMANU'),
('170101', '17', '1701', 'MOQUEGUA'),
('170102', '17', '1701', 'CARUMAS'),
('170103', '17', '1701', 'CUCHUMBAYA'),
('170104', '17', '1701', 'SAN CRISTOBAL'),
('170105', '17', '1701', 'TORATA'),
('170106', '17', '1701', 'SAMEGUA'),
('170201', '17', '1702', 'OMATE'),
('170202', '17', '1702', 'COALAQUE'),
('170203', '17', '1702', 'CHOJATA'),
('170204', '17', '1702', 'ICHUNA'),
('170205', '17', '1702', 'LA CAPILLA'),
('170206', '17', '1702', 'LLOQUE'),
('170207', '17', '1702', 'MATALAQUE'),
('170208', '17', '1702', 'PUQUINA'),
('170209', '17', '1702', 'QUINISTAQUILLAS'),
('170210', '17', '1702', 'UBINAS'),
('170211', '17', '1702', 'YUNGA'),
('170301', '17', '1703', 'ILO'),
('170302', '17', '1703', 'EL ALGARROBAL'),
('170303', '17', '1703', 'PACOCHA'),
('180101', '18', '1801', 'CHAUPIMARCA'),
('180103', '18', '1801', 'HUACHON'),
('180104', '18', '1801', 'HUARIACA'),
('180105', '18', '1801', 'HUAYLLAY'),
('180106', '18', '1801', 'NINACACA'),
('180107', '18', '1801', 'PALLANCHACRA'),
('180108', '18', '1801', 'PAUCARTAMBO'),
('180109', '18', '1801', 'SAN FCO DE ASIS DE YARUSYACAN'),
('180110', '18', '1801', 'SIMON BOLIVAR'),
('180111', '18', '1801', 'TICLACAYAN'),
('180112', '18', '1801', 'TINYAHUARCO'),
('180113', '18', '1801', 'VICCO'),
('180114', '18', '1801', 'YANACANCHA'),
('180201', '18', '1802', 'YANAHUANCA'),
('180202', '18', '1802', 'CHACAYAN'),
('180203', '18', '1802', 'GOYLLARISQUIZGA'),
('180204', '18', '1802', 'PAUCAR'),
('180205', '18', '1802', 'SAN PEDRO DE PILLAO'),
('180206', '18', '1802', 'SANTA ANA DE TUSI'),
('180207', '18', '1802', 'TAPUC'),
('180208', '18', '1802', 'VILCABAMBA'),
('180301', '18', '1803', 'OXAPAMPA'),
('180302', '18', '1803', 'CHONTABAMBA'),
('180303', '18', '1803', 'HUANCABAMBA'),
('180304', '18', '1803', 'PUERTO BERMUDEZ'),
('180305', '18', '1803', 'VILLA RICA'),
('180306', '18', '1803', 'POZUZO'),
('180307', '18', '1803', 'PALCAZU'),
('190101', '19', '1901', 'PIURA'),
('190103', '19', '1901', 'CASTILLA'),
('190104', '19', '1901', 'CATACAOS'),
('190105', '19', '1901', 'LA ARENA'),
('190106', '19', '1901', 'LA UNION'),
('190107', '19', '1901', 'LAS LOMAS'),
('190109', '19', '1901', 'TAMBO GRANDE'),
('190113', '19', '1901', 'CURA MORI'),
('190114', '19', '1901', 'EL TALLAN'),
('190201', '19', '1902', 'AYABACA'),
('190202', '19', '1902', 'FRIAS'),
('190203', '19', '1902', 'LAGUNAS'),
('190204', '19', '1902', 'MONTERO'),
('190205', '19', '1902', 'PACAIPAMPA'),
('190206', '19', '1902', 'SAPILLICA'),
('190207', '19', '1902', 'SICCHEZ'),
('190208', '19', '1902', 'SUYO'),
('190209', '19', '1902', 'JILILI'),
('190210', '19', '1902', 'PAIMAS'),
('190301', '19', '1903', 'HUANCABAMBA'),
('190302', '19', '1903', 'CANCHAQUE'),
('190303', '19', '1903', 'HUARMACA'),
('190304', '19', '1903', 'SONDOR'),
('190305', '19', '1903', 'SONDORILLO'),
('190306', '19', '1903', 'EL CARMEN DE LA FRONTERA'),
('190307', '19', '1903', 'SAN MIGUEL DE EL FAIQUE'),
('190308', '19', '1903', 'LALAQUIZ'),
('190401', '19', '1904', 'CHULUCANAS'),
('190402', '19', '1904', 'BUENOS AIRES'),
('190403', '19', '1904', 'CHALACO'),
('190404', '19', '1904', 'MORROPON'),
('190405', '19', '1904', 'SALITRAL'),
('190406', '19', '1904', 'SANTA CATALINA DE MOSSA'),
('190407', '19', '1904', 'SANTO DOMINGO'),
('190408', '19', '1904', 'LA MATANZA'),
('190409', '19', '1904', 'YAMANGO'),
('190410', '19', '1904', 'SAN JUAN DE BIGOTE'),
('190501', '19', '1905', 'PAITA'),
('190502', '19', '1905', 'AMOTAPE'),
('190503', '19', '1905', 'ARENAL'),
('190504', '19', '1905', 'LA HUACA'),
('190505', '19', '1905', 'PUEBLO NUEVO DE COLAN'),
('190506', '19', '1905', 'TAMARINDO'),
('190507', '19', '1905', 'VICHAYAL'),
('190601', '19', '1906', 'SULLANA'),
('190602', '19', '1906', 'BELLAVISTA'),
('190603', '19', '1906', 'LANCONES'),
('190604', '19', '1906', 'MARCAVELICA'),
('190605', '19', '1906', 'MIGUEL CHECA'),
('190606', '19', '1906', 'QUERECOTILLO'),
('190607', '19', '1906', 'SALITRAL'),
('190608', '19', '1906', 'IGNACIO ESCUDERO'),
('190701', '19', '1907', 'PARINAS'),
('190702', '19', '1907', 'EL ALTO'),
('190703', '19', '1907', 'LA BREA'),
('190704', '19', '1907', 'LOBITOS'),
('190705', '19', '1907', 'MANCORA'),
('190706', '19', '1907', 'LOS ORGANOS'),
('190801', '19', '1908', 'SECHURA'),
('190802', '19', '1908', 'VICE'),
('190803', '19', '1908', 'BERNAL'),
('190804', '19', '1908', 'BELLAVISTA DE LA UNION'),
('190805', '19', '1908', 'CRISTO NOS VALGA'),
('190806', '19', '1908', 'RINCONADA LLICUAR'),
('200101', '20', '2001', 'PUNO'),
('200102', '20', '2001', 'ACORA'),
('200103', '20', '2001', 'ATUNCOLLA'),
('200104', '20', '2001', 'CAPACHICA'),
('200105', '20', '2001', 'COATA'),
('200106', '20', '2001', 'CHUCUITO'),
('200107', '20', '2001', 'HUATA'),
('200108', '20', '2001', 'MANAZO'),
('200109', '20', '2001', 'PAUCARCOLLA'),
('200110', '20', '2001', 'PICHACANI'),
('200111', '20', '2001', 'SAN ANTONIO'),
('200112', '20', '2001', 'TIQUILLACA'),
('200113', '20', '2001', 'VILQUE'),
('200114', '20', '2001', 'PLATERIA'),
('200115', '20', '2001', 'AMANTANI'),
('200201', '20', '2002', 'AZANGARO'),
('200202', '20', '2002', 'ACHAYA'),
('200203', '20', '2002', 'ARAPA'),
('200204', '20', '2002', 'ASILLO'),
('200205', '20', '2002', 'CAMINACA'),
('200206', '20', '2002', 'CHUPA'),
('200207', '20', '2002', 'JOSE DOMINGO CHOQUEHUANCA'),
('200208', '20', '2002', 'MUNANI'),
('200210', '20', '2002', 'POTONI'),
('200212', '20', '2002', 'SAMAN'),
('200213', '20', '2002', 'SAN ANTON'),
('200214', '20', '2002', 'SAN JOSE'),
('200215', '20', '2002', 'SAN JUAN DE SALINAS'),
('200216', '20', '2002', 'STGO DE PUPUJA'),
('200217', '20', '2002', 'TIRAPATA'),
('200301', '20', '2003', 'MACUSANI'),
('200302', '20', '2003', 'AJOYANI'),
('200303', '20', '2003', 'AYAPATA'),
('200304', '20', '2003', 'COASA'),
('200305', '20', '2003', 'CORANI'),
('200306', '20', '2003', 'CRUCERO'),
('200307', '20', '2003', 'ITUATA'),
('200308', '20', '2003', 'OLLACHEA'),
('200309', '20', '2003', 'SAN GABAN'),
('200310', '20', '2003', 'USICAYOS'),
('200401', '20', '2004', 'JULI'),
('200402', '20', '2004', 'DESAGUADERO'),
('200403', '20', '2004', 'HUACULLANI'),
('200406', '20', '2004', 'PISACOMA'),
('200407', '20', '2004', 'POMATA'),
('200410', '20', '2004', 'ZEPITA'),
('200412', '20', '2004', 'KELLUYO'),
('200501', '20', '2005', 'HUANCANE'),
('200502', '20', '2005', 'COJATA'),
('200504', '20', '2005', 'INCHUPALLA'),
('200506', '20', '2005', 'PUSI'),
('200507', '20', '2005', 'ROSASPATA'),
('200508', '20', '2005', 'TARACO'),
('200509', '20', '2005', 'VILQUE CHICO'),
('200511', '20', '2005', 'HUATASANI'),
('200601', '20', '2006', 'LAMPA'),
('200602', '20', '2006', 'CABANILLA'),
('200603', '20', '2006', 'CALAPUJA'),
('200604', '20', '2006', 'NICASIO'),
('200605', '20', '2006', 'OCUVIRI'),
('200606', '20', '2006', 'PALCA'),
('200607', '20', '2006', 'PARATIA'),
('200608', '20', '2006', 'PUCARA'),
('200609', '20', '2006', 'SANTA LUCIA'),
('200610', '20', '2006', 'VILAVILA'),
('200701', '20', '2007', 'AYAVIRI'),
('200702', '20', '2007', 'ANTAUTA'),
('200703', '20', '2007', 'CUPI'),
('200704', '20', '2007', 'LLALLI'),
('200705', '20', '2007', 'MACARI'),
('200706', '20', '2007', 'NUNOA'),
('200707', '20', '2007', 'ORURILLO'),
('200708', '20', '2007', 'SANTA ROSA'),
('200709', '20', '2007', 'UMACHIRI'),
('200801', '20', '2008', 'SANDIA'),
('200803', '20', '2008', 'CUYOCUYO'),
('200804', '20', '2008', 'LIMBANI'),
('200805', '20', '2008', 'PHARA'),
('200806', '20', '2008', 'PATAMBUCO'),
('200807', '20', '2008', 'QUIACA'),
('200808', '20', '2008', 'SAN JUAN DEL ORO'),
('200810', '20', '2008', 'YANAHUAYA'),
('200811', '20', '2008', 'ALTO INAMBARI'),
('200812', '20', '2008', 'SAN PEDRO DE PUTINA PUNCO'),
('200901', '20', '2009', 'JULIACA'),
('200902', '20', '2009', 'CABANA'),
('200903', '20', '2009', 'CABANILLAS'),
('200904', '20', '2009', 'CARACOTO'),
('201001', '20', '2010', 'YUNGUYO'),
('201002', '20', '2010', 'UNICACHI'),
('201003', '20', '2010', 'ANAPIA'),
('201004', '20', '2010', 'COPANI'),
('201005', '20', '2010', 'CUTURAPI'),
('201006', '20', '2010', 'OLLARAYA'),
('201007', '20', '2010', 'TINICACHI'),
('201101', '20', '2011', 'PUTINA'),
('201102', '20', '2011', 'PEDRO VILCA APAZA'),
('201103', '20', '2011', 'QUILCA PUNCU'),
('201104', '20', '2011', 'ANANEA'),
('201105', '20', '2011', 'SINA'),
('201201', '20', '2012', 'ILAVE'),
('201202', '20', '2012', 'PILCUYO'),
('201203', '20', '2012', 'SANTA ROSA'),
('201204', '20', '2012', 'CAPASO'),
('201205', '20', '2012', 'CONDURIRI'),
('201301', '20', '2013', 'MOHO'),
('201302', '20', '2013', 'CONIMA'),
('201303', '20', '2013', 'TILALI'),
('201304', '20', '2013', 'HUAYRAPATA'),
('210101', '21', '2101', 'MOYOBAMBA'),
('210102', '21', '2101', 'CALZADA'),
('210103', '21', '2101', 'HABANA'),
('210104', '21', '2101', 'JEPELACIO'),
('210105', '21', '2101', 'SORITOR'),
('210106', '21', '2101', 'YANTALO'),
('210201', '21', '2102', 'SAPOSOA'),
('210202', '21', '2102', 'PISCOYACU'),
('210203', '21', '2102', 'SACANCHE'),
('210204', '21', '2102', 'TINGO DE SAPOSOA'),
('210205', '21', '2102', 'ALTO SAPOSOA'),
('210206', '21', '2102', 'EL ESLABON'),
('210301', '21', '2103', 'LAMAS'),
('210303', '21', '2103', 'BARRANQUITA'),
('210304', '21', '2103', 'CAYNARACHI'),
('210305', '21', '2103', 'CUNUMBUQUI'),
('210306', '21', '2103', 'PINTO RECODO'),
('210307', '21', '2103', 'RUMISAPA'),
('210311', '21', '2103', 'SHANAO'),
('210313', '21', '2103', 'TABALOSOS'),
('210314', '21', '2103', 'ZAPATERO'),
('210315', '21', '2103', 'ALONSO DE ALVARADO'),
('210316', '21', '2103', 'SAN ROQUE DE CUMBAZA'),
('210401', '21', '2104', 'JUANJUI'),
('210402', '21', '2104', 'CAMPANILLA'),
('210403', '21', '2104', 'HUICUNGO'),
('210404', '21', '2104', 'PACHIZA'),
('210405', '21', '2104', 'PAJARILLO'),
('210501', '21', '2105', 'RIOJA'),
('210502', '21', '2105', 'POSIC'),
('210503', '21', '2105', 'YORONGOS'),
('210504', '21', '2105', 'YURACYACU'),
('210505', '21', '2105', 'NUEVA CAJAMARCA'),
('210506', '21', '2105', 'ELIAS SOPLIN'),
('210507', '21', '2105', 'SAN FERNANDO'),
('210508', '21', '2105', 'PARDO MIGUEL'),
('210509', '21', '2105', 'AWAJUN'),
('210601', '21', '2106', 'TARAPOTO'),
('210602', '21', '2106', 'ALBERTO LEVEAU'),
('210604', '21', '2106', 'CACATACHI'),
('210606', '21', '2106', 'CHAZUTA'),
('210607', '21', '2106', 'CHIPURANA'),
('210608', '21', '2106', 'EL PORVENIR'),
('210609', '21', '2106', 'HUIMBAYOC'),
('210610', '21', '2106', 'JUAN GUERRA'),
('210611', '21', '2106', 'MORALES'),
('210612', '21', '2106', 'PAPAPLAYA'),
('210616', '21', '2106', 'SAN ANTONIO'),
('210619', '21', '2106', 'SAUCE'),
('210620', '21', '2106', 'SHAPAJA'),
('210621', '21', '2106', 'LA BANDA DE SHILCAYO'),
('210701', '21', '2107', 'BELLAVISTA'),
('210702', '21', '2107', 'SAN RAFAEL'),
('210703', '21', '2107', 'SAN PABLO'),
('210704', '21', '2107', 'ALTO BIAVO'),
('210705', '21', '2107', 'HUALLAGA'),
('210706', '21', '2107', 'BAJO BIAVO'),
('210801', '21', '2108', 'TOCACHE'),
('210802', '21', '2108', 'NUEVO PROGRESO'),
('210803', '21', '2108', 'POLVORA'),
('210804', '21', '2108', 'SHUNTE'),
('210805', '21', '2108', 'UCHIZA'),
('210901', '21', '2109', 'PICOTA'),
('210902', '21', '2109', 'BUENOS AIRES'),
('210903', '21', '2109', 'CASPIZAPA'),
('210904', '21', '2109', 'PILLUANA'),
('210905', '21', '2109', 'PUCACACA'),
('210906', '21', '2109', 'SAN CRISTOBAL'),
('210907', '21', '2109', 'SAN HILARION'),
('210908', '21', '2109', 'TINGO DE PONASA'),
('210909', '21', '2109', 'TRES UNIDOS'),
('210910', '21', '2109', 'SHAMBOYACU'),
('211001', '21', '2110', 'SAN JOSE DE SISA'),
('211002', '21', '2110', 'AGUA BLANCA'),
('211003', '21', '2110', 'SHATOJA'),
('211004', '21', '2110', 'SAN MARTIN'),
('211005', '21', '2110', 'SANTA ROSA'),
('220101', '22', '2201', 'TACNA'),
('220102', '22', '2201', 'CALANA'),
('220104', '22', '2201', 'INCLAN'),
('220107', '22', '2201', 'PACHIA'),
('220108', '22', '2201', 'PALCA'),
('220109', '22', '2201', 'POCOLLAY'),
('220110', '22', '2201', 'SAMA'),
('220111', '22', '2201', 'ALTO DE LA ALIANZA'),
('220112', '22', '2201', 'CIUDAD NUEVA'),
('220113', '22', '2201', 'CORONEL GREGORIO ALBARRACIN L.'),
('220201', '22', '2202', 'TARATA'),
('220205', '22', '2202', 'CHUCATAMANI'),
('220206', '22', '2202', 'ESTIQUE'),
('220207', '22', '2202', 'ESTIQUE PAMPA'),
('220210', '22', '2202', 'SITAJARA'),
('220211', '22', '2202', 'SUSAPAYA'),
('220212', '22', '2202', 'TARUCACHI'),
('220213', '22', '2202', 'TICACO'),
('220301', '22', '2203', 'LOCUMBA'),
('220302', '22', '2203', 'ITE'),
('220303', '22', '2203', 'ILABAYA'),
('220401', '22', '2204', 'CANDARAVE'),
('220402', '22', '2204', 'CAIRANI'),
('220403', '22', '2204', 'CURIBAYA'),
('220404', '22', '2204', 'HUANUARA'),
('220405', '22', '2204', 'QUILAHUANI'),
('220406', '22', '2204', 'CAMILACA'),
('230101', '23', '2301', 'TUMBES'),
('230102', '23', '2301', 'CORRALES'),
('230103', '23', '2301', 'LA CRUZ'),
('230104', '23', '2301', 'PAMPAS DE HOSPITAL'),
('230105', '23', '2301', 'SAN JACINTO'),
('230106', '23', '2301', 'SAN JUAN DE LA VIRGEN'),
('230201', '23', '2302', 'ZORRITOS'),
('230202', '23', '2302', 'CASITAS'),
('230203', '23', '2302', 'CANOAS DE PUNTA SAL'),
('230301', '23', '2303', 'ZARUMILLA'),
('230302', '23', '2303', 'MATAPALO'),
('230303', '23', '2303', 'PAPAYAL'),
('230304', '23', '2303', 'AGUAS VERDES'),
('240101', '24', '2401', 'CALLAO'),
('240102', '24', '2401', 'BELLAVISTA'),
('240103', '24', '2401', 'LA PUNTA'),
('240104', '24', '2401', 'CARMEN DE LA LEGUA-REYNOSO'),
('240105', '24', '2401', 'LA PERLA'),
('240106', '24', '2401', 'VENTANILLA'),
('250101', '25', '2501', 'CALLERIA'),
('250102', '25', '2501', 'YARINACOCHA'),
('250103', '25', '2501', 'MASISEA'),
('250104', '25', '2501', 'CAMPOVERDE'),
('250105', '25', '2501', 'IPARIA'),
('250106', '25', '2501', 'NUEVA REQUENA'),
('250107', '25', '2501', 'MANANTAY'),
('250201', '25', '2502', 'PADRE ABAD'),
('250202', '25', '2502', 'YRAZOLA'),
('250203', '25', '2502', 'CURIMANA'),
('250301', '25', '2503', 'RAIMONDI'),
('250302', '25', '2503', 'TAHUANIA'),
('250303', '25', '2503', 'YURUA'),
('250304', '25', '2503', 'SEPAHUA'),
('250401', '25', '2504', 'PURUS');

-- --------------------------------------------------------

--
-- Table structure for table `vias`
--

CREATE TABLE IF NOT EXISTS `vias` (
  `cod_via` char(2) NOT NULL,
  `descripcion` char(30) DEFAULT NULL,
  PRIMARY KEY (`cod_via`)
) ENGINE=InnoDB DEFAULT CHARSET=latin1 COMMENT='''TABLA 5: "VÍA"';

--
-- Dumping data for table `vias`
--

INSERT INTO `vias` (`cod_via`, `descripcion`) VALUES
('0', '-'),
('01', 'AVENIDA'),
('02', 'JIRÓN'),
('03', 'CALLE'),
('04', 'PASAJE'),
('05', 'ALAMEDA'),
('06', 'MALECÓN'),
('07', 'OVALO'),
('08', 'PARQUE'),
('09', 'PLAZA'),
('10', 'CARRETERA'),
('13', 'TROCHA'),
('14', 'CAMINO RURAL'),
('15', 'BAJADA'),
('16', 'GALERIA'),
('17', 'PROLONGACIÓN'),
('18', 'PASEO'),
('19', 'PLAZUELA'),
('20', 'PORTAL'),
('21', 'CAMINO AFIRMADO'),
('22', 'TROCHA CARROZABLE'),
('99', 'OTROS');

-- --------------------------------------------------------

--
-- Table structure for table `vinculos_familiares`
--

CREATE TABLE IF NOT EXISTS `vinculos_familiares` (
  `cod_vinculo_familiar` char(2) NOT NULL,
  `descripcion` varchar(50) DEFAULT NULL,
  `descripcion_abreviada` varchar(40) DEFAULT NULL,
  PRIMARY KEY (`cod_vinculo_familiar`),
  KEY `cod_vinculo_familiar` (`cod_vinculo_familiar`)
) ENGINE=InnoDB DEFAULT CHARSET=latin1 COMMENT='''TABLA 19: "VÍNCULO FAMILIAR"';

--
-- Dumping data for table `vinculos_familiares`
--

INSERT INTO `vinculos_familiares` (`cod_vinculo_familiar`, `descripcion`, `descripcion_abreviada`) VALUES
('02', 'CÓNYUGE', 'C?NYUGE'),
('03', 'CONCUBINA(O)', 'CONCUBINA(O)'),
('04', 'GESTANTE', 'GESTANTE'),
('05', 'HIJO MENOR DE EDAD', 'HIJO MENOR DE EDAD'),
('06', 'HIJO MAYOR DE EDAD INCAPACITADO PERMANENTE', 'HIJO MAYOR EDAD INCAP PERM');

-- --------------------------------------------------------

--
-- Table structure for table `v_familiares_d_v_familiares`
--

CREATE TABLE IF NOT EXISTS `v_familiares_d_v_familiares` (
  `id_v_familiares_d_v_familiares` int(10) unsigned NOT NULL AUTO_INCREMENT,
  `cod_documento_vinculo_familiar` char(2) NOT NULL,
  `cod_vinculo_familiar` char(2) NOT NULL,
  PRIMARY KEY (`id_v_familiares_d_v_familiares`,`cod_documento_vinculo_familiar`,`cod_vinculo_familiar`),
  KEY `cod_vinculo_familiar` (`cod_vinculo_familiar`),
  KEY `cod_documento_vinculo_familiar` (`cod_documento_vinculo_familiar`),
  KEY `cod_documento_vinculo_familiar_2` (`cod_documento_vinculo_familiar`),
  KEY `cod_vinculo_familiar_2` (`cod_vinculo_familiar`)
) ENGINE=InnoDB  DEFAULT CHARSET=latin1 COMMENT='vinculos falimiares _ documentos_vinculos_familiares' AUTO_INCREMENT=12 ;

--
-- Dumping data for table `v_familiares_d_v_familiares`
--

INSERT INTO `v_familiares_d_v_familiares` (`id_v_familiares_d_v_familiares`, `cod_documento_vinculo_familiar`, `cod_vinculo_familiar`) VALUES
(5, '05', '02'),
(6, '06', '02'),
(7, '07', '02'),
(8, '08', '03'),
(9, '09', '03'),
(10, '11', '03'),
(1, '01', '04'),
(2, '02', '04'),
(3, '03', '04'),
(4, '04', '05'),
(11, '10', '06');

-- --------------------------------------------------------

--
-- Table structure for table `zonas`
--

CREATE TABLE IF NOT EXISTS `zonas` (
  `cod_zona` char(2) NOT NULL,
  `descripcion` varchar(30) DEFAULT NULL,
  PRIMARY KEY (`cod_zona`)
) ENGINE=InnoDB DEFAULT CHARSET=latin1 COMMENT='''TABLA 6: "ZONA"';

--
-- Dumping data for table `zonas`
--

INSERT INTO `zonas` (`cod_zona`, `descripcion`) VALUES
('0', '-'),
('01', 'URB. URBANIZACIÓN'),
('02', 'P.J. PUEBLO JOVEN'),
('03', 'U.V. UNIDAD VECINAL'),
('04', 'C.H. CONJUNTO HABITACIONAL'),
('05', 'A.H. ASENTAMIENTO HUMANO'),
('06', 'COO. COOPERATIVA'),
('07', 'RES. RESIDENCIAL'),
('08', 'Z.I. ZONA INDUSTRIAL'),
('09', 'GRU. GRUPO'),
('10', 'CAS. CASERÍO'),
('11', 'FND. FUNDO'),
('99', 'OTROS');

--
-- Constraints for dumped tables
--

--
-- Constraints for table `afectaciones`
--
ALTER TABLE `afectaciones`
  ADD CONSTRAINT `afectaciones_ibfk_1` FOREIGN KEY (`id_tabla_22`) REFERENCES `tabla_22` (`id_tabla_22`) ON DELETE CASCADE ON UPDATE CASCADE;

--
-- Constraints for table `coberturas_salud`
--
ALTER TABLE `coberturas_salud`
  ADD CONSTRAINT `coberturas_salud_ibfk_1` FOREIGN KEY (`id_personal_tercero`) REFERENCES `personales_terceros` (`id_personal_tercero`) ON DELETE CASCADE ON UPDATE CASCADE;

--
-- Constraints for table `conf_afp`
--
ALTER TABLE `conf_afp`
  ADD CONSTRAINT `conf_afp_ibfk_1` FOREIGN KEY (`cod_regimen_pensionario`) REFERENCES `regimenes_pensionarios` (`cod_regimen_pensionario`) ON DELETE CASCADE ON UPDATE CASCADE;

--
-- Constraints for table `c_ocupaciones_ocupaciones_p`
--
ALTER TABLE `c_ocupaciones_ocupaciones_p`
  ADD CONSTRAINT `c_ocupaciones_ocupaciones_p_ibfk_1` FOREIGN KEY (`cod_categorias_ocupacionales`) REFERENCES `categorias_ocupacionales` (`cod_categorias_ocupacionales`) ON DELETE CASCADE ON UPDATE CASCADE,
  ADD CONSTRAINT `c_ocupaciones_ocupaciones_p_ibfk_2` FOREIGN KEY (`cod_ocupacion_p`) REFERENCES `ocupaciones_p` (`cod_ocupacion_p`) ON DELETE CASCADE ON UPDATE CASCADE;

--
-- Constraints for table `declaraciones_dconceptos`
--
ALTER TABLE `declaraciones_dconceptos`
  ADD CONSTRAINT `declaraciones_dconceptos_ibfk_2` FOREIGN KEY (`cod_detalle_concepto`) REFERENCES `detalles_conceptos` (`cod_detalle_concepto`) ON DELETE CASCADE ON UPDATE CASCADE,
  ADD CONSTRAINT `declaraciones_dconceptos_ibfk_1` FOREIGN KEY (`id_trabajador_pdeclaracion`) REFERENCES `trabajadores_pdeclaraciones` (`id_trabajador_pdeclaracion`) ON DELETE CASCADE ON UPDATE CASCADE;

--
-- Constraints for table `derechohabientes`
--
ALTER TABLE `derechohabientes`
  ADD CONSTRAINT `derechohabientes_ibfk_1` FOREIGN KEY (`cod_tipo_documento`) REFERENCES `tipos_documentos` (`cod_tipo_documento`) ON DELETE CASCADE ON UPDATE CASCADE,
  ADD CONSTRAINT `derechohabientes_ibfk_2` FOREIGN KEY (`cod_pais_emisor_documento`) REFERENCES `paises_emisores_documentos` (`cod_pais_emisor_documento`) ON DELETE CASCADE ON UPDATE CASCADE,
  ADD CONSTRAINT `derechohabientes_ibfk_3` FOREIGN KEY (`cod_telefono_codigo_nacional`) REFERENCES `telefonos_codigos_nacionales` (`cod_telefono_codigo_nacional`) ON DELETE NO ACTION ON UPDATE NO ACTION,
  ADD CONSTRAINT `derechohabientes_ibfk_4` FOREIGN KEY (`id_persona`) REFERENCES `personas` (`id_persona`) ON DELETE CASCADE ON UPDATE CASCADE,
  ADD CONSTRAINT `derechohabientes_ibfk_5` FOREIGN KEY (`cod_vinculo_familiar`) REFERENCES `vinculos_familiares` (`cod_vinculo_familiar`) ON DELETE CASCADE ON UPDATE CASCADE,
  ADD CONSTRAINT `derechohabientes_ibfk_6` FOREIGN KEY (`cod_documento_vinculo_familiar`) REFERENCES `documentos_vinculos_familiares` (`cod_documento_vinculo_familiar`) ON DELETE CASCADE ON UPDATE CASCADE,
  ADD CONSTRAINT `derechohabientes_ibfk_7` FOREIGN KEY (`cod_situacion`) REFERENCES `situaciones` (`cod_situacion`) ON DELETE CASCADE ON UPDATE CASCADE,
  ADD CONSTRAINT `derechohabientes_ibfk_8` FOREIGN KEY (`cod_motivo_baja_derechohabiente`) REFERENCES `motivos_bajas_derechohabientes` (`cod_motivo_baja_derechohabiente`) ON DELETE CASCADE ON UPDATE CASCADE,
  ADD CONSTRAINT `derechohabientes_ibfk_9` FOREIGN KEY (`id_estado_civil`) REFERENCES `estados_civiles` (`id_estado_civil`);

--
-- Constraints for table `derechohabientes_direcciones`
--
ALTER TABLE `derechohabientes_direcciones`
  ADD CONSTRAINT `derechohabientes_direcciones_ibfk_1` FOREIGN KEY (`cod_via`) REFERENCES `vias` (`cod_via`),
  ADD CONSTRAINT `derechohabientes_direcciones_ibfk_2` FOREIGN KEY (`cod_zona`) REFERENCES `zonas` (`cod_zona`),
  ADD CONSTRAINT `derechohabientes_direcciones_ibfk_3` FOREIGN KEY (`id_derechohabiente`) REFERENCES `derechohabientes` (`id_derechohabiente`) ON DELETE CASCADE ON UPDATE CASCADE,
  ADD CONSTRAINT `derechohabientes_direcciones_ibfk_4` FOREIGN KEY (`cod_ubigeo_reniec`) REFERENCES `ubigeo_reniec` (`cod_ubigeo_reniec`) ON DELETE CASCADE ON UPDATE CASCADE;

--
-- Constraints for table `detalles_conceptos`
--
ALTER TABLE `detalles_conceptos`
  ADD CONSTRAINT `detalles_conceptos_ibfk_1` FOREIGN KEY (`cod_concepto`) REFERENCES `conceptos` (`cod_concepto`) ON DELETE CASCADE ON UPDATE CASCADE;

--
-- Constraints for table `detalles_conceptos_afectaciones_em`
--
ALTER TABLE `detalles_conceptos_afectaciones_em`
  ADD CONSTRAINT `detalles_conceptos_afectaciones_em_ibfk_1` FOREIGN KEY (`id_detalle_concepto_empleador_maestro`) REFERENCES `detalles_conceptos_empleadores_maestros` (`id_detalle_concepto_empleador_maestro`) ON DELETE CASCADE ON UPDATE CASCADE,
  ADD CONSTRAINT `detalles_conceptos_afectaciones_em_ibfk_2` FOREIGN KEY (`cod_afectacion`) REFERENCES `afectaciones` (`cod_afectacion`) ON DELETE CASCADE ON UPDATE CASCADE;

--
-- Constraints for table `detalles_conceptos_empleadores_maestros`
--
ALTER TABLE `detalles_conceptos_empleadores_maestros`
  ADD CONSTRAINT `detalles_conceptos_empleadores_maestros_ibfk_1` FOREIGN KEY (`id_empleador_maestro`) REFERENCES `empleadores_maestros` (`id_empleador_maestro`) ON DELETE CASCADE ON UPDATE CASCADE,
  ADD CONSTRAINT `detalles_conceptos_empleadores_maestros_ibfk_2` FOREIGN KEY (`cod_detalle_concepto`) REFERENCES `detalles_conceptos` (`cod_detalle_concepto`) ON DELETE CASCADE ON UPDATE CASCADE;

--
-- Constraints for table `detalle_conceptos_afectaciones`
--
ALTER TABLE `detalle_conceptos_afectaciones`
  ADD CONSTRAINT `detalle_conceptos_afectaciones_ibfk_1` FOREIGN KEY (`cod_detalle_concepto`) REFERENCES `detalles_conceptos` (`cod_detalle_concepto`) ON DELETE CASCADE ON UPDATE CASCADE,
  ADD CONSTRAINT `detalle_conceptos_afectaciones_ibfk_2` FOREIGN KEY (`cod_afectacion`) REFERENCES `afectaciones` (`cod_afectacion`) ON DELETE CASCADE ON UPDATE CASCADE;

--
-- Constraints for table `detalle_establecimiento`
--
ALTER TABLE `detalle_establecimiento`
  ADD CONSTRAINT `detalle_establecimiento_ibfk_1` FOREIGN KEY (`id_trabajador`) REFERENCES `trabajadores` (`id_trabajador`) ON DELETE CASCADE ON UPDATE CASCADE,
  ADD CONSTRAINT `detalle_establecimiento_ibfk_2` FOREIGN KEY (`id_establecimiento`) REFERENCES `establecimientos` (`id_establecimiento`) ON DELETE CASCADE ON UPDATE CASCADE;

--
-- Constraints for table `detalle_establecimientos_formacion`
--
ALTER TABLE `detalle_establecimientos_formacion`
  ADD CONSTRAINT `detalle_establecimientos_formacion_ibfk_1` FOREIGN KEY (`id_establecimiento`) REFERENCES `establecimientos` (`id_establecimiento`) ON DELETE CASCADE ON UPDATE CASCADE,
  ADD CONSTRAINT `detalle_establecimientos_formacion_ibfk_2` FOREIGN KEY (`id_personal_formacion_laboral`) REFERENCES `personales_formaciones_laborales` (`id_personal_formacion_laboral`) ON DELETE CASCADE ON UPDATE CASCADE;

--
-- Constraints for table `detalle_periodos_formativos`
--
ALTER TABLE `detalle_periodos_formativos`
  ADD CONSTRAINT `detalle_periodos_formativos_ibfk_1` FOREIGN KEY (`id_personal_formacion_laboral`) REFERENCES `personales_formaciones_laborales` (`id_personal_formacion_laboral`) ON DELETE CASCADE ON UPDATE CASCADE;

--
-- Constraints for table `detalle_periodos_laborales`
--
ALTER TABLE `detalle_periodos_laborales`
  ADD CONSTRAINT `detalle_periodos_laborales_ibfk_1` FOREIGN KEY (`id_trabajador`) REFERENCES `trabajadores` (`id_trabajador`) ON DELETE CASCADE ON UPDATE CASCADE,
  ADD CONSTRAINT `detalle_periodos_laborales_ibfk_2` FOREIGN KEY (`cod_motivo_baja_registro`) REFERENCES `motivos_bajas_registros` (`cod_motivo_baja_registro`) ON DELETE CASCADE ON UPDATE CASCADE,
  ADD CONSTRAINT `detalle_periodos_laborales_ibfk_3` FOREIGN KEY (`id_persona`) REFERENCES `personas` (`id_persona`) ON DELETE CASCADE ON UPDATE CASCADE;

--
-- Constraints for table `detalle_periodos_laborales_pensionistas`
--
ALTER TABLE `detalle_periodos_laborales_pensionistas`
  ADD CONSTRAINT `detalle_periodos_laborales_pensionistas_ibfk_1` FOREIGN KEY (`cod_motivo_baja_registro`) REFERENCES `motivos_bajas_registros` (`cod_motivo_baja_registro`) ON DELETE CASCADE ON UPDATE CASCADE,
  ADD CONSTRAINT `detalle_periodos_laborales_pensionistas_ibfk_2` FOREIGN KEY (`id_pensionista`) REFERENCES `pensionistas` (`id_pensionista`) ON DELETE CASCADE ON UPDATE CASCADE;

--
-- Constraints for table `detalle_regimenes_pensionarios`
--
ALTER TABLE `detalle_regimenes_pensionarios`
  ADD CONSTRAINT `detalle_regimenes_pensionarios_ibfk_1` FOREIGN KEY (`id_trabajador`) REFERENCES `trabajadores` (`id_trabajador`) ON DELETE CASCADE ON UPDATE CASCADE,
  ADD CONSTRAINT `detalle_regimenes_pensionarios_ibfk_2` FOREIGN KEY (`cod_regimen_pensionario`) REFERENCES `regimenes_pensionarios` (`cod_regimen_pensionario`) ON DELETE CASCADE ON UPDATE CASCADE,
  ADD CONSTRAINT `detalle_regimenes_pensionarios_ibfk_3` FOREIGN KEY (`id_persona`) REFERENCES `personas` (`id_persona`) ON DELETE CASCADE ON UPDATE CASCADE;

--
-- Constraints for table `detalle_regimenes_salud`
--
ALTER TABLE `detalle_regimenes_salud`
  ADD CONSTRAINT `detalle_regimenes_salud_ibfk_1` FOREIGN KEY (`id_trabajador`) REFERENCES `trabajadores` (`id_trabajador`) ON DELETE CASCADE ON UPDATE CASCADE,
  ADD CONSTRAINT `detalle_regimenes_salud_ibfk_2` FOREIGN KEY (`cod_regimen_aseguramiento_salud`) REFERENCES `regimenes_aseguramientos_salud` (`cod_regimen_aseguramiento_salud`) ON DELETE CASCADE ON UPDATE CASCADE,
  ADD CONSTRAINT `detalle_regimenes_salud_ibfk_3` FOREIGN KEY (`cod_eps`) REFERENCES `eps` (`cod_eps`) ON DELETE CASCADE ON UPDATE CASCADE,
  ADD CONSTRAINT `detalle_regimenes_salud_ibfk_4` FOREIGN KEY (`id_persona`) REFERENCES `personas` (`id_persona`) ON DELETE CASCADE ON UPDATE CASCADE;

--
-- Constraints for table `detalle_tipos_trabajadores`
--
ALTER TABLE `detalle_tipos_trabajadores`
  ADD CONSTRAINT `detalle_tipos_trabajadores_ibfk_1` FOREIGN KEY (`id_trabajador`) REFERENCES `trabajadores` (`id_trabajador`) ON DELETE CASCADE ON UPDATE CASCADE,
  ADD CONSTRAINT `detalle_tipos_trabajadores_ibfk_2` FOREIGN KEY (`cod_tipo_trabajador`) REFERENCES `tipos_trabajadores` (`cod_tipo_trabajador`) ON DELETE CASCADE ON UPDATE CASCADE,
  ADD CONSTRAINT `detalle_tipos_trabajadores_ibfk_3` FOREIGN KEY (`id_persona`) REFERENCES `personas` (`id_persona`) ON DELETE CASCADE ON UPDATE CASCADE;

--
-- Constraints for table `empleadores`
--
ALTER TABLE `empleadores`
  ADD CONSTRAINT `empleadores_ibfk_1` FOREIGN KEY (`cod_tipo_actividad`) REFERENCES `tipos_actividades` (`cod_tipo_actividad`) ON DELETE CASCADE ON UPDATE CASCADE,
  ADD CONSTRAINT `empleadores_ibfk_2` FOREIGN KEY (`cod_telefono_codigo_nacional`) REFERENCES `telefonos_codigos_nacionales` (`cod_telefono_codigo_nacional`) ON DELETE CASCADE ON UPDATE CASCADE,
  ADD CONSTRAINT `empleadores_ibfk_3` FOREIGN KEY (`id_tipo_empleador`) REFERENCES `tipos_empleadores` (`id_tipo_empleador`) ON DELETE CASCADE ON UPDATE CASCADE,
  ADD CONSTRAINT `empleadores_ibfk_4` FOREIGN KEY (`id_tipo_sociedad_comercial`) REFERENCES `tipos_sociedades_comerciales` (`id_tipo_sociedad_comercial`) ON DELETE CASCADE ON UPDATE CASCADE;

--
-- Constraints for table `empleadores_destaques`
--
ALTER TABLE `empleadores_destaques`
  ADD CONSTRAINT `empleadores_destaques_ibfk_1` FOREIGN KEY (`id_empleador`) REFERENCES `empleadores` (`id_empleador`) ON DELETE CASCADE ON UPDATE CASCADE,
  ADD CONSTRAINT `empleadores_destaques_ibfk_2` FOREIGN KEY (`id_empleador_maestro`) REFERENCES `empleadores_maestros` (`id_empleador_maestro`) ON DELETE CASCADE ON UPDATE CASCADE;

--
-- Constraints for table `empleadores_destaques_yourself`
--
ALTER TABLE `empleadores_destaques_yourself`
  ADD CONSTRAINT `empleadores_destaques_yourself_ibfk_1` FOREIGN KEY (`id_empleador`) REFERENCES `empleadores` (`id_empleador`),
  ADD CONSTRAINT `empleadores_destaques_yourself_ibfk_2` FOREIGN KEY (`id_empleador_maestro`) REFERENCES `empleadores_maestros` (`id_empleador_maestro`) ON DELETE CASCADE ON UPDATE CASCADE;

--
-- Constraints for table `empleadores_maestros`
--
ALTER TABLE `empleadores_maestros`
  ADD CONSTRAINT `empleadores_maestros_ibfk_1` FOREIGN KEY (`id_empleador`) REFERENCES `empleadores` (`id_empleador`) ON DELETE NO ACTION ON UPDATE NO ACTION;

--
-- Constraints for table `establecimientos`
--
ALTER TABLE `establecimientos`
  ADD CONSTRAINT `establecimientos_ibfk_1` FOREIGN KEY (`id_empleador`) REFERENCES `empleadores` (`id_empleador`) ON DELETE CASCADE ON UPDATE CASCADE,
  ADD CONSTRAINT `establecimientos_ibfk_2` FOREIGN KEY (`id_tipo_establecimiento`) REFERENCES `tipos_establecimientos` (`id_tipo_establecimiento`) ON DELETE CASCADE ON UPDATE CASCADE;

--
-- Constraints for table `establecimientos_centros_costos`
--
ALTER TABLE `establecimientos_centros_costos`
  ADD CONSTRAINT `establecimientos_centros_costos_ibfk_1` FOREIGN KEY (`id_establecimiento`) REFERENCES `establecimientos` (`id_establecimiento`) ON DELETE CASCADE ON UPDATE CASCADE,
  ADD CONSTRAINT `establecimientos_centros_costos_ibfk_2` FOREIGN KEY (`id_empresa_centro_costo`) REFERENCES `empresa_centro_costo` (`id_empresa_centro_costo`) ON DELETE CASCADE ON UPDATE CASCADE;

--
-- Constraints for table `establecimientos_direcciones`
--
ALTER TABLE `establecimientos_direcciones`
  ADD CONSTRAINT `establecimientos_direcciones_ibfk_1` FOREIGN KEY (`cod_via`) REFERENCES `vias` (`cod_via`) ON DELETE CASCADE ON UPDATE CASCADE,
  ADD CONSTRAINT `establecimientos_direcciones_ibfk_2` FOREIGN KEY (`cod_zona`) REFERENCES `zonas` (`cod_zona`) ON DELETE CASCADE ON UPDATE CASCADE,
  ADD CONSTRAINT `establecimientos_direcciones_ibfk_3` FOREIGN KEY (`id_establecimiento`) REFERENCES `establecimientos` (`id_establecimiento`) ON DELETE CASCADE ON UPDATE CASCADE,
  ADD CONSTRAINT `establecimientos_direcciones_ibfk_4` FOREIGN KEY (`cod_ubigeo_reniec`) REFERENCES `ubigeo_reniec` (`cod_ubigeo_reniec`) ON DELETE CASCADE ON UPDATE CASCADE;

--
-- Constraints for table `establecimientos_vinculados`
--
ALTER TABLE `establecimientos_vinculados`
  ADD CONSTRAINT `establecimientos_vinculados_ibfk_1` FOREIGN KEY (`id_establecimiento`) REFERENCES `establecimientos` (`id_establecimiento`) ON DELETE CASCADE ON UPDATE CASCADE,
  ADD CONSTRAINT `establecimientos_vinculados_ibfk_2` FOREIGN KEY (`id_empleador_destaque`) REFERENCES `empleadores_destaques` (`id_empleador_destaque`) ON DELETE CASCADE ON UPDATE CASCADE;

--
-- Constraints for table `etapas_pagos`
--
ALTER TABLE `etapas_pagos`
  ADD CONSTRAINT `etapas_pagos_ibfk_1` FOREIGN KEY (`id_pdeclaracion`) REFERENCES `pdeclaraciones` (`id_pdeclaracion`) ON DELETE CASCADE ON UPDATE CASCADE,
  ADD CONSTRAINT `etapas_pagos_ibfk_2` FOREIGN KEY (`cod_periodo_remuneracion`) REFERENCES `periodos_remuneraciones` (`cod_periodo_remuneracion`) ON DELETE CASCADE ON UPDATE CASCADE;

--
-- Constraints for table `lugares_destaques`
--
ALTER TABLE `lugares_destaques`
  ADD CONSTRAINT `lugares_destaques_ibfk_1` FOREIGN KEY (`id_personal_tercero`) REFERENCES `personales_terceros` (`id_personal_tercero`) ON DELETE CASCADE ON UPDATE CASCADE,
  ADD CONSTRAINT `lugares_destaques_ibfk_2` FOREIGN KEY (`id_establecimiento`) REFERENCES `establecimientos` (`id_establecimiento`) ON DELETE CASCADE ON UPDATE CASCADE;

--
-- Constraints for table `pagos`
--
ALTER TABLE `pagos`
  ADD CONSTRAINT `pagos_ibfk_3` FOREIGN KEY (`id_empresa_centro_costo`) REFERENCES `empresa_centro_costo` (`id_empresa_centro_costo`) ON DELETE CASCADE ON UPDATE CASCADE,
  ADD CONSTRAINT `pagos_ibfk_1` FOREIGN KEY (`id_trabajador`) REFERENCES `trabajadores` (`id_trabajador`) ON DELETE CASCADE ON UPDATE CASCADE,
  ADD CONSTRAINT `pagos_ibfk_2` FOREIGN KEY (`id_etapa_pago`) REFERENCES `etapas_pagos` (`id_etapa_pago`) ON DELETE CASCADE ON UPDATE CASCADE;

--
-- Constraints for table `pdeclaraciones`
--
ALTER TABLE `pdeclaraciones`
  ADD CONSTRAINT `pdeclaraciones_ibfk_1` FOREIGN KEY (`id_empleador_maestro`) REFERENCES `empleadores_maestros` (`id_empleador_maestro`) ON DELETE CASCADE ON UPDATE CASCADE;

--
-- Constraints for table `pdias_nosubsidiados`
--
ALTER TABLE `pdias_nosubsidiados`
  ADD CONSTRAINT `pdias_nosubsidiados_ibfk_1` FOREIGN KEY (`id_pago`) REFERENCES `pagos` (`id_pago`) ON DELETE CASCADE ON UPDATE CASCADE;

--
-- Constraints for table `pdias_subsidiados`
--
ALTER TABLE `pdias_subsidiados`
  ADD CONSTRAINT `pdias_subsidiados_ibfk_1` FOREIGN KEY (`id_pago`) REFERENCES `pagos` (`id_pago`) ON DELETE CASCADE ON UPDATE CASCADE;

--
-- Constraints for table `pensionistas`
--
ALTER TABLE `pensionistas`
  ADD CONSTRAINT `pensionistas_ibfk_1` FOREIGN KEY (`cod_tipo_trabajador`) REFERENCES `tipos_trabajadores` (`cod_tipo_trabajador`) ON DELETE CASCADE ON UPDATE CASCADE,
  ADD CONSTRAINT `pensionistas_ibfk_2` FOREIGN KEY (`cod_tipo_pago`) REFERENCES `tipos_pagos` (`cod_tipo_pago`) ON DELETE CASCADE ON UPDATE CASCADE,
  ADD CONSTRAINT `pensionistas_ibfk_3` FOREIGN KEY (`cod_regimen_pensionario`) REFERENCES `regimenes_pensionarios` (`cod_regimen_pensionario`) ON DELETE CASCADE ON UPDATE CASCADE,
  ADD CONSTRAINT `pensionistas_ibfk_4` FOREIGN KEY (`id_persona`) REFERENCES `personas` (`id_persona`) ON DELETE CASCADE ON UPDATE CASCADE,
  ADD CONSTRAINT `pensionistas_ibfk_5` FOREIGN KEY (`cod_situacion`) REFERENCES `situaciones` (`cod_situacion`) ON DELETE CASCADE ON UPDATE CASCADE;

--
-- Constraints for table `periodos_destaques`
--
ALTER TABLE `periodos_destaques`
  ADD CONSTRAINT `periodos_destaques_ibfk_1` FOREIGN KEY (`id_personal_tercero`) REFERENCES `personales_terceros` (`id_personal_tercero`) ON DELETE CASCADE ON UPDATE CASCADE;

--
-- Constraints for table `personales_formaciones_laborales`
--
ALTER TABLE `personales_formaciones_laborales`
  ADD CONSTRAINT `personales_formaciones_laborales_ibfk_1` FOREIGN KEY (`cod_nivel_educativo`) REFERENCES `niveles_educativos` (`cod_nivel_educativo`),
  ADD CONSTRAINT `personales_formaciones_laborales_ibfk_2` FOREIGN KEY (`id_persona`) REFERENCES `personas` (`id_persona`) ON DELETE CASCADE ON UPDATE CASCADE,
  ADD CONSTRAINT `personales_formaciones_laborales_ibfk_3` FOREIGN KEY (`id_modalidad_formativa`) REFERENCES `modalidades_formativas` (`id_modalidad_formativa`) ON DELETE CASCADE ON UPDATE CASCADE,
  ADD CONSTRAINT `personales_formaciones_laborales_ibfk_4` FOREIGN KEY (`id_ocupacion_2`) REFERENCES `ocupacion_2` (`id_ocupacion_2`) ON DELETE CASCADE ON UPDATE CASCADE,
  ADD CONSTRAINT `personales_formaciones_laborales_ibfk_5` FOREIGN KEY (`cod_situacion`) REFERENCES `situaciones` (`cod_situacion`) ON DELETE CASCADE ON UPDATE CASCADE;

--
-- Constraints for table `personales_terceros`
--
ALTER TABLE `personales_terceros`
  ADD CONSTRAINT `personales_terceros_ibfk_1` FOREIGN KEY (`id_persona`) REFERENCES `personas` (`id_persona`) ON DELETE CASCADE ON UPDATE CASCADE,
  ADD CONSTRAINT `personales_terceros_ibfk_2` FOREIGN KEY (`id_empleador_destaque_yoursef`) REFERENCES `empleadores_destaques_yourself` (`id_empleador_destaque_yoursef`) ON DELETE CASCADE ON UPDATE CASCADE,
  ADD CONSTRAINT `personales_terceros_ibfk_3` FOREIGN KEY (`cod_situacion`) REFERENCES `situaciones` (`cod_situacion`) ON DELETE CASCADE ON UPDATE CASCADE;

--
-- Constraints for table `personas`
--
ALTER TABLE `personas`
  ADD CONSTRAINT `personas_ibfk_1` FOREIGN KEY (`cod_tipo_documento`) REFERENCES `tipos_documentos` (`cod_tipo_documento`) ON DELETE CASCADE ON UPDATE CASCADE,
  ADD CONSTRAINT `personas_ibfk_2` FOREIGN KEY (`cod_pais_emisor_documento`) REFERENCES `paises_emisores_documentos` (`cod_pais_emisor_documento`) ON DELETE CASCADE ON UPDATE CASCADE,
  ADD CONSTRAINT `personas_ibfk_3` FOREIGN KEY (`cod_nacionalidad`) REFERENCES `nacionalidades` (`cod_nacionalidad`),
  ADD CONSTRAINT `personas_ibfk_4` FOREIGN KEY (`cod_telefono_codigo_nacional`) REFERENCES `telefonos_codigos_nacionales` (`cod_telefono_codigo_nacional`) ON DELETE NO ACTION ON UPDATE NO ACTION,
  ADD CONSTRAINT `personas_ibfk_5` FOREIGN KEY (`id_empleador`) REFERENCES `empleadores` (`id_empleador`) ON DELETE CASCADE ON UPDATE CASCADE,
  ADD CONSTRAINT `personas_ibfk_6` FOREIGN KEY (`id_estado_civil`) REFERENCES `estados_civiles` (`id_estado_civil`) ON DELETE CASCADE ON UPDATE CASCADE;

--
-- Constraints for table `personas_direcciones`
--
ALTER TABLE `personas_direcciones`
  ADD CONSTRAINT `personas_direcciones_ibfk_1` FOREIGN KEY (`cod_via`) REFERENCES `vias` (`cod_via`) ON DELETE CASCADE ON UPDATE CASCADE,
  ADD CONSTRAINT `personas_direcciones_ibfk_2` FOREIGN KEY (`cod_zona`) REFERENCES `zonas` (`cod_zona`),
  ADD CONSTRAINT `personas_direcciones_ibfk_3` FOREIGN KEY (`id_persona`) REFERENCES `personas` (`id_persona`) ON DELETE CASCADE ON UPDATE CASCADE,
  ADD CONSTRAINT `personas_direcciones_ibfk_4` FOREIGN KEY (`cod_ubigeo_reniec`) REFERENCES `ubigeo_reniec` (`cod_ubigeo_reniec`) ON DELETE CASCADE ON UPDATE CASCADE;

--
-- Constraints for table `pps_4tacategorias`
--
ALTER TABLE `pps_4tacategorias`
  ADD CONSTRAINT `pps_4tacategorias_ibfk_1` FOREIGN KEY (`id_pdeclaracion`) REFERENCES `pdeclaraciones` (`id_pdeclaracion`) ON DELETE CASCADE ON UPDATE CASCADE;

--
-- Constraints for table `pps_detalles_4tacategorias`
--
ALTER TABLE `pps_detalles_4tacategorias`
  ADD CONSTRAINT `pps_detalles_4tacategorias_ibfk_1` FOREIGN KEY (`id_ps_4tacategoria`) REFERENCES `pps_4tacategorias` (`id_ps_4tacategoria`);

--
-- Constraints for table `ptrabajadores`
--
ALTER TABLE `ptrabajadores`
  ADD CONSTRAINT `ptrabajadores_ibfk_1` FOREIGN KEY (`id_trabajador`) REFERENCES `trabajadores` (`id_trabajador`) ON DELETE CASCADE ON UPDATE CASCADE;

--
-- Constraints for table `servicios_prestados`
--
ALTER TABLE `servicios_prestados`
  ADD CONSTRAINT `servicios_prestados_ibfk_1` FOREIGN KEY (`cod_tipo_actividad`) REFERENCES `tipos_actividades` (`cod_tipo_actividad`) ON DELETE CASCADE ON UPDATE CASCADE,
  ADD CONSTRAINT `servicios_prestados_ibfk_2` FOREIGN KEY (`id_empleador_destaque`) REFERENCES `empleadores_destaques` (`id_empleador_destaque`) ON DELETE CASCADE ON UPDATE CASCADE;

--
-- Constraints for table `servicios_prestados_yourself`
--
ALTER TABLE `servicios_prestados_yourself`
  ADD CONSTRAINT `servicios_prestados_yourself_ibfk_1` FOREIGN KEY (`cod_tipo_actividad`) REFERENCES `tipos_actividades` (`cod_tipo_actividad`) ON DELETE CASCADE ON UPDATE CASCADE,
  ADD CONSTRAINT `servicios_prestados_yourself_ibfk_2` FOREIGN KEY (`id_empleador_destaque_yoursef`) REFERENCES `empleadores_destaques_yourself` (`id_empleador_destaque_yoursef`) ON DELETE CASCADE ON UPDATE CASCADE;

--
-- Constraints for table `trabajadores`
--
ALTER TABLE `trabajadores`
  ADD CONSTRAINT `trabajadores_ibfk_1` FOREIGN KEY (`cod_regimen_laboral`) REFERENCES `regimenes_laborales` (`cod_regimen_laboral`) ON DELETE CASCADE ON UPDATE CASCADE,
  ADD CONSTRAINT `trabajadores_ibfk_10` FOREIGN KEY (`id_persona`) REFERENCES `personas` (`id_persona`) ON DELETE CASCADE ON UPDATE CASCADE,
  ADD CONSTRAINT `trabajadores_ibfk_11` FOREIGN KEY (`id_ocupacion_2`) REFERENCES `ocupacion_2` (`id_ocupacion_2`) ON DELETE CASCADE ON UPDATE CASCADE,
  ADD CONSTRAINT `trabajadores_ibfk_12` FOREIGN KEY (`cod_situacion`) REFERENCES `situaciones` (`cod_situacion`) ON DELETE CASCADE ON UPDATE CASCADE,
  ADD CONSTRAINT `trabajadores_ibfk_13` FOREIGN KEY (`id_monto_remuneracion`) REFERENCES `montos_remuneraciones` (`id_monto_remuneracion`) ON DELETE CASCADE ON UPDATE CASCADE,
  ADD CONSTRAINT `trabajadores_ibfk_14` FOREIGN KEY (`id_empresa_centro_costo`) REFERENCES `empresa_centro_costo` (`id_empresa_centro_costo`) ON DELETE CASCADE ON UPDATE CASCADE,
  ADD CONSTRAINT `trabajadores_ibfk_2` FOREIGN KEY (`cod_nivel_educativo`) REFERENCES `niveles_educativos` (`cod_nivel_educativo`) ON DELETE CASCADE ON UPDATE CASCADE,
  ADD CONSTRAINT `trabajadores_ibfk_3` FOREIGN KEY (`cod_categorias_ocupacionales`) REFERENCES `categorias_ocupacionales` (`cod_categorias_ocupacionales`) ON DELETE CASCADE ON UPDATE CASCADE,
  ADD CONSTRAINT `trabajadores_ibfk_4` FOREIGN KEY (`cod_ocupacion_p`) REFERENCES `ocupaciones_p` (`cod_ocupacion_p`) ON DELETE CASCADE ON UPDATE CASCADE,
  ADD CONSTRAINT `trabajadores_ibfk_5` FOREIGN KEY (`cod_tipo_contrato`) REFERENCES `tipos_contratos` (`cod_tipo_contrato`) ON DELETE CASCADE ON UPDATE CASCADE,
  ADD CONSTRAINT `trabajadores_ibfk_6` FOREIGN KEY (`cod_tipo_pago`) REFERENCES `tipos_pagos` (`cod_tipo_pago`) ON DELETE CASCADE ON UPDATE CASCADE,
  ADD CONSTRAINT `trabajadores_ibfk_7` FOREIGN KEY (`cod_periodo_remuneracion`) REFERENCES `periodos_remuneraciones` (`cod_periodo_remuneracion`) ON DELETE CASCADE ON UPDATE CASCADE,
  ADD CONSTRAINT `trabajadores_ibfk_8` FOREIGN KEY (`id_establecimiento`) REFERENCES `establecimientos` (`id_establecimiento`),
  ADD CONSTRAINT `trabajadores_ibfk_9` FOREIGN KEY (`cod_convenio`) REFERENCES `convenios` (`cod_convenio`) ON DELETE CASCADE ON UPDATE CASCADE;

--
-- Constraints for table `trabajadores_pdeclaraciones`
--
ALTER TABLE `trabajadores_pdeclaraciones`
  ADD CONSTRAINT `trabajadores_pdeclaraciones_ibfk_2` FOREIGN KEY (`id_trabajador`) REFERENCES `trabajadores` (`id_trabajador`) ON DELETE CASCADE ON UPDATE CASCADE,
  ADD CONSTRAINT `trabajadores_pdeclaraciones_ibfk_1` FOREIGN KEY (`id_pdeclaracion`) REFERENCES `pdeclaraciones` (`id_pdeclaracion`) ON DELETE CASCADE ON UPDATE CASCADE;

--
-- Constraints for table `t_empleadores_c_ocupacionales`
--
ALTER TABLE `t_empleadores_c_ocupacionales`
  ADD CONSTRAINT `t_empleadores_c_ocupacionales_ibfk_1` FOREIGN KEY (`id_tipo_empleador`) REFERENCES `tipos_empleadores` (`id_tipo_empleador`) ON DELETE CASCADE ON UPDATE CASCADE,
  ADD CONSTRAINT `t_empleadores_c_ocupacionales_ibfk_2` FOREIGN KEY (`cod_categorias_ocupacionales`) REFERENCES `categorias_ocupacionales` (`cod_categorias_ocupacionales`) ON DELETE CASCADE ON UPDATE CASCADE;

--
-- Constraints for table `t_empleadores_r_pensionarios`
--
ALTER TABLE `t_empleadores_r_pensionarios`
  ADD CONSTRAINT `t_empleadores_r_pensionarios_ibfk_1` FOREIGN KEY (`id_tipo_empleador`) REFERENCES `tipos_empleadores` (`id_tipo_empleador`) ON DELETE CASCADE ON UPDATE CASCADE,
  ADD CONSTRAINT `t_empleadores_r_pensionarios_ibfk_2` FOREIGN KEY (`cod_regimen_pensionario`) REFERENCES `regimenes_pensionarios` (`cod_regimen_pensionario`) ON DELETE CASCADE ON UPDATE CASCADE;

--
-- Constraints for table `t_trabajadores_t_empleadores`
--
ALTER TABLE `t_trabajadores_t_empleadores`
  ADD CONSTRAINT `t_trabajadores_t_empleadores_ibfk_1` FOREIGN KEY (`cod_tipo_trabajador`) REFERENCES `tipos_trabajadores` (`cod_tipo_trabajador`) ON DELETE CASCADE ON UPDATE CASCADE,
  ADD CONSTRAINT `t_trabajadores_t_empleadores_ibfk_2` FOREIGN KEY (`id_tipo_empleador`) REFERENCES `tipos_empleadores` (`id_tipo_empleador`) ON DELETE CASCADE ON UPDATE CASCADE;

--
-- Constraints for table `ubigeo_reniec`
--
ALTER TABLE `ubigeo_reniec`
  ADD CONSTRAINT `ubigeo_reniec_ibfk_1` FOREIGN KEY (`cod_departamento`) REFERENCES `ubigeo_departamentos` (`cod_departamento`) ON DELETE CASCADE ON UPDATE CASCADE,
  ADD CONSTRAINT `ubigeo_reniec_ibfk_2` FOREIGN KEY (`cod_provincia`) REFERENCES `ubigeo_provincias` (`cod_provincia`) ON DELETE CASCADE ON UPDATE CASCADE;

--
-- Constraints for table `v_familiares_d_v_familiares`
--
ALTER TABLE `v_familiares_d_v_familiares`
  ADD CONSTRAINT `v_familiares_d_v_familiares_ibfk_1` FOREIGN KEY (`cod_documento_vinculo_familiar`) REFERENCES `documentos_vinculos_familiares` (`cod_documento_vinculo_familiar`) ON DELETE CASCADE ON UPDATE CASCADE,
  ADD CONSTRAINT `v_familiares_d_v_familiares_ibfk_2` FOREIGN KEY (`cod_vinculo_familiar`) REFERENCES `vinculos_familiares` (`cod_vinculo_familiar`) ON DELETE CASCADE ON UPDATE CASCADE;

/*!40101 SET CHARACTER_SET_CLIENT=@OLD_CHARACTER_SET_CLIENT */;
/*!40101 SET CHARACTER_SET_RESULTS=@OLD_CHARACTER_SET_RESULTS */;
/*!40101 SET COLLATION_CONNECTION=@OLD_COLLATION_CONNECTION */;
