

INSERT INTO `periodos_remuneraciones` (`cod_periodo_remuneracion`, `descripcion`) VALUES
(1, 'MENSUAL'),
(2, 'QUINCENAL'),
(3, 'SEMANAL'),
(4, 'DIARIA'),
(5, 'OTROS');

-- --------------------------------------------------------


INSERT INTO `ubigeo_departamentos` (`cod_departamento`, `descripcion`) VALUES
('0', '-'),
('01', 'DEPARTAMENTO AMAZONAS'),
('02', 'DEPARTAMENTO ANCASH'),
('03', 'DEPARTAMENTO APURIMAC'),
('04', 'DEPARTAMENTO AREQUIPA'),
('05', 'DEPARTAMENTO AYACUCHO'),
('06', 'DEPARTAMENTO CAJAMARCA'),
('07', 'DEPARTAMENTO CUSCO'),
('08', 'DEPARTAMENTO HUANCAVELICA'),
('09', 'DEPARTAMENTO HUANUCO'),
('10', 'DEPARTAMENTO ICA'),
('11', 'DEPARTAMENTO JUNIN'),
('12', 'DEPARTAMENTO LA LIBERTAD'),
('13', 'DEPARTAMENTO LAMBAYEQUE'),
('14', 'DEPARTAMENTO LIMA'),
('15', 'DEPARTAMENTO LORETO'),
('16', 'DEPARTAMENTO MADRE DE DIOS'),
('17', 'DEPARTAMENTO MOQUEGUA'),
('18', 'DEPARTAMENTO PASCO'),
('19', 'DEPARTAMENTO PIURA'),
('20', 'DEPARTAMENTO PUNO'),
('21', 'DEPARTAMENTO SAN MARTIN'),
('22', 'DEPARTAMENTO TACNA'),
('23', 'DEPARTAMENTO TUMBES'),
('24', 'PROV. CONST. DEL CALLAO'),
('25', 'DEPARTAMENTO UCAYALI');

-- --------------------------------------------------------


INSERT INTO `ubigeo_provincias` (`cod_provincia`, `descripcion`) VALUES
('0', '-'),
('0101', 'CHACHAPOYAS'),
('0102', 'BAGUA'),
('0103', 'BONGARA'),
('0104', 'LUYA'),
('0105', 'RODRIGUEZ DE MENDOZA'),
('0106', 'CONDORCANQUI'),
('0107', 'UTCUBAMBA'),
('0201', 'HUARAZ'),
('0202', 'AIJA'),
('0203', 'BOLOGNESI'),
('0204', 'CARHUAZ'),
('0205', 'CASMA'),
('0206', 'CORONGO'),
('0207', 'HUAYLAS'),
('0208', 'HUARI'),
('0209', 'MARISCAL LUZURIAGA'),
('0210', 'PALLASCA'),
('0211', 'POMABAMBA'),
('0212', 'RECUAY'),
('0213', 'SANTA'),
('0214', 'SIHUAS'),
('0215', 'YUNGAY'),
('0216', 'ANTONIO RAIMONDI'),
('0217', 'CARLOS FERMIN FITZCARRALD'),
('0218', 'ASUNCION'),
('0219', 'HUARMEY'),
('0220', 'OCROS'),
('0301', 'ABANCAY'),
('0302', 'AYMARAES'),
('0303', 'ANDAHUAYLAS'),
('0304', 'ANTABAMBA'),
('0305', 'COTABAMBAS'),
('0306', 'GRAU'),
('0307', 'CHINCHEROS'),
('0401', 'AREQUIPA'),
('0402', 'CAYLLOMA'),
('0403', 'CAMANA'),
('0404', 'CARAVELI'),
('0405', 'CASTILLA'),
('0406', 'CONDESUYOS'),
('0407', 'ISLAY'),
('0408', 'LA UNION'),
('0501', 'HUAMANGA'),
('0502', 'CANGALLO'),
('0503', 'HUANTA'),
('0504', 'LA MAR'),
('0505', 'LUCANAS'),
('0506', 'PARINACOCHAS'),
('0507', 'VICTOR FAJARDO'),
('0508', 'HUANCA SANCOS'),
('0509', 'VILCAS HUAMAN'),
('0510', 'PAUCAR DEL SARA SARA'),
('0511', 'SUCRE'),
('0601', 'CAJAMARCA'),
('0602', 'CAJABAMBA'),
('0603', 'CELENDIN'),
('0604', 'CONTUMAZA'),
('0605', 'CUTERVO'),
('0606', 'CHOTA'),
('0607', 'HUALGAYOC'),
('0608', 'JAEN'),
('0609', 'SANTA CRUZ'),
('0610', 'SAN MIGUEL'),
('0611', 'SAN IGNACIO'),
('0612', 'SAN MARCOS'),
('0613', 'SAN PABLO'),
('0701', 'CUSCO'),
('0702', 'ACOMAYO'),
('0703', 'ANTA'),
('0704', 'CALCA'),
('0705', 'CANAS'),
('0706', 'CANCHIS'),
('0707', 'CHUMBIVILCAS'),
('0708', 'ESPINAR'),
('0709', 'LA CONVENCION'),
('0710', 'PARURO'),
('0711', 'PAUCARTAMBO'),
('0712', 'QUISPICANCHIS'),
('0713', 'URUBAMBA'),
('0801', 'HUANCAVELICA'),
('0802', 'ACOBAMBA'),
('0803', 'ANGARAES'),
('0804', 'CASTROVIRREYNA'),
('0805', 'TAYACAJA'),
('0806', 'HUAYTARA'),
('0807', 'CHURCAMPA'),
('0901', 'HUANUCO'),
('0902', 'AMBO'),
('0903', 'DOS DE MAYO'),
('0904', 'HUAMALIES'),
('0905', 'MARANON'),
('0906', 'LEONCIO PRADO'),
('0907', 'PACHITEA'),
('0908', 'PUERTO INCA'),
('0909', 'HUACAYBAMBA'),
('0910', 'LAURICOCHA'),
('0911', 'YAROWILCA'),
('1001', 'ICA'),
('1002', 'CHINCHA'),
('1003', 'NAZCA'),
('1004', 'PISCO'),
('1005', 'PALPA'),
('1101', 'HUANCAYO'),
('1102', 'CONCEPCION'),
('1103', 'JAUJA'),
('1104', 'JUNIN'),
('1105', 'TARMA'),
('1106', 'YAULI'),
('1107', 'SATIPO'),
('1108', 'CHANCHAMAYO'),
('1109', 'CHUPACA'),
('1201', 'TRUJILLO'),
('1202', 'BOLIVAR'),
('1203', 'SANCHEZ CARRION'),
('1204', 'OTUZCO'),
('1205', 'PACASMAYO'),
('1206', 'PATAZ'),
('1207', 'SANTIAGO DE CHUCO'),
('1208', 'ASCOPE'),
('1209', 'CHEPEN'),
('1210', 'JULCAN'),
('1211', 'GRAN CHIMU'),
('1212', 'VIRU'),
('1301', 'CHICLAYO'),
('1302', 'FERRENAFE'),
('1303', 'LAMBAYEQUE'),
('1401', 'LIMA'),
('1402', 'CAJATAMBO'),
('1403', 'CANTA'),
('1404', 'CANETE'),
('1405', 'HUAURA'),
('1406', 'HUAROCHIRI'),
('1407', 'YAUYOS'),
('1408', 'HUARAL'),
('1409', 'BARRANCA'),
('1410', 'OYON'),
('1501', 'MAYNAS'),
('1502', 'ALTO AMAZONAS'),
('1503', 'LORETO'),
('1504', 'REQUENA'),
('1505', 'UCAYALI'),
('1506', 'MARISCAL RAMON CASTILLA'),
('1507', 'DATEM DEL MARA?ON'),
('1601', 'TAMBOPATA'),
('1602', 'MANU'),
('1603', 'TAHUAMANU'),
('1701', 'MARISCAL NIETO'),
('1702', 'GENERAL SANCHEZ CERRO'),
('1703', 'ILO'),
('1801', 'PASCO'),
('1802', 'DANIEL ALCIDES CARRION'),
('1803', 'OXAPAMPA'),
('1901', 'PIURA'),
('1902', 'AYABACA'),
('1903', 'HUANCABAMBA'),
('1904', 'MORROPON'),
('1905', 'PAITA'),
('1906', 'SULLANA'),
('1907', 'TALARA'),
('1908', 'SECHURA'),
('2001', 'PUNO'),
('2002', 'AZANGARO'),
('2003', 'CARABAYA'),
('2004', 'CHUCUITO'),
('2005', 'HUANCANE'),
('2006', 'LAMPA'),
('2007', 'MELGAR'),
('2008', 'SANDIA'),
('2009', 'SAN ROMAN'),
('2010', 'YUNGUYO'),
('2011', 'SAN ANTONIO DE PUTINA'),
('2012', 'EL COLLAO'),
('2013', 'MOHO'),
('2101', 'MOYOBAMBA'),
('2102', 'HUALLAGA'),
('2103', 'LAMAS'),
('2104', 'MARISCAL CACERES'),
('2105', 'RIOJA'),
('2106', 'SAN MARTIN'),
('2107', 'BELLAVISTA'),
('2108', 'TOCACHE'),
('2109', 'PICOTA'),
('2110', 'EL DORADO'),
('2201', 'TACNA'),
('2202', 'TARATA'),
('2203', 'JORGE BASADRE'),
('2204', 'CANDARAVE'),
('2301', 'TUMBES'),
('2302', 'CONTRALMIRANTE VILLAR'),
('2303', 'ZARUMILLA'),
('2401', 'CALLAO'),
('2501', 'CORONEL PORTILLO'),
('2502', 'PADRE ABAD'),
('2503', 'ATALAYA'),
('2504', 'PURUS');


INSERT INTO `ubigeo_reniec` (`cod_ubigeo_reniec`, `cod_departamento`, `cod_provincia`, `descripcion`) VALUES
('0', '0', '0', '-'),
('010101', '01', '0101', 'CHACHAPOYAS'),
('010102', '01', '0101', 'ASUNCION'),
('010103', '01', '0101', 'BALSAS'),
('010104', '01', '0101', 'CHETO'),
('010105', '01', '0101', 'CHILIQUIN'),
('010106', '01', '0101', 'CHUQUIBAMBA'),
('010107', '01', '0101', 'GRANADA'),
('010108', '01', '0101', 'HUANCAS'),
('010109', '01', '0101', 'LA JALCA'),
('010110', '01', '0101', 'LEIMEBAMBA'),
('010111', '01', '0101', 'LEVANTO'),
('010112', '01', '0101', 'MAGDALENA'),
('010113', '01', '0101', 'MARISCAL CASTILLA'),
('010114', '01', '0101', 'MOLINOPAMPA'),
('010115', '01', '0101', 'MONTEVIDEO'),
('010116', '01', '0101', 'OLLEROS'),
('010117', '01', '0101', 'QUINJALCA'),
('010118', '01', '0101', 'SAN FCO DE DAGUAS'),
('010119', '01', '0101', 'SAN ISIDRO DE MAINO'),
('010120', '01', '0101', 'SOLOCO'),
('010121', '01', '0101', 'SONCHE'),
('010201', '01', '0102', 'LA PECA'),
('010202', '01', '0102', 'ARAMANGO'),
('010203', '01', '0102', 'COPALLIN'),
('010204', '01', '0102', 'EL PARCO'),
('010205', '01', '0102', 'BAGUA'),
('010206', '01', '0102', 'IMAZA'),
('010301', '01', '0103', 'JUMBILLA'),
('010302', '01', '0103', 'COROSHA'),
('010303', '01', '0103', 'CUISPES'),
('010304', '01', '0103', 'CHISQUILLA'),
('010305', '01', '0103', 'CHURUJA'),
('010306', '01', '0103', 'FLORIDA'),
('010307', '01', '0103', 'RECTA'),
('010308', '01', '0103', 'SAN CARLOS'),
('010309', '01', '0103', 'SHIPASBAMBA'),
('010310', '01', '0103', 'VALERA'),
('010311', '01', '0103', 'YAMBRASBAMBA'),
('010312', '01', '0103', 'JAZAN'),
('010401', '01', '0104', 'LAMUD'),
('010402', '01', '0104', 'CAMPORREDONDO'),
('010403', '01', '0104', 'COCABAMBA'),
('010404', '01', '0104', 'COLCAMAR'),
('010405', '01', '0104', 'CONILA'),
('010406', '01', '0104', 'INGUILPATA'),
('010407', '01', '0104', 'LONGUITA'),
('010408', '01', '0104', 'LONYA CHICO'),
('010409', '01', '0104', 'LUYA'),
('010410', '01', '0104', 'LUYA VIEJO'),
('010411', '01', '0104', 'MARIA'),
('010412', '01', '0104', 'OCALLI'),
('010413', '01', '0104', 'OCUMAL'),
('010414', '01', '0104', 'PISUQUIA'),
('010415', '01', '0104', 'SAN CRISTOBAL'),
('010416', '01', '0104', 'SAN FRANCISCO DE YESO'),
('010417', '01', '0104', 'SAN JERONIMO'),
('010418', '01', '0104', 'SAN JUAN DE LOPECANCHA'),
('010419', '01', '0104', 'SANTA CATALINA'),
('010420', '01', '0104', 'SANTO TOMAS'),
('010421', '01', '0104', 'TINGO'),
('010422', '01', '0104', 'TRITA'),
('010423', '01', '0104', 'PROVIDENCIA'),
('010501', '01', '0105', 'SAN NICOLAS'),
('010502', '01', '0105', 'COCHAMAL'),
('010503', '01', '0105', 'CHIRIMOTO'),
('010504', '01', '0105', 'HUAMBO'),
('010505', '01', '0105', 'LIMABAMBA'),
('010506', '01', '0105', 'LONGAR'),
('010507', '01', '0105', 'MILPUC'),
('010508', '01', '0105', 'MCAL BENAVIDES'),
('010509', '01', '0105', 'OMIA'),
('010510', '01', '0105', 'SANTA ROSA'),
('010511', '01', '0105', 'TOTORA'),
('010512', '01', '0105', 'VISTA ALEGRE'),
('010601', '01', '0106', 'NIEVA'),
('010602', '01', '0106', 'RIO SANTIAGO'),
('010603', '01', '0106', 'EL CENEPA'),
('010701', '01', '0107', 'BAGUA GRANDE'),
('010702', '01', '0107', 'CAJARURO'),
('010703', '01', '0107', 'CUMBA'),
('010704', '01', '0107', 'EL MILAGRO'),
('010705', '01', '0107', 'JAMALCA'),
('010706', '01', '0107', 'LONYA GRANDE'),
('010707', '01', '0107', 'YAMON'),
('020101', '02', '0201', 'HUARAZ'),
('020102', '02', '0201', 'INDEPENDENCIA'),
('020103', '02', '0201', 'COCHABAMBA'),
('020104', '02', '0201', 'COLCABAMBA'),
('020105', '02', '0201', 'HUANCHAY'),
('020106', '02', '0201', 'JANGAS'),
('020107', '02', '0201', 'LA LIBERTAD'),
('020108', '02', '0201', 'OLLEROS'),
('020109', '02', '0201', 'PAMPAS'),
('020110', '02', '0201', 'PARIACOTO'),
('020111', '02', '0201', 'PIRA'),
('020112', '02', '0201', 'TARICA'),
('020201', '02', '0202', 'AIJA'),
('020203', '02', '0202', 'CORIS'),
('020205', '02', '0202', 'HUACLLAN'),
('020206', '02', '0202', 'LA MERCED'),
('020208', '02', '0202', 'SUCCHA'),
('020301', '02', '0203', 'CHIQUIAN'),
('020302', '02', '0203', 'A PARDO LEZAMETA'),
('020304', '02', '0203', 'AQUIA'),
('020305', '02', '0203', 'CAJACAY'),
('020310', '02', '0203', 'HUAYLLACAYAN'),
('020311', '02', '0203', 'HUASTA'),
('020313', '02', '0203', 'MANGAS'),
('020315', '02', '0203', 'PACLLON'),
('020317', '02', '0203', 'SAN MIGUEL DE CORPANQUI'),
('020320', '02', '0203', 'TICLLOS'),
('020321', '02', '0203', 'ANTONIO RAIMONDI'),
('020322', '02', '0203', 'CANIS'),
('020323', '02', '0203', 'COLQUIOC'),
('020324', '02', '0203', 'LA PRIMAVERA'),
('020325', '02', '0203', 'HUALLANCA'),
('020401', '02', '0204', 'CARHUAZ'),
('020402', '02', '0204', 'ACOPAMPA'),
('020403', '02', '0204', 'AMASHCA'),
('020404', '02', '0204', 'ANTA'),
('020405', '02', '0204', 'ATAQUERO'),
('020406', '02', '0204', 'MARCARA'),
('020407', '02', '0204', 'PARIAHUANCA'),
('020408', '02', '0204', 'SAN MIGUEL DE ACO'),
('020409', '02', '0204', 'SHILLA'),
('020410', '02', '0204', 'TINCO'),
('020411', '02', '0204', 'YUNGAR'),
('020501', '02', '0205', 'CASMA'),
('020502', '02', '0205', 'BUENA VISTA ALTA'),
('020503', '02', '0205', 'COMANDANTE NOEL'),
('020505', '02', '0205', 'YAUTAN'),
('020601', '02', '0206', 'CORONGO'),
('020602', '02', '0206', 'ACO'),
('020603', '02', '0206', 'BAMBAS'),
('020604', '02', '0206', 'CUSCA'),
('020605', '02', '0206', 'LA PAMPA'),
('020606', '02', '0206', 'YANAC'),
('020607', '02', '0206', 'YUPAN'),
('020701', '02', '0207', 'CARAZ'),
('020702', '02', '0207', 'HUALLANCA'),
('020703', '02', '0207', 'HUATA'),
('020704', '02', '0207', 'HUAYLAS'),
('020705', '02', '0207', 'MATO'),
('020706', '02', '0207', 'PAMPAROMAS'),
('020707', '02', '0207', 'PUEBLO LIBRE'),
('020708', '02', '0207', 'SANTA CRUZ'),
('020709', '02', '0207', 'YURACMARCA'),
('020710', '02', '0207', 'SANTO TORIBIO'),
('020801', '02', '0208', 'HUARI'),
('020802', '02', '0208', 'CAJAY'),
('020803', '02', '0208', 'CHAVIN DE HUANTAR'),
('020804', '02', '0208', 'HUACACHI'),
('020805', '02', '0208', 'HUACHIS'),
('020806', '02', '0208', 'HUACCHIS'),
('020807', '02', '0208', 'HUANTAR'),
('020808', '02', '0208', 'MASIN'),
('020809', '02', '0208', 'PAUCAS'),
('020810', '02', '0208', 'PONTO'),
('020811', '02', '0208', 'RAHUAPAMPA'),
('020812', '02', '0208', 'RAPAYAN'),
('020813', '02', '0208', 'SAN MARCOS'),
('020814', '02', '0208', 'SAN PEDRO DE CHANA'),
('020815', '02', '0208', 'UCO'),
('020816', '02', '0208', 'ANRA'),
('020901', '02', '0209', 'PISCOBAMBA'),
('020902', '02', '0209', 'CASCA'),
('020903', '02', '0209', 'LUCMA'),
('020904', '02', '0209', 'FIDEL OLIVAS ESCUDERO'),
('020905', '02', '0209', 'LLAMA'),
('020906', '02', '0209', 'LLUMPA'),
('020907', '02', '0209', 'MUSGA'),
('020908', '02', '0209', 'ELEAZAR GUZMAN BARRON'),
('021001', '02', '0210', 'CABANA'),
('021002', '02', '0210', 'BOLOGNESI'),
('021003', '02', '0210', 'CONCHUCOS'),
('021004', '02', '0210', 'HUACASCHUQUE'),
('021005', '02', '0210', 'HUANDOVAL'),
('021006', '02', '0210', 'LACABAMBA'),
('021007', '02', '0210', 'LLAPO'),
('021008', '02', '0210', 'PALLASCA'),
('021009', '02', '0210', 'PAMPAS'),
('021010', '02', '0210', 'SANTA ROSA'),
('021011', '02', '0210', 'TAUCA'),
('021101', '02', '0211', 'POMABAMBA'),
('021102', '02', '0211', 'HUAYLLAN'),
('021103', '02', '0211', 'PAROBAMBA'),
('021104', '02', '0211', 'QUINUABAMBA'),
('021201', '02', '0212', 'RECUAY'),
('021202', '02', '0212', 'COTAPARACO'),
('021203', '02', '0212', 'HUAYLLAPAMPA'),
('021204', '02', '0212', 'MARCA'),
('021205', '02', '0212', 'PAMPAS CHICO'),
('021206', '02', '0212', 'PARARIN'),
('021207', '02', '0212', 'TAPACOCHA'),
('021208', '02', '0212', 'TICAPAMPA'),
('021209', '02', '0212', 'LLACLLIN'),
('021210', '02', '0212', 'CATAC'),
('021301', '02', '0213', 'CHIMBOTE'),
('021302', '02', '0213', 'CACERES DEL PERU'),
('021303', '02', '0213', 'MACATE'),
('021304', '02', '0213', 'MORO'),
('021305', '02', '0213', 'NEPENA'),
('021306', '02', '0213', 'SAMANCO'),
('021307', '02', '0213', 'SANTA'),
('021308', '02', '0213', 'COISHCO'),
('021309', '02', '0213', 'NUEVO CHIMBOTE'),
('021401', '02', '0214', 'SIHUAS'),
('021402', '02', '0214', 'ALFONSO UGARTE'),
('021403', '02', '0214', 'CHINGALPO'),
('021404', '02', '0214', 'HUAYLLABAMBA'),
('021405', '02', '0214', 'QUICHES'),
('021406', '02', '0214', 'SICSIBAMBA'),
('021407', '02', '0214', 'ACOBAMBA'),
('021408', '02', '0214', 'CASHAPAMPA'),
('021409', '02', '0214', 'RAGASH'),
('021410', '02', '0214', 'SAN JUAN'),
('021501', '02', '0215', 'YUNGAY'),
('021502', '02', '0215', 'CASCAPARA'),
('021503', '02', '0215', 'MANCOS'),
('021504', '02', '0215', 'MATACOTO'),
('021505', '02', '0215', 'QUILLO'),
('021506', '02', '0215', 'RANRAHIRCA'),
('021507', '02', '0215', 'SHUPLUY'),
('021508', '02', '0215', 'YANAMA'),
('021601', '02', '0216', 'LLAMELLIN'),
('021602', '02', '0216', 'ACZO'),
('021603', '02', '0216', 'CHACCHO'),
('021604', '02', '0216', 'CHINGAS'),
('021605', '02', '0216', 'MIRGAS'),
('021606', '02', '0216', 'SAN JUAN DE RONTOY'),
('021701', '02', '0217', 'SAN LUIS'),
('021702', '02', '0217', 'YAUYA'),
('021703', '02', '0217', 'SAN NICOLAS'),
('021801', '02', '0218', 'CHACAS'),
('021802', '02', '0218', 'ACOCHACA'),
('021901', '02', '0219', 'HUARMEY'),
('021902', '02', '0219', 'COCHAPETI'),
('021903', '02', '0219', 'HUAYAN'),
('021904', '02', '0219', 'MALVAS'),
('021905', '02', '0219', 'CULEBRAS'),
('022001', '02', '0220', 'ACAS'),
('022002', '02', '0220', 'CAJAMARQUILLA'),
('022003', '02', '0220', 'CARHUAPAMPA'),
('022004', '02', '0220', 'COCHAS'),
('022005', '02', '0220', 'CONGAS'),
('022006', '02', '0220', 'LLIPA'),
('022007', '02', '0220', 'OCROS'),
('022008', '02', '0220', 'SAN CRISTOBAL DE RAJAN'),
('022009', '02', '0220', 'SAN PEDRO'),
('022010', '02', '0220', 'SANTIAGO DE CHILCAS'),
('030101', '03', '0301', 'ABANCAY'),
('030102', '03', '0301', 'CIRCA'),
('030103', '03', '0301', 'CURAHUASI'),
('030104', '03', '0301', 'CHACOCHE'),
('030105', '03', '0301', 'HUANIPACA'),
('030106', '03', '0301', 'LAMBRAMA'),
('030107', '03', '0301', 'PICHIRHUA'),
('030108', '03', '0301', 'SAN PEDRO DE CACHORA'),
('030109', '03', '0301', 'TAMBURCO'),
('030201', '03', '0302', 'CHALHUANCA'),
('030202', '03', '0302', 'CAPAYA'),
('030203', '03', '0302', 'CARAYBAMBA'),
('030204', '03', '0302', 'COLCABAMBA'),
('030205', '03', '0302', 'COTARUSE'),
('030206', '03', '0302', 'CHAPIMARCA'),
('030207', '03', '0302', 'IHUAYLLO'),
('030208', '03', '0302', 'LUCRE'),
('030209', '03', '0302', 'POCOHUANCA'),
('030210', '03', '0302', 'SANAICA'),
('030211', '03', '0302', 'SORAYA'),
('030212', '03', '0302', 'TAPAIRIHUA'),
('030213', '03', '0302', 'TINTAY'),
('030214', '03', '0302', 'TORAYA'),
('030215', '03', '0302', 'YANACA'),
('030216', '03', '0302', 'SAN JUAN DE CHACNA'),
('030217', '03', '0302', 'JUSTO APU SAHUARAURA'),
('030301', '03', '0303', 'ANDAHUAYLAS'),
('030302', '03', '0303', 'ANDARAPA'),
('030303', '03', '0303', 'CHIARA'),
('030304', '03', '0303', 'HUANCARAMA'),
('030305', '03', '0303', 'HUANCARAY'),
('030306', '03', '0303', 'KISHUARA'),
('030307', '03', '0303', 'PACOBAMBA'),
('030308', '03', '0303', 'PAMPACHIRI'),
('030309', '03', '0303', 'SAN ANTONIO DE CACHI'),
('030310', '03', '0303', 'SAN JERONIMO'),
('030311', '03', '0303', 'TALAVERA'),
('030312', '03', '0303', 'TURPO'),
('030313', '03', '0303', 'PACUCHA'),
('030314', '03', '0303', 'POMACOCHA'),
('030315', '03', '0303', 'STA MARIA DE CHICMO'),
('030316', '03', '0303', 'TUMAY HUARACA'),
('030317', '03', '0303', 'HUAYANA'),
('030318', '03', '0303', 'SAN MIGUEL DE CHACCRAMPA'),
('030319', '03', '0303', 'KAQUIABAMBA'),
('030401', '03', '0304', 'ANTABAMBA'),
('030402', '03', '0304', 'EL ORO'),
('030403', '03', '0304', 'HUAQUIRCA'),
('030404', '03', '0304', 'JUAN ESPINOZA MEDRANO'),
('030405', '03', '0304', 'OROPESA'),
('030406', '03', '0304', 'PACHACONAS'),
('030407', '03', '0304', 'SABAINO'),
('030501', '03', '0305', 'TAMBOBAMBA'),
('030502', '03', '0305', 'COYLLURQUI'),
('030503', '03', '0305', 'COTABAMBAS'),
('030504', '03', '0305', 'HAQUIRA'),
('030505', '03', '0305', 'MARA'),
('030506', '03', '0305', 'CHALLHUAHUACHO'),
('030601', '03', '0306', 'CHUQUIBAMBILLA'),
('030602', '03', '0306', 'CURPAHUASI'),
('030603', '03', '0306', 'HUAILLATI'),
('030604', '03', '0306', 'MAMARA'),
('030605', '03', '0306', 'MARISCAL GAMARRA'),
('030606', '03', '0306', 'MICAELA BASTIDAS'),
('030607', '03', '0306', 'PROGRESO'),
('030608', '03', '0306', 'PATAYPAMPA'),
('030609', '03', '0306', 'SAN ANTONIO'),
('030610', '03', '0306', 'TURPAY'),
('030611', '03', '0306', 'VILCABAMBA'),
('030612', '03', '0306', 'VIRUNDO'),
('030613', '03', '0306', 'SANTA ROSA'),
('030614', '03', '0306', 'CURASCO'),
('030701', '03', '0307', 'CHINCHEROS'),
('030702', '03', '0307', 'ONGOY'),
('030703', '03', '0307', 'OCOBAMBA'),
('030704', '03', '0307', 'COCHARCAS'),
('030705', '03', '0307', 'ANCO HUALLO'),
('030706', '03', '0307', 'HUACCANA'),
('030707', '03', '0307', 'URANMARCA'),
('030708', '03', '0307', 'RANRACANCHA'),
('040101', '04', '0401', 'AREQUIPA'),
('040102', '04', '0401', 'CAYMA'),
('040103', '04', '0401', 'CERRO COLORADO'),
('040104', '04', '0401', 'CHARACATO'),
('040105', '04', '0401', 'CHIGUATA'),
('040106', '04', '0401', 'LA JOYA'),
('040107', '04', '0401', 'MIRAFLORES'),
('040108', '04', '0401', 'MOLLEBAYA'),
('040109', '04', '0401', 'PAUCARPATA'),
('040110', '04', '0401', 'POCSI'),
('040111', '04', '0401', 'POLOBAYA'),
('040112', '04', '0401', 'QUEQUENA'),
('040113', '04', '0401', 'SABANDIA'),
('040114', '04', '0401', 'SACHACA'),
('040115', '04', '0401', 'SAN JUAN DE SIGUAS'),
('040116', '04', '0401', 'SAN JUAN DE TARUCANI'),
('040117', '04', '0401', 'SANTA ISABEL DE SIGUAS'),
('040118', '04', '0401', 'STA RITA DE SIGUAS'),
('040119', '04', '0401', 'SOCABAYA'),
('040120', '04', '0401', 'TIABAYA'),
('040121', '04', '0401', 'UCHUMAYO'),
('040122', '04', '0401', 'VITOR'),
('040123', '04', '0401', 'YANAHUARA'),
('040124', '04', '0401', 'YARABAMBA'),
('040125', '04', '0401', 'YURA'),
('040126', '04', '0401', 'MARIANO MELGAR'),
('040127', '04', '0401', 'JACOBO HUNTER'),
('040128', '04', '0401', 'ALTO SELVA ALEGRE'),
('040129', '04', '0401', 'JOSE LUIS BUSTAMANTE Y RIVERO'),
('040201', '04', '0402', 'CHIVAY'),
('040202', '04', '0402', 'ACHOMA'),
('040203', '04', '0402', 'CABANACONDE'),
('040204', '04', '0402', 'CAYLLOMA'),
('040205', '04', '0402', 'CALLALLI'),
('040206', '04', '0402', 'COPORAQUE'),
('040207', '04', '0402', 'HUAMBO'),
('040208', '04', '0402', 'HUANCA'),
('040209', '04', '0402', 'ICHUPAMPA'),
('040210', '04', '0402', 'LARI'),
('040211', '04', '0402', 'LLUTA'),
('040212', '04', '0402', 'MACA'),
('040213', '04', '0402', 'MADRIGAL'),
('040214', '04', '0402', 'SAN ANTONIO DE CHUCA'),
('040215', '04', '0402', 'SIBAYO'),
('040216', '04', '0402', 'TAPAY'),
('040217', '04', '0402', 'TISCO'),
('040218', '04', '0402', 'TUTI'),
('040219', '04', '0402', 'YANQUE'),
('040220', '04', '0402', 'MAJES'),
('040301', '04', '0403', 'CAMANA'),
('040302', '04', '0403', 'JOSE MARIA QUIMPER'),
('040303', '04', '0403', 'MARIANO N VALCARCEL'),
('040304', '04', '0403', 'MARISCAL CACERES'),
('040305', '04', '0403', 'NICOLAS DE PIEROLA'),
('040306', '04', '0403', 'OCONA'),
('040307', '04', '0403', 'QUILCA'),
('040308', '04', '0403', 'SAMUEL PASTOR'),
('040401', '04', '0404', 'CARAVELI'),
('040402', '04', '0404', 'ACARI'),
('040403', '04', '0404', 'ATICO'),
('040404', '04', '0404', 'ATIQUIPA'),
('040405', '04', '0404', 'BELLA UNION'),
('040406', '04', '0404', 'CAHUACHO'),
('040407', '04', '0404', 'CHALA'),
('040408', '04', '0404', 'CHAPARRA'),
('040409', '04', '0404', 'HUANUHUANU'),
('040410', '04', '0404', 'JAQUI'),
('040411', '04', '0404', 'LOMAS'),
('040412', '04', '0404', 'QUICACHA'),
('040413', '04', '0404', 'YAUCA'),
('040501', '04', '0405', 'APLAO'),
('040502', '04', '0405', 'ANDAGUA'),
('040503', '04', '0405', 'AYO'),
('040504', '04', '0405', 'CHACHAS'),
('040505', '04', '0405', 'CHILCAYMARCA'),
('040506', '04', '0405', 'CHOCO'),
('040507', '04', '0405', 'HUANCARQUI'),
('040508', '04', '0405', 'MACHAGUAY'),
('040509', '04', '0405', 'ORCOPAMPA'),
('040510', '04', '0405', 'PAMPACOLCA'),
('040511', '04', '0405', 'TIPAN'),
('040512', '04', '0405', 'URACA'),
('040513', '04', '0405', 'UNON'),
('040514', '04', '0405', 'VIRACO'),
('040601', '04', '0406', 'CHUQUIBAMBA'),
('040602', '04', '0406', 'ANDARAY'),
('040603', '04', '0406', 'CAYARANI'),
('040604', '04', '0406', 'CHICHAS'),
('040605', '04', '0406', 'IRAY'),
('040606', '04', '0406', 'SALAMANCA'),
('040607', '04', '0406', 'YANAQUIHUA'),
('040608', '04', '0406', 'RIO GRANDE'),
('040701', '04', '0407', 'MOLLENDO'),
('040702', '04', '0407', 'COCACHACRA'),
('040703', '04', '0407', 'DEAN VALDIVIA'),
('040704', '04', '0407', 'ISLAY'),
('040705', '04', '0407', 'MEJIA'),
('040706', '04', '0407', 'PUNTA DE BOMBON'),
('040801', '04', '0408', 'COTAHUASI'),
('040802', '04', '0408', 'ALCA'),
('040803', '04', '0408', 'CHARCANA'),
('040804', '04', '0408', 'HUAYNACOTAS'),
('040805', '04', '0408', 'PAMPAMARCA'),
('040806', '04', '0408', 'PUYCA'),
('040807', '04', '0408', 'QUECHUALLA'),
('040808', '04', '0408', 'SAYLA'),
('040809', '04', '0408', 'TAURIA'),
('040810', '04', '0408', 'TOMEPAMPA'),
('040811', '04', '0408', 'TORO'),
('050101', '05', '0501', 'AYACUCHO'),
('050102', '05', '0501', 'ACOS VINCHOS'),
('050103', '05', '0501', 'CARMEN ALTO'),
('050104', '05', '0501', 'CHIARA'),
('050105', '05', '0501', 'QUINUA'),
('050106', '05', '0501', 'SAN JOSE DE TICLLAS'),
('050107', '05', '0501', 'SAN JUAN BAUTISTA'),
('050108', '05', '0501', 'SANTIAGO DE PISCHA'),
('050109', '05', '0501', 'VINCHOS'),
('050110', '05', '0501', 'TAMBILLO'),
('050111', '05', '0501', 'ACOCRO'),
('050112', '05', '0501', 'SOCOS'),
('050113', '05', '0501', 'OCROS'),
('050114', '05', '0501', 'PACAYCASA'),
('050115', '05', '0501', 'JESUS NAZARENO'),
('050201', '05', '0502', 'CANGALLO'),
('050204', '05', '0502', 'CHUSCHI'),
('050206', '05', '0502', 'LOS MOROCHUCOS'),
('050207', '05', '0502', 'PARAS'),
('050208', '05', '0502', 'TOTOS'),
('050211', '05', '0502', 'MARIA PARADO DE BELLIDO'),
('050301', '05', '0503', 'HUANTA'),
('050302', '05', '0503', 'AYAHUANCO'),
('050303', '05', '0503', 'HUAMANGUILLA'),
('050304', '05', '0503', 'IGUAIN'),
('050305', '05', '0503', 'LURICOCHA'),
('050307', '05', '0503', 'SANTILLANA'),
('050308', '05', '0503', 'SIVIA'),
('050309', '05', '0503', 'LLOCHEGUA'),
('050401', '05', '0504', 'SAN MIGUEL'),
('050402', '05', '0504', 'ANCO'),
('050403', '05', '0504', 'AYNA'),
('050404', '05', '0504', 'CHILCAS'),
('050405', '05', '0504', 'CHUNGUI'),
('050406', '05', '0504', 'TAMBO'),
('050407', '05', '0504', 'LUIS CARRANZA'),
('050408', '05', '0504', 'SANTA ROSA'),
('050501', '05', '0505', 'PUQUIO'),
('050502', '05', '0505', 'AUCARA'),
('050503', '05', '0505', 'CABANA'),
('050504', '05', '0505', 'CARMEN SALCEDO'),
('050506', '05', '0505', 'CHAVINA'),
('050508', '05', '0505', 'CHIPAO'),
('050510', '05', '0505', 'HUAC-HUAS'),
('050511', '05', '0505', 'LARAMATE'),
('050512', '05', '0505', 'LEONCIO PRADO'),
('050513', '05', '0505', 'LUCANAS'),
('050514', '05', '0505', 'LLAUTA'),
('050516', '05', '0505', 'OCANA'),
('050517', '05', '0505', 'OTOCA'),
('050520', '05', '0505', 'SANCOS'),
('050521', '05', '0505', 'SAN JUAN'),
('050522', '05', '0505', 'SAN PEDRO'),
('050524', '05', '0505', 'STA ANA DE HUAYCAHUACHO'),
('050525', '05', '0505', 'SANTA LUCIA'),
('050529', '05', '0505', 'SAISA'),
('050531', '05', '0505', 'SAN PEDRO DE PALCO'),
('050532', '05', '0505', 'SAN CRISTOBAL'),
('050601', '05', '0506', 'CORACORA'),
('050604', '05', '0506', 'CORONEL CASTANEDA'),
('050605', '05', '0506', 'CHUMPI'),
('050608', '05', '0506', 'PACAPAUSA'),
('050611', '05', '0506', 'PULLO'),
('050612', '05', '0506', 'PUYUSCA'),
('050615', '05', '0506', 'SAN FCO DE RAVACAYCO'),
('050616', '05', '0506', 'UPAHUACHO'),
('050701', '05', '0507', 'HUANCAPI'),
('050702', '05', '0507', 'ALCAMENCA'),
('050703', '05', '0507', 'APONGO'),
('050704', '05', '0507', 'CANARIA'),
('050706', '05', '0507', 'CAYARA'),
('050707', '05', '0507', 'COLCA'),
('050708', '05', '0507', 'HUAYA'),
('050709', '05', '0507', 'HUAMANQUIQUIA'),
('050710', '05', '0507', 'HUANCARAYLLA'),
('050713', '05', '0507', 'SARHUA'),
('050714', '05', '0507', 'VILCANCHOS'),
('050715', '05', '0507', 'ASQUIPATA'),
('050801', '05', '0508', 'SANCOS'),
('050802', '05', '0508', 'SACSAMARCA'),
('050803', '05', '0508', 'SANTIAGO DE LUCANAMARCA'),
('050804', '05', '0508', 'CARAPO'),
('050901', '05', '0509', 'VILCAS HUAMAN'),
('050902', '05', '0509', 'VISCHONGO'),
('050903', '05', '0509', 'ACCOMARCA'),
('050904', '05', '0509', 'CARHUANCA'),
('050905', '05', '0509', 'CONCEPCION'),
('050906', '05', '0509', 'HUAMBALPA'),
('050907', '05', '0509', 'SAURAMA'),
('050908', '05', '0509', 'INDEPENDENCIA'),
('051001', '05', '0510', 'PAUSA'),
('051002', '05', '0510', 'COLTA'),
('051003', '05', '0510', 'CORCULLA'),
('051004', '05', '0510', 'LAMPA'),
('051005', '05', '0510', 'MARCABAMBA'),
('051006', '05', '0510', 'OYOLO'),
('051007', '05', '0510', 'PARARCA'),
('051008', '05', '0510', 'SAN JAVIER DE ALPABAMBA'),
('051009', '05', '0510', 'SAN JOSE DE USHUA'),
('051010', '05', '0510', 'SARA SARA'),
('051101', '05', '0511', 'QUEROBAMBA'),
('051102', '05', '0511', 'BELEN'),
('051103', '05', '0511', 'CHALCOS'),
('051104', '05', '0511', 'SAN SALVADOR DE QUIJE'),
('051105', '05', '0511', 'PAICO'),
('051106', '05', '0511', 'SANTIAGO DE PAUCARAY'),
('051107', '05', '0511', 'SAN PEDRO DE LARCAY'),
('051108', '05', '0511', 'SORAS'),
('051109', '05', '0511', 'HUACANA'),
('051110', '05', '0511', 'CHILCAYOC'),
('051111', '05', '0511', 'MORCOLLA'),
('060101', '06', '0601', 'CAJAMARCA'),
('060102', '06', '0601', 'ASUNCION'),
('060103', '06', '0601', 'COSPAN'),
('060104', '06', '0601', 'CHETILLA'),
('060105', '06', '0601', 'ENCANADA'),
('060106', '06', '0601', 'JESUS'),
('060107', '06', '0601', 'LOS BANOS DEL INCA'),
('060108', '06', '0601', 'LLACANORA'),
('060109', '06', '0601', 'MAGDALENA'),
('060110', '06', '0601', 'MATARA'),
('060111', '06', '0601', 'NAMORA'),
('060112', '06', '0601', 'SAN JUAN'),
('060201', '06', '0602', 'CAJABAMBA'),
('060202', '06', '0602', 'CACHACHI'),
('060203', '06', '0602', 'CONDEBAMBA'),
('060205', '06', '0602', 'SITACOCHA'),
('060301', '06', '0603', 'CELENDIN'),
('060302', '06', '0603', 'CORTEGANA'),
('060303', '06', '0603', 'CHUMUCH'),
('060304', '06', '0603', 'HUASMIN'),
('060305', '06', '0603', 'JORGE CHAVEZ'),
('060306', '06', '0603', 'JOSE GALVEZ'),
('060307', '06', '0603', 'MIGUEL IGLESIAS'),
('060308', '06', '0603', 'OXAMARCA'),
('060309', '06', '0603', 'SOROCHUCO'),
('060310', '06', '0603', 'SUCRE'),
('060311', '06', '0603', 'UTCO'),
('060312', '06', '0603', 'LA LIBERTAD DE PALLAN'),
('060401', '06', '0604', 'CONTUMAZA'),
('060403', '06', '0604', 'CHILETE'),
('060404', '06', '0604', 'GUZMANGO'),
('060405', '06', '0604', 'SAN BENITO'),
('060406', '06', '0604', 'CUPISNIQUE'),
('060407', '06', '0604', 'TANTARICA'),
('060408', '06', '0604', 'YONAN'),
('060409', '06', '0604', 'STA CRUZ DE TOLEDO'),
('060501', '06', '0605', 'CUTERVO'),
('060502', '06', '0605', 'CALLAYUC'),
('060503', '06', '0605', 'CUJILLO'),
('060504', '06', '0605', 'CHOROS'),
('060505', '06', '0605', 'LA RAMADA'),
('060506', '06', '0605', 'PIMPINGOS'),
('060507', '06', '0605', 'QUEROCOTILLO'),
('060508', '06', '0605', 'SAN ANDRES DE CUTERVO'),
('060509', '06', '0605', 'SAN JUAN DE CUTERVO'),
('060510', '06', '0605', 'SAN LUIS DE LUCMA'),
('060511', '06', '0605', 'SANTA CRUZ'),
('060512', '06', '0605', 'SANTO DOMINGO DE LA CAPILLA'),
('060513', '06', '0605', 'SANTO TOMAS'),
('060514', '06', '0605', 'SOCOTA'),
('060515', '06', '0605', 'TORIBIO CASANOVA'),
('060601', '06', '0606', 'CHOTA'),
('060602', '06', '0606', 'ANGUIA'),
('060603', '06', '0606', 'COCHABAMBA'),
('060604', '06', '0606', 'CONCHAN'),
('060605', '06', '0606', 'CHADIN'),
('060606', '06', '0606', 'CHIGUIRIP'),
('060607', '06', '0606', 'CHIMBAN'),
('060608', '06', '0606', 'HUAMBOS'),
('060609', '06', '0606', 'LAJAS'),
('060610', '06', '0606', 'LLAMA'),
('060611', '06', '0606', 'MIRACOSTA'),
('060612', '06', '0606', 'PACCHA'),
('060613', '06', '0606', 'PION'),
('060614', '06', '0606', 'QUEROCOTO'),
('060615', '06', '0606', 'TACABAMBA'),
('060616', '06', '0606', 'TOCMOCHE'),
('060617', '06', '0606', 'SAN JUAN DE LICUPIS'),
('060618', '06', '0606', 'CHOROPAMPA'),
('060619', '06', '0606', 'CHALAMARCA'),
('060701', '06', '0607', 'BAMBAMARCA'),
('060702', '06', '0607', 'CHUGUR'),
('060703', '06', '0607', 'HUALGAYOC'),
('060801', '06', '0608', 'JAEN'),
('060802', '06', '0608', 'BELLAVISTA'),
('060803', '06', '0608', 'COLASAY'),
('060804', '06', '0608', 'CHONTALI'),
('060805', '06', '0608', 'POMAHUACA'),
('060806', '06', '0608', 'PUCARA'),
('060807', '06', '0608', 'SALLIQUE'),
('060808', '06', '0608', 'SAN FELIPE'),
('060809', '06', '0608', 'SAN JOSE DEL ALTO'),
('060810', '06', '0608', 'SANTA ROSA'),
('060811', '06', '0608', 'LAS PIRIAS'),
('060812', '06', '0608', 'HUABAL'),
('060901', '06', '0609', 'SANTA CRUZ'),
('060902', '06', '0609', 'CATACHE'),
('060903', '06', '0609', 'CHANCAIBANOS'),
('060904', '06', '0609', 'LA ESPERANZA'),
('060905', '06', '0609', 'NINABAMBA'),
('060906', '06', '0609', 'PULAN'),
('060907', '06', '0609', 'SEXI'),
('060908', '06', '0609', 'UTICYACU'),
('060909', '06', '0609', 'YAUYUCAN'),
('060910', '06', '0609', 'ANDABAMBA'),
('060911', '06', '0609', 'SAUCEPAMPA'),
('061001', '06', '0610', 'SAN MIGUEL'),
('061002', '06', '0610', 'CALQUIS'),
('061003', '06', '0610', 'LA FLORIDA'),
('061004', '06', '0610', 'LLAPA'),
('061005', '06', '0610', 'NANCHOC'),
('061006', '06', '0610', 'NIEPOS'),
('061007', '06', '0610', 'SAN GREGORIO'),
('061008', '06', '0610', 'SAN SILVESTRE DE COCHAN'),
('061009', '06', '0610', 'EL PRADO'),
('061010', '06', '0610', 'UNION AGUA BLANCA'),
('061011', '06', '0610', 'TONGOD'),
('061012', '06', '0610', 'CATILLUC'),
('061013', '06', '0610', 'BOLIVAR'),
('061101', '06', '0611', 'SAN IGNACIO'),
('061102', '06', '0611', 'CHIRINOS'),
('061103', '06', '0611', 'HUARANGO'),
('061104', '06', '0611', 'NAMBALLE'),
('061105', '06', '0611', 'LA COIPA'),
('061106', '06', '0611', 'SAN JOSE DE LOURDES'),
('061107', '06', '0611', 'TABACONAS'),
('061201', '06', '0612', 'PEDRO GALVEZ'),
('061202', '06', '0612', 'ICHOCAN'),
('061203', '06', '0612', 'GREGORIO PITA'),
('061204', '06', '0612', 'JOSE MANUEL QUIROZ'),
('061205', '06', '0612', 'EDUARDO VILLANUEVA'),
('061206', '06', '0612', 'JOSE SABOGAL'),
('061207', '06', '0612', 'CHANCAY'),
('061301', '06', '0613', 'SAN PABLO'),
('061302', '06', '0613', 'SAN BERNARDINO'),
('061303', '06', '0613', 'SAN LUIS'),
('061304', '06', '0613', 'TUMBADEN'),
('070101', '07', '0701', 'CUSCO'),
('070102', '07', '0701', 'CCORCA'),
('070103', '07', '0701', 'POROY'),
('070104', '07', '0701', 'SAN JERONIMO'),
('070105', '07', '0701', 'SAN SEBASTIAN'),
('070106', '07', '0701', 'SANTIAGO'),
('070107', '07', '0701', 'SAYLLA'),
('070108', '07', '0701', 'WANCHAQ'),
('070201', '07', '0702', 'ACOMAYO'),
('070202', '07', '0702', 'ACOPIA'),
('070203', '07', '0702', 'ACOS'),
('070204', '07', '0702', 'POMACANCHI'),
('070205', '07', '0702', 'RONDOCAN'),
('070206', '07', '0702', 'SANGARARA'),
('070207', '07', '0702', 'MOSOC LLACTA'),
('070301', '07', '0703', 'ANTA'),
('070302', '07', '0703', 'CHINCHAYPUJIO'),
('070303', '07', '0703', 'HUAROCONDO'),
('070304', '07', '0703', 'LIMATAMBO'),
('070305', '07', '0703', 'MOLLEPATA'),
('070306', '07', '0703', 'PUCYURA'),
('070307', '07', '0703', 'ZURITE'),
('070308', '07', '0703', 'CACHIMAYO'),
('070309', '07', '0703', 'ANCAHUASI'),
('070401', '07', '0704', 'CALCA'),
('070402', '07', '0704', 'COYA'),
('070403', '07', '0704', 'LAMAY'),
('070404', '07', '0704', 'LARES'),
('070405', '07', '0704', 'PISAC'),
('070406', '07', '0704', 'SAN SALVADOR'),
('070407', '07', '0704', 'TARAY'),
('070408', '07', '0704', 'YANATILE'),
('070501', '07', '0705', 'YANAOCA'),
('070502', '07', '0705', 'CHECCA'),
('070503', '07', '0705', 'KUNTURKANKI'),
('070504', '07', '0705', 'LANGUI'),
('070505', '07', '0705', 'LAYO'),
('070506', '07', '0705', 'PAMPAMARCA'),
('070507', '07', '0705', 'QUEHUE'),
('070508', '07', '0705', 'TUPAC AMARU'),
('070601', '07', '0706', 'SICUANI'),
('070602', '07', '0706', 'COMBAPATA'),
('070603', '07', '0706', 'CHECACUPE'),
('070604', '07', '0706', 'MARANGANI'),
('070605', '07', '0706', 'PITUMARCA'),
('070606', '07', '0706', 'SAN PABLO'),
('070607', '07', '0706', 'SAN PEDRO'),
('070608', '07', '0706', 'TINTA'),
('070701', '07', '0707', 'SANTO TOMAS'),
('070702', '07', '0707', 'CAPACMARCA'),
('070703', '07', '0707', 'COLQUEMARCA'),
('070704', '07', '0707', 'CHAMACA'),
('070705', '07', '0707', 'LIVITACA'),
('070706', '07', '0707', 'LLUSCO'),
('070707', '07', '0707', 'QUINOTA'),
('070708', '07', '0707', 'VELILLE'),
('070801', '07', '0708', 'ESPINAR'),
('070802', '07', '0708', 'CONDOROMA'),
('070803', '07', '0708', 'COPORAQUE'),
('070804', '07', '0708', 'OCORURO'),
('070805', '07', '0708', 'PALLPATA'),
('070806', '07', '0708', 'PICHIGUA'),
('070807', '07', '0708', 'SUYKUTAMBO'),
('070808', '07', '0708', 'ALTO PICHIGUA'),
('070901', '07', '0709', 'SANTA ANA'),
('070902', '07', '0709', 'ECHARATE'),
('070903', '07', '0709', 'HUAYOPATA'),
('070904', '07', '0709', 'MARANURA'),
('070905', '07', '0709', 'OCOBAMBA'),
('070906', '07', '0709', 'SANTA TERESA'),
('070907', '07', '0709', 'VILCABAMBA'),
('070908', '07', '0709', 'QUELLOUNO'),
('070909', '07', '0709', 'KIMBIRI'),
('070910', '07', '0709', 'PICHARI'),
('071001', '07', '0710', 'PARURO'),
('071002', '07', '0710', 'ACCHA'),
('071003', '07', '0710', 'CCAPI'),
('071004', '07', '0710', 'COLCHA'),
('071005', '07', '0710', 'HUANOQUITE'),
('071006', '07', '0710', 'OMACHA'),
('071007', '07', '0710', 'YAURISQUE'),
('071008', '07', '0710', 'PACCARITAMBO'),
('071009', '07', '0710', 'PILLPINTO'),
('071101', '07', '0711', 'PAUCARTAMBO'),
('071102', '07', '0711', 'CAICAY'),
('071103', '07', '0711', 'COLQUEPATA'),
('071104', '07', '0711', 'CHALLABAMBA'),
('071105', '07', '0711', 'COSNIPATA'),
('071106', '07', '0711', 'HUANCARANI'),
('071201', '07', '0712', 'URCOS'),
('071202', '07', '0712', 'ANDAHUAYLILLAS'),
('071203', '07', '0712', 'CAMANTI'),
('071204', '07', '0712', 'CCARHUAYO'),
('071205', '07', '0712', 'CCATCA'),
('071206', '07', '0712', 'CUSIPATA'),
('071207', '07', '0712', 'HUARO'),
('071208', '07', '0712', 'LUCRE'),
('071209', '07', '0712', 'MARCAPATA'),
('071210', '07', '0712', 'OCONGATE'),
('071211', '07', '0712', 'OROPESA'),
('071212', '07', '0712', 'QUIQUIJANA'),
('071301', '07', '0713', 'URUBAMBA'),
('071302', '07', '0713', 'CHINCHERO'),
('071303', '07', '0713', 'HUAYLLABAMBA'),
('071304', '07', '0713', 'MACHUPICCHU'),
('071305', '07', '0713', 'MARAS'),
('071306', '07', '0713', 'OLLANTAYTAMBO'),
('071307', '07', '0713', 'YUCAY'),
('080101', '18', '1801', 'HUANCAVELICA'),
('080102', '18', '1801', 'ACOBAMBILLA'),
('080103', '18', '1801', 'ACORIA'),
('080104', '18', '1801', 'CONAYCA'),
('080105', '18', '1801', 'CUENCA'),
('080106', '18', '1801', 'HUACHOCOLPA'),
('080108', '18', '1801', 'HUAYLLAHUARA'),
('080109', '18', '1801', 'IZCUCHACA'),
('080110', '18', '1801', 'LARIA'),
('080111', '18', '1801', 'MANTA'),
('080112', '18', '1801', 'MARISCAL CACERES'),
('080113', '18', '1801', 'MOYA'),
('080114', '18', '1801', 'NUEVO OCCORO'),
('080115', '18', '1801', 'PALCA'),
('080116', '18', '1801', 'PILCHACA'),
('080117', '18', '1801', 'VILCA'),
('080118', '18', '1801', 'YAULI'),
('080119', '18', '1801', 'ASCENCION'),
('080120', '18', '1801', 'HUANDO'),
('080201', '18', '1802', 'ACOBAMBA'),
('080202', '18', '1802', 'ANTA'),
('080203', '18', '1802', 'ANDABAMBA'),
('080204', '18', '1802', 'CAJA'),
('080205', '18', '1802', 'MARCAS'),
('080206', '18', '1802', 'PAUCARA'),
('080207', '18', '1802', 'POMACOCHA'),
('080208', '18', '1802', 'ROSARIO'),
('080301', '08', '0803', 'LIRCAY'),
('080302', '08', '0803', 'ANCHONGA'),
('080303', '08', '0803', 'CALLANMARCA'),
('080304', '08', '0803', 'CONGALLA'),
('080305', '08', '0803', 'CHINCHO'),
('080306', '08', '0803', 'HUAYLLAY GRANDE'),
('080307', '08', '0803', 'HUANCA HUANCA'),
('080308', '08', '0803', 'JULCAMARCA'),
('080309', '08', '0803', 'SAN ANTONIO DE ANTAPARCO'),
('080310', '08', '0803', 'STO TOMAS DE PATA'),
('080311', '08', '0803', 'SECCLLA'),
('080312', '08', '0803', 'CCOCHACCASA'),
('080401', '08', '0804', 'CASTROVIRREYNA'),
('080402', '08', '0804', 'ARMA'),
('080403', '08', '0804', 'AURAHUA'),
('080405', '08', '0804', 'CAPILLAS'),
('080406', '08', '0804', 'COCAS'),
('080408', '08', '0804', 'CHUPAMARCA'),
('080409', '08', '0804', 'HUACHOS'),
('080410', '08', '0804', 'HUAMATAMBO'),
('080414', '08', '0804', 'MOLLEPAMPA'),
('080422', '08', '0804', 'SAN JUAN'),
('080427', '08', '0804', 'TANTARA'),
('080428', '08', '0804', 'TICRAPO'),
('080429', '08', '0804', 'SANTA ANA'),
('080501', '08', '0805', 'PAMPAS'),
('080502', '08', '0805', 'ACOSTAMBO'),
('080503', '08', '0805', 'ACRAQUIA'),
('080504', '08', '0805', 'AHUAYCHA'),
('080506', '08', '0805', 'COLCABAMBA'),
('080509', '08', '0805', 'DANIEL HERNANDEZ'),
('080511', '08', '0805', 'HUACHOCOLPA'),
('080512', '08', '0805', 'HUARIBAMBA'),
('080515', '08', '0805', 'NAHUIMPUQUIO'),
('080517', '08', '0805', 'PAZOS'),
('080518', '08', '0805', 'QUISHUAR'),
('080519', '08', '0805', 'SALCABAMBA'),
('080520', '08', '0805', 'SAN MARCOS DE ROCCHAC'),
('080523', '08', '0805', 'SURCUBAMBA'),
('080525', '08', '0805', 'TINTAY PUNCU'),
('080526', '08', '0805', 'SALCAHUASI'),
('080601', '08', '0806', 'AYAVI'),
('080602', '08', '0806', 'CORDOVA'),
('080603', '08', '0806', 'HUAYACUNDO ARMA'),
('080604', '08', '0806', 'HUAYTARA'),
('080605', '08', '0806', 'LARAMARCA'),
('080606', '08', '0806', 'OCOYO'),
('080607', '08', '0806', 'PILPICHACA'),
('080608', '08', '0806', 'QUERCO'),
('080609', '08', '0806', 'QUITO ARMA'),
('080610', '08', '0806', 'SAN ANTONIO DE CUSICANCHA'),
('080611', '08', '0806', 'SAN FRANCISCO DE SANGAYAICO'),
('080612', '08', '0806', 'SAN ISIDRO'),
('080613', '08', '0806', 'SANTIAGO DE CHOCORVOS'),
('080614', '08', '0806', 'SANTIAGO DE QUIRAHUARA'),
('080615', '08', '0806', 'SANTO DOMINGO DE CAPILLA'),
('080616', '08', '0806', 'TAMBO'),
('080701', '08', '0807', 'CHURCAMPA'),
('080702', '08', '0807', 'ANCO'),
('080703', '08', '0807', 'CHINCHIHUASI'),
('080704', '08', '0807', 'EL CARMEN'),
('080705', '08', '0807', 'LA MERCED'),
('080706', '08', '0807', 'LOCROJA'),
('080707', '08', '0807', 'PAUCARBAMBA'),
('080708', '08', '0807', 'SAN MIGUEL DE MAYOC'),
('080709', '08', '0807', 'SAN PEDRO DE CORIS'),
('080710', '08', '0807', 'PACHAMARCA'),
('090101', '09', '0901', 'HUANUCO'),
('090102', '09', '0901', 'CHINCHAO'),
('090103', '09', '0901', 'CHURUBAMBA'),
('090104', '09', '0901', 'MARGOS'),
('090105', '09', '0901', 'QUISQUI'),
('090106', '09', '0901', 'SAN FCO DE CAYRAN'),
('090107', '09', '0901', 'SAN PEDRO DE CHAULAN'),
('090108', '09', '0901', 'STA MARIA DEL VALLE'),
('090109', '09', '0901', 'YARUMAYO'),
('090110', '09', '0901', 'AMARILIS'),
('090111', '09', '0901', 'PILLCO MARCA'),
('090201', '09', '0902', 'AMBO'),
('090202', '09', '0902', 'CAYNA'),
('090203', '09', '0902', 'COLPAS'),
('090204', '09', '0902', 'CONCHAMARCA'),
('090205', '09', '0902', 'HUACAR'),
('090206', '09', '0902', 'SAN FRANCISCO'),
('090207', '09', '0902', 'SAN RAFAEL'),
('090208', '09', '0902', 'TOMAY KICHWA'),
('090301', '09', '0903', 'LA UNION'),
('090307', '09', '0903', 'CHUQUIS'),
('090312', '09', '0903', 'MARIAS'),
('090314', '09', '0903', 'PACHAS'),
('090316', '09', '0903', 'QUIVILLA'),
('090317', '09', '0903', 'RIPAN'),
('090321', '09', '0903', 'SHUNQUI'),
('090322', '09', '0903', 'SILLAPATA'),
('090323', '09', '0903', 'YANAS'),
('090401', '09', '0904', 'LLATA'),
('090402', '09', '0904', 'ARANCAY'),
('090403', '09', '0904', 'CHAVIN DE PARIARCA'),
('090404', '09', '0904', 'JACAS GRANDE'),
('090405', '09', '0904', 'JIRCAN'),
('090406', '09', '0904', 'MIRAFLORES'),
('090407', '09', '0904', 'MONZON'),
('090408', '09', '0904', 'PUNCHAO'),
('090409', '09', '0904', 'PUNOS'),
('090410', '09', '0904', 'SINGA'),
('090411', '09', '0904', 'TANTAMAYO'),
('090501', '09', '0905', 'HUACRACHUCO'),
('090502', '09', '0905', 'CHOLON'),
('090505', '09', '0905', 'SAN BUENAVENTURA'),
('090601', '09', '0906', 'RUPA RUPA'),
('090602', '09', '0906', 'DANIEL ALOMIA ROBLES'),
('090603', '09', '0906', 'HERMILIO VALDIZAN'),
('090604', '09', '0906', 'LUYANDO'),
('090605', '09', '0906', 'MARIANO DAMASO BERAUN'),
('090606', '09', '0906', 'JOSE CRESPO Y CASTILLO'),
('090701', '09', '0907', 'PANAO'),
('090702', '09', '0907', 'CHAGLLA'),
('090704', '09', '0907', 'MOLINO'),
('090706', '09', '0907', 'UMARI'),
('090801', '09', '0908', 'HONORIA'),
('090802', '09', '0908', 'PUERTO INCA'),
('090803', '09', '0908', 'CODO DEL POZUZO'),
('090804', '09', '0908', 'TOURNAVISTA'),
('090805', '09', '0908', 'YUYAPICHIS'),
('090901', '09', '0909', 'HUACAYBAMBA'),
('090902', '09', '0909', 'PINRA'),
('090903', '09', '0909', 'CANCHABAMBA'),
('090904', '09', '0909', 'COCHABAMBA'),
('091001', '09', '0910', 'JESUS'),
('091002', '09', '0910', 'BANOS'),
('091003', '09', '0910', 'SAN FRANCISCO DE ASIS'),
('091004', '09', '0910', 'QUEROPALCA'),
('091005', '09', '0910', 'SAN MIGUEL DE CAURI'),
('091006', '09', '0910', 'RONDOS'),
('091007', '09', '0910', 'JIVIA'),
('091101', '09', '0911', 'CHAVINILLO'),
('091102', '09', '0911', 'APARICIO POMARES (CHUPAN)'),
('091103', '09', '0911', 'CAHUAC'),
('091104', '09', '0911', 'CHACABAMBA'),
('091105', '09', '0911', 'JACAS CHICO'),
('091106', '09', '0911', 'OBAS'),
('091107', '09', '0911', 'PAMPAMARCA'),
('091108', '09', '0911', 'CHORAS                   '),
('100101', '10', '1001', 'ICA'),
('100102', '10', '1001', 'LA TINGUINA'),
('100103', '10', '1001', 'LOS AQUIJES'),
('100104', '10', '1001', 'PARCONA'),
('100105', '10', '1001', 'PUEBLO NUEVO'),
('100106', '10', '1001', 'SALAS'),
('100107', '10', '1001', 'SAN JOSE DE LOS MOLINOS'),
('100108', '10', '1001', 'SAN JUAN BAUTISTA'),
('100109', '10', '1001', 'SANTIAGO'),
('100110', '10', '1001', 'SUBTANJALLA'),
('100111', '10', '1001', 'YAUCA DEL ROSARIO'),
('100112', '10', '1001', 'TATE'),
('100113', '10', '1001', 'PACHACUTEC'),
('100114', '10', '1001', 'OCUCAJE'),
('100201', '10', '1002', 'CHINCHA ALTA'),
('100202', '10', '1002', 'CHAVIN'),
('100203', '10', '1002', 'CHINCHA BAJA'),
('100204', '10', '1002', 'EL CARMEN'),
('100205', '10', '1002', 'GROCIO PRADO'),
('100206', '10', '1002', 'SAN PEDRO DE HUACARPANA'),
('100207', '10', '1002', 'SUNAMPE'),
('100208', '10', '1002', 'TAMBO DE MORA'),
('100209', '10', '1002', 'ALTO LARAN'),
('100210', '10', '1002', 'PUEBLO NUEVO'),
('100211', '10', '1002', 'SAN JUAN DE YANAC'),
('100301', '10', '1003', 'NAZCA'),
('100302', '10', '1003', 'CHANGUILLO'),
('100303', '10', '1003', 'EL INGENIO'),
('100304', '10', '1003', 'MARCONA'),
('100305', '10', '1003', 'VISTA ALEGRE'),
('100401', '10', '1004', 'PISCO'),
('100402', '10', '1004', 'HUANCANO'),
('100403', '10', '1004', 'HUMAY'),
('100404', '10', '1004', 'INDEPENDENCIA'),
('100405', '10', '1004', 'PARACAS'),
('100406', '10', '1004', 'SAN ANDRES'),
('100407', '10', '1004', 'SAN CLEMENTE'),
('100408', '10', '1004', 'TUPAC AMARU INCA'),
('100501', '10', '1005', 'PALPA'),
('100502', '10', '1005', 'LLIPATA'),
('100503', '10', '1005', 'RIO GRANDE'),
('100504', '10', '1005', 'SANTA CRUZ'),
('100505', '10', '1005', 'TIBILLO'),
('110101', '11', '1101', 'HUANCAYO'),
('110103', '11', '1101', 'CARHUACALLANGA'),
('110104', '11', '1101', 'COLCA'),
('110105', '11', '1101', 'CULLHUAS'),
('110106', '11', '1101', 'CHACAPAMPA'),
('110107', '11', '1101', 'CHICCHE'),
('110108', '11', '1101', 'CHILCA'),
('110109', '11', '1101', 'CHONGOS ALTO'),
('110112', '11', '1101', 'CHUPURO'),
('110113', '11', '1101', 'EL TAMBO'),
('110114', '11', '1101', 'HUACRAPUQUIO'),
('110116', '11', '1101', 'HUALHUAS'),
('110118', '11', '1101', 'HUANCAN'),
('110119', '11', '1101', 'HUASICANCHA'),
('110120', '11', '1101', 'HUAYUCACHI'),
('110121', '11', '1101', 'INGENIO'),
('110122', '11', '1101', 'PARIAHUANCA'),
('110123', '11', '1101', 'PILCOMAYO'),
('110124', '11', '1101', 'PUCARA'),
('110125', '11', '1101', 'QUICHUAY'),
('110126', '11', '1101', 'QUILCAS'),
('110127', '11', '1101', 'SAN AGUSTIN'),
('110128', '11', '1101', 'SAN JERONIMO DE TUNAN'),
('110131', '11', '1101', 'STO DOMINGO DE ACOBAMBA'),
('110132', '11', '1101', 'SANO'),
('110133', '11', '1101', 'SAPALLANGA'),
('110134', '11', '1101', 'SICAYA'),
('110136', '11', '1101', 'VIQUES'),
('110201', '11', '1102', 'CONCEPCION'),
('110202', '11', '1102', 'ACO'),
('110203', '11', '1102', 'ANDAMARCA'),
('110204', '11', '1102', 'COMAS'),
('110205', '11', '1102', 'COCHAS'),
('110206', '11', '1102', 'CHAMBARA'),
('110207', '11', '1102', 'HEROINAS TOLEDO'),
('110208', '11', '1102', 'MANZANARES'),
('110209', '11', '1102', 'MCAL CASTILLA'),
('110210', '11', '1102', 'MATAHUASI'),
('110211', '11', '1102', 'MITO'),
('110212', '11', '1102', 'NUEVE DE JULIO'),
('110213', '11', '1102', 'ORCOTUNA'),
('110214', '11', '1102', 'STA ROSA DE OCOPA'),
('110215', '11', '1102', 'SAN JOSE DE QUERO'),
('110301', '11', '1103', 'JAUJA'),
('110302', '11', '1103', 'ACOLLA'),
('110303', '11', '1103', 'APATA'),
('110304', '11', '1103', 'ATAURA'),
('110305', '11', '1103', 'CANCHAILLO'),
('110306', '11', '1103', 'EL MANTARO'),
('110307', '11', '1103', 'HUAMALI'),
('110308', '11', '1103', 'HUARIPAMPA'),
('110309', '11', '1103', 'HUERTAS'),
('110310', '11', '1103', 'JANJAILLO'),
('110311', '11', '1103', 'JULCAN'),
('110312', '11', '1103', 'LEONOR ORDONEZ'),
('110313', '11', '1103', 'LLOCLLAPAMPA'),
('110314', '11', '1103', 'MARCO'),
('110315', '11', '1103', 'MASMA'),
('110316', '11', '1103', 'MOLINOS'),
('110317', '11', '1103', 'MONOBAMBA'),
('110318', '11', '1103', 'MUQUI'),
('110319', '11', '1103', 'MUQUIYAUYO'),
('110320', '11', '1103', 'PACA'),
('110321', '11', '1103', 'PACCHA'),
('110322', '11', '1103', 'PANCAN'),
('110323', '11', '1103', 'PARCO'),
('110324', '11', '1103', 'POMACANCHA'),
('110325', '11', '1103', 'RICRAN'),
('110326', '11', '1103', 'SAN LORENZO'),
('110327', '11', '1103', 'SAN PEDRO DE CHUNAN'),
('110328', '11', '1103', 'SINCOS'),
('110329', '11', '1103', 'TUNAN MARCA'),
('110330', '11', '1103', 'YAULI'),
('110331', '11', '1103', 'CURICACA'),
('110332', '11', '1103', 'MASMA CHICCHE'),
('110333', '11', '1103', 'SAUSA'),
('110334', '11', '1103', 'YAUYOS'),
('110401', '11', '1104', 'JUNIN'),
('110402', '11', '1104', 'CARHUAMAYO'),
('110403', '11', '1104', 'ONDORES'),
('110404', '11', '1104', 'ULCUMAYO'),
('110501', '11', '1105', 'TARMA'),
('110502', '11', '1105', 'ACOBAMBA'),
('110503', '11', '1105', 'HUARICOLCA'),
('110504', '11', '1105', 'HUASAHUASI'),
('110505', '11', '1105', 'LA UNION'),
('110506', '11', '1105', 'PALCA'),
('110507', '11', '1105', 'PALCAMAYO'),
('110508', '11', '1105', 'SAN PEDRO DE CAJAS'),
('110509', '11', '1105', 'TAPO'),
('110601', '11', '1106', 'LA OROYA'),
('110602', '11', '1106', 'CHACAPALPA'),
('110603', '11', '1106', 'HUAY HUAY'),
('110604', '11', '1106', 'MARCAPOMACOCHA'),
('110605', '11', '1106', 'MOROCOCHA'),
('110606', '11', '1106', 'PACCHA'),
('110607', '11', '1106', 'STA BARBARA DE CARHUACAYAN'),
('110608', '11', '1106', 'SUITUCANCHA'),
('110609', '11', '1106', 'YAULI'),
('110610', '11', '1106', 'STA ROSA DE SACCO'),
('110701', '11', '1107', 'SATIPO'),
('110702', '11', '1107', 'COVIRIALI'),
('110703', '11', '1107', 'LLAYLLA'),
('110704', '11', '1107', 'MAZAMARI'),
('110705', '11', '1107', 'PAMPA HERMOSA'),
('110706', '11', '1107', 'PANGOA'),
('110707', '11', '1107', 'RIO NEGRO'),
('110708', '11', '1107', 'RIO TAMBO'),
('110801', '11', '1108', 'CHANCHAMAYO'),
('110802', '11', '1108', 'SAN RAMON'),
('110803', '11', '1108', 'VITOC'),
('110804', '11', '1108', 'SAN LUIS DE SHUARO'),
('110805', '11', '1108', 'PICHANAQUI'),
('110806', '11', '1108', 'PERENE'),
('110901', '11', '1109', 'CHUPACA'),
('110902', '11', '1109', 'AHUAC'),
('110903', '11', '1109', 'CHONGOS BAJO'),
('110904', '11', '1109', 'HUACHAC'),
('110905', '11', '1109', 'HUAMANCACA CHICO'),
('110906', '11', '1109', 'SAN JUAN DE ISCOS'),
('110907', '11', '1109', 'SAN JUAN DE JARPA'),
('110908', '11', '1109', 'TRES DE DICIEMBRE'),
('110909', '11', '1109', 'YANACANCHA'),
('120101', '12', '1201', 'TRUJILLO'),
('120102', '12', '1201', 'HUANCHACO'),
('120103', '12', '1201', 'LAREDO'),
('120104', '12', '1201', 'MOCHE'),
('120105', '12', '1201', 'SALAVERRY'),
('120106', '12', '1201', 'SIMBAL'),
('120107', '12', '1201', 'VICTOR LARCO HERRERA'),
('120109', '12', '1201', 'POROTO'),
('120110', '12', '1201', 'EL PORVENIR'),
('120111', '12', '1201', 'LA ESPERANZA'),
('120112', '12', '1201', 'FLORENCIA DE MORA'),
('120201', '12', '1202', 'BOLIVAR'),
('120202', '12', '1202', 'BAMBAMARCA'),
('120203', '12', '1202', 'CONDORMARCA'),
('120204', '12', '1202', 'LONGOTEA'),
('120205', '12', '1202', 'UCUNCHA'),
('120206', '12', '1202', 'UCHUMARCA'),
('120301', '12', '1203', 'HUAMACHUCO'),
('120302', '12', '1203', 'COCHORCO'),
('120303', '12', '1203', 'CURGOS'),
('120304', '12', '1203', 'CHUGAY'),
('120305', '12', '1203', 'MARCABAL'),
('120306', '12', '1203', 'SANAGORAN'),
('120307', '12', '1203', 'SARIN'),
('120308', '12', '1203', 'SARTIMBAMBA'),
('120401', '12', '1204', 'OTUZCO'),
('120402', '12', '1204', 'AGALLPAMPA'),
('120403', '12', '1204', 'CHARAT'),
('120404', '12', '1204', 'HUARANCHAL'),
('120405', '12', '1204', 'LA CUESTA'),
('120408', '12', '1204', 'PARANDAY'),
('120409', '12', '1204', 'SALPO'),
('120410', '12', '1204', 'SINSICAP'),
('120411', '12', '1204', 'USQUIL'),
('120413', '12', '1204', 'MACHE'),
('120501', '12', '1205', 'SAN PEDRO DE LLOC'),
('120503', '12', '1205', 'GUADALUPE'),
('120504', '12', '1205', 'JEQUETEPEQUE'),
('120506', '12', '1205', 'PACASMAYO'),
('120508', '12', '1205', 'SAN JOSE'),
('120601', '12', '1206', 'TAYABAMBA'),
('120602', '12', '1206', 'BULDIBUYO'),
('120603', '12', '1206', 'CHILLIA'),
('120604', '12', '1206', 'HUAYLILLAS'),
('120605', '12', '1206', 'HUANCASPATA'),
('120606', '12', '1206', 'HUAYO'),
('120607', '12', '1206', 'ONGON'),
('120608', '12', '1206', 'PARCOY'),
('120609', '12', '1206', 'PATAZ'),
('120610', '12', '1206', 'PIAS'),
('120611', '12', '1206', 'TAURIJA'),
('120612', '12', '1206', 'URPAY'),
('120613', '12', '1206', 'SANTIAGO DE CHALLAS'),
('120701', '12', '1207', 'SANTIAGO DE CHUCO'),
('120702', '12', '1207', 'CACHICADAN'),
('120703', '12', '1207', 'MOLLEBAMBA'),
('120704', '12', '1207', 'MOLLEPATA'),
('120705', '12', '1207', 'QUIRUVILCA'),
('120706', '12', '1207', 'SANTA CRUZ DE CHUCA'),
('120707', '12', '1207', 'SITABAMBA'),
('120708', '12', '1207', 'ANGASMARCA'),
('120801', '12', '1208', 'ASCOPE'),
('120802', '12', '1208', 'CHICAMA'),
('120803', '12', '1208', 'CHOCOPE'),
('120804', '12', '1208', 'SANTIAGO DE CAO'),
('120805', '12', '1208', 'MAGDALENA DE CAO'),
('120806', '12', '1208', 'PAIJAN'),
('120807', '12', '1208', 'RAZURI'),
('120808', '12', '1208', 'CASA GRANDE'),
('120901', '12', '1209', 'CHEPEN'),
('120902', '12', '1209', 'PACANGA'),
('120903', '12', '1209', 'PUEBLO NUEVO'),
('121001', '12', '1210', 'JULCAN'),
('121002', '12', '1210', 'CARABAMBA'),
('121003', '12', '1210', 'CALAMARCA'),
('121004', '12', '1210', 'HUASO'),
('121101', '12', '1211', 'CASCAS'),
('121102', '12', '1211', 'LUCMA'),
('121103', '12', '1211', 'MARMOT'),
('121104', '12', '1211', 'SAYAPULLO'),
('121201', '12', '1212', 'VIRU'),
('121202', '12', '1212', 'CHAO'),
('121203', '12', '1212', 'GUADALUPITO'),
('130101', '13', '1301', 'CHICLAYO'),
('130102', '13', '1301', 'CHONGOYAPE'),
('130103', '13', '1301', 'ETEN'),
('130104', '13', '1301', 'ETEN PUERTO'),
('130105', '13', '1301', 'LAGUNAS'),
('130106', '13', '1301', 'MONSEFU'),
('130107', '13', '1301', 'NUEVA ARICA'),
('130108', '13', '1301', 'OYOTUN'),
('130109', '13', '1301', 'PICSI'),
('130110', '13', '1301', 'PIMENTEL'),
('130111', '13', '1301', 'REQUE'),
('130112', '13', '1301', 'JOSE LEONARDO ORTIZ'),
('130113', '13', '1301', 'SANTA ROSA'),
('130114', '13', '1301', 'SANA'),
('130115', '13', '1301', 'LA VICTORIA'),
('130116', '13', '1301', 'CAYALTI'),
('130117', '13', '1301', 'PATAPO'),
('130118', '13', '1301', 'POMALCA'),
('130119', '13', '1301', 'PUCALA'),
('130120', '13', '1301', 'TUMAN'),
('130201', '13', '1302', 'FERRENAFE'),
('130202', '13', '1302', 'INCAHUASI'),
('130203', '13', '1302', 'CANARIS'),
('130204', '13', '1302', 'PITIPO'),
('130205', '13', '1302', 'PUEBLO NUEVO'),
('130206', '13', '1302', 'MANUEL ANTONIO MESONES MURO'),
('130301', '13', '1303', 'LAMBAYEQUE'),
('130302', '13', '1303', 'CHOCHOPE'),
('130303', '13', '1303', 'ILLIMO'),
('130304', '13', '1303', 'JAYANCA'),
('130305', '13', '1303', 'MOCHUMI'),
('130306', '13', '1303', 'MORROPE'),
('130307', '13', '1303', 'MOTUPE'),
('130308', '13', '1303', 'OLMOS'),
('130309', '13', '1303', 'PACORA'),
('130310', '13', '1303', 'SALAS'),
('130311', '13', '1303', 'SAN JOSE'),
('130312', '13', '1303', 'TUCUME'),
('140101', '14', '1401', 'LIMA'),
('140102', '14', '1401', 'ANCON'),
('140103', '14', '1401', 'ATE'),
('140104', '14', '1401', 'BRENA'),
('140105', '14', '1401', 'CARABAYLLO'),
('140106', '14', '1401', 'COMAS'),
('140107', '14', '1401', 'CHACLACAYO'),
('140108', '14', '1401', 'CHORRILLOS'),
('140109', '14', '1401', 'LA VICTORIA'),
('140110', '14', '1401', 'LA MOLINA'),
('140111', '14', '1401', 'LINCE'),
('140112', '14', '1401', 'LURIGANCHO'),
('140113', '14', '1401', 'LURIN'),
('140114', '14', '1401', 'MAGDALENA DEL MAR'),
('140115', '14', '1401', 'MIRAFLORES'),
('140116', '14', '1401', 'PACHACAMAC'),
('140117', '14', '1401', 'PUEBLO LIBRE'),
('140118', '14', '1401', 'PUCUSANA'),
('140119', '14', '1401', 'PUENTE PIEDRA'),
('140120', '14', '1401', 'PUNTA HERMOSA'),
('140121', '14', '1401', 'PUNTA NEGRA'),
('140122', '14', '1401', 'RIMAC'),
('140123', '14', '1401', 'SAN BARTOLO'),
('140124', '14', '1401', 'SAN ISIDRO'),
('140125', '14', '1401', 'BARRANCO'),
('140126', '14', '1401', 'SAN MARTIN DE PORRES'),
('140127', '14', '1401', 'SAN MIGUEL'),
('140128', '14', '1401', 'STA MARIA DEL MAR'),
('140129', '14', '1401', 'SANTA ROSA'),
('140130', '14', '1401', 'SANTIAGO DE SURCO'),
('140131', '14', '1401', 'SURQUILLO'),
('140132', '14', '1401', 'VILLA MARIA DEL TRIUNFO'),
('140133', '14', '1401', 'JESUS MARIA'),
('140134', '14', '1401', 'INDEPENDENCIA'),
('140135', '14', '1401', 'EL AGUSTINO'),
('140136', '14', '1401', 'SAN JUAN DE MIRAFLORES'),
('140137', '14', '1401', 'SAN JUAN DE LURIGANCHO'),
('140138', '14', '1401', 'SAN LUIS'),
('140139', '14', '1401', 'CIENEGUILLA'),
('140140', '14', '1401', 'SAN BORJA'),
('140141', '14', '1401', 'VILLA EL SALVADOR'),
('140142', '14', '1401', 'LOS OLIVOS'),
('140143', '14', '1401', 'SANTA ANITA'),
('140201', '14', '1402', 'CAJATAMBO'),
('140205', '14', '1402', 'COPA'),
('140206', '14', '1402', 'GORGOR'),
('140207', '14', '1402', 'HUANCAPON'),
('140208', '14', '1402', 'MANAS'),
('140301', '14', '1403', 'CANTA'),
('140302', '14', '1403', 'ARAHUAY'),
('140303', '14', '1403', 'HUAMANTANGA'),
('140304', '14', '1403', 'HUAROS'),
('140305', '14', '1403', 'LACHAQUI'),
('140306', '14', '1403', 'SAN BUENAVENTURA'),
('140307', '14', '1403', 'SANTA ROSA DE QUIVES'),
('140401', '14', '1404', 'SAN VICENTE DE CANETE'),
('140402', '14', '1404', 'CALANGO'),
('140403', '14', '1404', 'CERRO AZUL'),
('140404', '14', '1404', 'COAYLLO'),
('140405', '14', '1404', 'CHILCA'),
('140406', '14', '1404', 'IMPERIAL'),
('140407', '14', '1404', 'LUNAHUANA'),
('140408', '14', '1404', 'MALA'),
('140409', '14', '1404', 'NUEVO IMPERIAL'),
('140410', '14', '1404', 'PACARAN'),
('140411', '14', '1404', 'QUILMANA'),
('140412', '14', '1404', 'SAN ANTONIO'),
('140413', '14', '1404', 'SAN LUIS'),
('140414', '14', '1404', 'SANTA CRUZ DE FLORES'),
('140415', '14', '1404', 'ZUNIGA'),
('140416', '14', '1404', 'ASIA'),
('140501', '14', '1405', 'HUACHO'),
('140502', '14', '1405', 'AMBAR'),
('140504', '14', '1405', 'CALETA DE CARQUIN'),
('140505', '14', '1405', 'CHECRAS'),
('140506', '14', '1405', 'HUALMAY'),
('140507', '14', '1405', 'HUAURA'),
('140508', '14', '1405', 'LEONCIO PRADO'),
('140509', '14', '1405', 'PACCHO'),
('140511', '14', '1405', 'SANTA LEONOR'),
('140512', '14', '1405', 'SANTA MARIA'),
('140513', '14', '1405', 'SAYAN'),
('140516', '14', '1405', 'VEGUETA'),
('140601', '14', '1406', 'MATUCANA'),
('140602', '14', '1406', 'ANTIOQUIA'),
('140603', '14', '1406', 'CALLAHUANCA'),
('140604', '14', '1406', 'CARAMPOMA'),
('140605', '14', '1406', 'CASTA'),
('140606', '14', '1406', 'CUENCA'),
('140607', '14', '1406', 'CHICLA'),
('140608', '14', '1406', 'HUANZA'),
('140609', '14', '1406', 'HUAROCHIRI'),
('140610', '14', '1406', 'LAHUAYTAMBO'),
('140611', '14', '1406', 'LANGA'),
('140612', '14', '1406', 'MARIATANA'),
('140613', '14', '1406', 'RICARDO PALMA'),
('140614', '14', '1406', 'SAN ANDRES DE TUPICOCHA'),
('140615', '14', '1406', 'SAN ANTONIO'),
('140616', '14', '1406', 'SAN BARTOLOME'),
('140617', '14', '1406', 'SAN DAMIAN');
INSERT INTO `ubigeo_reniec` (`cod_ubigeo_reniec`, `cod_departamento`, `cod_provincia`, `descripcion`) VALUES
('140618', '14', '1406', 'SANGALLAYA'),
('140619', '14', '1406', 'SAN JUAN DE TANTARANCHE'),
('140620', '14', '1406', 'SAN LORENZO DE QUINTI'),
('140621', '14', '1406', 'SAN MATEO'),
('140622', '14', '1406', 'SAN MATEO DE OTAO'),
('140623', '14', '1406', 'SAN PEDRO DE HUANCAYRE'),
('140624', '14', '1406', 'SANTA CRUZ DE COCACHACRA'),
('140625', '14', '1406', 'SANTA EULALIA'),
('140626', '14', '1406', 'SANTIAGO DE ANCHUCAYA'),
('140627', '14', '1406', 'SANTIAGO DE TUNA'),
('140628', '14', '1406', 'SANTO DOMINGO DE LOS OLLEROS'),
('140629', '14', '1406', 'SURCO'),
('140630', '14', '1406', 'HUACHUPAMPA'),
('140631', '14', '1406', 'LARAOS'),
('140632', '14', '1406', 'SAN JUAN DE IRIS'),
('140701', '14', '1407', 'YAUYOS'),
('140702', '14', '1407', 'ALIS'),
('140703', '14', '1407', 'AYAUCA'),
('140704', '14', '1407', 'AYAVIRI'),
('140705', '14', '1407', 'AZANGARO'),
('140706', '14', '1407', 'CACRA'),
('140707', '14', '1407', 'CARANIA'),
('140708', '14', '1407', 'COCHAS'),
('140709', '14', '1407', 'COLONIA'),
('140710', '14', '1407', 'CHOCOS'),
('140711', '14', '1407', 'HUAMPARA'),
('140712', '14', '1407', 'HUANCAYA'),
('140713', '14', '1407', 'HUANGASCAR'),
('140714', '14', '1407', 'HUANTAN'),
('140715', '14', '1407', 'HUANEC'),
('140716', '14', '1407', 'LARAOS'),
('140717', '14', '1407', 'LINCHA'),
('140718', '14', '1407', 'MIRAFLORES'),
('140719', '14', '1407', 'OMAS'),
('140720', '14', '1407', 'QUINCHES'),
('140721', '14', '1407', 'QUINOCAY'),
('140722', '14', '1407', 'SAN JOAQUIN'),
('140723', '14', '1407', 'SAN PEDRO DE PILAS'),
('140724', '14', '1407', 'TANTA'),
('140725', '14', '1407', 'TAURIPAMPA'),
('140726', '14', '1407', 'TUPE'),
('140727', '14', '1407', 'TOMAS'),
('140728', '14', '1407', 'VINAC'),
('140729', '14', '1407', 'VITIS'),
('140730', '14', '1407', 'HONGOS'),
('140731', '14', '1407', 'MADEAN'),
('140732', '14', '1407', 'PUTINZA'),
('140733', '14', '1407', 'CATAHUASI'),
('140801', '14', '1408', 'HUARAL'),
('140802', '14', '1408', 'ATAVILLOS ALTO'),
('140803', '14', '1408', 'ATAVILLOS BAJO'),
('140804', '14', '1408', 'AUCALLAMA'),
('140805', '14', '1408', 'CHANCAY'),
('140806', '14', '1408', 'IHUARI'),
('140807', '14', '1408', 'LAMPIAN'),
('140808', '14', '1408', 'PACARAOS'),
('140809', '14', '1408', 'SAN MIGUEL DE ACOS'),
('140810', '14', '1408', 'VEINTISIETE DE NOVIEMBRE'),
('140811', '14', '1408', 'STA CRUZ DE ANDAMARCA'),
('140812', '14', '1408', 'SUMBILCA'),
('140901', '14', '1409', 'BARRANCA'),
('140902', '14', '1409', 'PARAMONGA'),
('140903', '14', '1409', 'PATIVILCA'),
('140904', '14', '1409', 'SUPE'),
('140905', '14', '1409', 'SUPE PUERTO'),
('141001', '14', '1410', 'OYON'),
('141002', '14', '1410', 'NAVAN'),
('141003', '14', '1410', 'CAUJUL'),
('141004', '14', '1410', 'ANDAJES'),
('141005', '14', '1410', 'PACHANGARA'),
('141006', '14', '1410', 'COCHAMARCA'),
('150101', '15', '1501', 'IQUITOS'),
('150102', '15', '1501', 'ALTO NANAY'),
('150103', '15', '1501', 'FERNANDO LORES'),
('150104', '15', '1501', 'LAS AMAZONAS'),
('150105', '15', '1501', 'MAZAN'),
('150106', '15', '1501', 'NAPO'),
('150107', '15', '1501', 'PUTUMAYO'),
('150108', '15', '1501', 'TORRES CAUSANA'),
('150110', '15', '1501', 'INDIANA'),
('150111', '15', '1501', 'PUNCHANA'),
('150112', '15', '1501', 'BELEN'),
('150113', '15', '1501', 'SAN JUAN BAUTISTA'),
('150114', '15', '1501', 'TNTE MANUEL CLAVERO'),
('150201', '15', '1502', 'YURIMAGUAS'),
('150202', '15', '1502', 'BALSAPUERTO'),
('150205', '15', '1502', 'JEBEROS'),
('150206', '15', '1502', 'LAGUNAS'),
('150210', '15', '1502', 'SANTA CRUZ'),
('150211', '15', '1502', 'TNTE CESAR LOPEZ ROJAS'),
('150301', '15', '1503', 'NAUTA'),
('150302', '15', '1503', 'PARINARI'),
('150303', '15', '1503', 'TIGRE'),
('150304', '15', '1503', 'URARINAS'),
('150305', '15', '1503', 'TROMPETEROS'),
('150401', '15', '1504', 'REQUENA'),
('150402', '15', '1504', 'ALTO TAPICHE'),
('150403', '15', '1504', 'CAPELO'),
('150404', '15', '1504', 'EMILIO SAN MARTIN'),
('150405', '15', '1504', 'MAQUIA'),
('150406', '15', '1504', 'PUINAHUA'),
('150407', '15', '1504', 'SAQUENA'),
('150408', '15', '1504', 'SOPLIN'),
('150409', '15', '1504', 'TAPICHE'),
('150410', '15', '1504', 'JENARO HERRERA'),
('150411', '15', '1504', 'YAQUERANA'),
('150501', '15', '1505', 'CONTAMANA'),
('150502', '15', '1505', 'VARGAS GUERRA'),
('150503', '15', '1505', 'PADRE MARQUEZ'),
('150504', '15', '1505', 'PAMPA HERMOZA'),
('150505', '15', '1505', 'SARAYACU'),
('150506', '15', '1505', 'INAHUAYA'),
('150601', '15', '1506', 'MARISCAL RAMON CASTILLA'),
('150602', '15', '1506', 'PEBAS'),
('150603', '15', '1506', 'YAVARI'),
('150604', '15', '1506', 'SAN PABLO'),
('150701', '15', '1507', 'BARRANCA'),
('150702', '15', '1507', 'ANDOAS'),
('150703', '15', '1507', 'CAHUAPANAS'),
('150704', '15', '1507', 'MANSERICHE'),
('150705', '15', '1507', 'MORONA'),
('150706', '15', '1507', 'PASTAZA'),
('160101', '16', '1601', 'TAMBOPATA'),
('160102', '16', '1601', 'INAMBARI'),
('160103', '16', '1601', 'LAS PIEDRAS'),
('160104', '16', '1601', 'LABERINTO'),
('160201', '16', '1602', 'MANU'),
('160202', '16', '1602', 'FITZCARRALD'),
('160203', '16', '1602', 'MADRE DE DIOS'),
('160204', '16', '1602', 'HUEPETUHE'),
('160301', '16', '1603', 'INAPARI'),
('160302', '16', '1603', 'IBERIA'),
('160303', '16', '1603', 'TAHUAMANU'),
('170101', '17', '1701', 'MOQUEGUA'),
('170102', '17', '1701', 'CARUMAS'),
('170103', '17', '1701', 'CUCHUMBAYA'),
('170104', '17', '1701', 'SAN CRISTOBAL'),
('170105', '17', '1701', 'TORATA'),
('170106', '17', '1701', 'SAMEGUA'),
('170201', '17', '1702', 'OMATE'),
('170202', '17', '1702', 'COALAQUE'),
('170203', '17', '1702', 'CHOJATA'),
('170204', '17', '1702', 'ICHUNA'),
('170205', '17', '1702', 'LA CAPILLA'),
('170206', '17', '1702', 'LLOQUE'),
('170207', '17', '1702', 'MATALAQUE'),
('170208', '17', '1702', 'PUQUINA'),
('170209', '17', '1702', 'QUINISTAQUILLAS'),
('170210', '17', '1702', 'UBINAS'),
('170211', '17', '1702', 'YUNGA'),
('170301', '17', '1703', 'ILO'),
('170302', '17', '1703', 'EL ALGARROBAL'),
('170303', '17', '1703', 'PACOCHA'),
('180101', '18', '1801', 'CHAUPIMARCA'),
('180103', '18', '1801', 'HUACHON'),
('180104', '18', '1801', 'HUARIACA'),
('180105', '18', '1801', 'HUAYLLAY'),
('180106', '18', '1801', 'NINACACA'),
('180107', '18', '1801', 'PALLANCHACRA'),
('180108', '18', '1801', 'PAUCARTAMBO'),
('180109', '18', '1801', 'SAN FCO DE ASIS DE YARUSYACAN'),
('180110', '18', '1801', 'SIMON BOLIVAR'),
('180111', '18', '1801', 'TICLACAYAN'),
('180112', '18', '1801', 'TINYAHUARCO'),
('180113', '18', '1801', 'VICCO'),
('180114', '18', '1801', 'YANACANCHA'),
('180201', '18', '1802', 'YANAHUANCA'),
('180202', '18', '1802', 'CHACAYAN'),
('180203', '18', '1802', 'GOYLLARISQUIZGA'),
('180204', '18', '1802', 'PAUCAR'),
('180205', '18', '1802', 'SAN PEDRO DE PILLAO'),
('180206', '18', '1802', 'SANTA ANA DE TUSI'),
('180207', '18', '1802', 'TAPUC'),
('180208', '18', '1802', 'VILCABAMBA'),
('180301', '18', '1803', 'OXAPAMPA'),
('180302', '18', '1803', 'CHONTABAMBA'),
('180303', '18', '1803', 'HUANCABAMBA'),
('180304', '18', '1803', 'PUERTO BERMUDEZ'),
('180305', '18', '1803', 'VILLA RICA'),
('180306', '18', '1803', 'POZUZO'),
('180307', '18', '1803', 'PALCAZU'),
('190101', '19', '1901', 'PIURA'),
('190103', '19', '1901', 'CASTILLA'),
('190104', '19', '1901', 'CATACAOS'),
('190105', '19', '1901', 'LA ARENA'),
('190106', '19', '1901', 'LA UNION'),
('190107', '19', '1901', 'LAS LOMAS'),
('190109', '19', '1901', 'TAMBO GRANDE'),
('190113', '19', '1901', 'CURA MORI'),
('190114', '19', '1901', 'EL TALLAN'),
('190201', '19', '1902', 'AYABACA'),
('190202', '19', '1902', 'FRIAS'),
('190203', '19', '1902', 'LAGUNAS'),
('190204', '19', '1902', 'MONTERO'),
('190205', '19', '1902', 'PACAIPAMPA'),
('190206', '19', '1902', 'SAPILLICA'),
('190207', '19', '1902', 'SICCHEZ'),
('190208', '19', '1902', 'SUYO'),
('190209', '19', '1902', 'JILILI'),
('190210', '19', '1902', 'PAIMAS'),
('190301', '19', '1903', 'HUANCABAMBA'),
('190302', '19', '1903', 'CANCHAQUE'),
('190303', '19', '1903', 'HUARMACA'),
('190304', '19', '1903', 'SONDOR'),
('190305', '19', '1903', 'SONDORILLO'),
('190306', '19', '1903', 'EL CARMEN DE LA FRONTERA'),
('190307', '19', '1903', 'SAN MIGUEL DE EL FAIQUE'),
('190308', '19', '1903', 'LALAQUIZ'),
('190401', '19', '1904', 'CHULUCANAS'),
('190402', '19', '1904', 'BUENOS AIRES'),
('190403', '19', '1904', 'CHALACO'),
('190404', '19', '1904', 'MORROPON'),
('190405', '19', '1904', 'SALITRAL'),
('190406', '19', '1904', 'SANTA CATALINA DE MOSSA'),
('190407', '19', '1904', 'SANTO DOMINGO'),
('190408', '19', '1904', 'LA MATANZA'),
('190409', '19', '1904', 'YAMANGO'),
('190410', '19', '1904', 'SAN JUAN DE BIGOTE'),
('190501', '19', '1905', 'PAITA'),
('190502', '19', '1905', 'AMOTAPE'),
('190503', '19', '1905', 'ARENAL'),
('190504', '19', '1905', 'LA HUACA'),
('190505', '19', '1905', 'PUEBLO NUEVO DE COLAN'),
('190506', '19', '1905', 'TAMARINDO'),
('190507', '19', '1905', 'VICHAYAL'),
('190601', '19', '1906', 'SULLANA'),
('190602', '19', '1906', 'BELLAVISTA'),
('190603', '19', '1906', 'LANCONES'),
('190604', '19', '1906', 'MARCAVELICA'),
('190605', '19', '1906', 'MIGUEL CHECA'),
('190606', '19', '1906', 'QUERECOTILLO'),
('190607', '19', '1906', 'SALITRAL'),
('190608', '19', '1906', 'IGNACIO ESCUDERO'),
('190701', '19', '1907', 'PARINAS'),
('190702', '19', '1907', 'EL ALTO'),
('190703', '19', '1907', 'LA BREA'),
('190704', '19', '1907', 'LOBITOS'),
('190705', '19', '1907', 'MANCORA'),
('190706', '19', '1907', 'LOS ORGANOS'),
('190801', '19', '1908', 'SECHURA'),
('190802', '19', '1908', 'VICE'),
('190803', '19', '1908', 'BERNAL'),
('190804', '19', '1908', 'BELLAVISTA DE LA UNION'),
('190805', '19', '1908', 'CRISTO NOS VALGA'),
('190806', '19', '1908', 'RINCONADA LLICUAR'),
('200101', '20', '2001', 'PUNO'),
('200102', '20', '2001', 'ACORA'),
('200103', '20', '2001', 'ATUNCOLLA'),
('200104', '20', '2001', 'CAPACHICA'),
('200105', '20', '2001', 'COATA'),
('200106', '20', '2001', 'CHUCUITO'),
('200107', '20', '2001', 'HUATA'),
('200108', '20', '2001', 'MANAZO'),
('200109', '20', '2001', 'PAUCARCOLLA'),
('200110', '20', '2001', 'PICHACANI'),
('200111', '20', '2001', 'SAN ANTONIO'),
('200112', '20', '2001', 'TIQUILLACA'),
('200113', '20', '2001', 'VILQUE'),
('200114', '20', '2001', 'PLATERIA'),
('200115', '20', '2001', 'AMANTANI'),
('200201', '20', '2002', 'AZANGARO'),
('200202', '20', '2002', 'ACHAYA'),
('200203', '20', '2002', 'ARAPA'),
('200204', '20', '2002', 'ASILLO'),
('200205', '20', '2002', 'CAMINACA'),
('200206', '20', '2002', 'CHUPA'),
('200207', '20', '2002', 'JOSE DOMINGO CHOQUEHUANCA'),
('200208', '20', '2002', 'MUNANI'),
('200210', '20', '2002', 'POTONI'),
('200212', '20', '2002', 'SAMAN'),
('200213', '20', '2002', 'SAN ANTON'),
('200214', '20', '2002', 'SAN JOSE'),
('200215', '20', '2002', 'SAN JUAN DE SALINAS'),
('200216', '20', '2002', 'STGO DE PUPUJA'),
('200217', '20', '2002', 'TIRAPATA'),
('200301', '20', '2003', 'MACUSANI'),
('200302', '20', '2003', 'AJOYANI'),
('200303', '20', '2003', 'AYAPATA'),
('200304', '20', '2003', 'COASA'),
('200305', '20', '2003', 'CORANI'),
('200306', '20', '2003', 'CRUCERO'),
('200307', '20', '2003', 'ITUATA'),
('200308', '20', '2003', 'OLLACHEA'),
('200309', '20', '2003', 'SAN GABAN'),
('200310', '20', '2003', 'USICAYOS'),
('200401', '20', '2004', 'JULI'),
('200402', '20', '2004', 'DESAGUADERO'),
('200403', '20', '2004', 'HUACULLANI'),
('200406', '20', '2004', 'PISACOMA'),
('200407', '20', '2004', 'POMATA'),
('200410', '20', '2004', 'ZEPITA'),
('200412', '20', '2004', 'KELLUYO'),
('200501', '20', '2005', 'HUANCANE'),
('200502', '20', '2005', 'COJATA'),
('200504', '20', '2005', 'INCHUPALLA'),
('200506', '20', '2005', 'PUSI'),
('200507', '20', '2005', 'ROSASPATA'),
('200508', '20', '2005', 'TARACO'),
('200509', '20', '2005', 'VILQUE CHICO'),
('200511', '20', '2005', 'HUATASANI'),
('200601', '20', '2006', 'LAMPA'),
('200602', '20', '2006', 'CABANILLA'),
('200603', '20', '2006', 'CALAPUJA'),
('200604', '20', '2006', 'NICASIO'),
('200605', '20', '2006', 'OCUVIRI'),
('200606', '20', '2006', 'PALCA'),
('200607', '20', '2006', 'PARATIA'),
('200608', '20', '2006', 'PUCARA'),
('200609', '20', '2006', 'SANTA LUCIA'),
('200610', '20', '2006', 'VILAVILA'),
('200701', '20', '2007', 'AYAVIRI'),
('200702', '20', '2007', 'ANTAUTA'),
('200703', '20', '2007', 'CUPI'),
('200704', '20', '2007', 'LLALLI'),
('200705', '20', '2007', 'MACARI'),
('200706', '20', '2007', 'NUNOA'),
('200707', '20', '2007', 'ORURILLO'),
('200708', '20', '2007', 'SANTA ROSA'),
('200709', '20', '2007', 'UMACHIRI'),
('200801', '20', '2008', 'SANDIA'),
('200803', '20', '2008', 'CUYOCUYO'),
('200804', '20', '2008', 'LIMBANI'),
('200805', '20', '2008', 'PHARA'),
('200806', '20', '2008', 'PATAMBUCO'),
('200807', '20', '2008', 'QUIACA'),
('200808', '20', '2008', 'SAN JUAN DEL ORO'),
('200810', '20', '2008', 'YANAHUAYA'),
('200811', '20', '2008', 'ALTO INAMBARI'),
('200812', '20', '2008', 'SAN PEDRO DE PUTINA PUNCO'),
('200901', '20', '2009', 'JULIACA'),
('200902', '20', '2009', 'CABANA'),
('200903', '20', '2009', 'CABANILLAS'),
('200904', '20', '2009', 'CARACOTO'),
('201001', '20', '2010', 'YUNGUYO'),
('201002', '20', '2010', 'UNICACHI'),
('201003', '20', '2010', 'ANAPIA'),
('201004', '20', '2010', 'COPANI'),
('201005', '20', '2010', 'CUTURAPI'),
('201006', '20', '2010', 'OLLARAYA'),
('201007', '20', '2010', 'TINICACHI'),
('201101', '20', '2011', 'PUTINA'),
('201102', '20', '2011', 'PEDRO VILCA APAZA'),
('201103', '20', '2011', 'QUILCA PUNCU'),
('201104', '20', '2011', 'ANANEA'),
('201105', '20', '2011', 'SINA'),
('201201', '20', '2012', 'ILAVE'),
('201202', '20', '2012', 'PILCUYO'),
('201203', '20', '2012', 'SANTA ROSA'),
('201204', '20', '2012', 'CAPASO'),
('201205', '20', '2012', 'CONDURIRI'),
('201301', '20', '2013', 'MOHO'),
('201302', '20', '2013', 'CONIMA'),
('201303', '20', '2013', 'TILALI'),
('201304', '20', '2013', 'HUAYRAPATA'),
('210101', '21', '2101', 'MOYOBAMBA'),
('210102', '21', '2101', 'CALZADA'),
('210103', '21', '2101', 'HABANA'),
('210104', '21', '2101', 'JEPELACIO'),
('210105', '21', '2101', 'SORITOR'),
('210106', '21', '2101', 'YANTALO'),
('210201', '21', '2102', 'SAPOSOA'),
('210202', '21', '2102', 'PISCOYACU'),
('210203', '21', '2102', 'SACANCHE'),
('210204', '21', '2102', 'TINGO DE SAPOSOA'),
('210205', '21', '2102', 'ALTO SAPOSOA'),
('210206', '21', '2102', 'EL ESLABON'),
('210301', '21', '2103', 'LAMAS'),
('210303', '21', '2103', 'BARRANQUITA'),
('210304', '21', '2103', 'CAYNARACHI'),
('210305', '21', '2103', 'CUNUMBUQUI'),
('210306', '21', '2103', 'PINTO RECODO'),
('210307', '21', '2103', 'RUMISAPA'),
('210311', '21', '2103', 'SHANAO'),
('210313', '21', '2103', 'TABALOSOS'),
('210314', '21', '2103', 'ZAPATERO'),
('210315', '21', '2103', 'ALONSO DE ALVARADO'),
('210316', '21', '2103', 'SAN ROQUE DE CUMBAZA'),
('210401', '21', '2104', 'JUANJUI'),
('210402', '21', '2104', 'CAMPANILLA'),
('210403', '21', '2104', 'HUICUNGO'),
('210404', '21', '2104', 'PACHIZA'),
('210405', '21', '2104', 'PAJARILLO'),
('210501', '21', '2105', 'RIOJA'),
('210502', '21', '2105', 'POSIC'),
('210503', '21', '2105', 'YORONGOS'),
('210504', '21', '2105', 'YURACYACU'),
('210505', '21', '2105', 'NUEVA CAJAMARCA'),
('210506', '21', '2105', 'ELIAS SOPLIN'),
('210507', '21', '2105', 'SAN FERNANDO'),
('210508', '21', '2105', 'PARDO MIGUEL'),
('210509', '21', '2105', 'AWAJUN'),
('210601', '21', '2106', 'TARAPOTO'),
('210602', '21', '2106', 'ALBERTO LEVEAU'),
('210604', '21', '2106', 'CACATACHI'),
('210606', '21', '2106', 'CHAZUTA'),
('210607', '21', '2106', 'CHIPURANA'),
('210608', '21', '2106', 'EL PORVENIR'),
('210609', '21', '2106', 'HUIMBAYOC'),
('210610', '21', '2106', 'JUAN GUERRA'),
('210611', '21', '2106', 'MORALES'),
('210612', '21', '2106', 'PAPAPLAYA'),
('210616', '21', '2106', 'SAN ANTONIO'),
('210619', '21', '2106', 'SAUCE'),
('210620', '21', '2106', 'SHAPAJA'),
('210621', '21', '2106', 'LA BANDA DE SHILCAYO'),
('210701', '21', '2107', 'BELLAVISTA'),
('210702', '21', '2107', 'SAN RAFAEL'),
('210703', '21', '2107', 'SAN PABLO'),
('210704', '21', '2107', 'ALTO BIAVO'),
('210705', '21', '2107', 'HUALLAGA'),
('210706', '21', '2107', 'BAJO BIAVO'),
('210801', '21', '2108', 'TOCACHE'),
('210802', '21', '2108', 'NUEVO PROGRESO'),
('210803', '21', '2108', 'POLVORA'),
('210804', '21', '2108', 'SHUNTE'),
('210805', '21', '2108', 'UCHIZA'),
('210901', '21', '2109', 'PICOTA'),
('210902', '21', '2109', 'BUENOS AIRES'),
('210903', '21', '2109', 'CASPIZAPA'),
('210904', '21', '2109', 'PILLUANA'),
('210905', '21', '2109', 'PUCACACA'),
('210906', '21', '2109', 'SAN CRISTOBAL'),
('210907', '21', '2109', 'SAN HILARION'),
('210908', '21', '2109', 'TINGO DE PONASA'),
('210909', '21', '2109', 'TRES UNIDOS'),
('210910', '21', '2109', 'SHAMBOYACU'),
('211001', '21', '2110', 'SAN JOSE DE SISA'),
('211002', '21', '2110', 'AGUA BLANCA'),
('211003', '21', '2110', 'SHATOJA'),
('211004', '21', '2110', 'SAN MARTIN'),
('211005', '21', '2110', 'SANTA ROSA'),
('220101', '22', '2201', 'TACNA'),
('220102', '22', '2201', 'CALANA'),
('220104', '22', '2201', 'INCLAN'),
('220107', '22', '2201', 'PACHIA'),
('220108', '22', '2201', 'PALCA'),
('220109', '22', '2201', 'POCOLLAY'),
('220110', '22', '2201', 'SAMA'),
('220111', '22', '2201', 'ALTO DE LA ALIANZA'),
('220112', '22', '2201', 'CIUDAD NUEVA'),
('220113', '22', '2201', 'CORONEL GREGORIO ALBARRACIN L.'),
('220201', '22', '2202', 'TARATA'),
('220205', '22', '2202', 'CHUCATAMANI'),
('220206', '22', '2202', 'ESTIQUE'),
('220207', '22', '2202', 'ESTIQUE PAMPA'),
('220210', '22', '2202', 'SITAJARA'),
('220211', '22', '2202', 'SUSAPAYA'),
('220212', '22', '2202', 'TARUCACHI'),
('220213', '22', '2202', 'TICACO'),
('220301', '22', '2203', 'LOCUMBA'),
('220302', '22', '2203', 'ITE'),
('220303', '22', '2203', 'ILABAYA'),
('220401', '22', '2204', 'CANDARAVE'),
('220402', '22', '2204', 'CAIRANI'),
('220403', '22', '2204', 'CURIBAYA'),
('220404', '22', '2204', 'HUANUARA'),
('220405', '22', '2204', 'QUILAHUANI'),
('220406', '22', '2204', 'CAMILACA'),
('230101', '23', '2301', 'TUMBES'),
('230102', '23', '2301', 'CORRALES'),
('230103', '23', '2301', 'LA CRUZ'),
('230104', '23', '2301', 'PAMPAS DE HOSPITAL'),
('230105', '23', '2301', 'SAN JACINTO'),
('230106', '23', '2301', 'SAN JUAN DE LA VIRGEN'),
('230201', '23', '2302', 'ZORRITOS'),
('230202', '23', '2302', 'CASITAS'),
('230203', '23', '2302', 'CANOAS DE PUNTA SAL'),
('230301', '23', '2303', 'ZARUMILLA'),
('230302', '23', '2303', 'MATAPALO'),
('230303', '23', '2303', 'PAPAYAL'),
('230304', '23', '2303', 'AGUAS VERDES'),
('240101', '24', '2401', 'CALLAO'),
('240102', '24', '2401', 'BELLAVISTA'),
('240103', '24', '2401', 'LA PUNTA'),
('240104', '24', '2401', 'CARMEN DE LA LEGUA-REYNOSO'),
('240105', '24', '2401', 'LA PERLA'),
('240106', '24', '2401', 'VENTANILLA'),
('250101', '25', '2501', 'CALLERIA'),
('250102', '25', '2501', 'YARINACOCHA'),
('250103', '25', '2501', 'MASISEA'),
('250104', '25', '2501', 'CAMPOVERDE'),
('250105', '25', '2501', 'IPARIA'),
('250106', '25', '2501', 'NUEVA REQUENA'),
('250107', '25', '2501', 'MANANTAY'),
('250201', '25', '2502', 'PADRE ABAD'),
('250202', '25', '2502', 'YRAZOLA'),
('250203', '25', '2502', 'CURIMANA'),
('250301', '25', '2503', 'RAIMONDI'),
('250302', '25', '2503', 'TAHUANIA'),
('250303', '25', '2503', 'YURUA'),
('250304', '25', '2503', 'SEPAHUA'),
('250401', '25', '2504', 'PURUS');

-- --------------------------------------------------------